direction,ligand,receptor,sender,receiver,ligand_normal,ligand_disease,receptor_normal,receptor_disease,score_normal,score_disease,delta,delta_log2
lung->heart,SERPINE1,PLAUR,"CD4-positive, alpha-beta T cell",cardiac fibroblast,0.00016163316750689134,0.0008944664573768144,0.03015688239338009,0.013924191819941577,4.874352423374826e-06,1.245472252901836e-05,7.580370105643535e-06,1.195610913404922
lung->heart,SERPINE1,PLAUR,"CD4-positive, alpha-beta T cell",cardiac endothelial cell,0.00016163316750689134,0.0008944664573768144,0.00897294268647757,0.008220322941143336,1.4503251482731646e-06,7.352803139657835e-06,5.902477991384671e-06,1.7692872350025581
lung->heart,SERPINE1,PLAUR,"CD4-positive, alpha-beta T cell",cardiac macrophage,0.00016163316750689134,0.0008944664573768144,0.10652241554811433,0.1167711647936623,1.7217555435527048e-05,0.00010444789009675131,8.723033466122426e-05,2.533128942688235
lung->heart,SERPINE1,PLAUR,natural killer cell,cardiac fibroblast,0.0034931281595902784,0.002803022689364007,0.03015688239338009,0.013924191819941577,0.00010534185509376826,3.9029825602352944e-05,-6.631202949141532e-05,-1.409562303553779
lung->heart,SERPINE1,PLAUR,natural killer cell,cardiac endothelial cell,0.0034931281595902784,0.002803022689364007,0.00897294268647757,0.008220322941143336,3.1343638772524446e-05,2.3041751717924234e-05,-8.301887054600212e-06,-0.4279399793887424
lung->heart,SERPINE1,PLAUR,natural killer cell,cardiac macrophage,0.0034931281595902784,0.002803022689364007,0.10652241554811433,0.1167711647936623,0.0003720964493786954,0.00032731222438009893,-4.478422499859649e-05,-0.18448016239325724
lung->heart,SERPINE1,PLAUR,capillary endothelial cell,cardiac fibroblast,0.0014899819241305783,0.0003510815574711203,0.03015688239338009,0.013924191819941577,4.4933209654268025e-05,4.888526950671722e-06,-4.0044682703596304e-05,-2.963558911904362
lung->heart,SERPINE1,PLAUR,capillary endothelial cell,cardiac endothelial cell,0.0014899819241305783,0.0003510815574711203,0.00897294268647757,0.008220322941143336,1.336952240911125e-05,2.8860037810921826e-06,-1.0483518628019068e-05,-1.886652902850571
lung->heart,SERPINE1,PLAUR,capillary endothelial cell,cardiac macrophage,0.0014899819241305783,0.0003510815574711203,0.10652241554811433,0.1167711647936623,0.00015871647368141643,4.0996202403475814e-05,-0.00011772027127794061,-1.9271823446123544
lung->heart,SERPINE1,PLAUR,macrophage,cardiac fibroblast,0.0007617881026149874,0.0004501314077433777,0.03015688239338009,0.013924191819941577,2.2973154219236338e-05,6.267716065599126e-06,-1.6705438153637213e-05,-1.7218457784344379
lung->heart,SERPINE1,PLAUR,macrophage,cardiac endothelial cell,0.0007617881026149874,0.0004501314077433777,0.00897294268647757,0.008220322941143336,6.835480984004776e-06,3.7002255376020324e-06,-3.1352554464027437e-06,-0.7372918524666503
lung->heart,SERPINE1,PLAUR,macrophage,cardiac macrophage,0.0007617881026149874,0.0004501314077433777,0.10652241554811433,0.1167711647936623,8.114750882636325e-05,5.256236879240515e-05,-2.8585140033958094e-05,-0.6169970600549769
lung->heart,SERPINE1,PLAUR,"CD8-positive, alpha-beta T cell",cardiac fibroblast,0.0007315603129448811,0.0,0.03015688239338009,0.013924191819941577,2.206157832114311e-05,0.0,-2.206157832114311e-05,-4.52741934847396
lung->heart,SERPINE1,PLAUR,"CD8-positive, alpha-beta T cell",cardiac endothelial cell,0.0007315603129448811,0.0,0.00897294268647757,0.008220322941143336,6.5642487597560135e-06,0.0,-6.5642487597560135e-06,-2.9191968088938522
lung->heart,SERPINE1,PLAUR,"CD8-positive, alpha-beta T cell",cardiac macrophage,0.0007315603129448811,0.0,0.10652241554811433,0.1167711647936623,7.792757165402318e-05,0.0,-7.792757165402318e-05,-6.3024574577371615
lung->heart,SERPINE1,PLAUR,monocyte,cardiac fibroblast,0.0023685375592846255,0.00112532362488066,0.03015688239338009,0.013924191819941577,7.142770861964997e-05,1.566922201235029e-05,-5.575848660729968e-05,-2.119354961496562
lung->heart,SERPINE1,PLAUR,monocyte,cardiac endothelial cell,0.0023685375592846255,0.00112532362488066,0.00897294268647757,0.008220322941143336,2.1252751770230417e-05,9.250523609817066e-06,-1.2002228160413351e-05,-1.1182861441363772
lung->heart,SERPINE1,PLAUR,monocyte,cardiac macrophage,0.0023685375592846255,0.00112532362488066,0.10652241554811433,0.1167711647936623,0.00025230234213143336,0.00013140535044714094,-0.00012089699168429241,-0.9358989947770541
lung->heart,SERPINE1,PLAUR,fibroblast,cardiac fibroblast,0.08188254674190343,0.1447432454701894,0.03015688239338009,0.013924191819941577,0.0024693223321660294,0.002015432714567807,-0.0004538896175982224,-0.29289403366608135
lung->heart,SERPINE1,PLAUR,fibroblast,cardiac endothelial cell,0.08188254674190343,0.1447432454701894,0.00897294268647757,0.008220322941143336,0.0007347273989379201,0.0011898362213141392,0.00045510882237621906,0.6947317850698649
lung->heart,SERPINE1,PLAUR,fibroblast,cardiac macrophage,0.08188254674190343,0.1447432454701894,0.10652241554811433,0.1167711647936623,0.008722326670178932,0.016901837369569,0.008179510699390068,0.9543151209970704
lung->heart,SERPINE1,PLAUR,conventional dendritic cell,cardiac fibroblast,0.0006643937981783919,0.00024704566312731054,0.03015688239338009,0.013924191819941577,2.003604563455687e-05,3.43991120166934e-06,-1.659613443288753e-05,-2.2442608036048095
lung->heart,SERPINE1,PLAUR,conventional dendritic cell,cardiac endothelial cell,0.0006643937981783919,0.00024704566312731054,0.00897294268647757,0.008220322941143336,5.961567472305856e-06,2.030795132115399e-06,-3.930772340190458e-06,-1.199715845228079
lung->heart,SERPINE1,PLAUR,conventional dendritic cell,cardiac macrophage,0.0006643937981783919,0.00024704566312731054,0.10652241554811433,0.1167711647936623,7.077283225714866e-05,2.884780984059876e-05,-4.19250224165499e-05,-1.2658127786787723
lung->heart,SERPINE1,PLAUR,mast cell,cardiac fibroblast,0.002969319481743028,0.0007212637435968993,0.03015688239338009,0.013924191819941577,8.954541839929681e-05,1.0043014718612385e-05,-7.950240368068443e-05,-3.035507564168859
lung->heart,SERPINE1,PLAUR,mast cell,cardiac endothelial cell,0.002969319481743028,0.0007212637435968993,0.00897294268647757,0.008220322941143336,2.6643533527521474e-05,5.929020898104516e-06,-2.071451262941696e-05,-1.9962186270711744
lung->heart,SERPINE1,PLAUR,mast cell,cardiac macrophage,0.002969319481743028,0.0007212637435968993,0.10652241554811433,0.1167711647936623,0.0003162990837293423,8.422280746324731e-05,-0.00023207627626609497,-1.8965318715856683
lung->heart,SERPINE1,PLAUR,pulmonary alveolar type 2 cell,cardiac fibroblast,0.003015394724312182,0.0023077590162360684,0.03015688239338009,0.013924191819941577,9.093490407070124e-05,3.213367921627068e-05,-5.880122485443056e-05,-1.472314288678299
lung->heart,SERPINE1,PLAUR,pulmonary alveolar type 2 cell,cardiac endothelial cell,0.003015394724312182,0.0023077590162360684,0.00897294268647757,0.008220322941143336,2.7056964038360042e-05,1.8970524383795727e-05,-8.086439654564315e-06,-0.49048669220765484
lung->heart,SERPINE1,PLAUR,pulmonary alveolar type 2 cell,cardiac macrophage,0.003015394724312182,0.0023077590162360684,0.10652241554811433,0.1167711647936623,0.0003212071298647739,0.00026947970838896195,-5.1727421475811935e-05,-0.25246805270778594
lung->heart,SERPINE1,PLAUR,vein endothelial cell,cardiac fibroblast,0.0004354192743288506,0.0,0.03015688239338009,0.013924191819941577,1.3130887847746048e-05,0.0,-1.3130887847746048e-05,-3.820780208351146
lung->heart,SERPINE1,PLAUR,vein endothelial cell,cardiac endothelial cell,0.0004354192743288506,0.0,0.00897294268647757,0.008220322941143336,3.90699219314043e-06,0.0,-3.90699219314043e-06,-2.2948389761286703
lung->heart,SERPINE1,PLAUR,vein endothelial cell,cardiac macrophage,0.0004354192743288506,0.0,0.10652241554811433,0.1167711647936623,4.638191287771621e-05,0.0,-4.638191287771621e-05,-5.566264538368159
lung->heart,SERPINE1,PLAUR,lung multiciliated epithelial cell,cardiac fibroblast,0.008444138774772241,0.006511715711876834,0.03015688239338009,0.013924191819941577,0.0002546488999441871,9.067037864910045e-05,-0.00016397852129508664,-1.479636280392615
lung->heart,SERPINE1,PLAUR,lung multiciliated epithelial cell,cardiac endothelial cell,0.008444138774772241,0.006511715711876834,0.00897294268647757,0.008220322941143336,7.576877326269426e-05,5.352840605254464e-05,-2.2240367210149614e-05,-0.49351161061224236
lung->heart,SERPINE1,PLAUR,lung multiciliated epithelial cell,cardiac macrophage,0.008444138774772241,0.006511715711876834,0.10652241554811433,0.1167711647936623,0.0008994900595122337,0.0007603806284810498,-0.00013910943103118383,-0.24209248592052035
lung->heart,SERPINE1,PLAUR,smooth muscle cell,cardiac fibroblast,0.028641684705523102,0.03179421729484575,0.03015688239338009,0.013924191819941577,0.0008637439172127334,0.0004427087803783362,-0.0004210351368343972,-0.9626598580544012
lung->heart,SERPINE1,PLAUR,smooth muscle cell,cardiac endothelial cell,0.028641684705523102,0.03179421729484575,0.00897294268647757,0.008220322941143336,0.00025700019530682,0.0002613587338245167,4.358538517696732e-06,0.02416865978777624
lung->heart,SERPINE1,PLAUR,smooth muscle cell,cardiac macrophage,0.028641684705523102,0.03179421729484575,0.10652241554811433,0.1167711647936623,0.0030509814401998023,0.003712647787221941,0.0006616663470221389,0.2830908036759456
lung->heart,SERPINE1,PLAUR,endothelial cell,cardiac fibroblast,0.0,0.0023435469529462776,0.03015688239338009,0.013924191819941577,0.0,3.2631997311863566e-05,3.2631997311863566e-05,5.071762553988446
lung->heart,SERPINE1,PLAUR,endothelial cell,cardiac endothelial cell,0.0,0.0023435469529462776,0.00897294268647757,0.008220322941143336,0.0,1.9264712780950847e-05,1.9264712780950847e-05,4.3408978225822885
lung->heart,SERPINE1,PLAUR,endothelial cell,cardiac macrophage,0.0,0.0023435469529462776,0.10652241554811433,0.1167711647936623,0.0,0.00027365870744417494,0.00027365870744417494,8.101496219797523
lung->heart,SERPINE1,PLAUR,B cell,cardiac fibroblast,0.0,0.0,0.03015688239338009,0.013924191819941577,0.0,0.0,0.0,0.0
lung->heart,SERPINE1,PLAUR,B cell,cardiac endothelial cell,0.0,0.0,0.00897294268647757,0.008220322941143336,0.0,0.0,0.0,0.0
lung->heart,SERPINE1,PLAUR,B cell,cardiac macrophage,0.0,0.0,0.10652241554811433,0.1167711647936623,0.0,0.0,0.0,0.0
lung->heart,SERPINE1,PLAUR,pulmonary alveolar type 1 cell,cardiac fibroblast,0.0,0.002416491068265226,0.03015688239338009,0.013924191819941577,0.0,3.364768516570055e-05,3.364768516570055e-05,5.114687063078935
lung->heart,SERPINE1,PLAUR,pulmonary alveolar type 1 cell,cardiac endothelial cell,0.0,0.002416491068265226,0.00897294268647757,0.008220322941143336,0.0,1.9864336965528605e-05,1.9864336965528605e-05,4.3829671697305805
lung->heart,SERPINE1,PLAUR,pulmonary alveolar type 1 cell,cardiac macrophage,0.0,0.002416491068265226,0.10652241554811433,0.1167711647936623,0.0,0.00028217647675481177,0.00028217647675481177,8.145557616640925
lung->heart,SERPINE1,PLAUR,club cell,cardiac fibroblast,0.0013286671948978482,0.0006757391870648755,0.03015688239338009,0.013924191819941577,4.006846033647663e-05,9.40912206094271e-06,-3.065933827553392e-05,-1.9801824692520982
lung->heart,SERPINE1,PLAUR,club cell,cardiac endothelial cell,0.0013286671948978482,0.0006757391870648755,0.00897294268647757,0.008220322941143336,1.1922054589221315e-05,5.554794341658944e-06,-6.367260247562372e-06,-0.979213053486601
lung->heart,SERPINE1,PLAUR,club cell,cardiac macrophage,0.0013286671948978482,0.0006757391870648755,0.10652241554811433,0.1167711647936623,0.00014153283906005599,7.890685197028797e-05,-6.262598708976801e-05,-0.8349032254824829
lung->heart,SERPINE1,PLAUR,neutrophil,cardiac fibroblast,0.0,0.0,0.03015688239338009,0.013924191819941577,0.0,0.0,0.0,0.0
lung->heart,SERPINE1,PLAUR,neutrophil,cardiac endothelial cell,0.0,0.0,0.00897294268647757,0.008220322941143336,0.0,0.0,0.0,0.0
lung->heart,SERPINE1,PLAUR,neutrophil,cardiac macrophage,0.0,0.0,0.10652241554811433,0.1167711647936623,0.0,0.0,0.0,0.0
lung->heart,SERPINE1,PLAUR,plasma cell,cardiac fibroblast,0.0,0.0,0.03015688239338009,0.013924191819941577,0.0,0.0,0.0,0.0
lung->heart,SERPINE1,PLAUR,plasma cell,cardiac endothelial cell,0.0,0.0,0.00897294268647757,0.008220322941143336,0.0,0.0,0.0,0.0
lung->heart,SERPINE1,PLAUR,plasma cell,cardiac macrophage,0.0,0.0,0.10652241554811433,0.1167711647936623,0.0,0.0,0.0,0.0
lung->heart,SERPINE1,PLAUR,leukocyte,cardiac fibroblast,0.015453136585472914,0.0044614212502620595,0.03015688239338009,0.013924191819941577,0.00046601842261694584,6.21216852782125e-05,-0.00040389673733873336,-2.8872718321670297
lung->heart,SERPINE1,PLAUR,leukocyte,cardiac endothelial cell,0.015453136585472914,0.0044614212502620595,0.00897294268647757,0.008220322941143336,0.00013866010890775817,3.667432345363359e-05,-0.00010198578545412459,-1.890266493256547
lung->heart,SERPINE1,PLAUR,leukocyte,cardiac macrophage,0.015453136585472914,0.0044614212502620595,0.10652241554811433,0.1167711647936623,0.0016461054368795143,0.0005209653560282979,-0.0011251400808512165,-1.6579069495984464
lung->heart,SERPINE1,PLAUR,endothelial cell of lymphatic vessel,cardiac fibroblast,0.0,0.0,0.03015688239338009,0.013924191819941577,0.0,0.0,0.0,0.0
lung->heart,SERPINE1,PLAUR,endothelial cell of lymphatic vessel,cardiac endothelial cell,0.0,0.0,0.00897294268647757,0.008220322941143336,0.0,0.0,0.0,0.0
lung->heart,SERPINE1,PLAUR,endothelial cell of lymphatic vessel,cardiac macrophage,0.0,0.0,0.10652241554811433,0.1167711647936623,0.0,0.0,0.0,0.0
lung->heart,SERPINE1,LRP1,"CD4-positive, alpha-beta T cell",cardiac fibroblast,0.00016163316750689134,0.0008944664573768144,0.0,0.0,0.0,0.0,0.0,0.0
lung->heart,SERPINE1,LRP1,"CD4-positive, alpha-beta T cell",cardiac endothelial cell,0.00016163316750689134,0.0008944664573768144,0.0,0.0,0.0,0.0,0.0,0.0
lung->heart,SERPINE1,LRP1,natural killer cell,cardiac fibroblast,0.0034931281595902784,0.002803022689364007,0.0,0.0,0.0,0.0,0.0,0.0
lung->heart,SERPINE1,LRP1,natural killer cell,cardiac endothelial cell,0.0034931281595902784,0.002803022689364007,0.0,0.0,0.0,0.0,0.0,0.0
lung->heart,SERPINE1,LRP1,capillary endothelial cell,cardiac fibroblast,0.0014899819241305783,0.0003510815574711203,0.0,0.0,0.0,0.0,0.0,0.0
lung->heart,SERPINE1,LRP1,capillary endothelial cell,cardiac endothelial cell,0.0014899819241305783,0.0003510815574711203,0.0,0.0,0.0,0.0,0.0,0.0
lung->heart,SERPINE1,LRP1,macrophage,cardiac fibroblast,0.0007617881026149874,0.0004501314077433777,0.0,0.0,0.0,0.0,0.0,0.0
lung->heart,SERPINE1,LRP1,macrophage,cardiac endothelial cell,0.0007617881026149874,0.0004501314077433777,0.0,0.0,0.0,0.0,0.0,0.0
lung->heart,SERPINE1,LRP1,"CD8-positive, alpha-beta T cell",cardiac fibroblast,0.0007315603129448811,0.0,0.0,0.0,0.0,0.0,0.0,0.0
lung->heart,SERPINE1,LRP1,"CD8-positive, alpha-beta T cell",cardiac endothelial cell,0.0007315603129448811,0.0,0.0,0.0,0.0,0.0,0.0,0.0
lung->heart,SERPINE1,LRP1,monocyte,cardiac fibroblast,0.0023685375592846255,0.00112532362488066,0.0,0.0,0.0,0.0,0.0,0.0
lung->heart,SERPINE1,LRP1,monocyte,cardiac endothelial cell,0.0023685375592846255,0.00112532362488066,0.0,0.0,0.0,0.0,0.0,0.0
lung->heart,SERPINE1,LRP1,fibroblast,cardiac fibroblast,0.08188254674190343,0.1447432454701894,0.0,0.0,0.0,0.0,0.0,0.0
lung->heart,SERPINE1,LRP1,fibroblast,cardiac endothelial cell,0.08188254674190343,0.1447432454701894,0.0,0.0,0.0,0.0,0.0,0.0
lung->heart,SERPINE1,LRP1,conventional dendritic cell,cardiac fibroblast,0.0006643937981783919,0.00024704566312731054,0.0,0.0,0.0,0.0,0.0,0.0
lung->heart,SERPINE1,LRP1,conventional dendritic cell,cardiac endothelial cell,0.0006643937981783919,0.00024704566312731054,0.0,0.0,0.0,0.0,0.0,0.0
lung->heart,SERPINE1,LRP1,mast cell,cardiac fibroblast,0.002969319481743028,0.0007212637435968993,0.0,0.0,0.0,0.0,0.0,0.0
lung->heart,SERPINE1,LRP1,mast cell,cardiac endothelial cell,0.002969319481743028,0.0007212637435968993,0.0,0.0,0.0,0.0,0.0,0.0
lung->heart,SERPINE1,LRP1,pulmonary alveolar type 2 cell,cardiac fibroblast,0.003015394724312182,0.0023077590162360684,0.0,0.0,0.0,0.0,0.0,0.0
lung->heart,SERPINE1,LRP1,pulmonary alveolar type 2 cell,cardiac endothelial cell,0.003015394724312182,0.0023077590162360684,0.0,0.0,0.0,0.0,0.0,0.0
lung->heart,SERPINE1,LRP1,vein endothelial cell,cardiac fibroblast,0.0004354192743288506,0.0,0.0,0.0,0.0,0.0,0.0,0.0
lung->heart,SERPINE1,LRP1,vein endothelial cell,cardiac endothelial cell,0.0004354192743288506,0.0,0.0,0.0,0.0,0.0,0.0,0.0
lung->heart,SERPINE1,LRP1,lung multiciliated epithelial cell,cardiac fibroblast,0.008444138774772241,0.006511715711876834,0.0,0.0,0.0,0.0,0.0,0.0
lung->heart,SERPINE1,LRP1,lung multiciliated epithelial cell,cardiac endothelial cell,0.008444138774772241,0.006511715711876834,0.0,0.0,0.0,0.0,0.0,0.0
lung->heart,SERPINE1,LRP1,smooth muscle cell,cardiac fibroblast,0.028641684705523102,0.03179421729484575,0.0,0.0,0.0,0.0,0.0,0.0
lung->heart,SERPINE1,LRP1,smooth muscle cell,cardiac endothelial cell,0.028641684705523102,0.03179421729484575,0.0,0.0,0.0,0.0,0.0,0.0
lung->heart,SERPINE1,LRP1,endothelial cell,cardiac fibroblast,0.0,0.0023435469529462776,0.0,0.0,0.0,0.0,0.0,0.0
lung->heart,SERPINE1,LRP1,endothelial cell,cardiac endothelial cell,0.0,0.0023435469529462776,0.0,0.0,0.0,0.0,0.0,0.0
lung->heart,SERPINE1,LRP1,B cell,cardiac fibroblast,0.0,0.0,0.0,0.0,0.0,0.0,0.0,0.0
lung->heart,SERPINE1,LRP1,B cell,cardiac endothelial cell,0.0,0.0,0.0,0.0,0.0,0.0,0.0,0.0
lung->heart,SERPINE1,LRP1,pulmonary alveolar type 1 cell,cardiac fibroblast,0.0,0.002416491068265226,0.0,0.0,0.0,0.0,0.0,0.0
lung->heart,SERPINE1,LRP1,pulmonary alveolar type 1 cell,cardiac endothelial cell,0.0,0.002416491068265226,0.0,0.0,0.0,0.0,0.0,0.0
lung->heart,SERPINE1,LRP1,club cell,cardiac fibroblast,0.0013286671948978482,0.0006757391870648755,0.0,0.0,0.0,0.0,0.0,0.0
lung->heart,SERPINE1,LRP1,club cell,cardiac endothelial cell,0.0013286671948978482,0.0006757391870648755,0.0,0.0,0.0,0.0,0.0,0.0
lung->heart,SERPINE1,LRP1,neutrophil,cardiac fibroblast,0.0,0.0,0.0,0.0,0.0,0.0,0.0,0.0
lung->heart,SERPINE1,LRP1,neutrophil,cardiac endothelial cell,0.0,0.0,0.0,0.0,0.0,0.0,0.0,0.0
lung->heart,SERPINE1,LRP1,plasma cell,cardiac fibroblast,0.0,0.0,0.0,0.0,0.0,0.0,0.0,0.0
lung->heart,SERPINE1,LRP1,plasma cell,cardiac endothelial cell,0.0,0.0,0.0,0.0,0.0,0.0,0.0,0.0
lung->heart,SERPINE1,LRP1,leukocyte,cardiac fibroblast,0.015453136585472914,0.0044614212502620595,0.0,0.0,0.0,0.0,0.0,0.0
lung->heart,SERPINE1,LRP1,leukocyte,cardiac endothelial cell,0.015453136585472914,0.0044614212502620595,0.0,0.0,0.0,0.0,0.0,0.0
lung->heart,SERPINE1,LRP1,endothelial cell of lymphatic vessel,cardiac fibroblast,0.0,0.0,0.0,0.0,0.0,0.0,0.0,0.0
lung->heart,SERPINE1,LRP1,endothelial cell of lymphatic vessel,cardiac endothelial cell,0.0,0.0,0.0,0.0,0.0,0.0,0.0,0.0
lung->heart,SERPINE1,VTN,"CD4-positive, alpha-beta T cell",cardiac fibroblast,0.00016163316750689134,0.0008944664573768144,0.07410371480853283,0.0912989541819883,1.197761814853049e-05,8.166385210937116e-05,6.968623396084067e-05,2.6712309722937144
lung->heart,SERPINE1,VTN,"CD4-positive, alpha-beta T cell",cardiac endothelial cell,0.00016163316750689134,0.0008944664573768144,0.06961034045922401,0.09160385175991949,1.125133981965749e-05,8.193657276576605e-05,7.068523294610856e-05,2.7590688986520737
lung->heart,SERPINE1,VTN,natural killer cell,cardiac fibroblast,0.0034931281595902784,0.002803022689364007,0.07410371480853283,0.0912989541819883,0.0002588537729279331,0.0002559130400873181,-2.9407328406150105e-06,-0.01641988756286079
lung->heart,SERPINE1,VTN,natural killer cell,cardiac endothelial cell,0.0034931281595902784,0.002803022689364007,0.06961034045922401,0.09160385175991949,0.00024315784045678186,0.0002567676749161913,1.360983445940946e-05,0.07825724849222127
lung->heart,SERPINE1,VTN,capillary endothelial cell,cardiac fibroblast,0.0014899819241305783,0.0003510815574711203,0.07410371480853283,0.0912989541819883,0.00011041319557564136,3.2053379029696904e-05,-7.835981654594445e-05,-1.753050442620047
lung->heart,SERPINE1,VTN,capillary endothelial cell,cardiac endothelial cell,0.0014899819241305783,0.0003510815574711203,0.06961034045922401,0.09160385175991949,0.00010371814901681924,3.216042294622616e-05,-7.155772607059309e-05,-1.6589771887601443
lung->heart,SERPINE1,VTN,macrophage,cardiac fibroblast,0.0007617881026149874,0.0004501314077433777,0.07410371480853283,0.0912989541819883,5.6451328300714365e-05,4.109652677143653e-05,-1.5354801529277834e-05,-0.4486390422438332
lung->heart,SERPINE1,VTN,macrophage,cardiac endothelial cell,0.0007617881026149874,0.0004501314077433777,0.06961034045922401,0.09160385175991949,5.302832918081555e-05,4.123377074740824e-05,-1.1794558433407307e-05,-0.3553190068175233
lung->heart,SERPINE1,VTN,"CD8-positive, alpha-beta T cell",cardiac fibroblast,0.0007315603129448811,0.0,0.07410371480853283,0.0912989541819883,5.421133679570849e-05,0.0,-5.421133679570849e-05,-5.786892627464258
lung->heart,SERPINE1,VTN,"CD8-positive, alpha-beta T cell",cardiac endothelial cell,0.0007315603129448811,0.0,0.06961034045922401,0.09160385175991949,5.092416245054964e-05,0.0,-5.092416245054964e-05,-5.698334135120813
lung->heart,SERPINE1,VTN,monocyte,cardiac fibroblast,0.0023685375592846255,0.00112532362488066,0.07410371480853283,0.0912989541819883,0.0001755174318065263,0.00010274087006788836,-7.277656173863794e-05,-0.766826287817429
lung->heart,SERPINE1,VTN,monocyte,cardiac endothelial cell,0.0023685375592846255,0.00112532362488066,0.06961034045922401,0.09160385175991949,0.00016487470589226225,0.00010308397851550322,-6.179072737675903e-05,-0.6723458936667077
lung->heart,SERPINE1,VTN,fibroblast,cardiac fibroblast,0.08188254674190343,0.1447432454701894,0.07410371480853283,0.0912989541819883,0.0060678008915583705,0.013214906936335109,0.007147106044776738,1.1227920389460881
lung->heart,SERPINE1,VTN,fibroblast,cardiac endothelial cell,0.08188254674190343,0.1447432454701894,0.06961034045922401,0.09160385175991949,0.0056998719563722215,0.013259038801300868,0.007559166844928647,1.2178304935467517
lung->heart,SERPINE1,VTN,conventional dendritic cell,cardiac fibroblast,0.0006643937981783919,0.00024704566312731054,0.07410371480853283,0.0912989541819883,4.9234048540769464e-05,2.255501067871924e-05,-2.6679037862050222e-05,-1.092631565568537
lung->heart,SERPINE1,VTN,conventional dendritic cell,cardiac endothelial cell,0.0006643937981783919,0.00024704566312731054,0.06961034045922401,0.09160385175991949,4.624867849019482e-05,2.263033430304516e-05,-2.361834418714966e-05,-0.9996339392585728
lung->heart,SERPINE1,VTN,mast cell,cardiac fibroblast,0.002969319481743028,0.0007212637435968993,0.07410371480853283,0.0912989541819883,0.00022003760405050584,6.585062547978267e-05,-0.00015418697857072316,-1.7252788652781903
lung->heart,SERPINE1,VTN,mast cell,cardiac endothelial cell,0.002969319481743028,0.0007212637435968993,0.06961034045922401,0.09160385175991949,0.00020669534005633879,6.607053704825494e-05,-0.00014062480300808386,-1.6307177884256554
lung->heart,SERPINE1,VTN,pulmonary alveolar type 2 cell,cardiac fibroblast,0.003015394724312182,0.0023077590162360684,0.07410371480853283,0.0912989541819883,0.0002234519506855844,0.0002106959846864072,-1.2755965999177197e-05,-0.0844127291101245
lung->heart,SERPINE1,VTN,pulmonary alveolar type 2 cell,cardiac endothelial cell,0.003015394724312182,0.0023077590162360684,0.06961034045922401,0.09160385175991949,0.00020990265337831893,0.00021139961482090645,1.496961442587518e-06,0.010203903994227794
lung->heart,SERPINE1,VTN,vein endothelial cell,cardiac fibroblast,0.0004354192743288506,0.0,0.07410371480853283,0.0912989541819883,3.2266185727003464e-05,0.0,-3.2266185727003464e-05,-5.055984552385576
lung->heart,SERPINE1,VTN,vein endothelial cell,cardiac endothelial cell,0.0004354192743288506,0.0,0.06961034045922401,0.09160385175991949,3.030968392853955e-05,0.0,-3.030968392853955e-05,-4.968537039421748
lung->heart,SERPINE1,VTN,lung multiciliated epithelial cell,cardiac fibroblast,0.008444138774772241,0.006511715711876834,0.07410371480853283,0.0912989541819883,0.000625742051569396,0.0005945128344247764,-3.122921714461958e-05,-0.07373919349073245
lung->heart,SERPINE1,VTN,lung multiciliated epithelial cell,cardiac endothelial cell,0.008444138774772241,0.006511715711876834,0.06961034045922401,0.09160385175991949,0.0005877993749968304,0.0005964982407735041,8.698865776673678e-06,0.0211583253496247
lung->heart,SERPINE1,VTN,smooth muscle cell,cardiac fibroblast,0.028641684705523102,0.03179421729484575,0.07410371480853283,0.0912989541819883,0.0021224552350540007,0.0029027787880543023,0.0007803235530003017,0.4515178566899925
lung->heart,SERPINE1,VTN,smooth muscle cell,cardiac endothelial cell,0.028641684705523102,0.03179421729484575,0.06961034045922401,0.09160385175991949,0.0019937574236772123,0.002912472767899719,0.0009187153442225065,0.5465265105399479
lung->heart,SERPINE1,VTN,endothelial cell,cardiac fibroblast,0.0,0.0023435469529462776,0.07410371480853283,0.0912989541819883,0.0,0.0002139633858803805,0.0002139633858803805,7.7479471402539035
lung->heart,SERPINE1,VTN,endothelial cell,cardiac endothelial cell,0.0,0.0023435469529462776,0.06961034045922401,0.09160385175991949,0.0,0.00021467792767010182,0.00021467792767010182,7.7527347294151525
lung->heart,SERPINE1,VTN,B cell,cardiac fibroblast,0.0,0.0,0.07410371480853283,0.0912989541819883,0.0,0.0,0.0,0.0
lung->heart,SERPINE1,VTN,B cell,cardiac endothelial cell,0.0,0.0,0.06961034045922401,0.09160385175991949,0.0,0.0,0.0,0.0
lung->heart,SERPINE1,VTN,pulmonary alveolar type 1 cell,cardiac fibroblast,0.0,0.002416491068265226,0.07410371480853283,0.0912989541819883,0.0,0.00022062310732273084,0.00022062310732273084,7.791964500231932
lung->heart,SERPINE1,VTN,pulmonary alveolar type 1 cell,cardiac endothelial cell,0.0,0.002416491068265226,0.06961034045922401,0.09160385175991949,0.0,0.00022135988959653727,0.00022135988959653727,7.796752760664255
lung->heart,SERPINE1,VTN,club cell,cardiac fibroblast,0.0013286671948978482,0.0006757391870648755,0.07410371480853283,0.0912989541819883,9.845917488616345e-05,6.169428107881008e-05,-3.676489380735337e-05,-0.6657706150205004
lung->heart,SERPINE1,VTN,club cell,cardiac endothelial cell,0.0013286671948978482,0.0006757391870648755,0.06961034045922401,0.09160385175991949,9.248897579384136e-05,6.190031232025936e-05,-3.0588663473581995e-05,-0.5717290720779206
lung->heart,SERPINE1,VTN,neutrophil,cardiac fibroblast,0.0,0.0,0.07410371480853283,0.0912989541819883,0.0,0.0,0.0,0.0
lung->heart,SERPINE1,VTN,neutrophil,cardiac endothelial cell,0.0,0.0,0.06961034045922401,0.09160385175991949,0.0,0.0,0.0,0.0
lung->heart,SERPINE1,VTN,plasma cell,cardiac fibroblast,0.0,0.0,0.07410371480853283,0.0912989541819883,0.0,0.0,0.0,0.0
lung->heart,SERPINE1,VTN,plasma cell,cardiac endothelial cell,0.0,0.0,0.06961034045922401,0.09160385175991949,0.0,0.0,0.0,0.0
lung->heart,SERPINE1,VTN,leukocyte,cardiac fibroblast,0.015453136585472914,0.0044614212502620595,0.07410371480853283,0.0912989541819883,0.0011451348264271896,0.00040732309431422474,-0.0007378117321129649,-1.488993694327216
lung->heart,SERPINE1,VTN,leukocyte,cardiac endothelial cell,0.015453136585472914,0.0044614212502620595,0.06961034045922401,0.09160385175991949,0.0010756980988776601,0.00040868337084756036,-0.0006670147280300998,-1.3940325418682036
lung->heart,SERPINE1,VTN,endothelial cell of lymphatic vessel,cardiac fibroblast,0.0,0.0,0.07410371480853283,0.0912989541819883,0.0,0.0,0.0,0.0
lung->heart,SERPINE1,VTN,endothelial cell of lymphatic vessel,cardiac endothelial cell,0.0,0.0,0.06961034045922401,0.09160385175991949,0.0,0.0,0.0,0.0
lung->heart,PLAU,PLAUR,"CD4-positive, alpha-beta T cell",cardiac fibroblast,0.031132504250013165,0.0349809602628342,0.03015688239338009,0.013924191819941577,0.0009388592692790527,0.0004870816007454573,-0.00045177766853359545,-0.9453223822925179
lung->heart,PLAU,PLAUR,"CD4-positive, alpha-beta T cell",cardiac endothelial cell,0.031132504250013165,0.0349809602628342,0.00897294268647757,0.008220322941143336,0.0002793501763218875,0.0002875547901517994,8.204613829911858e-06,0.04161530349183371
lung->heart,PLAU,PLAUR,"CD4-positive, alpha-beta T cell",cardiac macrophage,0.031132504250013165,0.0349809602628342,0.10652241554811433,0.1167711647936623,0.003316309554773338,0.004084767475491965,0.0007684579207186269,0.3005934578940993
lung->heart,PLAU,PLAUR,natural killer cell,cardiac fibroblast,0.038897653085018594,0.03207273875149262,0.03015688239338009,0.013924191819941577,0.001173031949463404,0.0004465869665666568,-0.0007264449828967471,-1.3912317379728747
lung->heart,PLAU,PLAUR,natural killer cell,cardiac endothelial cell,0.038897653085018594,0.03207273875149262,0.00897294268647757,0.008220322941143336,0.0003490264117703593,0.00026364827014419164,-8.537814162616766e-05,-0.4033875629697928
lung->heart,PLAU,PLAUR,natural killer cell,cardiac macrophage,0.038897653085018594,0.03207273875149262,0.10652241554811433,0.1167711647936623,0.004143471965768742,0.0037451710621346237,-0.00039830090363411836,-0.14577152501112034
lung->heart,PLAU,PLAUR,capillary endothelial cell,cardiac fibroblast,0.019671996015070844,0.011004685493938196,0.03015688239338009,0.013924191819941577,0.0005932460702695332,0.00015323135173572397,-0.00044001471853380924,-1.9459643954579156
lung->heart,PLAU,PLAUR,capillary endothelial cell,cardiac endothelial cell,0.019671996015070844,0.011004685493938196,0.00897294268647757,0.008220322941143336,0.00017651569277184583,9.046206862588743e-05,-8.60536241459584e-05,-0.9567011131159332
lung->heart,PLAU,PLAUR,capillary endothelial cell,cardiac macrophage,0.019671996015070844,0.011004685493938196,0.10652241554811433,0.1167711647936623,0.002095508534178226,0.0012850299433150821,-0.0008104785908631437,-0.7050644688322498
lung->heart,PLAU,PLAUR,macrophage,cardiac fibroblast,0.030915288968551877,0.0342264429969823,0.03015688239338009,0.013924191819941577,0.0009323087335819797,0.0004765755576042776,-0.00045573317597770213,-0.9666253947781114
lung->heart,PLAU,PLAUR,macrophage,cardiac endothelial cell,0.030915288968551877,0.0342264429969823,0.00897294268647757,0.008220322941143336,0.00027740111605070825,0.00028135241456182824,3.951298511119987e-06,0.02033197405211447
lung->heart,PLAU,PLAUR,macrophage,cardiac macrophage,0.030915288968551877,0.0342264429969823,0.10652241554811433,0.1167711647936623,0.003293171258298118,0.003996661615501509,0.0007034903572033908,0.2792407992036689
lung->heart,PLAU,PLAUR,"CD8-positive, alpha-beta T cell",cardiac fibroblast,0.030338514156962322,0.04061673865658136,0.03015688239338009,0.013924191819941577,0.0009149150034214096,0.000565555260154675,-0.00034935974326673466,-0.6929970437666363
lung->heart,PLAU,PLAUR,"CD8-positive, alpha-beta T cell",cardiac endothelial cell,0.030338514156962322,0.04061673865658136,0.00897294268647757,0.008220322941143336,0.0002722257487233113,0.0003338827085731191,6.165695984980781e-05,0.29356243621166545
lung->heart,PLAU,PLAUR,"CD8-positive, alpha-beta T cell",cardiac macrophage,0.030338514156962322,0.04061673865658136,0.10652241554811433,0.1167711647936623,0.0032317318121402898,0.0047428638830487755,0.0015111320709084858,0.5533087885878691
lung->heart,PLAU,PLAUR,monocyte,cardiac fibroblast,0.05516182340438204,0.04658867064395473,0.03015688239338009,0.013924191819941577,0.0016635086210103505,0.0006487095866825067,-0.0010147990343278438,-1.3572294447635893
lung->heart,PLAU,PLAUR,monocyte,cardiac endothelial cell,0.05516182340438204,0.04658867064395473,0.00897294268647757,0.008220322941143336,0.0004949638798891171,0.0003829739180918721,-0.00011198996179724504,-0.36922673827667285
lung->heart,PLAU,PLAUR,monocyte,cardiac macrophage,0.05516182340438204,0.04658867064395473,0.10652241554811433,0.1167711647936623,0.005875970675073282,0.0054402133372828945,-0.00043575733779038783,-0.111144305366343
lung->heart,PLAU,PLAUR,fibroblast,cardiac fibroblast,0.028770522517859127,0.026690947830104114,0.03015688239338009,0.013924191819941577,0.0008676292639671712,0.0003716498774424231,-0.0004959793865247481,-1.2209197725687961
lung->heart,PLAU,PLAUR,fibroblast,cardiac endothelial cell,0.028770522517859127,0.026690947830104114,0.00897294268647757,0.008220322941143336,0.0002581562496127623,0.00021940821076866477,-3.874803884409755e-05,-0.23364421608159142
lung->heart,PLAU,PLAUR,fibroblast,cardiac macrophage,0.028770522517859127,0.026690947830104114,0.10652241554811433,0.1167711647936623,0.0030647055551837705,0.0031167330675681308,5.2027512384360264e-05,0.024278273000633482
lung->heart,PLAU,PLAUR,conventional dendritic cell,cardiac fibroblast,0.06380867773335688,0.0697699790769341,0.03015688239338009,0.013924191819941577,0.0019242707900819342,0.0009714905719405407,-0.0009527802181413935,-0.9853052069930589
lung->heart,PLAU,PLAUR,conventional dendritic cell,cardiac endothelial cell,0.06380867773335688,0.0697699790769341,0.00897294268647757,0.008220322941143336,0.0005725516082013288,0.0005735317596092119,9.801514078830106e-07,0.002463340134814163
lung->heart,PLAU,PLAUR,conventional dendritic cell,cardiac macrophage,0.06380867773335688,0.0697699790769341,0.10652241554811433,0.1167711647936623,0.006797054485088352,0.008147121724443042,0.0013500672393546905,0.26134560797759987
lung->heart,PLAU,PLAUR,mast cell,cardiac fibroblast,0.02818327452664509,0.026466492860137306,0.03015688239338009,0.013924191819941577,0.0008499196953603809,0.00036852452338566604,-0.00048139517197471487,-1.20335287395001
lung->heart,PLAU,PLAUR,mast cell,cardiac endothelial cell,0.02818327452664509,0.026466492860137306,0.00897294268647757,0.008220322941143336,0.0002528869070448497,0.00021756311842979298,-3.5323788615056694e-05,-0.21613602400835055
lung->heart,PLAU,PLAUR,mast cell,cardiac macrophage,0.02818327452664509,0.026466492860137306,0.10652241554811433,0.1167711647936623,0.0030021504806338733,0.00309052319928138,8.837271864750671e-05,0.041841065173512035
lung->heart,PLAU,PLAUR,pulmonary alveolar type 2 cell,cardiac fibroblast,0.024075065255510543,0.02500643372820115,0.03015688239338009,0.013924191819941577,0.0007260289115233826,0.0003481943799641296,-0.00037783453155925296,-1.0579823964715311
lung->heart,PLAU,PLAUR,pulmonary alveolar type 2 cell,cardiac endothelial cell,0.024075065255510543,0.02500643372820115,0.00897294268647757,0.008220322941143336,0.0002160241807109036,0.0002055609608521124,-1.0463219858791191e-05,-0.07128817918174164
lung->heart,PLAU,PLAUR,pulmonary alveolar type 2 cell,cardiac macrophage,0.024075065255510543,0.02500643372820115,0.10652241554811433,0.1167711647936623,0.0025645341054954633,0.0029200303937775714,0.0003554962882821081,0.1872181652698215
lung->heart,PLAU,PLAUR,vein endothelial cell,cardiac fibroblast,0.02172142102566962,0.018816780760510667,0.03015688239338009,0.013924191819941577,0.0006550503392882122,0.00026200846474313665,-0.0003930418745450756,-1.3186972858873447
lung->heart,PLAU,PLAUR,vein endothelial cell,cardiac endothelial cell,0.02172142102566962,0.018816780760510667,0.00897294268647757,0.008220322941143336,0.00019490506593218234,0.00015468001456409036,-4.022505136809198e-05,-0.3315709547110415
lung->heart,PLAU,PLAUR,vein endothelial cell,cardiac macrophage,0.02172142102566962,0.018816780760510667,0.10652241554811433,0.1167711647936623,0.002313818236791927,0.0021972574070718053,-0.00011656082972012153,-0.07453858527835584
lung->heart,PLAU,PLAUR,lung multiciliated epithelial cell,cardiac fibroblast,0.07270394123826046,0.04088157390511756,0.03015688239338009,0.013924191819941577,0.0021925242054574375,0.000569242876955975,-0.0016232813285014624,-1.9436022008266944
lung->heart,PLAU,PLAUR,lung multiciliated epithelial cell,cardiac endothelial cell,0.07270394123826046,0.04088157390511756,0.00897294268647757,0.008220322941143336,0.0006523682978119442,0.00033605973984228465,-0.0003163085579696596,-0.9548921405771749
lung->heart,PLAU,PLAUR,lung multiciliated epithelial cell,cardiac macrophage,0.07270394123826046,0.04088157390511756,0.10652241554811433,0.1167711647936623,0.007744599440567666,0.004773789003498767,-0.0029708104370688992,-0.6979399128179707
lung->heart,PLAU,PLAUR,smooth muscle cell,cardiac fibroblast,0.009088017791933727,0.009207223261567136,0.03015688239338009,0.013924191819941577,0.0002740662837402912,0.00012820314282308893,-0.00014586314091720226,-1.0901381485628836
lung->heart,PLAU,PLAUR,smooth muscle cell,cardiac endothelial cell,0.009088017791933727,0.009207223261567136,0.00897294268647757,0.008220322941143336,8.154626278070977e-05,7.56863486012889e-05,-5.85991417942087e-06,-0.10623312194312293
lung->heart,PLAU,PLAUR,smooth muscle cell,cardiac macrophage,0.009088017791933727,0.009207223261567136,0.10652241554811433,0.1167711647936623,0.0009680776077410209,0.001075138184768497,0.00010706057702747601,0.1511792310338707
lung->heart,PLAU,PLAUR,endothelial cell,cardiac fibroblast,0.02525043276290726,0.022968933449586733,0.03015688239338009,0.013924191819941577,0.0007614743312129457,0.0003198238352515181,-0.0004416504959614276,-1.2489074406792255
lung->heart,PLAU,PLAUR,endothelial cell,cardiac endothelial cell,0.02525043276290726,0.022968933449586733,0.00897294268647757,0.008220322941143336,0.00022657068599032235,0.00018881205056923235,-3.775863542109e-05,-0.26174314464227016
lung->heart,PLAU,PLAUR,endothelial cell,cardiac macrophage,0.02525043276290726,0.022968933449586733,0.10652241554811433,0.1167711647936623,0.0026897370915401277,0.0026821091129763546,-7.62797856377305e-06,-0.004095708666860971
lung->heart,PLAU,PLAUR,B cell,cardiac fibroblast,0.03603502469182541,0.04939796809141706,0.03015688239338009,0.013924191819941577,0.0010867040016739264,0.0006878267832202445,-0.00039887721845368186,-0.6590728631466372
lung->heart,PLAU,PLAUR,B cell,cardiac endothelial cell,0.03603502469182541,0.04939796809141706,0.00897294268647757,0.008220322941143336,0.0003233402112655535,0.00040606725034774213,8.272703908218865e-05,0.32775925917691756
lung->heart,PLAU,PLAUR,B cell,cardiac macrophage,0.03603502469182541,0.04939796809141706,0.10652241554811433,0.1167711647936623,0.0038385378745091864,0.005768258272474933,0.001929720397965747,0.587453170891907
lung->heart,PLAU,PLAUR,pulmonary alveolar type 1 cell,cardiac fibroblast,0.02735766784036684,0.011665377781200503,0.03015688239338009,0.013924191819941577,0.0008250219716190994,0.00016243095787752028,-0.0006625910137415792,-2.3374988652571953
lung->heart,PLAU,PLAUR,pulmonary alveolar type 1 cell,cardiac endothelial cell,0.02735766784036684,0.011665377781200503,0.00897294268647757,0.008220322941143336,0.00024547878556730227,9.589317259190623e-05,-0.00014958561297539604,-1.3469965618139736
lung->heart,PLAU,PLAUR,pulmonary alveolar type 1 cell,cardiac macrophage,0.02735766784036684,0.011665377781200503,0.10652241554811433,0.1167711647936623,0.00291420486211884,0.0013621797512688907,-0.0015520251108499493,-1.0966214594698864
lung->heart,PLAU,PLAUR,club cell,cardiac fibroblast,0.014458505887792494,0.035129632091850965,0.03015688239338009,0.013924191819941577,0.0004360234616421518,0.0004891517358109084,5.312827416875654e-05,0.16551769910276987
lung->heart,PLAU,PLAUR,club cell,cardiac endothelial cell,0.014458505887792494,0.035129632091850965,0.00897294268647757,0.008220322941143336,0.00012973534466326054,0.0002887769205985676,0.00015904157593530708,1.1482934649586163
lung->heart,PLAU,PLAUR,club cell,cardiac macrophage,0.014458505887792494,0.035129632091850965,0.10652241554811433,0.1167711647936623,0.0015401549723842898,0.004102128058138256,0.002561973085753967,1.4127122404793773
lung->heart,PLAU,PLAUR,neutrophil,cardiac fibroblast,0.0027317614260780345,0.018200917480246333,0.03015688239338009,0.013924191819941577,8.238140805300756e-05,0.0002534330662938776,0.00017105165824087007,1.6094885363298002
lung->heart,PLAU,PLAUR,neutrophil,cardiac endothelial cell,0.0027317614260780345,0.018200917480246333,0.00897294268647757,0.008220322941143336,2.451193870932844e-05,0.0001496174195127257,0.00012510548080339726,2.5616441913216095
lung->heart,PLAU,PLAUR,neutrophil,cardiac macrophage,0.0027317614260780345,0.018200917480246333,0.10652241554811433,0.1167711647936623,0.0002909938258069938,0.0021253423344816933,0.0018343485086746996,2.8643641161337072
lung->heart,PLAU,PLAUR,plasma cell,cardiac fibroblast,0.012626261887209174,0.012086063682979464,0.03015688239338009,0.013924191819941577,0.0003807686948005844,0.0001682886690698356,-0.00021248002573074877,-1.173213392829538
lung->heart,PLAU,PLAUR,plasma cell,cardiac endothelial cell,0.012626261887209174,0.012086063682979464,0.00897294268647757,0.008220322941143336,0.00011329472425838404,9.93513465613154e-05,-1.3943377697068633e-05,-0.1876988359971043
lung->heart,PLAU,PLAUR,plasma cell,cardiac macrophage,0.012626261887209174,0.012086063682979464,0.10652241554811433,0.1167711647936623,0.0013449799155686138,0.0014113037340318922,6.632381846327835e-05,0.06939350953533836
lung->heart,PLAU,PLAUR,leukocyte,cardiac fibroblast,0.05881003802236776,0.04474830912396051,0.03015688239338009,0.013924191819941577,0.001773527400190756,0.0006230840398600679,-0.0011504433603306882,-1.5076226287698653
lung->heart,PLAU,PLAUR,leukocyte,cardiac endothelial cell,0.05881003802236776,0.04474830912396051,0.00897294268647757,0.008220322941143336,0.0005276991005642727,0.0003678455520690662,-0.0001598535484952065,-0.5194300341603104
lung->heart,PLAU,PLAUR,leukocyte,cardiac macrophage,0.05881003802236776,0.04474830912396051,0.10652241554811433,0.1167711647936623,0.006264587308619063,0.005225312178951735,-0.0010392751296673282,-0.2616564452456736
lung->heart,PLAU,PLAUR,endothelial cell of lymphatic vessel,cardiac fibroblast,0.026528848571857628,0.020389888041572674,0.03015688239338009,0.013924191819941577,0.0008000273664132998,0.0002839127122779908,-0.000516114654135309,-1.49133153843442
lung->heart,PLAU,PLAUR,endothelial cell of lymphatic vessel,cardiac endothelial cell,0.026528848571857628,0.020389888041572674,0.00897294268647757,0.008220322941143336,0.00023804183777352084,0.000167611464435484,-7.043037333803682e-05,-0.5035605117533353
lung->heart,PLAU,PLAUR,endothelial cell of lymphatic vessel,cardiac macrophage,0.026528848571857628,0.020389888041572674,0.10652241554811433,0.1167711647936623,0.0028259170315844176,0.002380950976626807,-0.0004449660549576107,-0.24708582037282126
lung->heart,THBS1,CD36,"CD4-positive, alpha-beta T cell",cardiac fibroblast,0.0015428111557790655,0.003951658157572373,0.0523322260424317,0.07670938874877366,8.073874214501536e-05,0.00030312928181148183,0.00022239053966646645,1.895592779487614
lung->heart,THBS1,CD36,"CD4-positive, alpha-beta T cell",cardiac endothelial cell,0.0015428111557790655,0.003951658157572373,0.05358390618719993,0.06918233587599863,8.266984823583094e-05,0.00027338494192430184,0.0001907150936884709,1.7134215860960824
lung->heart,THBS1,CD36,"CD4-positive, alpha-beta T cell",cardiac macrophage,0.0015428111557790655,0.003951658157572373,0.11415549349531452,0.25671766717519934,0.0001761203688580358,0.0010144604636858259,0.0008383400948277901,2.5193320335039777
lung->heart,THBS1,CD36,natural killer cell,cardiac fibroblast,0.0017058315639106134,0.003423895216635994,0.0523322260424317,0.07670938874877366,8.9269962992885e-05,0.00026264490920799706,0.00017337494621511208,1.5462782185344393
lung->heart,THBS1,CD36,natural killer cell,cardiac endothelial cell,0.0017058315639106134,0.003423895216635994,0.05358390618719993,0.06918233587599863,9.140511849175085e-05,0.00023687306888153643,0.00014546795038978557,1.3641472718201928
lung->heart,THBS1,CD36,natural killer cell,cardiac macrophage,0.0017058315639106134,0.003423895216635994,0.11415549349531452,0.25671766717519934,0.00019473004399810022,0.0008789743926671162,0.0006842443486690159,2.1685963193105433
lung->heart,THBS1,CD36,capillary endothelial cell,cardiac fibroblast,0.0023717272589605766,0.007744484351834671,0.0523322260424317,0.07670938874877366,0.00012411776702692183,0.0005940746608036802,0.0004699568937767584,2.2497840166792367
lung->heart,THBS1,CD36,capillary endothelial cell,cardiac endothelial cell,0.0023717272589605766,0.007744484351834671,0.05358390618719993,0.06918233587599863,0.00012708641094576838,0.0005357815176150418,0.0004086951066692734,2.0672175735737084
lung->heart,THBS1,CD36,capillary endothelial cell,cardiac macrophage,0.0023717272589605766,0.007744484351834671,0.11415549349531452,0.25671766717519934,0.00027074569568293424,0.0019881459562778323,0.001717400260594898,2.871820050785513
lung->heart,THBS1,CD36,macrophage,cardiac fibroblast,0.0020837199935784686,0.0034723494753238064,0.0523322260424317,0.07670938874877366,0.00010904570571308275,0.0002663618057742141,0.00015731610006113137,1.2806905341860408
lung->heart,THBS1,CD36,macrophage,cardiac endothelial cell,0.0020837199935784686,0.0034723494753238064,0.05358390618719993,0.06918233587599863,0.0001116538566563015,0.0002402252476806992,0.0001285713910243977,1.0984842093984464
lung->heart,THBS1,CD36,macrophage,cardiac macrophage,0.0020837199935784686,0.0034723494753238064,0.11415549349531452,0.25671766717519934,0.00023786808417300368,0.0008914134569221549,0.0006535453727491513,1.9014981643131426
lung->heart,THBS1,CD36,"CD8-positive, alpha-beta T cell",cardiac fibroblast,0.0012671331878415309,0.0015726177400982157,0.0523322260424317,0.07670938874877366,6.631190041199007e-05,0.00012063454557841193,5.432264516642186e-05,0.8536195347240358
lung->heart,THBS1,CD36,"CD8-positive, alpha-beta T cell",cardiac endothelial cell,0.0012671331878415309,0.0015726177400982157,0.05358390618719993,0.06918233587599863,6.789794586398818e-05,0.00010879736870002867,4.089942283604049e-05,0.6723106045830279
lung->heart,THBS1,CD36,"CD8-positive, alpha-beta T cell",cardiac macrophage,0.0012671331878415309,0.0015726177400982157,0.11415549349531452,0.25671766717519934,0.00014465021438234103,0.00040371875759634786,0.00025906854321400686,1.4744118905058967
lung->heart,THBS1,CD36,monocyte,cardiac fibroblast,0.002093045378981365,0.001976345973141807,0.0523322260424317,0.07670938874877366,0.00010953372388991991,0.00015160429155580826,4.2070567665888344e-05,0.46530893068485174
lung->heart,THBS1,CD36,monocyte,cardiac endothelial cell,0.002093045378981365,0.001976345973141807,0.05358390618719993,0.06918233587599863,0.00011215354723288978,0.00013672823092107387,2.4574683688184095e-05,0.2835424948710101
lung->heart,THBS1,CD36,monocyte,cardiac macrophage,0.002093045378981365,0.001976345973141807,0.11415549349531452,0.25671766717519934,0.0002389326281457053,0.000507362927756064,0.0002684302996103586,1.0832294646779594
lung->heart,THBS1,CD36,fibroblast,cardiac fibroblast,0.003710979170784218,0.009585746944363096,0.0523322260424317,0.07670938874877366,0.00019420380080423545,0.000735316788802518,0.0005411129879982825,1.9153454530371072
lung->heart,THBS1,CD36,fibroblast,cardiac endothelial cell,0.003710979170784218,0.009585746944363096,0.05358390618719993,0.06918233587599863,0.00019884875974995452,0.0006631643647272553,0.00046431560497730076,1.7326316986247996
lung->heart,THBS1,CD36,fibroblast,cardiac macrophage,0.003710979170784218,0.009585746944363096,0.11415549349531452,0.25671766717519934,0.0004236286585917055,0.002460830593688689,0.0020372019350969836,2.5354578403504133
lung->heart,THBS1,CD36,conventional dendritic cell,cardiac fibroblast,0.0025735683550070945,0.0018157684775427366,0.0523322260424317,0.07670938874877366,0.0001346805608898804,0.00013928649002159467,4.605929131714276e-06,0.048162041126948434
lung->heart,THBS1,CD36,conventional dendritic cell,cardiac endothelial cell,0.0025735683550070945,0.0018157684775427366,0.05358390618719993,0.06918233587599863,0.0001379018453010466,0.00012561910468641228,-1.2282740614634306e-05,-0.13357066601818757
lung->heart,THBS1,CD36,conventional dendritic cell,cardiac macrophage,0.0025735683550070945,0.0018157684775427366,0.11415549349531452,0.25671766717519934,0.00029378696560975967,0.00046613984768503465,0.00017235288207527498,0.6641817791002262
lung->heart,THBS1,CD36,mast cell,cardiac fibroblast,0.000571368962986981,0.0,0.0523322260424317,0.07670938874877366,2.990100972466448e-05,0.0,-2.990100972466448e-05,-4.94958207544309
lung->heart,THBS1,CD36,mast cell,cardiac endothelial cell,0.000571368962986981,0.0,0.05358390618719993,0.06918233587599863,3.06161809109721e-05,0.0,-3.06161809109721e-05,-4.982591202192567
lung->heart,THBS1,CD36,mast cell,cardiac macrophage,0.000571368962986981,0.0,0.11415549349531452,0.25671766717519934,6.522490593768492e-05,0.0,-6.522490593768492e-05,-6.049301984356826
lung->heart,THBS1,CD36,pulmonary alveolar type 2 cell,cardiac fibroblast,0.0012378200827219152,0.00038677705690006115,0.0523322260424317,0.07670938874877366,6.477788036886477e-05,2.966943161685334e-05,-3.510844875201143e-05,-1.100801089396645
lung->heart,THBS1,CD36,pulmonary alveolar type 2 cell,cardiac endothelial cell,0.0012378200827219152,0.00038677705690006115,0.05358390618719993,0.06918233587599863,6.632723518920316e-05,2.6758140259590265e-05,-3.956909492961289e-05,-1.2782793079460064
lung->heart,THBS1,CD36,pulmonary alveolar type 2 cell,cardiac macrophage,0.0012378200827219152,0.00038677705690006115,0.11415549349531452,0.25671766717519934,0.00014130396240153128,9.929250376427304e-05,-4.2011458637258246e-05,-0.5047620561643003
lung->heart,THBS1,CD36,vein endothelial cell,cardiac fibroblast,0.004909540046226684,0.004321123887699879,0.0523322260424317,0.07670938874877366,0.00025692715946350544,0.0003314707721331822,7.454361266967676e-05,0.36626382187606255
lung->heart,THBS1,CD36,vein endothelial cell,cardiac endothelial cell,0.004909540046226684,0.004321123887699879,0.05358390618719993,0.06918233587599863,0.00026307233325931185,0.00029894544416065406,3.5873110901342214e-05,0.1837669598275447
lung->heart,THBS1,CD36,vein endothelial cell,cardiac macrophage,0.004909540046226684,0.004321123887699879,0.11415549349531452,0.25671766717519934,0.0005604509668120164,0.001109308844025341,0.0005488578772133246,0.9837290947456079
lung->heart,THBS1,CD36,lung multiciliated epithelial cell,cardiac fibroblast,0.0009723806405292427,0.006365312933213162,0.0523322260424317,0.07670938874877366,5.088684347946085e-05,0.00048827926430144514,0.0004373924208219843,3.237217464783611
lung->heart,THBS1,CD36,lung multiciliated epithelial cell,cardiac endothelial cell,0.0009723806405292427,0.006365312933213162,0.05358390618719993,0.06918233587599863,5.210395302036832e-05,0.000440367217301391,0.0003882632642810227,3.0550883136084215
lung->heart,THBS1,CD36,lung multiciliated epithelial cell,cardiac macrophage,0.0009723806405292427,0.006365312933213162,0.11415549349531452,0.25671766717519934,0.00011100259188490573,0.0016340882870546083,0.0015230856951697026,3.8677645129414824
lung->heart,THBS1,CD36,smooth muscle cell,cardiac fibroblast,0.0023017310138272362,0.006409414695688125,0.0523322260424317,0.07670938874877366,0.00012045470770448241,0.0004916622835436431,0.0003712075758391607,2.020180616979934
lung->heart,THBS1,CD36,smooth muscle cell,cardiac endothelial cell,0.0023017310138272362,0.006409414695688125,0.05358390618719993,0.06918233587599863,0.0001233357387130872,0.0004434182802456574,0.0003200825415325702,1.837677120103461
lung->heart,THBS1,CD36,smooth muscle cell,cardiac macrophage,0.0023017310138272362,0.006409414695688125,0.11415549349531452,0.25671766717519934,0.0002627552397769188,0.0016454099886354955,0.0013826547488585768,2.642051980203885
lung->heart,THBS1,CD36,endothelial cell,cardiac fibroblast,0.004394419524145465,0.013232446292716488,0.0523322260424317,0.07670938874877366,0.00022996975586285563,0.0010150528667652579,0.0007850831109024023,2.1371996130118744
lung->heart,THBS1,CD36,endothelial cell,cardiac endothelial cell,0.004394419524145465,0.013232446292716488,0.05358390618719993,0.06918233587599863,0.00023547016352901034,0.000915451543883825,0.0006799813803548147,1.954400438336238
lung->heart,THBS1,CD36,endothelial cell,cardiac macrophage,0.004394419524145465,0.013232446292716488,0.11415549349531452,0.25671766717519934,0.0005016471294042707,0.0033970027432872916,0.002895355613883021,2.7570691640125915
lung->heart,THBS1,CD36,B cell,cardiac fibroblast,0.003809133415715382,0.0,0.0523322260424317,0.07670938874877366,0.00019934043093699732,0.0,-0.00019934043093699732,-7.646309792283982
lung->heart,THBS1,CD36,B cell,cardiac endothelial cell,0.003809133415715382,0.0,0.05358390618719993,0.06918233587599863,0.00020410824760222146,0.0,-0.00020410824760222146,-7.680241694930326
lung->heart,THBS1,CD36,B cell,cardiac macrophage,0.003809133415715382,0.0,0.11415549349531452,0.25671766717519934,0.0004348335048604825,0.0,-0.0004348335048604825,-8.767633298202025
lung->heart,THBS1,CD36,pulmonary alveolar type 1 cell,cardiac fibroblast,0.0,0.0026504608117926876,0.0523322260424317,0.07670938874877366,0.0,0.00020331522877519548,0.00020331522877519548,7.674652930114298
lung->heart,THBS1,CD36,pulmonary alveolar type 1 cell,cardiac endothelial cell,0.0,0.0026504608117926876,0.05358390618719993,0.06918233587599863,0.0,0.0001833650701076137,0.0001833650701076137,7.52642153775466
lung->heart,THBS1,CD36,pulmonary alveolar type 1 cell,cardiac macrophage,0.0,0.0026504608117926876,0.11415549349531452,0.25671766717519934,0.0,0.0006804201165427038,0.0006804201165427038,9.412400728356632
lung->heart,THBS1,CD36,club cell,cardiac fibroblast,0.011827332300721879,0.002157008296873096,0.0523322260424317,0.07670938874877366,0.0006189506274403312,0.00016546278797916852,-0.00045348783946116267,-1.89695361932264
lung->heart,THBS1,CD36,club cell,cardiac endothelial cell,0.011827332300721879,0.002157008296873096,0.05358390618719993,0.06918233587599863,0.0006337546644467207,0.0001492268724815903,-0.00048452779196513036,-2.079056187195304
lung->heart,THBS1,CD36,club cell,cardiac macrophage,0.011827332300721879,0.002157008296873096,0.11415549349531452,0.25671766717519934,0.0013501549555219798,0.0005537421380508111,-0.0007964128174711687,-1.2843039164021093
lung->heart,THBS1,CD36,neutrophil,cardiac fibroblast,0.0,0.0,0.0523322260424317,0.07670938874877366,0.0,0.0,0.0,0.0
lung->heart,THBS1,CD36,neutrophil,cardiac endothelial cell,0.0,0.0,0.05358390618719993,0.06918233587599863,0.0,0.0,0.0,0.0
lung->heart,THBS1,CD36,neutrophil,cardiac macrophage,0.0,0.0,0.11415549349531452,0.25671766717519934,0.0,0.0,0.0,0.0
lung->heart,THBS1,CD36,plasma cell,cardiac fibroblast,0.0,0.005752063360142653,0.0523322260424317,0.07670938874877366,0.0,0.00044123726440076,0.00044123726440076,8.788676786392152
lung->heart,THBS1,CD36,plasma cell,cardiac endothelial cell,0.0,0.005752063360142653,0.05358390618719993,0.06918233587599863,0.0,0.0003979411793614143,0.0003979411793614143,8.640032238229216
lung->heart,THBS1,CD36,plasma cell,cardiac macrophage,0.0,0.005752063360142653,0.11415549349531452,0.25671766717519934,0.0,0.0014766562872597603,0.0014766562872597603,10.529095012648849
lung->heart,THBS1,CD36,leukocyte,cardiac fibroblast,0.000687451255286661,0.0031693469392389093,0.0523322260424317,0.07670938874877366,3.5975854484814964e-05,0.00024311866644181342,0.00020714281195699847,2.722927222025353
lung->heart,THBS1,CD36,leukocyte,cardiac endothelial cell,0.000687451255286661,0.0031693469392389093,0.05358390618719993,0.06918233587599863,3.683632357155327e-05,0.00021926282445799446,0.00018242650088644117,2.54138220148069
lung->heart,THBS1,CD36,leukocyte,cardiac macrophage,0.000687451255286661,0.0031693469392389093,0.11415549349531452,0.25671766717519934,7.847633730122223e-05,0.0008136273527102711,0.0007351510154090489,3.3575429644142027
lung->heart,THBS1,CD36,endothelial cell of lymphatic vessel,cardiac fibroblast,0.0,0.014879069595560184,0.0523322260424317,0.07670938874877366,0.0,0.0011413643338258847,0.0011413643338258847,10.157807126936056
lung->heart,THBS1,CD36,endothelial cell of lymphatic vessel,cardiac endothelial cell,0.0,0.014879069595560184,0.05358390618719993,0.06918233587599863,0.0,0.0010293687902824039,0.0010293687902824039,10.008945084870584
lung->heart,THBS1,CD36,endothelial cell of lymphatic vessel,cardiac macrophage,0.0,0.014879069595560184,0.11415549349531452,0.25671766717519934,0.0,0.003819720036309647,0.003819720036309647,11.89962883258904
lung->heart,THBS1,CD47,"CD4-positive, alpha-beta T cell",cardiac fibroblast,0.0015428111557790655,0.003951658157572373,0.001419210293806968,0.0017158628541153248,2.1895734736818755e-06,6.780503444740237e-06,4.590929971058362e-06,1.2864999969411937
lung->heart,THBS1,CD47,"CD4-positive, alpha-beta T cell",cardiac endothelial cell,0.0015428111557790655,0.003951658157572373,0.0009602672361583043,0.001427016030215335,1.4815110044741623e-06,5.639079536786972e-06,4.15756853231281e-06,1.419764383179084
lung->heart,THBS1,CD47,natural killer cell,cardiac fibroblast,0.0017058315639106134,0.003423895216635994,0.001419210293806968,0.0017158628541153248,2.4209337150027816e-06,5.874934618608845e-06,3.4540009036060634e-06,1.0069558430980745
lung->heart,THBS1,CD47,natural killer cell,cardiac endothelial cell,0.0017058315639106134,0.003423895216635994,0.0009602672361583043,0.001427016030215335,1.6380541612280425e-06,4.88595335991717e-06,3.2478991986891275e-06,1.1578019259565586
lung->heart,THBS1,CD47,capillary endothelial cell,cardiac fibroblast,0.0023717272589605766,0.007744484351834671,0.001419210293806968,0.0017158628541153248,3.365979740019435e-06,1.3288473023590509e-05,9.922493283571074e-06,1.7104744064087007
lung->heart,THBS1,CD47,capillary endothelial cell,cardiac endothelial cell,0.0023717272589605766,0.007744484351834671,0.0009602672361583043,0.001427016030215335,2.277491979883384e-06,1.1051503315819894e-05,8.77401133593651e-06,1.878548965564284
lung->heart,THBS1,CD47,macrophage,cardiac fibroblast,0.0020837199935784686,0.0034723494753238064,0.001419210293806968,0.0017158628541153248,2.957236864297952e-06,5.958075481214957e-06,3.0008386169170047e-06,0.8141949075777025
lung->heart,THBS1,CD47,macrophage,cardiac endothelial cell,0.0020837199935784686,0.0034723494753238064,0.0009602672361583043,0.001427016030215335,2.0009280391613957e-06,4.95509836379688e-06,2.954170324635484e-06,0.9887166139083571
lung->heart,THBS1,CD47,"CD8-positive, alpha-beta T cell",cardiac fibroblast,0.0012671331878415309,0.0015726177400982157,0.001419210293806968,0.0017158628541153248,1.798328463809139e-06,2.6983963639573165e-06,9.000679001481775e-07,0.40233453538458847
lung->heart,THBS1,CD47,"CD8-positive, alpha-beta T cell",cardiac endothelial cell,0.0012671331878415309,0.0015726177400982157,0.0009602672361583043,0.001427016030215335,1.2167864841330484e-06,2.244150724521167e-06,1.0273642403881187e-06,0.5493710295232922
lung->heart,THBS1,CD47,monocyte,cardiac fibroblast,0.002093045378981365,0.001976345973141807,0.001419210293806968,0.0017158628541153248,2.9704715472554596e-06,3.3911386421944303e-06,4.2066709493897066e-07,0.14528472853507093
lung->heart,THBS1,CD47,monocyte,cardiac endothelial cell,0.002093045378981365,0.001976345973141807,0.0009602672361583043,0.001427016030215335,2.009882901228346e-06,2.8202773849248846e-06,8.103944836965388e-07,0.3439700337331909
lung->heart,THBS1,CD47,fibroblast,cardiac fibroblast,0.003710979170784218,0.009585746944363096,0.001419210293806968,0.0017158628541153248,5.266659839280209e-06,1.6447827110782114e-05,1.1181167271501904e-05,1.4772787902060718
lung->heart,THBS1,CD47,fibroblast,cardiac endothelial cell,0.003710979170784218,0.009585746944363096,0.0009602672361583043,0.001427016030215335,3.5635317117699968e-06,1.3679014551193801e-05,1.0115482839423804e-05,1.6855324570050891
lung->heart,THBS1,CD47,conventional dendritic cell,cardiac fibroblast,0.0025735683550070945,0.0018157684775427366,0.001419210293806968,0.0017158628541153248,3.652434701241934e-06,3.1156096822891182e-06,-5.368250189528159e-07,-0.17687973575752655
lung->heart,THBS1,CD47,conventional dendritic cell,cardiac endothelial cell,0.0025735683550070945,0.0018157684775427366,0.0009602672361583043,0.001427016030215335,2.4713133713271363e-06,2.5911307246131787e-06,1.1981735328604245e-07,0.048956561330674796
lung->heart,THBS1,CD47,mast cell,cardiac fibroblast,0.000571368962986981,0.0,0.001419210293806968,0.0017158628541153248,8.10892713832936e-07,0.0,-8.10892713832936e-07,-0.856701076489026
lung->heart,THBS1,CD47,mast cell,cardiac endothelial cell,0.000571368962986981,0.0,0.0009602672361583043,0.001427016030215335,5.486668949141448e-07,0.0,-5.486668949141448e-07,-0.6310268660545876
lung->heart,THBS1,CD47,pulmonary alveolar type 2 cell,cardiac fibroblast,0.0012378200827219152,0.00038677705690006115,0.001419210293806968,0.0017158628541153248,1.7567270032799347e-06,6.636563847588643e-07,-1.0930706185210704e-06,-0.7285989185079877
lung->heart,THBS1,CD47,pulmonary alveolar type 2 cell,cardiac endothelial cell,0.0012378200827219152,0.00038677705690006115,0.0009602672361583043,0.001427016030215335,1.1886380696966171e-06,5.51937060315896e-07,-6.367010093807211e-07,-0.49596334951200044
lung->heart,THBS1,CD47,vein endothelial cell,cardiac fibroblast,0.004909540046226684,0.004321123887699879,0.001419210293806968,0.0017158628541153248,6.967669771462449e-06,7.414455966934623e-06,4.467861954721748e-07,0.07871214312074346
lung->heart,THBS1,CD47,vein endothelial cell,cardiac endothelial cell,0.004909540046226684,0.004321123887699879,0.0009602672361583043,0.001427016030215335,4.714470450998612e-06,6.166313056294137e-06,1.4518426052955252e-06,0.32661125537911234
lung->heart,THBS1,CD47,lung multiciliated epithelial cell,cardiac fibroblast,0.0009723806405292427,0.006365312933213162,0.001419210293806968,0.0017158628541153248,1.3800126145377144e-06,1.0922004016920326e-05,9.541991402382612e-06,2.3245856392782227
lung->heart,THBS1,CD47,lung multiciliated epithelial cell,cardiac endothelial cell,0.0009723806405292427,0.006365312933213162,0.0009602672361583043,0.001427016030215335,9.337452701748575e-07,9.083403593032176e-06,8.149658322857319e-06,2.382513026146045
lung->heart,THBS1,CD47,smooth muscle cell,cardiac fibroblast,0.0023017310138272362,0.006409414695688125,0.001419210293806968,0.0017158628541153248,3.2666403483983626e-06,1.099767659295213e-05,7.731036244553768e-06,1.491582637699345
lung->heart,THBS1,CD47,smooth muscle cell,cardiac endothelial cell,0.0023017310138272362,0.006409414695688125,0.0009602672361583043,0.001427016030215335,2.2102768790277318e-06,9.146337515044696e-06,6.936060636016964e-06,1.660189420252775
lung->heart,THBS1,CD47,endothelial cell,cardiac fibroblast,0.004394419524145465,0.013232446292716488,0.001419210293806968,0.0017158628541153248,6.236605423973562e-06,2.270506306274826e-05,1.64684576387747e-05,1.7118102151866097
lung->heart,THBS1,CD47,endothelial cell,cardiac endothelial cell,0.004394419524145465,0.013232446292716488,0.0009602672361583043,0.001427016030215335,4.219817090971256e-06,1.888291297866991e-05,1.4663095887698652e-05,1.9294579778556429
lung->heart,THBS1,CD47,B cell,cardiac fibroblast,0.003809133415715382,0.0,0.001419210293806968,0.0017158628541153248,5.405961354067367e-06,0.0,-5.405961354067367e-06,-2.679415094637177
lung->heart,THBS1,CD47,B cell,cardiac endothelial cell,0.003809133415715382,0.0,0.0009602672361583043,0.001427016030215335,3.657786017267251e-06,0.0,-3.657786017267251e-06,-2.2196443624086957
lung->heart,THBS1,CD47,pulmonary alveolar type 1 cell,cardiac fibroblast,0.0,0.0026504608117926876,0.001419210293806968,0.0017158628541153248,0.0,4.5478272532434216e-06,4.5478272532434216e-06,2.471922866109769
lung->heart,THBS1,CD47,pulmonary alveolar type 1 cell,cardiac endothelial cell,0.0,0.0026504608117926876,0.0009602672361583043,0.001427016030215335,0.0,3.782250065885715e-06,3.782250065885715e-06,2.257689571158005
lung->heart,THBS1,CD47,club cell,cardiac fibroblast,0.011827332300721879,0.002157008296873096,0.001419210293806968,0.0017158628541153248,1.6785471749460143e-05,3.7011304126231065e-06,-1.3084341336837037e-05,-1.9196196340056733
lung->heart,THBS1,CD47,club cell,cardiac endothelial cell,0.011827332300721879,0.002157008296873096,0.0009602672361583043,0.001427016030215335,1.1357399699540037e-05,3.0780854169453864e-06,-8.27931428259465e-06,-1.5994112981582502
lung->heart,THBS1,CD47,neutrophil,cardiac fibroblast,0.0,0.0,0.001419210293806968,0.0017158628541153248,0.0,0.0,0.0,0.0
lung->heart,THBS1,CD47,neutrophil,cardiac endothelial cell,0.0,0.0,0.0009602672361583043,0.001427016030215335,0.0,0.0,0.0,0.0
lung->heart,THBS1,CD47,plasma cell,cardiac fibroblast,0.0,0.005752063360142653,0.001419210293806968,0.0017158628541153248,0.0,9.869751854186556e-06,9.869751854186556e-06,3.4422471003104667
lung->heart,THBS1,CD47,plasma cell,cardiac endothelial cell,0.0,0.005752063360142653,0.0009602672361583043,0.001427016030215335,0.0,8.208286621737849e-06,8.208286621737849e-06,3.2029327402169088
lung->heart,THBS1,CD47,leukocyte,cardiac fibroblast,0.000687451255286661,0.0031693469392389093,0.001419210293806968,0.0017158628541153248,9.756378979933513e-07,5.438164684844144e-06,4.4625267868507925e-06,1.7043309318376603
lung->heart,THBS1,CD47,leukocyte,cardiac endothelial cell,0.000687451255286661,0.0031693469392389093,0.0009602672361583043,0.001427016030215335,6.601369169076788e-07,4.5227088876078305e-06,3.862571970700151e-06,1.7340738519933294
lung->heart,THBS1,CD47,endothelial cell of lymphatic vessel,cardiac fibroblast,0.0,0.014879069595560184,0.001419210293806968,0.0017158628541153248,0.0,2.5530442822818447e-05,2.5530442822818447e-05,4.729576850851728
lung->heart,THBS1,CD47,endothelial cell of lymphatic vessel,cardiac endothelial cell,0.0,0.014879069595560184,0.0009602672361583043,0.001427016030215335,0.0,2.1232670827553983e-05,2.1232670827553983e-05,4.474609365709064
lung->heart,THBS1,LRP1,"CD4-positive, alpha-beta T cell",cardiac fibroblast,0.0015428111557790655,0.003951658157572373,0.0,0.0,0.0,0.0,0.0,0.0
lung->heart,THBS1,LRP1,"CD4-positive, alpha-beta T cell",cardiac endothelial cell,0.0015428111557790655,0.003951658157572373,0.0,0.0,0.0,0.0,0.0,0.0
lung->heart,THBS1,LRP1,natural killer cell,cardiac fibroblast,0.0017058315639106134,0.003423895216635994,0.0,0.0,0.0,0.0,0.0,0.0
lung->heart,THBS1,LRP1,natural killer cell,cardiac endothelial cell,0.0017058315639106134,0.003423895216635994,0.0,0.0,0.0,0.0,0.0,0.0
lung->heart,THBS1,LRP1,capillary endothelial cell,cardiac fibroblast,0.0023717272589605766,0.007744484351834671,0.0,0.0,0.0,0.0,0.0,0.0
lung->heart,THBS1,LRP1,capillary endothelial cell,cardiac endothelial cell,0.0023717272589605766,0.007744484351834671,0.0,0.0,0.0,0.0,0.0,0.0
lung->heart,THBS1,LRP1,macrophage,cardiac fibroblast,0.0020837199935784686,0.0034723494753238064,0.0,0.0,0.0,0.0,0.0,0.0
lung->heart,THBS1,LRP1,macrophage,cardiac endothelial cell,0.0020837199935784686,0.0034723494753238064,0.0,0.0,0.0,0.0,0.0,0.0
lung->heart,THBS1,LRP1,"CD8-positive, alpha-beta T cell",cardiac fibroblast,0.0012671331878415309,0.0015726177400982157,0.0,0.0,0.0,0.0,0.0,0.0
lung->heart,THBS1,LRP1,"CD8-positive, alpha-beta T cell",cardiac endothelial cell,0.0012671331878415309,0.0015726177400982157,0.0,0.0,0.0,0.0,0.0,0.0
lung->heart,THBS1,LRP1,monocyte,cardiac fibroblast,0.002093045378981365,0.001976345973141807,0.0,0.0,0.0,0.0,0.0,0.0
lung->heart,THBS1,LRP1,monocyte,cardiac endothelial cell,0.002093045378981365,0.001976345973141807,0.0,0.0,0.0,0.0,0.0,0.0
lung->heart,THBS1,LRP1,fibroblast,cardiac fibroblast,0.003710979170784218,0.009585746944363096,0.0,0.0,0.0,0.0,0.0,0.0
lung->heart,THBS1,LRP1,fibroblast,cardiac endothelial cell,0.003710979170784218,0.009585746944363096,0.0,0.0,0.0,0.0,0.0,0.0
lung->heart,THBS1,LRP1,conventional dendritic cell,cardiac fibroblast,0.0025735683550070945,0.0018157684775427366,0.0,0.0,0.0,0.0,0.0,0.0
lung->heart,THBS1,LRP1,conventional dendritic cell,cardiac endothelial cell,0.0025735683550070945,0.0018157684775427366,0.0,0.0,0.0,0.0,0.0,0.0
lung->heart,THBS1,LRP1,mast cell,cardiac fibroblast,0.000571368962986981,0.0,0.0,0.0,0.0,0.0,0.0,0.0
lung->heart,THBS1,LRP1,mast cell,cardiac endothelial cell,0.000571368962986981,0.0,0.0,0.0,0.0,0.0,0.0,0.0
lung->heart,THBS1,LRP1,pulmonary alveolar type 2 cell,cardiac fibroblast,0.0012378200827219152,0.00038677705690006115,0.0,0.0,0.0,0.0,0.0,0.0
lung->heart,THBS1,LRP1,pulmonary alveolar type 2 cell,cardiac endothelial cell,0.0012378200827219152,0.00038677705690006115,0.0,0.0,0.0,0.0,0.0,0.0
lung->heart,THBS1,LRP1,vein endothelial cell,cardiac fibroblast,0.004909540046226684,0.004321123887699879,0.0,0.0,0.0,0.0,0.0,0.0
lung->heart,THBS1,LRP1,vein endothelial cell,cardiac endothelial cell,0.004909540046226684,0.004321123887699879,0.0,0.0,0.0,0.0,0.0,0.0
lung->heart,THBS1,LRP1,lung multiciliated epithelial cell,cardiac fibroblast,0.0009723806405292427,0.006365312933213162,0.0,0.0,0.0,0.0,0.0,0.0
lung->heart,THBS1,LRP1,lung multiciliated epithelial cell,cardiac endothelial cell,0.0009723806405292427,0.006365312933213162,0.0,0.0,0.0,0.0,0.0,0.0
lung->heart,THBS1,LRP1,smooth muscle cell,cardiac fibroblast,0.0023017310138272362,0.006409414695688125,0.0,0.0,0.0,0.0,0.0,0.0
lung->heart,THBS1,LRP1,smooth muscle cell,cardiac endothelial cell,0.0023017310138272362,0.006409414695688125,0.0,0.0,0.0,0.0,0.0,0.0
lung->heart,THBS1,LRP1,endothelial cell,cardiac fibroblast,0.004394419524145465,0.013232446292716488,0.0,0.0,0.0,0.0,0.0,0.0
lung->heart,THBS1,LRP1,endothelial cell,cardiac endothelial cell,0.004394419524145465,0.013232446292716488,0.0,0.0,0.0,0.0,0.0,0.0
lung->heart,THBS1,LRP1,B cell,cardiac fibroblast,0.003809133415715382,0.0,0.0,0.0,0.0,0.0,0.0,0.0
lung->heart,THBS1,LRP1,B cell,cardiac endothelial cell,0.003809133415715382,0.0,0.0,0.0,0.0,0.0,0.0,0.0
lung->heart,THBS1,LRP1,pulmonary alveolar type 1 cell,cardiac fibroblast,0.0,0.0026504608117926876,0.0,0.0,0.0,0.0,0.0,0.0
lung->heart,THBS1,LRP1,pulmonary alveolar type 1 cell,cardiac endothelial cell,0.0,0.0026504608117926876,0.0,0.0,0.0,0.0,0.0,0.0
lung->heart,THBS1,LRP1,club cell,cardiac fibroblast,0.011827332300721879,0.002157008296873096,0.0,0.0,0.0,0.0,0.0,0.0
lung->heart,THBS1,LRP1,club cell,cardiac endothelial cell,0.011827332300721879,0.002157008296873096,0.0,0.0,0.0,0.0,0.0,0.0
lung->heart,THBS1,LRP1,neutrophil,cardiac fibroblast,0.0,0.0,0.0,0.0,0.0,0.0,0.0,0.0
lung->heart,THBS1,LRP1,neutrophil,cardiac endothelial cell,0.0,0.0,0.0,0.0,0.0,0.0,0.0,0.0
lung->heart,THBS1,LRP1,plasma cell,cardiac fibroblast,0.0,0.005752063360142653,0.0,0.0,0.0,0.0,0.0,0.0
lung->heart,THBS1,LRP1,plasma cell,cardiac endothelial cell,0.0,0.005752063360142653,0.0,0.0,0.0,0.0,0.0,0.0
lung->heart,THBS1,LRP1,leukocyte,cardiac fibroblast,0.000687451255286661,0.0031693469392389093,0.0,0.0,0.0,0.0,0.0,0.0
lung->heart,THBS1,LRP1,leukocyte,cardiac endothelial cell,0.000687451255286661,0.0031693469392389093,0.0,0.0,0.0,0.0,0.0,0.0
lung->heart,THBS1,LRP1,endothelial cell of lymphatic vessel,cardiac fibroblast,0.0,0.014879069595560184,0.0,0.0,0.0,0.0,0.0,0.0
lung->heart,THBS1,LRP1,endothelial cell of lymphatic vessel,cardiac endothelial cell,0.0,0.014879069595560184,0.0,0.0,0.0,0.0,0.0,0.0
lung->heart,THBS1,ITGAV,"CD4-positive, alpha-beta T cell",cardiac fibroblast,0.0015428111557790655,0.003951658157572373,0.0,0.0,0.0,0.0,0.0,0.0
lung->heart,THBS1,ITGAV,"CD4-positive, alpha-beta T cell",cardiac endothelial cell,0.0015428111557790655,0.003951658157572373,0.0,0.0,0.0,0.0,0.0,0.0
lung->heart,THBS1,ITGAV,natural killer cell,cardiac fibroblast,0.0017058315639106134,0.003423895216635994,0.0,0.0,0.0,0.0,0.0,0.0
lung->heart,THBS1,ITGAV,natural killer cell,cardiac endothelial cell,0.0017058315639106134,0.003423895216635994,0.0,0.0,0.0,0.0,0.0,0.0
lung->heart,THBS1,ITGAV,capillary endothelial cell,cardiac fibroblast,0.0023717272589605766,0.007744484351834671,0.0,0.0,0.0,0.0,0.0,0.0
lung->heart,THBS1,ITGAV,capillary endothelial cell,cardiac endothelial cell,0.0023717272589605766,0.007744484351834671,0.0,0.0,0.0,0.0,0.0,0.0
lung->heart,THBS1,ITGAV,macrophage,cardiac fibroblast,0.0020837199935784686,0.0034723494753238064,0.0,0.0,0.0,0.0,0.0,0.0
lung->heart,THBS1,ITGAV,macrophage,cardiac endothelial cell,0.0020837199935784686,0.0034723494753238064,0.0,0.0,0.0,0.0,0.0,0.0
lung->heart,THBS1,ITGAV,"CD8-positive, alpha-beta T cell",cardiac fibroblast,0.0012671331878415309,0.0015726177400982157,0.0,0.0,0.0,0.0,0.0,0.0
lung->heart,THBS1,ITGAV,"CD8-positive, alpha-beta T cell",cardiac endothelial cell,0.0012671331878415309,0.0015726177400982157,0.0,0.0,0.0,0.0,0.0,0.0
lung->heart,THBS1,ITGAV,monocyte,cardiac fibroblast,0.002093045378981365,0.001976345973141807,0.0,0.0,0.0,0.0,0.0,0.0
lung->heart,THBS1,ITGAV,monocyte,cardiac endothelial cell,0.002093045378981365,0.001976345973141807,0.0,0.0,0.0,0.0,0.0,0.0
lung->heart,THBS1,ITGAV,fibroblast,cardiac fibroblast,0.003710979170784218,0.009585746944363096,0.0,0.0,0.0,0.0,0.0,0.0
lung->heart,THBS1,ITGAV,fibroblast,cardiac endothelial cell,0.003710979170784218,0.009585746944363096,0.0,0.0,0.0,0.0,0.0,0.0
lung->heart,THBS1,ITGAV,conventional dendritic cell,cardiac fibroblast,0.0025735683550070945,0.0018157684775427366,0.0,0.0,0.0,0.0,0.0,0.0
lung->heart,THBS1,ITGAV,conventional dendritic cell,cardiac endothelial cell,0.0025735683550070945,0.0018157684775427366,0.0,0.0,0.0,0.0,0.0,0.0
lung->heart,THBS1,ITGAV,mast cell,cardiac fibroblast,0.000571368962986981,0.0,0.0,0.0,0.0,0.0,0.0,0.0
lung->heart,THBS1,ITGAV,mast cell,cardiac endothelial cell,0.000571368962986981,0.0,0.0,0.0,0.0,0.0,0.0,0.0
lung->heart,THBS1,ITGAV,pulmonary alveolar type 2 cell,cardiac fibroblast,0.0012378200827219152,0.00038677705690006115,0.0,0.0,0.0,0.0,0.0,0.0
lung->heart,THBS1,ITGAV,pulmonary alveolar type 2 cell,cardiac endothelial cell,0.0012378200827219152,0.00038677705690006115,0.0,0.0,0.0,0.0,0.0,0.0
lung->heart,THBS1,ITGAV,vein endothelial cell,cardiac fibroblast,0.004909540046226684,0.004321123887699879,0.0,0.0,0.0,0.0,0.0,0.0
lung->heart,THBS1,ITGAV,vein endothelial cell,cardiac endothelial cell,0.004909540046226684,0.004321123887699879,0.0,0.0,0.0,0.0,0.0,0.0
lung->heart,THBS1,ITGAV,lung multiciliated epithelial cell,cardiac fibroblast,0.0009723806405292427,0.006365312933213162,0.0,0.0,0.0,0.0,0.0,0.0
lung->heart,THBS1,ITGAV,lung multiciliated epithelial cell,cardiac endothelial cell,0.0009723806405292427,0.006365312933213162,0.0,0.0,0.0,0.0,0.0,0.0
lung->heart,THBS1,ITGAV,smooth muscle cell,cardiac fibroblast,0.0023017310138272362,0.006409414695688125,0.0,0.0,0.0,0.0,0.0,0.0
lung->heart,THBS1,ITGAV,smooth muscle cell,cardiac endothelial cell,0.0023017310138272362,0.006409414695688125,0.0,0.0,0.0,0.0,0.0,0.0
lung->heart,THBS1,ITGAV,endothelial cell,cardiac fibroblast,0.004394419524145465,0.013232446292716488,0.0,0.0,0.0,0.0,0.0,0.0
lung->heart,THBS1,ITGAV,endothelial cell,cardiac endothelial cell,0.004394419524145465,0.013232446292716488,0.0,0.0,0.0,0.0,0.0,0.0
lung->heart,THBS1,ITGAV,B cell,cardiac fibroblast,0.003809133415715382,0.0,0.0,0.0,0.0,0.0,0.0,0.0
lung->heart,THBS1,ITGAV,B cell,cardiac endothelial cell,0.003809133415715382,0.0,0.0,0.0,0.0,0.0,0.0,0.0
lung->heart,THBS1,ITGAV,pulmonary alveolar type 1 cell,cardiac fibroblast,0.0,0.0026504608117926876,0.0,0.0,0.0,0.0,0.0,0.0
lung->heart,THBS1,ITGAV,pulmonary alveolar type 1 cell,cardiac endothelial cell,0.0,0.0026504608117926876,0.0,0.0,0.0,0.0,0.0,0.0
lung->heart,THBS1,ITGAV,club cell,cardiac fibroblast,0.011827332300721879,0.002157008296873096,0.0,0.0,0.0,0.0,0.0,0.0
lung->heart,THBS1,ITGAV,club cell,cardiac endothelial cell,0.011827332300721879,0.002157008296873096,0.0,0.0,0.0,0.0,0.0,0.0
lung->heart,THBS1,ITGAV,neutrophil,cardiac fibroblast,0.0,0.0,0.0,0.0,0.0,0.0,0.0,0.0
lung->heart,THBS1,ITGAV,neutrophil,cardiac endothelial cell,0.0,0.0,0.0,0.0,0.0,0.0,0.0,0.0
lung->heart,THBS1,ITGAV,plasma cell,cardiac fibroblast,0.0,0.005752063360142653,0.0,0.0,0.0,0.0,0.0,0.0
lung->heart,THBS1,ITGAV,plasma cell,cardiac endothelial cell,0.0,0.005752063360142653,0.0,0.0,0.0,0.0,0.0,0.0
lung->heart,THBS1,ITGAV,leukocyte,cardiac fibroblast,0.000687451255286661,0.0031693469392389093,0.0,0.0,0.0,0.0,0.0,0.0
lung->heart,THBS1,ITGAV,leukocyte,cardiac endothelial cell,0.000687451255286661,0.0031693469392389093,0.0,0.0,0.0,0.0,0.0,0.0
lung->heart,THBS1,ITGAV,endothelial cell of lymphatic vessel,cardiac fibroblast,0.0,0.014879069595560184,0.0,0.0,0.0,0.0,0.0,0.0
lung->heart,THBS1,ITGAV,endothelial cell of lymphatic vessel,cardiac endothelial cell,0.0,0.014879069595560184,0.0,0.0,0.0,0.0,0.0,0.0
lung->heart,S100A8,TLR4,"CD4-positive, alpha-beta T cell",cardiac fibroblast,0.07626162466647765,0.07904076942145911,0.012895431099719185,0.015320585454507683,0.0009834265264392077,0.001210950862311502,0.00022752433587229439,0.2999757685357126
lung->heart,S100A8,TLR4,"CD4-positive, alpha-beta T cell",cardiac endothelial cell,0.07626162466647765,0.07904076942145911,0.0052925910619474265,0.007456695800358237,0.000403621593079389,0.000589382973402078,0.00018576138032268898,0.545077801819111
lung->heart,S100A8,TLR4,natural killer cell,cardiac fibroblast,0.06536145731867991,0.07889180664004064,0.012895431099719185,0.015320585454507683,0.0008428641694302731,0.0012086686652892393,0.00036580449585896615,0.5195292369389218
lung->heart,S100A8,TLR4,natural killer cell,cardiac endothelial cell,0.06536145731867991,0.07889180664004064,0.0052925910619474265,0.007456695800358237,0.0003459314648007035,0.0005882722032554651,0.0002423407384547616,0.7642835228054744
lung->heart,S100A8,TLR4,capillary endothelial cell,cardiac fibroblast,0.05840925929918546,0.04373229365764385,0.012895431099719185,0.015320585454507683,0.0007532125788782782,0.0006700043421035569,-8.320823677472123e-05,-0.16864910996999796
lung->heart,S100A8,TLR4,capillary endothelial cell,cardiac endothelial cell,0.05840925929918546,0.04373229365764385,0.0052925910619474265,0.007456695800358237,0.00030913632370183856,0.00032609841045698603,1.6962086755147477e-05,0.07682224184349741
lung->heart,S100A8,TLR4,macrophage,cardiac fibroblast,0.08547120286225092,0.08398963898634006,0.012895431099719185,0.015320585454507683,0.0011021880075202778,0.0012867704413834728,0.0001845824338631949,0.22319676194280377
lung->heart,S100A8,TLR4,macrophage,cardiac endothelial cell,0.08547120286225092,0.08398963898634006,0.0052925910619474265,0.007456695800358237,0.00045236412432264454,0.0006262851883030464,0.00017392106398040187,0.4684512655488549
lung->heart,S100A8,TLR4,"CD8-positive, alpha-beta T cell",cardiac fibroblast,0.06178774573840912,0.08139322461213233,0.012895431099719185,0.015320585454507683,0.0007967796179766224,0.0012469918530881112,0.00045021223511148884,0.6455463458900627
lung->heart,S100A8,TLR4,"CD8-positive, alpha-beta T cell",cardiac endothelial cell,0.06178774573840912,0.08139322461213233,0.0052925910619474265,0.007456695800358237,0.00032701727083298427,0.0006069245161429019,0.0002799072453099176,0.8901204224809538
lung->heart,S100A8,TLR4,monocyte,cardiac fibroblast,0.08599610751115794,0.08148659621843149,0.012895431099719185,0.015320585454507683,0.0011089568792541807,0.0012484223607614423,0.00013946548150726166,0.170757624622338
lung->heart,S100A8,TLR4,monocyte,cardiac endothelial cell,0.08599610751115794,0.08148659621843149,0.0052925910619474265,0.007456695800358237,0.0004551422299758244,0.0006076207598074655,0.00015247852983164113,0.4160598023112703
lung->heart,S100A8,TLR4,fibroblast,cardiac fibroblast,0.047807052796567696,0.046067229689764386,0.012895431099719185,0.015320585454507683,0.0006164925554187761,0.0007057769291144687,8.928437369569258e-05,0.19483320419112748
lung->heart,S100A8,TLR4,fibroblast,cardiac endothelial cell,0.047807052796567696,0.046067229689764386,0.0052925910619474265,0.007456695800358237,0.0002530231803291629,0.0003435093181618044,9.048613783264149e-05,0.4395828519622936
lung->heart,S100A8,TLR4,conventional dendritic cell,cardiac fibroblast,0.12010846092131913,0.09952354917964755,0.012895431099719185,0.015320585454507683,0.001548850382304185,0.0015247590399426884,-2.4091342361496747e-05,-0.022601810731505502
lung->heart,S100A8,TLR4,conventional dendritic cell,cardiac endothelial cell,0.12010846092131913,0.09952354917964755,0.0052925910619474265,0.007456695800358237,0.0006356849667364354,0.0007421168312046244,0.00010643186446818891,0.22300934592783228
lung->heart,S100A8,TLR4,mast cell,cardiac fibroblast,0.05184973199533521,0.04972950867727465,0.012895431099719185,0.015320585454507683,0.0006686246464847505,0.0007618851873008676,9.326054081611711e-05,0.18811332136774744
lung->heart,S100A8,TLR4,mast cell,cardiac endothelial cell,0.05184973199533521,0.04972950867727465,0.0052925910619474265,0.007456695800358237,0.00027441942812288066,0.0003708178185077124,9.639839038483176e-05,0.43296557877084074
lung->heart,S100A8,TLR4,pulmonary alveolar type 2 cell,cardiac fibroblast,0.07783151523143073,0.06495379851880362,0.012895431099719185,0.015320585454507683,0.0010036709420536592,0.0009951302208022054,-8.540721251453767e-06,-0.012316797154901353
lung->heart,S100A8,TLR4,pulmonary alveolar type 2 cell,cardiac endothelial cell,0.07783151523143073,0.06495379851880362,0.0052925910619474265,0.007456695800358237,0.00041193038185169525,0.000484340716632478,7.241033478078276e-05,0.2330993265772908
lung->heart,S100A8,TLR4,vein endothelial cell,cardiac fibroblast,0.06668069375705996,0.06556217726709983,0.012895431099719185,0.015320585454507683,0.0008598762920256418,0.0010044509394041838,0.000144574647378542,0.22396484533960934
lung->heart,S100A8,TLR4,vein endothelial cell,cardiac endothelial cell,0.06668069375705996,0.06556217726709983,0.0052925910619474265,0.007456695800358237,0.00035291364378306906,0.0004888772118899256,0.00013596356810685655,0.4690228014791071
lung->heart,S100A8,TLR4,lung multiciliated epithelial cell,cardiac fibroblast,0.07955105771739711,0.09702683242110352,0.012895431099719185,0.015320585454507683,0.0010258451837044786,0.0014865078774877131,0.00046066269378323456,0.5346786240704328
lung->heart,S100A8,TLR4,lung multiciliated epithelial cell,cardiac endothelial cell,0.07955105771739711,0.09702683242110352,0.0052925910619474265,0.007456695800358237,0.00042103121704355976,0.0007234995738365051,0.0003024683567929453,0.7796351242021753
lung->heart,S100A8,TLR4,smooth muscle cell,cardiac fibroblast,0.05718729541568682,0.026776722029727997,0.012895431099719185,0.015320585454507683,0.0007374548278122762,0.0004102350580480462,-0.00032721976976423,-0.8445464118270034
lung->heart,S100A8,TLR4,smooth muscle cell,cardiac endothelial cell,0.05718729541568682,0.026776722029727997,0.0052925910619474265,0.007456695800358237,0.0003026689685740111,0.00019966587070643265,-0.00010300309786757846,-0.5977042257465135
lung->heart,S100A8,TLR4,endothelial cell,cardiac fibroblast,0.06774312916120429,0.0721951110843547,0.012895431099719185,0.015320585454507683,0.0008735768545776874,0.0011060713687655308,0.00023249451418784343,0.34009115675843565
lung->heart,S100A8,TLR4,endothelial cell,cardiac endothelial cell,0.06774312916120429,0.0721951110843547,0.0052925910619474265,0.007456695800358237,0.00035853667990693984,0.0005383369816291041,0.00017980030172216427,0.585047999125897
lung->heart,S100A8,TLR4,B cell,cardiac fibroblast,0.08364202113520634,0.05722309675507518,0.012895431099719185,0.015320585454507683,0.0010785999205903092,0.0008766913438076905,-0.00020190857678261873,-0.298711191800855
lung->heart,S100A8,TLR4,B cell,cardiac endothelial cell,0.08364202113520634,0.05722309675507518,0.0052925910619474265,0.007456695800358237,0.0004426830134634108,0.00042669522525706213,-1.598778820634868e-05,-0.05294621899145948
lung->heart,S100A8,TLR4,pulmonary alveolar type 1 cell,cardiac fibroblast,0.07637089975435518,0.060357032007903565,0.012895431099719185,0.015320585454507683,0.000984835675805848,0.000924705066657542,-6.013060914830605e-05,-0.0907945724908874
lung->heart,S100A8,TLR4,pulmonary alveolar type 1 cell,cardiac endothelial cell,0.07637089975435518,0.060357032007903565,0.0052925910619474265,0.007456695800358237,0.00040419994143278313,0.0004500640270954222,4.58640856626391e-05,0.15469826834810796
lung->heart,S100A8,TLR4,club cell,cardiac fibroblast,0.05209916411169471,0.06433506697117936,0.012895431099719185,0.015320585454507683,0.0006718411811553216,0.000985650891253428,0.00031380971009810647,0.5522736949158936
lung->heart,S100A8,TLR4,club cell,cardiac endothelial cell,0.05209916411169471,0.06433506697117936,0.0052925910619474265,0.007456695800358237,0.00027573957031248755,0.00047972702369975906,0.0002039874533872715,0.7966889596236781
lung->heart,S100A8,TLR4,neutrophil,cardiac fibroblast,0.013054737831441982,0.022047818119455626,0.012895431099719185,0.015320585454507683,0.00016834647223025752,0.0003377854815845628,0.0001694390093543053,1.0003941169066342
lung->heart,S100A8,TLR4,neutrophil,cardiac endothelial cell,0.013054737831441982,0.022047818119455626,0.0052925910619474265,0.007456695800358237,6.909338876275677e-05,0.000164403872778407,9.531048401565024e-05,1.2386427340959942
lung->heart,S100A8,TLR4,plasma cell,cardiac fibroblast,0.06836231600029447,0.05836452526627769,0.012895431099719185,0.015320585454507683,0.0008815615357990276,0.0008941786968537801,1.2617161054752466e-05,0.020478831488032062
lung->heart,S100A8,TLR4,plasma cell,cardiac endothelial cell,0.06836231600029447,0.05836452526627769,0.0052925910619474265,0.007456695800358237,0.000361813782637184,0.00043520651044295504,7.339272780577103e-05,0.26578204028997726
lung->heart,S100A8,TLR4,leukocyte,cardiac fibroblast,0.17460456574303618,0.15123373517296654,0.012895431099719185,0.015320585454507683,0.0022516011472357117,0.002316989363321818,6.538821608610646e-05,0.041282058202537546
lung->heart,S100A8,TLR4,leukocyte,cardiac endothelial cell,0.17460456574303618,0.15123373517296654,0.0052925910619474265,0.007456695800358237,0.0009241105640268051,0.0011277039579367493,0.00020359339390994423,0.28696943465996466
lung->heart,S100A8,TLR4,endothelial cell of lymphatic vessel,cardiac fibroblast,0.07986556000359141,0.09061417492072173,0.012895431099719185,0.015320585454507683,0.0010299008262668013,0.001388262210262624,0.00035836138399582274,0.43041336961345705
lung->heart,S100A8,TLR4,endothelial cell of lymphatic vessel,cardiac endothelial cell,0.07986556000359141,0.09061417492072173,0.0052925910619474265,0.007456695800358237,0.00042269574903243374,0.0006756823375842724,0.0002529865885518387,0.6754500784326838
lung->heart,S100A8,AGER,"CD4-positive, alpha-beta T cell",cardiac fibroblast,0.07626162466647765,0.07904076942145911,0.33178497143753727,0.26860357143773883,0.025302460961747476,0.021230632955790738,-0.004071828005956738,-0.25311939235550185
lung->heart,S100A8,AGER,"CD4-positive, alpha-beta T cell",cardiac endothelial cell,0.07626162466647765,0.07904076942145911,0.32715063606276146,0.2977782237557004,0.02494903901681774,0.023536619922605976,-0.001412419094211765,-0.08407362635434122
lung->heart,S100A8,AGER,natural killer cell,cardiac fibroblast,0.06536145731867991,0.07889180664004064,0.33178497143753727,0.26860357143773883,0.021685949249594026,0.021190621020690435,-0.0004953282289035903,-0.033333171543126074
lung->heart,S100A8,AGER,natural killer cell,cardiac endothelial cell,0.06536145731867991,0.07889180664004064,0.32715063606276146,0.2977782237557004,0.021383042335795167,0.02349226205014947,0.002109219714354304,0.13571244720122103
lung->heart,S100A8,AGER,capillary endothelial cell,cardiac fibroblast,0.05840925929918546,0.04373229365764385,0.33178497143753727,0.26860357143773883,0.019379314428267954,0.011746650263607113,-0.007632664164660841,-0.7222197560823925
lung->heart,S100A8,AGER,capillary endothelial cell,cardiac endothelial cell,0.05840925929918546,0.04373229365764385,0.32715063606276146,0.2977782237557004,0.01910862633168329,0.013022524726135867,-0.006086101605547421,-0.5531796115307666
lung->heart,S100A8,AGER,macrophage,cardiac fibroblast,0.08547120286225092,0.08398963898634006,0.33178497143753727,0.26860357143773883,0.028358060600383875,0.022559916995497285,-0.005798143604886591,-0.3299840360863514
lung->heart,S100A8,AGER,macrophage,cardiac endothelial cell,0.08547120286225092,0.08398963898634006,0.32715063606276146,0.2977782237557004,0.027961958381434705,0.025010285511234867,-0.002951672870199838,-0.16093779080771267
lung->heart,S100A8,AGER,"CD8-positive, alpha-beta T cell",cardiac fibroblast,0.06178774573840912,0.08139322461213233,0.33178497143753727,0.26860357143773883,0.020500245455007882,0.02186251082165281,0.0013622653666449276,0.09281352977914599
lung->heart,S100A8,AGER,"CD8-positive, alpha-beta T cell",cardiac endothelial cell,0.06178774573840912,0.08139322461213233,0.32715063606276146,0.2977782237557004,0.02021390031920472,0.024237129850749523,0.004023229531544801,0.2618592989977242
lung->heart,S100A8,AGER,monocyte,cardiac fibroblast,0.08599610751115794,0.08148659621843149,0.33178497143753727,0.26860357143773883,0.02853221607432892,0.021887590768575643,-0.006644625305753278,-0.3824632931683557
lung->heart,S100A8,AGER,monocyte,cardiac endothelial cell,0.08599610751115794,0.08148659621843149,0.32715063606276146,0.2977782237557004,0.028133681271196937,0.024264933881822503,-0.0038687473893744342,-0.21341723593089465
lung->heart,S100A8,AGER,fibroblast,cardiac fibroblast,0.047807052796567696,0.046067229689764386,0.33178497143753727,0.26860357143773883,0.01586166164662205,0.01237382242091335,-0.0034878392257086995,-0.3582270431364564
lung->heart,S100A8,AGER,fibroblast,cardiac endothelial cell,0.047807052796567696,0.046067229689764386,0.32715063606276146,0.2977782237557004,0.01564010773068314,0.013717817830363905,-0.0019222899003192347,-0.18918652263057562
lung->heart,S100A8,AGER,conventional dendritic cell,cardiac fibroblast,0.12010846092131913,0.09952354917964755,0.33178497143753727,0.26860357143773883,0.03985018227618643,0.026732380751812775,-0.013117801524373657,-0.5759802307390309
lung->heart,S100A8,AGER,conventional dendritic cell,cardiac endothelial cell,0.12010846092131913,0.09952354917964755,0.32715063606276146,0.2977782237557004,0.039293559386928884,0.02963594569657854,-0.009657613690350342,-0.4069327997961791
lung->heart,S100A8,AGER,mast cell,cardiac fibroblast,0.05184973199533521,0.04972950867727465,0.33178497143753727,0.26860357143773883,0.017202961849116256,0.013357523636559995,-0.0038454382125562604,-0.36498026494028585
lung->heart,S100A8,AGER,mast cell,cardiac endothelial cell,0.05184973199533521,0.04972950867727465,0.32715063606276146,0.2977782237557004,0.01696267280195763,0.014808364762162535,-0.002154308039795095,-0.19593880287085902
lung->heart,S100A8,AGER,pulmonary alveolar type 2 cell,cardiac fibroblast,0.07783151523143073,0.06495379851880362,0.33178497143753727,0.26860357143773883,0.02582332705800049,0.01744682226059796,-0.00837650479740253,-0.5656837766189422
lung->heart,S100A8,AGER,pulmonary alveolar type 2 cell,cardiac endothelial cell,0.07783151523143073,0.06495379851880362,0.32715063606276146,0.2977782237557004,0.02546262971369107,0.019341826749114985,-0.006120802964576084,-0.3966394380850224
lung->heart,S100A8,AGER,vein endothelial cell,cardiac fibroblast,0.06668069375705996,0.06556217726709983,0.33178497143753727,0.26860357143773883,0.022123652073621308,0.017610234965177145,-0.004513417108444162,-0.3291586880878806
lung->heart,S100A8,AGER,vein endothelial cell,cardiac endothelial cell,0.06668069375705996,0.06556217726709983,0.32715063606276146,0.2977782237557004,0.021814631375728373,0.019522988692153347,-0.0022916426835750264,-0.1601144067181653
lung->heart,S100A8,AGER,lung multiciliated epithelial cell,cardiac fibroblast,0.07955105771739711,0.09702683242110352,0.33178497143753727,0.26860357143773883,0.026393845412592477,0.026061753713599395,-0.0003320916989930818,-0.01826669370473058
lung->heart,S100A8,AGER,lung multiciliated epithelial cell,cardiac endothelial cell,0.07955105771739711,0.09702683242110352,0.32715063606276146,0.2977782237557004,0.02602517913171191,0.02889247781499821,0.0028672986832863,0.15078033974385951
lung->heart,S100A8,AGER,smooth muscle cell,cardiac fibroblast,0.05718729541568682,0.026776722029727997,0.33178497143753727,0.26860357143773883,0.018973885176083657,0.007192323168580519,-0.01178156200750314,-1.3993608299355416
lung->heart,S100A8,AGER,smooth muscle cell,cardiac endothelial cell,0.05718729541568682,0.026776722029727997,0.32715063606276146,0.2977782237557004,0.018708860069950983,0.007973524724012535,-0.010735335345938448,-1.2303283258229418
lung->heart,S100A8,AGER,endothelial cell,cardiac fibroblast,0.06774312916120429,0.0721951110843547,0.33178497143753727,0.26860357143773883,0.02247615217383956,0.019391864677601955,-0.0030842874962376046,-0.21293332814588392
lung->heart,S100A8,AGER,endothelial cell,cardiac endothelial cell,0.06774312916120429,0.0721951110843547,0.32715063606276146,0.2977782237557004,0.022162207793969785,0.02149813194254462,-0.0006640758514251666,-0.04388829493724949
lung->heart,S100A8,AGER,B cell,cardiac fibroblast,0.08364202113520634,0.05722309675507518,0.33178497143753727,0.26860357143773883,0.027751165593322327,0.015370328157140477,-0.01238083743618185,-0.8523585278760838
lung->heart,S100A8,AGER,B cell,cardiac endothelial cell,0.08364202113520634,0.05722309675507518,0.32715063606276146,0.2977782237557004,0.02736354041595769,0.017039792109526868,-0.010323748306430822,-0.6833152287475508
lung->heart,S100A8,AGER,pulmonary alveolar type 1 cell,cardiac fibroblast,0.07637089975435518,0.060357032007903565,0.33178497143753727,0.26860357143773883,0.025338716793657755,0.016212114358704816,-0.00912660243495294,-0.6442391573331727
lung->heart,S100A8,AGER,pulmonary alveolar type 1 cell,cardiac endothelial cell,0.07637089975435518,0.060357032007903565,0.32715063606276146,0.2977782237557004,0.02498478843132269,0.01797300978247948,-0.0070117786488432116,-0.47519545087892207
lung->heart,S100A8,AGER,club cell,cardiac fibroblast,0.05209916411169471,0.06433506697117936,0.33178497143753727,0.26860357143773883,0.017285719676718197,0.017280628757144884,-5.090919573312591e-06,-0.0004249346473196006
lung->heart,S100A8,AGER,club cell,cardiac endothelial cell,0.05209916411169471,0.06433506697117936,0.32715063606276146,0.2977782237557004,0.01704427467747912,0.019157581967881816,0.0021133072904026967,0.16861893513079526
lung->heart,S100A8,AGER,neutrophil,cardiac fibroblast,0.013054737831441982,0.022047818119455626,0.33178497143753727,0.26860357143773883,0.004331365818529515,0.0059221226892954715,0.0015907568707659563,0.4512029027608154
lung->heart,S100A8,AGER,neutrophil,cardiac endothelial cell,0.013054737831441982,0.022047818119455626,0.32715063606276146,0.2977782237557004,0.00427086578518884,0.006565360117300243,0.0022944943321114037,0.6202275527610004
lung->heart,S100A8,AGER,plasma cell,cardiac fibroblast,0.06836231600029447,0.05836452526627769,0.33178497143753727,0.26860357143773883,0.022681589061561595,0.015676919931790333,-0.007004669129771261,-0.5328511608288113
lung->heart,S100A8,AGER,plasma cell,cardiac endothelial cell,0.06836231600029447,0.05836452526627769,0.32715063606276146,0.2977782237557004,0.022364775162219828,0.017379684664136866,-0.004985090498082961,-0.3638078464622587
lung->heart,S100A8,AGER,leukocyte,cardiac fibroblast,0.17460456574303618,0.15123373517296654,0.33178497143753727,0.26860357143773883,0.05793117085791686,0.04062192138932799,-0.017309249468588868,-0.5120707327868418
lung->heart,S100A8,AGER,leukocyte,cardiac endothelial cell,0.17460456574303618,0.15123373517296654,0.32715063606276146,0.2977782237557004,0.05712199474229653,0.04503411303174597,-0.012087881710550565,-0.34302133398229084
lung->heart,S100A8,AGER,endothelial cell of lymphatic vessel,cardiac fibroblast,0.07986556000359141,0.09061417492072173,0.33178497143753727,0.26860357143773883,0.026498192544634494,0.024339291006589842,-0.0021589015380446518,-0.1226019834031022
lung->heart,S100A8,AGER,endothelial cell of lymphatic vessel,cardiac endothelial cell,0.07986556000359141,0.09061417492072173,0.32715063606276146,0.2977782237557004,0.02612806875468357,0.02698292805498085,0.0008548593002972796,0.04644466930518897
lung->heart,S100A9,TLR4,"CD4-positive, alpha-beta T cell",cardiac fibroblast,0.0810051851489696,0.09201911588088021,0.012895431099719185,0.015320585454507683,0.0010445967838085331,0.0014097867283012703,0.0003651899444927372,0.43217330045923313
lung->heart,S100A9,TLR4,"CD4-positive, alpha-beta T cell",cardiac endothelial cell,0.0810051851489696,0.09201911588088021,0.0052925910619474265,0.007456695800358237,0.0004287273188908329,0.0006861585549416374,0.0002574312360508045,0.6772215289307555
lung->heart,S100A9,TLR4,natural killer cell,cardiac fibroblast,0.053481587211986814,0.06803349998467839,0.012895431099719185,0.015320585454507683,0.0006896681229957986,0.0010423130502845125,0.00035264492728871385,0.5951075649306192
lung->heart,S100A9,TLR4,natural killer cell,cardiac endothelial cell,0.053481587211986814,0.06803349998467839,0.0052925910619474265,0.007456695800358237,0.0002830561704569232,0.0005073051136194235,0.00022424894316250033,0.8395185020695847
lung->heart,S100A9,TLR4,capillary endothelial cell,cardiac fibroblast,0.09325903626495313,0.08143203063334448,0.012895431099719185,0.015320585454507683,0.001202615476580916,0.0012475863840522414,4.497090747132538e-05,0.052921075605498906
lung->heart,S100A9,TLR4,capillary endothelial cell,cardiac endothelial cell,0.09325903626495313,0.08143203063334448,0.0052925910619474265,0.007456695800358237,0.0004935819417817218,0.0006072138808383031,0.0001136319390565813,0.2983691774758586
lung->heart,S100A9,TLR4,macrophage,cardiac fibroblast,0.36564487383273575,0.3546241278375149,0.012895431099719185,0.015320585454507683,0.004715148277475558,0.005433049254764904,0.0007179009772893463,0.20441856444560697
lung->heart,S100A9,TLR4,macrophage,cardiac endothelial cell,0.36564487383273575,0.3546241278375149,0.0052925910619474265,0.007456695800358237,0.0019352087910940318,0.0026443242447517002,0.0007091154536576685,0.45021003428722156
lung->heart,S100A9,TLR4,"CD8-positive, alpha-beta T cell",cardiac fibroblast,0.0674514748809664,0.07528049047888273,0.012895431099719185,0.015320585454507683,0.0008698158469019415,0.001153341187438975,0.00028352534053703343,0.4066301362020645
lung->heart,S100A9,TLR4,"CD8-positive, alpha-beta T cell",cardiac endothelial cell,0.0674514748809664,0.07528049047888273,0.0052925910619474265,0.007456695800358237,0.0003569930730701741,0.0005613437172027931,0.000204350644132619,0.6515205353338207
lung->heart,S100A9,TLR4,monocyte,cardiac fibroblast,0.31460068984845135,0.21508686935065685,0.012895431099719185,0.015320585454507683,0.004056911519864829,0.0032952567620292677,-0.0007616547578355613,-0.2999087827295347
lung->heart,S100A9,TLR4,monocyte,cardiac endothelial cell,0.31460068984845135,0.21508686935065685,0.0052925910619474265,0.007456695800358237,0.001665052799174408,0.0016038373553992438,-6.121544377516428e-05,-0.05400702942551016
lung->heart,S100A9,TLR4,fibroblast,cardiac fibroblast,0.05586808947892205,0.08832893709544973,0.012895431099719185,0.015320585454507683,0.0007204430985483856,0.0013532510288766712,0.0006328079303282856,0.908537670390592
lung->heart,S100A9,TLR4,fibroblast,cardiac endothelial cell,0.05586808947892205,0.08832893709544973,0.0052925910619474265,0.007456695800358237,0.0002956869510242219,0.0006586420142897469,0.00036295506326552496,1.1527418154836797
lung->heart,S100A9,TLR4,conventional dendritic cell,cardiac fibroblast,0.4338710083293916,0.3873270159352237,0.012895431099719185,0.015320585454507683,0.005594953694077359,0.005934076646475053,0.0003391229523976944,0.08488263676507737
lung->heart,S100A9,TLR4,conventional dendritic cell,cardiac endothelial cell,0.4338710083293916,0.3873270159352237,0.0052925910619474265,0.007456695800358237,0.0022963018207222555,0.0028881797330894705,0.000591877912367215,0.33071954416194604
lung->heart,S100A9,TLR4,mast cell,cardiac fibroblast,0.017058123185245824,0.013822382791750557,0.012895431099719185,0.015320585454507683,0.00021997185222585988,0.0002117669967459309,-8.204855479928994e-06,-0.054588223126864927
lung->heart,S100A9,TLR4,mast cell,cardiac endothelial cell,0.017058123185245824,0.013822382791750557,0.0052925910619474265,0.007456695800358237,9.028167030383021e-05,0.00010306930371419035,1.2787633410360144e-05,0.1891474980810909
lung->heart,S100A9,TLR4,pulmonary alveolar type 2 cell,cardiac fibroblast,0.05941902299363338,0.061677672905575985,0.012895431099719185,0.015320585454507683,0.0007662339170270292,0.00094493805838505,0.0001787041413580208,0.30207921773008506
lung->heart,S100A9,TLR4,pulmonary alveolar type 2 cell,cardiac endothelial cell,0.05941902299363338,0.061677672905575985,0.0052925910619474265,0.007456695800358237,0.00031448059000575265,0.0004599116445308775,0.00014543105452512482,0.5469389706745696
lung->heart,S100A9,TLR4,vein endothelial cell,cardiac fibroblast,0.06034948684511165,0.06544829704286695,0.012895431099719185,0.015320585454507683,0.0007782326495145465,0.0010027062276972455,0.00022447357818269897,0.36521104011059075
lung->heart,S100A9,TLR4,vein endothelial cell,cardiac endothelial cell,0.06034948684511165,0.06544829704286695,0.0052925910619474265,0.007456695800358237,0.0003194051546695517,0.0004880280417001444,0.0001686228870305927,0.6100198361657541
lung->heart,S100A9,TLR4,lung multiciliated epithelial cell,cardiac fibroblast,0.13389491378379384,0.11008392982325832,0.012895431099719185,0.015320585454507683,0.001726632635301754,0.001686550254025256,-4.00823812764981e-05,-0.03386600947519834
lung->heart,S100A9,TLR4,lung multiciliated epithelial cell,cardiac endothelial cell,0.13389491378379384,0.11008392982325832,0.0052925910619474265,0.007456695800358237,0.0007086510239323286,0.0008208623772000212,0.00011221135326769263,0.2117870882429178
lung->heart,S100A9,TLR4,smooth muscle cell,cardiac fibroblast,0.061271917578830916,0.05589828915827511,0.012895431099719185,0.015320585454507683,0.0007901277914854868,0.0008563945158101342,6.62667243246474e-05,0.11604843604125693
lung->heart,S100A9,TLR4,smooth muscle cell,cardiac endothelial cell,0.061271917578830916,0.05589828915827511,0.0052925910619474265,0.007456695800358237,0.0003242872033260999,0.0004168165380137204,9.25293346876205e-05,0.3611555298632007
lung->heart,S100A9,TLR4,endothelial cell,cardiac fibroblast,0.056188490287668584,0.10478384065256338,0.012895431099719185,0.015320585454507683,0.0007245748051018709,0.0016053497849691134,0.0008807749798672425,1.1465898103478163
lung->heart,S100A9,TLR4,endothelial cell,cardiac endothelial cell,0.056188490287668584,0.10478384065256338,0.0052925910619474265,0.007456695800358237,0.0002973827014808345,0.0007813412245393761,0.00048395852305854157,1.390634089241527
lung->heart,S100A9,TLR4,B cell,cardiac fibroblast,0.07848166625178501,0.1236287480898473,0.012895431099719185,0.015320585454507683,0.0010120549197410501,0.0018940647997443092,0.0008820098800032591,0.9035347930230905
lung->heart,S100A9,TLR4,B cell,cardiac endothelial cell,0.07848166625178501,0.1236287480898473,0.0052925910619474265,0.007456695800358237,0.00041537136533093834,0.0009218619666851108,0.0005064906013541725,1.1482440236767828
lung->heart,S100A9,TLR4,pulmonary alveolar type 1 cell,cardiac fibroblast,0.023671168222572075,0.05299024326783973,0.012895431099719185,0.015320585454507683,0.0003052499188640404,0.0008118415502400891,0.0005065916313760487,1.4082646887287817
lung->heart,S100A9,TLR4,pulmonary alveolar type 1 cell,cardiac endothelial cell,0.023671168222572075,0.05299024326783973,0.0052925910619474265,0.007456695800358237,0.0001252818133606389,0.00039513212443526187,0.00026985031107462296,1.6493348192222748
lung->heart,S100A9,TLR4,club cell,cardiac fibroblast,0.04480897216533205,0.07301978462419385,0.012895431099719185,0.015320585454507683,0.0005778310132072743,0.001118705850204708,0.0005408748369974338,0.9519056548539031
lung->heart,S100A9,TLR4,club cell,cardiac endothelial cell,0.04480897216533205,0.07301978462419385,0.0052925910619474265,0.007456695800358237,0.0002371555655772874,0.0005444863213502893,0.0003073307557730019,1.1956387557273183
lung->heart,S100A9,TLR4,neutrophil,cardiac fibroblast,0.03379065650668555,0.05986481410680341,0.012895431099719185,0.015320585454507683,0.0004357450827962413,0.0009171640002414986,0.0004814189174452573,1.0719604070775555
lung->heart,S100A9,TLR4,neutrophil,cardiac endothelial cell,0.03379065650668555,0.05986481410680341,0.0052925910619474265,0.007456695800358237,0.0001788401266046196,0.0004463937079394275,0.0002675535813348079,1.3148300104428075
lung->heart,S100A9,TLR4,plasma cell,cardiac fibroblast,0.15724003073963913,0.1482232292490835,0.012895431099719185,0.015320585454507683,0.002027677982520743,0.002270866650053666,0.00024318866753292312,0.1633382761792765
lung->heart,S100A9,TLR4,plasma cell,cardiac endothelial cell,0.15724003073963913,0.1482232292490835,0.0052925910619474265,0.007456695800358237,0.0008322071812729527,0.001105255531057177,0.0002730483497842244,0.4089374895099647
lung->heart,S100A9,TLR4,leukocyte,cardiac fibroblast,0.16249835067594617,0.196626740152432,0.012895431099719185,0.015320585454507683,0.00209548628495967,0.0030124367751466117,0.0009169504901869415,0.5234364037324571
lung->heart,S100A9,TLR4,leukocyte,cardiac endothelial cell,0.16249835067594617,0.196626740152432,0.0052925910619474265,0.007456695800358237,0.0008600373183687113,0.0014661857875327702,0.0006061484691640589,0.7689038966978206
lung->heart,S100A9,TLR4,endothelial cell of lymphatic vessel,cardiac fibroblast,0.08146002404673315,0.08207415982725895,0.012895431099719185,0.015320585454507683,0.0010504621274761152,0.0012574241792404422,0.00020696205176432697,0.25922140923850157
lung->heart,S100A9,TLR4,endothelial cell of lymphatic vessel,cardiac endothelial cell,0.08146002404673315,0.08207415982725895,0.0052925910619474265,0.007456695800358237,0.0004311345951757623,0.0006120020429018526,0.00018086744772609028,0.5044111492343388
lung->heart,S100A9,AGER,"CD4-positive, alpha-beta T cell",cardiac fibroblast,0.0810051851489696,0.09201911588088021,0.33178497143753727,0.26860357143773883,0.026876303040943295,0.024716663166147575,-0.00215963987479572,-0.12084602471879372
lung->heart,S100A9,AGER,"CD4-positive, alpha-beta T cell",cardiac endothelial cell,0.0810051851489696,0.09201911588088021,0.32715063606276146,0.2977782237557004,0.02650089784586716,0.027401288878578473,0.0009003910327113132,0.04820072749870252
lung->heart,S100A9,AGER,natural killer cell,cardiac fibroblast,0.053481587211986814,0.06803349998467839,0.33178497143753727,0.26860357143773883,0.017744386885563204,0.018274041073293966,0.0005296541877307624,0.04243062021852918
lung->heart,S100A9,AGER,natural killer cell,cardiac endothelial cell,0.053481587211986814,0.06803349998467839,0.32715063606276146,0.2977782237557004,0.017496535274047535,0.020258894781321,0.0027623595072734652,0.21147496516073705
lung->heart,S100A9,AGER,capillary endothelial cell,cardiac fibroblast,0.09325903626495313,0.08143203063334448,0.33178497143753727,0.26860357143773883,0.030941946683459728,0.02187293425754368,-0.009069012425916047,-0.5003978629273549
lung->heart,S100A9,AGER,capillary endothelial cell,cardiac endothelial cell,0.09325903626495313,0.08143203063334448,0.32715063606276146,0.2977782237557004,0.030509753032679554,0.0242486854388171,-0.006261067593862454,-0.33135175423785396
lung->heart,S100A9,AGER,macrophage,cardiac fibroblast,0.36564487383273575,0.3546241278375149,0.33178497143753727,0.26860357143773883,0.12131547402087615,0.09525330725514976,-0.026062166765726397,-0.34891923708102385
lung->heart,S100A9,AGER,macrophage,cardiac endothelial cell,0.36564487383273575,0.3546241278375149,0.32715063606276146,0.2977782237557004,0.11962095304746766,0.10559934288836961,-0.014021610159098044,-0.17986765835880067
lung->heart,S100A9,AGER,"CD8-positive, alpha-beta T cell",cardiac fibroblast,0.0674514748809664,0.07528049047888273,0.33178497143753727,0.26860357143773883,0.0223793856668012,0.020220608602212597,-0.0021587770645886024,-0.1463371312770899
lung->heart,S100A9,AGER,"CD8-positive, alpha-beta T cell",cardiac endothelial cell,0.0674514748809664,0.07528049047888273,0.32715063606276146,0.2977782237557004,0.022066792910679534,0.022416890738259615,0.00035009782758008146,0.022708196711929748
lung->heart,S100A9,AGER,monocyte,cardiac fibroblast,0.31460068984845135,0.21508686935065685,0.33178497143753727,0.26860357143773883,0.10437978089559795,0.057773101276948756,-0.04660667961864919,-0.8533612825431725
lung->heart,S100A9,AGER,monocyte,cardiac endothelial cell,0.31460068984845135,0.21508686935065685,0.32715063606276146,0.2977782237557004,0.1029218157897044,0.06404818590841299,-0.03887362988129141,-0.6843106938113082
lung->heart,S100A9,AGER,fibroblast,cardiac fibroblast,0.05586808947892205,0.08832893709544973,0.33178497143753727,0.26860357143773883,0.01853619247203393,0.02372546796513717,0.005189275493103242,0.35607459118724866
lung->heart,S100A9,AGER,fibroblast,cardiac endothelial cell,0.05586808947892205,0.08832893709544973,0.32715063606276146,0.2977782237557004,0.01827728100864062,0.026302433994512014,0.008025152985871396,0.5251207624069798
lung->heart,S100A9,AGER,conventional dendritic cell,cardiac fibroblast,0.4338710083293916,0.3873270159352237,0.33178497143753727,0.26860357143773883,0.14395188010614268,0.10403741979452306,-0.03991446031161962,-0.4684802616618069
lung->heart,S100A9,AGER,conventional dendritic cell,cardiac endothelial cell,0.4338710083293916,0.3873270159352237,0.32715063606276146,0.2977782237557004,0.14194117634415215,0.11533755081778677,-0.026603625526365388,-0.2994285311622554
lung->heart,S100A9,AGER,mast cell,cardiac fibroblast,0.017058123185245824,0.013822382791750557,0.33178497143753727,0.26860357143773883,0.005659628913794778,0.0037127413836437425,-0.001946887530151035,-0.6080889971218466
lung->heart,S100A9,AGER,mast cell,cardiac endothelial cell,0.017058123185245824,0.013822382791750557,0.32715063606276146,0.2977782237557004,0.005580575850090109,0.00411600459579884,-0.001464571254291269,-0.4390774374964955
lung->heart,S100A9,AGER,pulmonary alveolar type 2 cell,cardiac fibroblast,0.05941902299363338,0.061677672905575985,0.33178497143753727,0.26860357143773883,0.019714338846789022,0.016566843220406368,-0.0031474956263826542,-0.2509326995258272
lung->heart,S100A9,AGER,pulmonary alveolar type 2 cell,cardiac endothelial cell,0.05941902299363338,0.061677672905575985,0.32715063606276146,0.2977782237557004,0.019438971166595008,0.018366267883207506,-0.0010727032833875022,-0.08188903649229783
lung->heart,S100A9,AGER,vein endothelial cell,cardiac fibroblast,0.06034948684511165,0.06544829704286695,0.33178497143753727,0.26860357143773883,0.0200230527691754,0.017579646330232065,-0.002443406438943335,-0.18774588774771853
lung->heart,S100A9,AGER,vein endothelial cell,cardiac endothelial cell,0.06034948684511165,0.06544829704286695,0.32715063606276146,0.2977782237557004,0.01974337300743953,0.01948907764126038,-0.0002542953661791511,-0.018701717243599366
lung->heart,S100A9,AGER,lung multiciliated epithelial cell,cardiac fibroblast,0.13389491378379384,0.11008392982325832,0.33178497143753727,0.26860357143773883,0.04442432014538755,0.029568936708428594,-0.014855383436958958,-0.5872510173754754
lung->heart,S100A9,AGER,lung multiciliated epithelial cell,cardiac endothelial cell,0.13389491378379384,0.11008392982325832,0.32715063606276146,0.2977782237557004,0.04380380620993676,0.032780597086817034,-0.011023209123119729,-0.41820302643440393
lung->heart,S100A9,AGER,smooth muscle cell,cardiac fibroblast,0.061271917578830916,0.05589828915827511,0.33178497143753727,0.26860357143773883,0.020329101423815554,0.015014480105172132,-0.005314621318643423,-0.43716680820490444
lung->heart,S100A9,AGER,smooth muscle cell,cardiac endothelial cell,0.061271917578830916,0.05589828915827511,0.32715063606276146,0.2977782237557004,0.020045146808699628,0.01664529325653369,-0.0033998535521659393,-0.2681239958450494
lung->heart,S100A9,AGER,endothelial cell,cardiac fibroblast,0.056188490287668584,0.10478384065256338,0.33178497143753727,0.26860357143773883,0.01864249664521246,0.02814531382824145,0.009502817183028988,0.5942735253776081
lung->heart,S100A9,AGER,endothelial cell,cardiac endothelial cell,0.056188490287668584,0.10478384065256338,0.32715063606276146,0.2977782237557004,0.018382100337017072,0.031202345947820675,0.012820245610803603,0.7633206383785673
lung->heart,S100A9,AGER,B cell,cardiac fibroblast,0.07848166625178501,0.1236287480898473,0.33178497143753727,0.26860357143773883,0.026039037395718823,0.03320712326930952,0.007168085873590694,0.3508046720425375
lung->heart,S100A9,AGER,B cell,cardiac endothelial cell,0.07848166625178501,0.1236287480898473,0.32715063606276146,0.2977782237557004,0.025675327033536827,0.03681394901133567,0.01113862197779884,0.5198528618820363
lung->heart,S100A9,AGER,pulmonary alveolar type 1 cell,cardiac fibroblast,0.023671168222572075,0.05299024326783973,0.33178497143753727,0.26860357143773883,0.007853737872619216,0.014233368593096348,0.006379630720477132,0.8577434635687129
lung->heart,S100A9,AGER,pulmonary alveolar type 1 cell,cardiac endothelial cell,0.023671168222572075,0.05299024326783973,0.32715063606276146,0.2977782237557004,0.007744037740363081,0.015779340516679775,0.008035302776316693,1.0267841627643006
lung->heart,S100A9,AGER,club cell,cardiac fibroblast,0.04480897216533205,0.07301978462419385,0.33178497143753727,0.26860357143773883,0.014866943550020096,0.01961337493567296,0.004746431385652863,0.3997062450663575
lung->heart,S100A9,AGER,club cell,cardiac endothelial cell,0.04480897216533205,0.07301978462419385,0.32715063606276146,0.2977782237557004,0.014659283745206954,0.02174370176441625,0.007084418019209296,0.568750895257553
lung->heart,S100A9,AGER,neutrophil,cardiac fibroblast,0.03379065650668555,0.05986481410680341,0.33178497143753727,0.26860357143773883,0.011211232003926298,0.016079902872543725,0.0048686708686174265,0.5202749077317317
lung->heart,S100A9,AGER,neutrophil,cardiac endothelial cell,0.03379065650668555,0.05986481410680341,0.32715063606276146,0.2977782237557004,0.011054634769140467,0.017826438010189117,0.00677180324104865,0.6893175262953415
lung->heart,S100A9,AGER,plasma cell,cardiac fibroblast,0.15724003073963913,0.1482232292490835,0.33178497143753727,0.26860357143773883,0.05216987910778865,0.039813288746338535,-0.012356590361450114,-0.3899584586295951
lung->heart,S100A9,AGER,plasma cell,cardiac endothelial cell,0.15724003073963913,0.1482232292490835,0.32715063606276146,0.2977782237557004,0.051441176071001106,0.04413764992512606,-0.007303526145875046,-0.22090916945118233
lung->heart,S100A9,AGER,leukocyte,cardiac fibroblast,0.16249835067594617,0.196626740152432,0.33178497143753727,0.26860357143773883,0.05391451063766572,0.05281464464510348,-0.0010998659925622392,-0.029735036234649098
lung->heart,S100A9,AGER,leukocyte,cardiac endothelial cell,0.16249835067594617,0.196626740152432,0.32715063606276146,0.2977782237557004,0.05316143878278545,0.058551161425464855,0.005389722642679402,0.13931513954692898
lung->heart,S100A9,AGER,endothelial cell of lymphatic vessel,cardiac fibroblast,0.08146002404673315,0.08207415982725895,0.33178497143753727,0.26860357143773883,0.02702721175164646,0.022045412452353544,-0.004981799299292915,-0.29392215364908303
lung->heart,S100A9,AGER,endothelial cell of lymphatic vessel,cardiac endothelial cell,0.08146002404673315,0.08207415982725895,0.32715063606276146,0.2977782237557004,0.026649698680576595,0.02443989752960263,-0.0022098011509739633,-0.12487609006677033
lung->heart,S100A12,AGER,"CD4-positive, alpha-beta T cell",cardiac fibroblast,0.0,0.0,0.33178497143753727,0.26860357143773883,0.0,0.0,0.0,0.0
lung->heart,S100A12,AGER,"CD4-positive, alpha-beta T cell",cardiac endothelial cell,0.0,0.0,0.32715063606276146,0.2977782237557004,0.0,0.0,0.0,0.0
lung->heart,S100A12,AGER,natural killer cell,cardiac fibroblast,0.0,0.0,0.33178497143753727,0.26860357143773883,0.0,0.0,0.0,0.0
lung->heart,S100A12,AGER,natural killer cell,cardiac endothelial cell,0.0,0.0,0.32715063606276146,0.2977782237557004,0.0,0.0,0.0,0.0
lung->heart,S100A12,AGER,capillary endothelial cell,cardiac fibroblast,0.0,0.0,0.33178497143753727,0.26860357143773883,0.0,0.0,0.0,0.0
lung->heart,S100A12,AGER,capillary endothelial cell,cardiac endothelial cell,0.0,0.0,0.32715063606276146,0.2977782237557004,0.0,0.0,0.0,0.0
lung->heart,S100A12,AGER,macrophage,cardiac fibroblast,0.0,0.0,0.33178497143753727,0.26860357143773883,0.0,0.0,0.0,0.0
lung->heart,S100A12,AGER,macrophage,cardiac endothelial cell,0.0,0.0,0.32715063606276146,0.2977782237557004,0.0,0.0,0.0,0.0
lung->heart,S100A12,AGER,"CD8-positive, alpha-beta T cell",cardiac fibroblast,0.0,0.0,0.33178497143753727,0.26860357143773883,0.0,0.0,0.0,0.0
lung->heart,S100A12,AGER,"CD8-positive, alpha-beta T cell",cardiac endothelial cell,0.0,0.0,0.32715063606276146,0.2977782237557004,0.0,0.0,0.0,0.0
lung->heart,S100A12,AGER,monocyte,cardiac fibroblast,0.0,0.0,0.33178497143753727,0.26860357143773883,0.0,0.0,0.0,0.0
lung->heart,S100A12,AGER,monocyte,cardiac endothelial cell,0.0,0.0,0.32715063606276146,0.2977782237557004,0.0,0.0,0.0,0.0
lung->heart,S100A12,AGER,fibroblast,cardiac fibroblast,0.0,0.0,0.33178497143753727,0.26860357143773883,0.0,0.0,0.0,0.0
lung->heart,S100A12,AGER,fibroblast,cardiac endothelial cell,0.0,0.0,0.32715063606276146,0.2977782237557004,0.0,0.0,0.0,0.0
lung->heart,S100A12,AGER,conventional dendritic cell,cardiac fibroblast,0.0,0.0,0.33178497143753727,0.26860357143773883,0.0,0.0,0.0,0.0
lung->heart,S100A12,AGER,conventional dendritic cell,cardiac endothelial cell,0.0,0.0,0.32715063606276146,0.2977782237557004,0.0,0.0,0.0,0.0
lung->heart,S100A12,AGER,mast cell,cardiac fibroblast,0.0,0.0,0.33178497143753727,0.26860357143773883,0.0,0.0,0.0,0.0
lung->heart,S100A12,AGER,mast cell,cardiac endothelial cell,0.0,0.0,0.32715063606276146,0.2977782237557004,0.0,0.0,0.0,0.0
lung->heart,S100A12,AGER,pulmonary alveolar type 2 cell,cardiac fibroblast,0.0,0.0,0.33178497143753727,0.26860357143773883,0.0,0.0,0.0,0.0
lung->heart,S100A12,AGER,pulmonary alveolar type 2 cell,cardiac endothelial cell,0.0,0.0,0.32715063606276146,0.2977782237557004,0.0,0.0,0.0,0.0
lung->heart,S100A12,AGER,vein endothelial cell,cardiac fibroblast,0.0,0.0,0.33178497143753727,0.26860357143773883,0.0,0.0,0.0,0.0
lung->heart,S100A12,AGER,vein endothelial cell,cardiac endothelial cell,0.0,0.0,0.32715063606276146,0.2977782237557004,0.0,0.0,0.0,0.0
lung->heart,S100A12,AGER,lung multiciliated epithelial cell,cardiac fibroblast,0.0,0.0,0.33178497143753727,0.26860357143773883,0.0,0.0,0.0,0.0
lung->heart,S100A12,AGER,lung multiciliated epithelial cell,cardiac endothelial cell,0.0,0.0,0.32715063606276146,0.2977782237557004,0.0,0.0,0.0,0.0
lung->heart,S100A12,AGER,smooth muscle cell,cardiac fibroblast,0.0,0.0,0.33178497143753727,0.26860357143773883,0.0,0.0,0.0,0.0
lung->heart,S100A12,AGER,smooth muscle cell,cardiac endothelial cell,0.0,0.0,0.32715063606276146,0.2977782237557004,0.0,0.0,0.0,0.0
lung->heart,S100A12,AGER,endothelial cell,cardiac fibroblast,0.0,0.0,0.33178497143753727,0.26860357143773883,0.0,0.0,0.0,0.0
lung->heart,S100A12,AGER,endothelial cell,cardiac endothelial cell,0.0,0.0,0.32715063606276146,0.2977782237557004,0.0,0.0,0.0,0.0
lung->heart,S100A12,AGER,B cell,cardiac fibroblast,0.0,0.0,0.33178497143753727,0.26860357143773883,0.0,0.0,0.0,0.0
lung->heart,S100A12,AGER,B cell,cardiac endothelial cell,0.0,0.0,0.32715063606276146,0.2977782237557004,0.0,0.0,0.0,0.0
lung->heart,S100A12,AGER,pulmonary alveolar type 1 cell,cardiac fibroblast,0.0,0.0,0.33178497143753727,0.26860357143773883,0.0,0.0,0.0,0.0
lung->heart,S100A12,AGER,pulmonary alveolar type 1 cell,cardiac endothelial cell,0.0,0.0,0.32715063606276146,0.2977782237557004,0.0,0.0,0.0,0.0
lung->heart,S100A12,AGER,club cell,cardiac fibroblast,0.0,0.0,0.33178497143753727,0.26860357143773883,0.0,0.0,0.0,0.0
lung->heart,S100A12,AGER,club cell,cardiac endothelial cell,0.0,0.0,0.32715063606276146,0.2977782237557004,0.0,0.0,0.0,0.0
lung->heart,S100A12,AGER,neutrophil,cardiac fibroblast,0.0,0.0,0.33178497143753727,0.26860357143773883,0.0,0.0,0.0,0.0
lung->heart,S100A12,AGER,neutrophil,cardiac endothelial cell,0.0,0.0,0.32715063606276146,0.2977782237557004,0.0,0.0,0.0,0.0
lung->heart,S100A12,AGER,plasma cell,cardiac fibroblast,0.0,0.0,0.33178497143753727,0.26860357143773883,0.0,0.0,0.0,0.0
lung->heart,S100A12,AGER,plasma cell,cardiac endothelial cell,0.0,0.0,0.32715063606276146,0.2977782237557004,0.0,0.0,0.0,0.0
lung->heart,S100A12,AGER,leukocyte,cardiac fibroblast,0.0,0.0,0.33178497143753727,0.26860357143773883,0.0,0.0,0.0,0.0
lung->heart,S100A12,AGER,leukocyte,cardiac endothelial cell,0.0,0.0,0.32715063606276146,0.2977782237557004,0.0,0.0,0.0,0.0
lung->heart,S100A12,AGER,endothelial cell of lymphatic vessel,cardiac fibroblast,0.0,0.0,0.33178497143753727,0.26860357143773883,0.0,0.0,0.0,0.0
lung->heart,S100A12,AGER,endothelial cell of lymphatic vessel,cardiac endothelial cell,0.0,0.0,0.32715063606276146,0.2977782237557004,0.0,0.0,0.0,0.0
lung->heart,S100A12,TLR4,"CD4-positive, alpha-beta T cell",cardiac fibroblast,0.0,0.0,0.012895431099719185,0.015320585454507683,0.0,0.0,0.0,0.0
lung->heart,S100A12,TLR4,"CD4-positive, alpha-beta T cell",cardiac endothelial cell,0.0,0.0,0.0052925910619474265,0.007456695800358237,0.0,0.0,0.0,0.0
lung->heart,S100A12,TLR4,natural killer cell,cardiac fibroblast,0.0,0.0,0.012895431099719185,0.015320585454507683,0.0,0.0,0.0,0.0
lung->heart,S100A12,TLR4,natural killer cell,cardiac endothelial cell,0.0,0.0,0.0052925910619474265,0.007456695800358237,0.0,0.0,0.0,0.0
lung->heart,S100A12,TLR4,capillary endothelial cell,cardiac fibroblast,0.0,0.0,0.012895431099719185,0.015320585454507683,0.0,0.0,0.0,0.0
lung->heart,S100A12,TLR4,capillary endothelial cell,cardiac endothelial cell,0.0,0.0,0.0052925910619474265,0.007456695800358237,0.0,0.0,0.0,0.0
lung->heart,S100A12,TLR4,macrophage,cardiac fibroblast,0.0,0.0,0.012895431099719185,0.015320585454507683,0.0,0.0,0.0,0.0
lung->heart,S100A12,TLR4,macrophage,cardiac endothelial cell,0.0,0.0,0.0052925910619474265,0.007456695800358237,0.0,0.0,0.0,0.0
lung->heart,S100A12,TLR4,"CD8-positive, alpha-beta T cell",cardiac fibroblast,0.0,0.0,0.012895431099719185,0.015320585454507683,0.0,0.0,0.0,0.0
lung->heart,S100A12,TLR4,"CD8-positive, alpha-beta T cell",cardiac endothelial cell,0.0,0.0,0.0052925910619474265,0.007456695800358237,0.0,0.0,0.0,0.0
lung->heart,S100A12,TLR4,monocyte,cardiac fibroblast,0.0,0.0,0.012895431099719185,0.015320585454507683,0.0,0.0,0.0,0.0
lung->heart,S100A12,TLR4,monocyte,cardiac endothelial cell,0.0,0.0,0.0052925910619474265,0.007456695800358237,0.0,0.0,0.0,0.0
lung->heart,S100A12,TLR4,fibroblast,cardiac fibroblast,0.0,0.0,0.012895431099719185,0.015320585454507683,0.0,0.0,0.0,0.0
lung->heart,S100A12,TLR4,fibroblast,cardiac endothelial cell,0.0,0.0,0.0052925910619474265,0.007456695800358237,0.0,0.0,0.0,0.0
lung->heart,S100A12,TLR4,conventional dendritic cell,cardiac fibroblast,0.0,0.0,0.012895431099719185,0.015320585454507683,0.0,0.0,0.0,0.0
lung->heart,S100A12,TLR4,conventional dendritic cell,cardiac endothelial cell,0.0,0.0,0.0052925910619474265,0.007456695800358237,0.0,0.0,0.0,0.0
lung->heart,S100A12,TLR4,mast cell,cardiac fibroblast,0.0,0.0,0.012895431099719185,0.015320585454507683,0.0,0.0,0.0,0.0
lung->heart,S100A12,TLR4,mast cell,cardiac endothelial cell,0.0,0.0,0.0052925910619474265,0.007456695800358237,0.0,0.0,0.0,0.0
lung->heart,S100A12,TLR4,pulmonary alveolar type 2 cell,cardiac fibroblast,0.0,0.0,0.012895431099719185,0.015320585454507683,0.0,0.0,0.0,0.0
lung->heart,S100A12,TLR4,pulmonary alveolar type 2 cell,cardiac endothelial cell,0.0,0.0,0.0052925910619474265,0.007456695800358237,0.0,0.0,0.0,0.0
lung->heart,S100A12,TLR4,vein endothelial cell,cardiac fibroblast,0.0,0.0,0.012895431099719185,0.015320585454507683,0.0,0.0,0.0,0.0
lung->heart,S100A12,TLR4,vein endothelial cell,cardiac endothelial cell,0.0,0.0,0.0052925910619474265,0.007456695800358237,0.0,0.0,0.0,0.0
lung->heart,S100A12,TLR4,lung multiciliated epithelial cell,cardiac fibroblast,0.0,0.0,0.012895431099719185,0.015320585454507683,0.0,0.0,0.0,0.0
lung->heart,S100A12,TLR4,lung multiciliated epithelial cell,cardiac endothelial cell,0.0,0.0,0.0052925910619474265,0.007456695800358237,0.0,0.0,0.0,0.0
lung->heart,S100A12,TLR4,smooth muscle cell,cardiac fibroblast,0.0,0.0,0.012895431099719185,0.015320585454507683,0.0,0.0,0.0,0.0
lung->heart,S100A12,TLR4,smooth muscle cell,cardiac endothelial cell,0.0,0.0,0.0052925910619474265,0.007456695800358237,0.0,0.0,0.0,0.0
lung->heart,S100A12,TLR4,endothelial cell,cardiac fibroblast,0.0,0.0,0.012895431099719185,0.015320585454507683,0.0,0.0,0.0,0.0
lung->heart,S100A12,TLR4,endothelial cell,cardiac endothelial cell,0.0,0.0,0.0052925910619474265,0.007456695800358237,0.0,0.0,0.0,0.0
lung->heart,S100A12,TLR4,B cell,cardiac fibroblast,0.0,0.0,0.012895431099719185,0.015320585454507683,0.0,0.0,0.0,0.0
lung->heart,S100A12,TLR4,B cell,cardiac endothelial cell,0.0,0.0,0.0052925910619474265,0.007456695800358237,0.0,0.0,0.0,0.0
lung->heart,S100A12,TLR4,pulmonary alveolar type 1 cell,cardiac fibroblast,0.0,0.0,0.012895431099719185,0.015320585454507683,0.0,0.0,0.0,0.0
lung->heart,S100A12,TLR4,pulmonary alveolar type 1 cell,cardiac endothelial cell,0.0,0.0,0.0052925910619474265,0.007456695800358237,0.0,0.0,0.0,0.0
lung->heart,S100A12,TLR4,club cell,cardiac fibroblast,0.0,0.0,0.012895431099719185,0.015320585454507683,0.0,0.0,0.0,0.0
lung->heart,S100A12,TLR4,club cell,cardiac endothelial cell,0.0,0.0,0.0052925910619474265,0.007456695800358237,0.0,0.0,0.0,0.0
lung->heart,S100A12,TLR4,neutrophil,cardiac fibroblast,0.0,0.0,0.012895431099719185,0.015320585454507683,0.0,0.0,0.0,0.0
lung->heart,S100A12,TLR4,neutrophil,cardiac endothelial cell,0.0,0.0,0.0052925910619474265,0.007456695800358237,0.0,0.0,0.0,0.0
lung->heart,S100A12,TLR4,plasma cell,cardiac fibroblast,0.0,0.0,0.012895431099719185,0.015320585454507683,0.0,0.0,0.0,0.0
lung->heart,S100A12,TLR4,plasma cell,cardiac endothelial cell,0.0,0.0,0.0052925910619474265,0.007456695800358237,0.0,0.0,0.0,0.0
lung->heart,S100A12,TLR4,leukocyte,cardiac fibroblast,0.0,0.0,0.012895431099719185,0.015320585454507683,0.0,0.0,0.0,0.0
lung->heart,S100A12,TLR4,leukocyte,cardiac endothelial cell,0.0,0.0,0.0052925910619474265,0.007456695800358237,0.0,0.0,0.0,0.0
lung->heart,S100A12,TLR4,endothelial cell of lymphatic vessel,cardiac fibroblast,0.0,0.0,0.012895431099719185,0.015320585454507683,0.0,0.0,0.0,0.0
lung->heart,S100A12,TLR4,endothelial cell of lymphatic vessel,cardiac endothelial cell,0.0,0.0,0.0052925910619474265,0.007456695800358237,0.0,0.0,0.0,0.0
lung->heart,SPP1,ITGAV,"CD4-positive, alpha-beta T cell",cardiac fibroblast,0.0864112881401566,0.06953706246045237,0.0,0.0,0.0,0.0,0.0,0.0
lung->heart,SPP1,ITGAV,"CD4-positive, alpha-beta T cell",cardiac endothelial cell,0.0864112881401566,0.06953706246045237,0.0,0.0,0.0,0.0,0.0,0.0
lung->heart,SPP1,ITGAV,natural killer cell,cardiac fibroblast,0.06457794926655704,0.051299214661830746,0.0,0.0,0.0,0.0,0.0,0.0
lung->heart,SPP1,ITGAV,natural killer cell,cardiac endothelial cell,0.06457794926655704,0.051299214661830746,0.0,0.0,0.0,0.0,0.0,0.0
lung->heart,SPP1,ITGAV,capillary endothelial cell,cardiac fibroblast,0.15954427979531072,0.1547143814821846,0.0,0.0,0.0,0.0,0.0,0.0
lung->heart,SPP1,ITGAV,capillary endothelial cell,cardiac endothelial cell,0.15954427979531072,0.1547143814821846,0.0,0.0,0.0,0.0,0.0,0.0
lung->heart,SPP1,ITGAV,macrophage,cardiac fibroblast,0.05785857969254898,0.05705548324702967,0.0,0.0,0.0,0.0,0.0,0.0
lung->heart,SPP1,ITGAV,macrophage,cardiac endothelial cell,0.05785857969254898,0.05705548324702967,0.0,0.0,0.0,0.0,0.0,0.0
lung->heart,SPP1,ITGAV,"CD8-positive, alpha-beta T cell",cardiac fibroblast,0.06749411683295295,0.07106808469449526,0.0,0.0,0.0,0.0,0.0,0.0
lung->heart,SPP1,ITGAV,"CD8-positive, alpha-beta T cell",cardiac endothelial cell,0.06749411683295295,0.07106808469449526,0.0,0.0,0.0,0.0,0.0,0.0
lung->heart,SPP1,ITGAV,monocyte,cardiac fibroblast,0.09163674726974363,0.0761614671503201,0.0,0.0,0.0,0.0,0.0,0.0
lung->heart,SPP1,ITGAV,monocyte,cardiac endothelial cell,0.09163674726974363,0.0761614671503201,0.0,0.0,0.0,0.0,0.0,0.0
lung->heart,SPP1,ITGAV,fibroblast,cardiac fibroblast,0.24272041860287866,0.2858098769680536,0.0,0.0,0.0,0.0,0.0,0.0
lung->heart,SPP1,ITGAV,fibroblast,cardiac endothelial cell,0.24272041860287866,0.2858098769680536,0.0,0.0,0.0,0.0,0.0,0.0
lung->heart,SPP1,ITGAV,conventional dendritic cell,cardiac fibroblast,0.10374054892629889,0.07894522762081944,0.0,0.0,0.0,0.0,0.0,0.0
lung->heart,SPP1,ITGAV,conventional dendritic cell,cardiac endothelial cell,0.10374054892629889,0.07894522762081944,0.0,0.0,0.0,0.0,0.0,0.0
lung->heart,SPP1,ITGAV,mast cell,cardiac fibroblast,0.10817256314996432,0.09839706390433033,0.0,0.0,0.0,0.0,0.0,0.0
lung->heart,SPP1,ITGAV,mast cell,cardiac endothelial cell,0.10817256314996432,0.09839706390433033,0.0,0.0,0.0,0.0,0.0,0.0
lung->heart,SPP1,ITGAV,pulmonary alveolar type 2 cell,cardiac fibroblast,0.13881405132707805,0.18728413625683468,0.0,0.0,0.0,0.0,0.0,0.0
lung->heart,SPP1,ITGAV,pulmonary alveolar type 2 cell,cardiac endothelial cell,0.13881405132707805,0.18728413625683468,0.0,0.0,0.0,0.0,0.0,0.0
lung->heart,SPP1,ITGAV,vein endothelial cell,cardiac fibroblast,0.2559046622981315,0.2762076656352465,0.0,0.0,0.0,0.0,0.0,0.0
lung->heart,SPP1,ITGAV,vein endothelial cell,cardiac endothelial cell,0.2559046622981315,0.2762076656352465,0.0,0.0,0.0,0.0,0.0,0.0
lung->heart,SPP1,ITGAV,lung multiciliated epithelial cell,cardiac fibroblast,0.05736541612340176,0.05378150132960817,0.0,0.0,0.0,0.0,0.0,0.0
lung->heart,SPP1,ITGAV,lung multiciliated epithelial cell,cardiac endothelial cell,0.05736541612340176,0.05378150132960817,0.0,0.0,0.0,0.0,0.0,0.0
lung->heart,SPP1,ITGAV,smooth muscle cell,cardiac fibroblast,0.16717593599100533,0.1857800279478262,0.0,0.0,0.0,0.0,0.0,0.0
lung->heart,SPP1,ITGAV,smooth muscle cell,cardiac endothelial cell,0.16717593599100533,0.1857800279478262,0.0,0.0,0.0,0.0,0.0,0.0
lung->heart,SPP1,ITGAV,endothelial cell,cardiac fibroblast,0.21397417549418782,0.21666992162524462,0.0,0.0,0.0,0.0,0.0,0.0
lung->heart,SPP1,ITGAV,endothelial cell,cardiac endothelial cell,0.21397417549418782,0.21666992162524462,0.0,0.0,0.0,0.0,0.0,0.0
lung->heart,SPP1,ITGAV,B cell,cardiac fibroblast,0.079774534640635,0.10480325059022438,0.0,0.0,0.0,0.0,0.0,0.0
lung->heart,SPP1,ITGAV,B cell,cardiac endothelial cell,0.079774534640635,0.10480325059022438,0.0,0.0,0.0,0.0,0.0,0.0
lung->heart,SPP1,ITGAV,pulmonary alveolar type 1 cell,cardiac fibroblast,0.1641159054708863,0.14260736604519877,0.0,0.0,0.0,0.0,0.0,0.0
lung->heart,SPP1,ITGAV,pulmonary alveolar type 1 cell,cardiac endothelial cell,0.1641159054708863,0.14260736604519877,0.0,0.0,0.0,0.0,0.0,0.0
lung->heart,SPP1,ITGAV,club cell,cardiac fibroblast,0.11696707623079128,0.1277992757437628,0.0,0.0,0.0,0.0,0.0,0.0
lung->heart,SPP1,ITGAV,club cell,cardiac endothelial cell,0.11696707623079128,0.1277992757437628,0.0,0.0,0.0,0.0,0.0,0.0
lung->heart,SPP1,ITGAV,neutrophil,cardiac fibroblast,0.05767882335050758,0.003794435799531106,0.0,0.0,0.0,0.0,0.0,0.0
lung->heart,SPP1,ITGAV,neutrophil,cardiac endothelial cell,0.05767882335050758,0.003794435799531106,0.0,0.0,0.0,0.0,0.0,0.0
lung->heart,SPP1,ITGAV,plasma cell,cardiac fibroblast,0.21958732589440794,0.13913282430369717,0.0,0.0,0.0,0.0,0.0,0.0
lung->heart,SPP1,ITGAV,plasma cell,cardiac endothelial cell,0.21958732589440794,0.13913282430369717,0.0,0.0,0.0,0.0,0.0,0.0
lung->heart,SPP1,ITGAV,leukocyte,cardiac fibroblast,0.08252362220357777,0.056589197892322265,0.0,0.0,0.0,0.0,0.0,0.0
lung->heart,SPP1,ITGAV,leukocyte,cardiac endothelial cell,0.08252362220357777,0.056589197892322265,0.0,0.0,0.0,0.0,0.0,0.0
lung->heart,SPP1,ITGAV,endothelial cell of lymphatic vessel,cardiac fibroblast,0.19625530289590504,0.3072792769504271,0.0,0.0,0.0,0.0,0.0,0.0
lung->heart,SPP1,ITGAV,endothelial cell of lymphatic vessel,cardiac endothelial cell,0.19625530289590504,0.3072792769504271,0.0,0.0,0.0,0.0,0.0,0.0
lung->heart,SPP1,CD44,"CD4-positive, alpha-beta T cell",cardiac fibroblast,0.0864112881401566,0.06953706246045237,0.08061427509685254,0.11118837651543813,0.006965983353603975,0.007731713082630316,0.0007657297290263407,0.15044056753781637
lung->heart,SPP1,CD44,"CD4-positive, alpha-beta T cell",cardiac endothelial cell,0.0864112881401566,0.06953706246045237,0.05269177351154757,0.047652590391443435,0.004553164023522209,0.0033136211544521543,-0.0012395428690700544,-0.45834226622371055
lung->heart,SPP1,CD44,"CD4-positive, alpha-beta T cell",cardiac macrophage,0.0864112881401566,0.06953706246045237,0.04461160058084864,0.00819171528700858,0.0038549458721852895,0.0005696278175709582,-0.0032853180546143315,-2.756462816111072
lung->heart,SPP1,CD44,natural killer cell,cardiac fibroblast,0.06457794926655704,0.051299214661830746,0.08061427509685254,0.11118837651543813,0.005205904567364816,0.0057038763947659206,0.0004979718274011049,0.13176966344605437
lung->heart,SPP1,CD44,natural killer cell,cardiac endothelial cell,0.06457794926655704,0.051299214661830746,0.05269177351154757,0.047652590391443435,0.003402726676593633,0.00244454046368295,-0.0009581862129106832,-0.476961855932587
lung->heart,SPP1,CD44,natural killer cell,cardiac macrophage,0.06457794926655704,0.051299214661830746,0.04461160058084864,0.00819171528700858,0.00288092567900995,0.00042022856095685364,-0.0024606971180530963,-2.774357965622832
lung->heart,SPP1,CD44,capillary endothelial cell,cardiac fibroblast,0.15954427979531072,0.1547143814821846,0.08061427509685254,0.11118837651543813,0.012861546461548391,0.017202440900594272,0.004340894439045881,0.4195208622391956
lung->heart,SPP1,CD44,capillary endothelial cell,cardiac endothelial cell,0.15954427979531072,0.1547143814821846,0.05269177351154757,0.047652590391443435,0.008406671056037488,0.007372541048436064,-0.0010341300076014241,-0.18934860450885482
lung->heart,SPP1,CD44,capillary endothelial cell,cardiac macrophage,0.15954427979531072,0.1547143814821846,0.04461160058084864,0.00819171528700858,0.007117525685187562,0.0012673761639076888,-0.005850149521279872,-2.488595805364775
lung->heart,SPP1,CD44,macrophage,cardiac fibroblast,0.05785857969254898,0.05705548324702967,0.08061427509685254,0.11118837651543813,0.004664227460048309,0.006343906553541007,0.0016796790934926979,0.4436514929942251
lung->heart,SPP1,CD44,macrophage,cardiac endothelial cell,0.05785857969254898,0.05705548324702967,0.05269177351154757,0.047652590391443435,0.0030486711768596166,0.002718841572756568,-0.00032982960410304863,-0.16513107728094714
lung->heart,SPP1,CD44,macrophage,cardiac macrophage,0.05785857969254898,0.05705548324702967,0.04461160058084864,0.00819171528700858,0.002581163847419195,0.00046738227432235494,-0.0021137815730968403,-2.4628221636875565
lung->heart,SPP1,CD44,"CD8-positive, alpha-beta T cell",cardiac fibroblast,0.06749411683295295,0.07106808469449526,0.08061427509685254,0.11118837651543813,0.005440989301790775,0.007901944959242584,0.002460955657451809,0.5382562399780431
lung->heart,SPP1,CD44,"CD8-positive, alpha-beta T cell",cardiac endothelial cell,0.06749411683295295,0.07106808469449526,0.05269177351154757,0.047652590391443435,0.003556384717523887,0.0033865783298511927,-0.0001698063876726945,-0.07056269896509046
lung->heart,SPP1,CD44,"CD8-positive, alpha-beta T cell",cardiac macrophage,0.06749411683295295,0.07106808469449526,0.04461160058084864,0.00819171528700858,0.0030110205817088296,0.0005821695158103173,-0.0024288510658985124,-2.3687444159217086
lung->heart,SPP1,CD44,monocyte,cardiac fibroblast,0.09163674726974363,0.0761614671503201,0.08061427509685254,0.11118837651543813,0.007387229953383864,0.008468269885477964,0.0010810399320940996,0.1970088339232279
lung->heart,SPP1,CD44,monocyte,cardiac endothelial cell,0.09163674726974363,0.0761614671503201,0.05269177351154757,0.047652590391443435,0.004828502732472257,0.0036292911977255783,-0.0011992115347466783,-0.41178937404874194
lung->heart,SPP1,CD44,monocyte,cardiac macrophage,0.09163674726974363,0.0761614671503201,0.04461160058084864,0.00819171528700858,0.004088061967725975,0.000623893054736279,-0.003464168912989696,-2.7100887156430797
lung->heart,SPP1,CD44,fibroblast,cardiac fibroblast,0.24272041860287866,0.2858098769680536,0.08061427509685254,0.11118837651543813,0.019566730596875664,0.03177873621215499,0.012212005615279325,0.6996307031526025
lung->heart,SPP1,CD44,fibroblast,cardiac endothelial cell,0.24272041860287866,0.2858098769680536,0.05269177351154757,0.047652590391443435,0.0127893693236509,0.0136195809969875,0.0008302116733366009,0.09073032115955075
lung->heart,SPP1,CD44,fibroblast,cardiac macrophage,0.24272041860287866,0.2858098769680536,0.04461160058084864,0.00819171528700858,0.010828146367528007,0.0023412731383372462,-0.00848687322919076,-2.208938296615891
lung->heart,SPP1,CD44,conventional dendritic cell,cardiac fibroblast,0.10374054892629889,0.07894522762081944,0.08061427509685254,0.11118837651543813,0.008362969149843148,0.008777791692800638,0.0004148225429574902,0.06983464119867397
lung->heart,SPP1,CD44,conventional dendritic cell,cardiac endothelial cell,0.10374054892629889,0.07894522762081944,0.05269177351154757,0.047652590391443435,0.005466273507988161,0.0037619445951741757,-0.0017043289128139852,-0.5389595025601285
lung->heart,SPP1,CD44,conventional dendritic cell,cardiac macrophage,0.10374054892629889,0.07894522762081944,0.04461160058084864,0.00819171528700858,0.004628031932738032,0.0006466968279378387,-0.003981335104800194,-2.8373199312106197
lung->heart,SPP1,CD44,mast cell,cardiac fibroblast,0.10817256314996432,0.09839706390433033,0.08061427509685254,0.11118837651543813,0.008720252763702876,0.010940609789408307,0.00222035702570543,0.32721772010033606
lung->heart,SPP1,CD44,mast cell,cardiac endothelial cell,0.10817256314996432,0.09839706390433033,0.05269177351154757,0.047652590391443435,0.005699804197661497,0.004688874981953737,-0.0010109292157077596,-0.2816159855644387
lung->heart,SPP1,CD44,mast cell,cardiac macrophage,0.10817256314996432,0.09839706390433033,0.04461160058084864,0.00819171528700858,0.004825751181052835,0.000806040732581863,-0.004019710448470971,-2.5803390623110927
lung->heart,SPP1,CD44,pulmonary alveolar type 2 cell,cardiac fibroblast,0.13881405132707805,0.18728413625683468,0.08061427509685254,0.11118837651543813,0.011190394120989678,0.020823819057493552,0.009633424936503874,0.8959141951756093
lung->heart,SPP1,CD44,pulmonary alveolar type 2 cell,cardiac endothelial cell,0.13881405132707805,0.18728413625683468,0.05269177351154757,0.047652590391443435,0.007314358552746736,0.008924574231862223,0.0016102156791154868,0.28701641081808515
lung->heart,SPP1,CD44,pulmonary alveolar type 2 cell,cardiac macrophage,0.13881405132707805,0.18728413625683468,0.04461160058084864,0.00819171528700858,0.006192717012813029,0.0015341783219893106,-0.004658538690823718,-2.012399223932987
lung->heart,SPP1,CD44,vein endothelial cell,cardiac fibroblast,0.2559046622981315,0.2762076656352465,0.08061427509685254,0.11118837651543813,0.020629568845068724,0.03071108192310203,0.010081513078033306,0.5740227125361177
lung->heart,SPP1,CD44,vein endothelial cell,cardiac endothelial cell,0.2559046622981315,0.2762076656352465,0.05269177351154757,0.047652590391443435,0.013484070506362213,0.013162010753493169,-0.0003220597528690444,-0.03487355264144714
lung->heart,SPP1,CD44,vein endothelial cell,cardiac macrophage,0.2559046622981315,0.2762076656352465,0.04461160058084864,0.00819171528700858,0.011416316581221199,0.0022626145569732033,-0.009153702024247996,-2.33452338762268
lung->heart,SPP1,CD44,lung multiciliated epithelial cell,cardiac fibroblast,0.05736541612340176,0.05378150132960817,0.08061427509685254,0.11118837651543813,0.00462447143641733,0.0059798778194020095,0.0013554063829846795,0.3707568305422686
lung->heart,SPP1,CD44,lung multiciliated epithelial cell,cardiac endothelial cell,0.05736541612340176,0.05378150132960817,0.05269177351154757,0.047652590391443435,0.003022685513769965,0.0025628278534966884,-0.00045985766027327674,-0.23800869971688238
lung->heart,SPP1,CD44,lung multiciliated epithelial cell,cardiac macrophage,0.05736541612340176,0.05378150132960817,0.04461160058084864,0.00819171528700858,0.002559163031251374,0.00044056274660002353,-0.0021186002846513507,-2.535545317747066
lung->heart,SPP1,CD44,smooth muscle cell,cardiac fibroblast,0.16717593599100533,0.1857800279478262,0.08061427509685254,0.11118837651543813,0.013476766893552716,0.020656579696511516,0.007179812802958801,0.6160897548332681
lung->heart,SPP1,CD44,smooth muscle cell,cardiac endothelial cell,0.16717593599100533,0.1857800279478262,0.05269177351154757,0.047652590391443435,0.008808796555819027,0.008852899574708676,4.4103018889648724e-05,0.007204306322980963
lung->heart,SPP1,CD44,smooth muscle cell,cardiac macrophage,0.16717593599100533,0.1857800279478262,0.04461160058084864,0.00819171528700858,0.0074579860831602484,0.001521857094961089,-0.005936128988199159,-2.2921989694578517
lung->heart,SPP1,CD44,endothelial cell,cardiac fibroblast,0.21397417549418782,0.21666992162524462,0.08061427509685254,0.11118837651543813,0.01724937304691066,0.02409117682523817,0.006841803778327507,0.48193719163147014
lung->heart,SPP1,CD44,endothelial cell,cardiac endothelial cell,0.21397417549418782,0.21666992162524462,0.05269177351154757,0.047652590391443435,0.011274678792459877,0.010324883025353934,-0.0009497957671059428,-0.12694912587104995
lung->heart,SPP1,CD44,endothelial cell,cardiac macrophage,0.21397417549418782,0.21666992162524462,0.04461160058084864,0.00819171528700858,0.009545730451763119,0.0017748983092124675,-0.007770832142550651,-2.4264577529389277
lung->heart,SPP1,CD44,B cell,cardiac fibroblast,0.079774534640635,0.10480325059022438,0.08061427509685254,0.11118837651543813,0.006430966281243542,0.011652903286667682,0.00522193700542414,0.8574814947138866
lung->heart,SPP1,CD44,B cell,cardiac endothelial cell,0.079774534640635,0.10480325059022438,0.05269177351154757,0.047652590391443435,0.004203461711273445,0.004994146372067765,0.0007906846607943201,0.2486058467499974
lung->heart,SPP1,CD44,B cell,cardiac macrophage,0.079774534640635,0.10480325059022438,0.04461160058084864,0.00819171528700858,0.0035588696759110824,0.0008585183899881321,-0.0027003512859229504,-2.0502240136028136
lung->heart,SPP1,CD44,pulmonary alveolar type 1 cell,cardiac fibroblast,0.1641159054708863,0.14260736604519877,0.08061427509685254,0.11118837651543813,0.013230084751399076,0.01585628150970847,0.0026261967583093935,0.2612141181487352
lung->heart,SPP1,CD44,pulmonary alveolar type 1 cell,cardiac endothelial cell,0.1641159054708863,0.14260736604519877,0.05269177351154757,0.047652590391443435,0.008647558120714492,0.006795610400954496,-0.001851947719759996,-0.3476442018435657
lung->heart,SPP1,CD44,pulmonary alveolar type 1 cell,cardiac macrophage,0.1641159054708863,0.14260736604519877,0.04461160058084864,0.00819171528700858,0.007321473223831493,0.0011681989404724832,-0.006153274283359009,-2.6468105857077937
lung->heart,SPP1,CD44,club cell,cardiac fibroblast,0.11696707623079128,0.1277992757437628,0.08061427509685254,0.11118837651543813,0.00942921606054353,0.014209793989797796,0.004780577929254267,0.5916244328063188
lung->heart,SPP1,CD44,club cell,cardiac endothelial cell,0.11696707623079128,0.1277992757437628,0.05269177351154757,0.047652590391443435,0.006163202689060773,0.006089966539340661,-7.323614972011214e-05,-0.01724312179026532
lung->heart,SPP1,CD44,club cell,cardiac macrophage,0.11696707623079128,0.1277992757437628,0.04461160058084864,0.00819171528700858,0.005218088485917736,0.0010468952807788066,-0.004171193205138929,-2.316303310659864
lung->heart,SPP1,CD44,neutrophil,cardiac fibroblast,0.05767882335050758,0.003794435799531106,0.08061427509685254,0.11118837651543813,0.00464973653284058,0.0004218971563419221,-0.0042278393764986575,-3.4590804480954183
lung->heart,SPP1,CD44,neutrophil,cardiac endothelial cell,0.05767882335050758,0.003794435799531106,0.05269177351154757,0.047652590391443435,0.0030391994963975067,0.00018081469492168495,-0.0028583848014758217,-4.063625282523114
lung->heart,SPP1,CD44,neutrophil,cardiac macrophage,0.05767882335050758,0.003794435799531106,0.04461160058084864,0.00819171528700858,0.00257314462928617,3.1082937744591585e-05,-0.0025420616915415783,-6.326143052596798
lung->heart,SPP1,CD44,plasma cell,cardiac fibroblast,0.21958732589440794,0.13913282430369717,0.08061427509685254,0.11118837651543813,0.017701873097434012,0.015469952854335781,-0.002231920243098231,-0.19442146733114865
lung->heart,SPP1,CD44,plasma cell,cardiac endothelial cell,0.21958732589440794,0.13913282430369717,0.05269177351154757,0.047652590391443435,0.011570445642034528,0.006630039486548747,-0.004940406155485781,-0.8032621631586176
lung->heart,SPP1,CD44,plasma cell,cardiac macrophage,0.21958732589440794,0.13913282430369717,0.04461160058084864,0.00819171528700858,0.00979614207541797,0.001139736483773275,-0.008656405591644694,-3.102395402142637
lung->heart,SPP1,CD44,leukocyte,cardiac fibroblast,0.08252362220357777,0.056589197892322265,0.08061427509685254,0.11118837651543813,0.006652581982307947,0.006292061041958166,-0.00036052094034978114,-0.08036929341189236
lung->heart,SPP1,CD44,leukocyte,cardiac endothelial cell,0.08252362220357777,0.056589197892322265,0.05269177351154757,0.047652590391443435,0.004348316010503438,0.002696621867743167,-0.001651694142760271,-0.6891003988854495
lung->heart,SPP1,CD44,leukocyte,cardiac macrophage,0.08252362220357777,0.056589197892322265,0.04461160058084864,0.00819171528700858,0.0036815108722308637,0.00046356259745409004,-0.003217948274776774,-2.9867448740155242
lung->heart,SPP1,CD44,endothelial cell of lymphatic vessel,cardiac fibroblast,0.19625530289590504,0.3072792769504271,0.08061427509685254,0.11118837651543813,0.015820978976866608,0.034165883940955676,0.018344904964089068,1.1106686182367733
lung->heart,SPP1,CD44,endothelial cell of lymphatic vessel,cardiac endothelial cell,0.19625530289590504,0.3072792769504271,0.05269177351154757,0.047652590391443435,0.010341039970631195,0.014642653520297609,0.004301613549666414,0.5017547581520501
lung->heart,SPP1,CD44,endothelial cell of lymphatic vessel,cardiac macrophage,0.19625530289590504,0.3072792769504271,0.04461160058084864,0.00819171528700858,0.008755263184665582,0.0025171443503757573,-0.0062381188342898256,-1.7979543312382904
lung->heart,SPP1,ITGB1,"CD4-positive, alpha-beta T cell",cardiac fibroblast,0.0864112881401566,0.06953706246045237,0.0033796110976818923,0.0039300875846291295,0.00029203654836346094,0.00027328674584740415,-1.874980251605679e-05,-0.09539570335533716
lung->heart,SPP1,ITGB1,"CD4-positive, alpha-beta T cell",cardiac endothelial cell,0.0864112881401566,0.06953706246045237,0.005786397802698401,0.005008436613691961,0.0005000100878225405,0.00034827196963551445,-0.0001517381181870261,-0.5204887865552709
lung->heart,SPP1,ITGB1,natural killer cell,cardiac fibroblast,0.06457794926655704,0.051299214661830746,0.0033796110976818923,0.0039300875846291295,0.00021824835400679438,0.00020161040664368562,-1.663794736310876e-05,-0.11385773482760371
lung->heart,SPP1,ITGB1,natural killer cell,cardiac endothelial cell,0.06457794926655704,0.051299214661830746,0.005786397802698401,0.005008436613691961,0.0003736737037387745,0.00025692886496595657,-0.00011674483877281792,-0.5386614915031744
lung->heart,SPP1,ITGB1,capillary endothelial cell,cardiac fibroblast,0.15954427979531072,0.1547143814821846,0.0033796110976818923,0.0039300875846291295,0.000539197618567897,0.0006080410698267087,6.884345125881164e-05,0.1730522377024519
lung->heart,SPP1,ITGB1,capillary endothelial cell,cardiac endothelial cell,0.15954427979531072,0.1547143814821846,0.005786397802698401,0.005008436613691961,0.0009231866700406848,0.0007748771728800788,-0.00014830949716060598,-0.25235599986954144
lung->heart,SPP1,ITGB1,macrophage,cardiac fibroblast,0.05785857969254898,0.05705548324702967,0.0033796110976818923,0.0039300875846291295,0.0001955394980250507,0.0002242330463441666,2.8693548319115906e-05,0.19659923989311767
lung->heart,SPP1,ITGB1,macrophage,cardiac endothelial cell,0.05785857969254898,0.05705548324702967,0.005786397802698401,0.005008436613691961,0.0003347927584002157,0.0002857587713063117,-4.903398709390404e-05,-0.2277335021934135
lung->heart,SPP1,ITGB1,"CD8-positive, alpha-beta T cell",cardiac fibroblast,0.06749411683295295,0.07106808469449526,0.0033796110976818923,0.0039300875846291295,0.000228103866276886,0.0002793037973212073,5.1199931044321266e-05,0.2909894836615404
lung->heart,SPP1,ITGB1,"CD8-positive, alpha-beta T cell",cardiac endothelial cell,0.06749411683295295,0.07106808469449526,0.005786397802698401,0.005008436613691961,0.00039054780933726814,0.00035593999744887127,-3.4607811888396874e-05,-0.13350690249925876
lung->heart,SPP1,ITGB1,monocyte,cardiac fibroblast,0.09163674726974363,0.0761614671503201,0.0033796110976818923,0.0039300875846291295,0.0003096965680282964,0.0002993212364746123,-1.0375331553684106e-05,-0.04899981033816198
lung->heart,SPP1,ITGB1,monocyte,cardiac endothelial cell,0.09163674726974363,0.0761614671503201,0.005786397802698401,0.005008436613691961,0.0005302466730480733,0.0003814498806281607,-0.0001487967924199126,-0.47411120364366277
lung->heart,SPP1,ITGB1,fibroblast,cardiac fibroblast,0.24272041860287866,0.2858098769680536,0.0033796110976818923,0.0039300875846291295,0.0008203006203442831,0.0011232578490365265,0.0003029572286922434,0.452990663372121
lung->heart,SPP1,ITGB1,fibroblast,cardiac endothelial cell,0.24272041860287866,0.2858098769680536,0.005786397802698401,0.005008436613691961,0.0014044768968737333,0.0014314606523615943,2.6983755487861028e-05,0.027435771766297246
lung->heart,SPP1,ITGB1,conventional dendritic cell,cardiac fibroblast,0.10374054892629889,0.07894522762081944,0.0033796110976818923,0.0039300875846291295,0.00035060271043093103,0.0003102616589383031,-4.034105149262792e-05,-0.17581831468621736
lung->heart,SPP1,ITGB1,conventional dendritic cell,cardiac endothelial cell,0.10374054892629889,0.07894522762081944,0.005786397802698401,0.005008436613691961,0.0006002840843578618,0.000395392168492358,-0.00020489191586550384,-0.6011183122103064
lung->heart,SPP1,ITGB1,mast cell,cardiac fibroblast,0.10817256314996432,0.09839706390433033,0.0033796110976818923,0.0039300875846291295,0.00036558119488631474,0.00038670907921436765,2.1127884328052914e-05,0.08084174043898008
lung->heart,SPP1,ITGB1,mast cell,cardiac endothelial cell,0.10817256314996432,0.09839706390433033,0.005786397802698401,0.005008436613691961,0.0006259294817232076,0.0004928154575382357,-0.00013311402418497188,-0.34433117814349085
lung->heart,SPP1,ITGB1,pulmonary alveolar type 2 cell,cardiac fibroblast,0.13881405132707805,0.18728413625683468,0.0033796110976818923,0.0039300875846291295,0.0004691375083791768,0.0007360430587009762,0.00026690555032179937,0.6486661194746393
lung->heart,SPP1,ITGB1,pulmonary alveolar type 2 cell,cardiac endothelial cell,0.13881405132707805,0.18728413625683468,0.005786397802698401,0.005008436613691961,0.0008032333215826675,0.0009380007251924049,0.00013476740360973737,0.2235121599043582
lung->heart,SPP1,ITGB1,vein endothelial cell,cardiac fibroblast,0.2559046622981315,0.2762076656352465,0.0033796110976818923,0.0039300875846291295,0.0008648582366513022,0.001085520317492476,0.00022066208084117387,0.3275124096155054
lung->heart,SPP1,ITGB1,vein endothelial cell,cardiac endothelial cell,0.2559046622981315,0.2762076656352465,0.005786397802698401,0.005008436613691961,0.0014807661756221847,0.0013833685855499554,-9.73975900722293e-05,-0.09808969771730823
lung->heart,SPP1,ITGB1,lung multiciliated epithelial cell,cardiac fibroblast,0.05736541612340176,0.05378150132960817,0.0033796110976818923,0.0039300875846291295,0.00019387279695378835,0.0002113660106582081,1.7493213704419737e-05,0.12402016689854159
lung->heart,SPP1,ITGB1,lung multiciliated epithelial cell,cardiac endothelial cell,0.05736541612340176,0.05378150132960817,0.005786397802698401,0.005008436613691961,0.0003319391178073314,0.00026936124039853243,-6.257787740879896e-05,-0.3003700476953645
lung->heart,SPP1,ITGB1,smooth muscle cell,cardiac fibroblast,0.16717593599100533,0.1857800279478262,0.0033796110976818923,0.0039300875846291295,0.0005649896485405593,0.0007301317813098044,0.0001651421327692451,0.36935579748960523
lung->heart,SPP1,ITGB1,smooth muscle cell,cardiac endothelial cell,0.16717593599100533,0.1857800279478262,0.005786397802698401,0.005008436613691961,0.0009673464686824018,0.0009304674940666084,-3.6878974615793406e-05,-0.056017904160408666
lung->heart,SPP1,ITGB1,endothelial cell,cardiac fibroblast,0.21397417549418782,0.21666992162524462,0.0033796110976818923,0.0039300875846291295,0.0007231494981174899,0.0008515317689419404,0.00012838227082445045,0.23546602868699995
lung->heart,SPP1,ITGB1,endothelial cell,cardiac endothelial cell,0.21397417549418782,0.21666992162524462,0.005786397802698401,0.005008436613691961,0.0012381396989137705,0.0010851775685536426,-0.00015296213036012783,-0.19007886957866527
lung->heart,SPP1,ITGB1,B cell,cardiac fibroblast,0.079774534640635,0.10480325059022438,0.0033796110976818923,0.0039300875846291295,0.0002696069025838986,0.00041188595397341634,0.00014227905138951773,0.6095447003538691
lung->heart,SPP1,ITGB1,B cell,cardiac endothelial cell,0.079774534640635,0.10480325059022438,0.005786397802698401,0.005008436613691961,0.00046160719195585784,0.0005249004374900134,6.329324553415558e-05,0.18500200186883206
lung->heart,SPP1,ITGB1,pulmonary alveolar type 1 cell,cardiac fibroblast,0.1641159054708863,0.14260736604519877,0.0033796110976818923,0.0039300875846291295,0.0005546479354355198,0.0005604594387708974,5.811503335377598e-06,0.015010737325599197
lung->heart,SPP1,ITGB1,pulmonary alveolar type 1 cell,cardiac endothelial cell,0.1641159054708863,0.14260736604519877,0.005786397802698401,0.005008436613691961,0.0009496399148045951,0.0007142399534829452,-0.00023539996132164985,-0.41047164970492084
lung->heart,SPP1,ITGB1,club cell,cardiac fibroblast,0.11696707623079128,0.1277992757437628,0.0033796110976818923,0.0039300875846291295,0.0003953032288929861,0.0005022623469251569,0.00010695911803217074,0.3447059405793779
lung->heart,SPP1,ITGB1,club cell,cardiac endothelial cell,0.11696707623079128,0.1277992757437628,0.005786397802698401,0.005008436613691961,0.0006768180328899071,0.0006400745718383765,-3.674346105153061e-05,-0.08040583376455686
lung->heart,SPP1,ITGB1,neutrophil,cardiac fibroblast,0.05767882335050758,0.003794435799531106,0.0033796110976818923,0.0039300875846291295,0.00019493199149660888,1.4912465026409504e-05,-0.00018001952647019937,-3.622123729649771
lung->heart,SPP1,ITGB1,neutrophil,cardiac endothelial cell,0.05767882335050758,0.003794435799531106,0.005786397802698401,0.005008436613691961,0.00033375261669760627,1.900419118667512e-05,-0.0003147484255109311,-4.064721129216119
lung->heart,SPP1,ITGB1,plasma cell,cardiac fibroblast,0.21958732589440794,0.13913282430369717,0.0033796110976818923,0.0039300875846291295,0.0007421197635030314,0.0005468041854103463,-0.0001953155780926851,-0.4399344499761292
lung->heart,SPP1,ITGB1,plasma cell,cardiac endothelial cell,0.21958732589440794,0.13913282430369717,0.005786397802698401,0.005008436613691961,0.0012706196200558198,0.0006968379314090076,-0.0005737816886468122,-0.8657032580200432
lung->heart,SPP1,ITGB1,leukocyte,cardiac fibroblast,0.08252362220357777,0.056589197892322265,0.0033796110976818923,0.0039300875846291295,0.00027889774942011923,0.00022240050406073663,-5.64972453593826e-05,-0.32526744565648663
lung->heart,SPP1,ITGB1,leukocyte,cardiac endothelial cell,0.08252362220357777,0.056589197892322265,0.005786397802698401,0.005008436613691961,0.0004775145061894954,0.0002834234106633668,-0.0001940910955261286,-0.7505224438223402
lung->heart,SPP1,ITGB1,endothelial cell of lymphatic vessel,cardiac fibroblast,0.19625530289590504,0.3072792769504271,0.0033796110976818923,0.0039300875846291295,0.0006632665996459219,0.0012076344713566895,0.0005443678717107676,0.8635437143040019
lung->heart,SPP1,ITGB1,endothelial cell of lymphatic vessel,cardiac endothelial cell,0.19625530289590504,0.3072792769504271,0.005786397802698401,0.005008436613691961,0.001135611253444774,0.0015389887813073114,0.00040337752786253744,0.43818093652836443
lung->heart,FN1,ITGAV,"CD4-positive, alpha-beta T cell",cardiac fibroblast,0.0,0.0,0.0,0.0,0.0,0.0,0.0,0.0
lung->heart,FN1,ITGAV,"CD4-positive, alpha-beta T cell",cardiac endothelial cell,0.0,0.0,0.0,0.0,0.0,0.0,0.0,0.0
lung->heart,FN1,ITGAV,natural killer cell,cardiac fibroblast,0.0,0.0,0.0,0.0,0.0,0.0,0.0,0.0
lung->heart,FN1,ITGAV,natural killer cell,cardiac endothelial cell,0.0,0.0,0.0,0.0,0.0,0.0,0.0,0.0
lung->heart,FN1,ITGAV,capillary endothelial cell,cardiac fibroblast,0.0,0.0,0.0,0.0,0.0,0.0,0.0,0.0
lung->heart,FN1,ITGAV,capillary endothelial cell,cardiac endothelial cell,0.0,0.0,0.0,0.0,0.0,0.0,0.0,0.0
lung->heart,FN1,ITGAV,macrophage,cardiac fibroblast,0.0,0.0,0.0,0.0,0.0,0.0,0.0,0.0
lung->heart,FN1,ITGAV,macrophage,cardiac endothelial cell,0.0,0.0,0.0,0.0,0.0,0.0,0.0,0.0
lung->heart,FN1,ITGAV,"CD8-positive, alpha-beta T cell",cardiac fibroblast,0.0,0.0,0.0,0.0,0.0,0.0,0.0,0.0
lung->heart,FN1,ITGAV,"CD8-positive, alpha-beta T cell",cardiac endothelial cell,0.0,0.0,0.0,0.0,0.0,0.0,0.0,0.0
lung->heart,FN1,ITGAV,monocyte,cardiac fibroblast,0.0,0.0,0.0,0.0,0.0,0.0,0.0,0.0
lung->heart,FN1,ITGAV,monocyte,cardiac endothelial cell,0.0,0.0,0.0,0.0,0.0,0.0,0.0,0.0
lung->heart,FN1,ITGAV,fibroblast,cardiac fibroblast,0.0,0.0,0.0,0.0,0.0,0.0,0.0,0.0
lung->heart,FN1,ITGAV,fibroblast,cardiac endothelial cell,0.0,0.0,0.0,0.0,0.0,0.0,0.0,0.0
lung->heart,FN1,ITGAV,conventional dendritic cell,cardiac fibroblast,0.0,0.0,0.0,0.0,0.0,0.0,0.0,0.0
lung->heart,FN1,ITGAV,conventional dendritic cell,cardiac endothelial cell,0.0,0.0,0.0,0.0,0.0,0.0,0.0,0.0
lung->heart,FN1,ITGAV,mast cell,cardiac fibroblast,0.0,0.0,0.0,0.0,0.0,0.0,0.0,0.0
lung->heart,FN1,ITGAV,mast cell,cardiac endothelial cell,0.0,0.0,0.0,0.0,0.0,0.0,0.0,0.0
lung->heart,FN1,ITGAV,pulmonary alveolar type 2 cell,cardiac fibroblast,0.0,0.0,0.0,0.0,0.0,0.0,0.0,0.0
lung->heart,FN1,ITGAV,pulmonary alveolar type 2 cell,cardiac endothelial cell,0.0,0.0,0.0,0.0,0.0,0.0,0.0,0.0
lung->heart,FN1,ITGAV,vein endothelial cell,cardiac fibroblast,0.0,0.0,0.0,0.0,0.0,0.0,0.0,0.0
lung->heart,FN1,ITGAV,vein endothelial cell,cardiac endothelial cell,0.0,0.0,0.0,0.0,0.0,0.0,0.0,0.0
lung->heart,FN1,ITGAV,lung multiciliated epithelial cell,cardiac fibroblast,0.0024182688561558575,0.0,0.0,0.0,0.0,0.0,0.0,0.0
lung->heart,FN1,ITGAV,lung multiciliated epithelial cell,cardiac endothelial cell,0.0024182688561558575,0.0,0.0,0.0,0.0,0.0,0.0,0.0
lung->heart,FN1,ITGAV,smooth muscle cell,cardiac fibroblast,0.0,0.0,0.0,0.0,0.0,0.0,0.0,0.0
lung->heart,FN1,ITGAV,smooth muscle cell,cardiac endothelial cell,0.0,0.0,0.0,0.0,0.0,0.0,0.0,0.0
lung->heart,FN1,ITGAV,endothelial cell,cardiac fibroblast,0.0,0.0,0.0,0.0,0.0,0.0,0.0,0.0
lung->heart,FN1,ITGAV,endothelial cell,cardiac endothelial cell,0.0,0.0,0.0,0.0,0.0,0.0,0.0,0.0
lung->heart,FN1,ITGAV,B cell,cardiac fibroblast,0.0,0.0,0.0,0.0,0.0,0.0,0.0,0.0
lung->heart,FN1,ITGAV,B cell,cardiac endothelial cell,0.0,0.0,0.0,0.0,0.0,0.0,0.0,0.0
lung->heart,FN1,ITGAV,pulmonary alveolar type 1 cell,cardiac fibroblast,0.0,0.0,0.0,0.0,0.0,0.0,0.0,0.0
lung->heart,FN1,ITGAV,pulmonary alveolar type 1 cell,cardiac endothelial cell,0.0,0.0,0.0,0.0,0.0,0.0,0.0,0.0
lung->heart,FN1,ITGAV,club cell,cardiac fibroblast,0.0,0.0,0.0,0.0,0.0,0.0,0.0,0.0
lung->heart,FN1,ITGAV,club cell,cardiac endothelial cell,0.0,0.0,0.0,0.0,0.0,0.0,0.0,0.0
lung->heart,FN1,ITGAV,neutrophil,cardiac fibroblast,0.0,0.0,0.0,0.0,0.0,0.0,0.0,0.0
lung->heart,FN1,ITGAV,neutrophil,cardiac endothelial cell,0.0,0.0,0.0,0.0,0.0,0.0,0.0,0.0
lung->heart,FN1,ITGAV,plasma cell,cardiac fibroblast,0.0,0.0,0.0,0.0,0.0,0.0,0.0,0.0
lung->heart,FN1,ITGAV,plasma cell,cardiac endothelial cell,0.0,0.0,0.0,0.0,0.0,0.0,0.0,0.0
lung->heart,FN1,ITGAV,leukocyte,cardiac fibroblast,0.0,0.0,0.0,0.0,0.0,0.0,0.0,0.0
lung->heart,FN1,ITGAV,leukocyte,cardiac endothelial cell,0.0,0.0,0.0,0.0,0.0,0.0,0.0,0.0
lung->heart,FN1,ITGAV,endothelial cell of lymphatic vessel,cardiac fibroblast,0.0,0.0,0.0,0.0,0.0,0.0,0.0,0.0
lung->heart,FN1,ITGAV,endothelial cell of lymphatic vessel,cardiac endothelial cell,0.0,0.0,0.0,0.0,0.0,0.0,0.0,0.0
lung->heart,FN1,ITGA5,"CD4-positive, alpha-beta T cell",cardiac fibroblast,0.0,0.0,0.0,2.1629239733507154e-05,0.0,0.0,0.0,0.0
lung->heart,FN1,ITGA5,"CD4-positive, alpha-beta T cell",cardiac endothelial cell,0.0,0.0,0.0,4.3628614368984895e-05,0.0,0.0,0.0,0.0
lung->heart,FN1,ITGA5,"CD4-positive, alpha-beta T cell",cardiac macrophage,0.0,0.0,0.02692416130296818,0.028673244956181645,0.0,0.0,0.0,0.0
lung->heart,FN1,ITGA5,natural killer cell,cardiac fibroblast,0.0,0.0,0.0,2.1629239733507154e-05,0.0,0.0,0.0,0.0
lung->heart,FN1,ITGA5,natural killer cell,cardiac endothelial cell,0.0,0.0,0.0,4.3628614368984895e-05,0.0,0.0,0.0,0.0
lung->heart,FN1,ITGA5,natural killer cell,cardiac macrophage,0.0,0.0,0.02692416130296818,0.028673244956181645,0.0,0.0,0.0,0.0
lung->heart,FN1,ITGA5,capillary endothelial cell,cardiac fibroblast,0.0,0.0,0.0,2.1629239733507154e-05,0.0,0.0,0.0,0.0
lung->heart,FN1,ITGA5,capillary endothelial cell,cardiac endothelial cell,0.0,0.0,0.0,4.3628614368984895e-05,0.0,0.0,0.0,0.0
lung->heart,FN1,ITGA5,capillary endothelial cell,cardiac macrophage,0.0,0.0,0.02692416130296818,0.028673244956181645,0.0,0.0,0.0,0.0
lung->heart,FN1,ITGA5,macrophage,cardiac fibroblast,0.0,0.0,0.0,2.1629239733507154e-05,0.0,0.0,0.0,0.0
lung->heart,FN1,ITGA5,macrophage,cardiac endothelial cell,0.0,0.0,0.0,4.3628614368984895e-05,0.0,0.0,0.0,0.0
lung->heart,FN1,ITGA5,macrophage,cardiac macrophage,0.0,0.0,0.02692416130296818,0.028673244956181645,0.0,0.0,0.0,0.0
lung->heart,FN1,ITGA5,"CD8-positive, alpha-beta T cell",cardiac fibroblast,0.0,0.0,0.0,2.1629239733507154e-05,0.0,0.0,0.0,0.0
lung->heart,FN1,ITGA5,"CD8-positive, alpha-beta T cell",cardiac endothelial cell,0.0,0.0,0.0,4.3628614368984895e-05,0.0,0.0,0.0,0.0
lung->heart,FN1,ITGA5,"CD8-positive, alpha-beta T cell",cardiac macrophage,0.0,0.0,0.02692416130296818,0.028673244956181645,0.0,0.0,0.0,0.0
lung->heart,FN1,ITGA5,monocyte,cardiac fibroblast,0.0,0.0,0.0,2.1629239733507154e-05,0.0,0.0,0.0,0.0
lung->heart,FN1,ITGA5,monocyte,cardiac endothelial cell,0.0,0.0,0.0,4.3628614368984895e-05,0.0,0.0,0.0,0.0
lung->heart,FN1,ITGA5,monocyte,cardiac macrophage,0.0,0.0,0.02692416130296818,0.028673244956181645,0.0,0.0,0.0,0.0
lung->heart,FN1,ITGA5,fibroblast,cardiac fibroblast,0.0,0.0,0.0,2.1629239733507154e-05,0.0,0.0,0.0,0.0
lung->heart,FN1,ITGA5,fibroblast,cardiac endothelial cell,0.0,0.0,0.0,4.3628614368984895e-05,0.0,0.0,0.0,0.0
lung->heart,FN1,ITGA5,fibroblast,cardiac macrophage,0.0,0.0,0.02692416130296818,0.028673244956181645,0.0,0.0,0.0,0.0
lung->heart,FN1,ITGA5,conventional dendritic cell,cardiac fibroblast,0.0,0.0,0.0,2.1629239733507154e-05,0.0,0.0,0.0,0.0
lung->heart,FN1,ITGA5,conventional dendritic cell,cardiac endothelial cell,0.0,0.0,0.0,4.3628614368984895e-05,0.0,0.0,0.0,0.0
lung->heart,FN1,ITGA5,conventional dendritic cell,cardiac macrophage,0.0,0.0,0.02692416130296818,0.028673244956181645,0.0,0.0,0.0,0.0
lung->heart,FN1,ITGA5,mast cell,cardiac fibroblast,0.0,0.0,0.0,2.1629239733507154e-05,0.0,0.0,0.0,0.0
lung->heart,FN1,ITGA5,mast cell,cardiac endothelial cell,0.0,0.0,0.0,4.3628614368984895e-05,0.0,0.0,0.0,0.0
lung->heart,FN1,ITGA5,mast cell,cardiac macrophage,0.0,0.0,0.02692416130296818,0.028673244956181645,0.0,0.0,0.0,0.0
lung->heart,FN1,ITGA5,pulmonary alveolar type 2 cell,cardiac fibroblast,0.0,0.0,0.0,2.1629239733507154e-05,0.0,0.0,0.0,0.0
lung->heart,FN1,ITGA5,pulmonary alveolar type 2 cell,cardiac endothelial cell,0.0,0.0,0.0,4.3628614368984895e-05,0.0,0.0,0.0,0.0
lung->heart,FN1,ITGA5,pulmonary alveolar type 2 cell,cardiac macrophage,0.0,0.0,0.02692416130296818,0.028673244956181645,0.0,0.0,0.0,0.0
lung->heart,FN1,ITGA5,vein endothelial cell,cardiac fibroblast,0.0,0.0,0.0,2.1629239733507154e-05,0.0,0.0,0.0,0.0
lung->heart,FN1,ITGA5,vein endothelial cell,cardiac endothelial cell,0.0,0.0,0.0,4.3628614368984895e-05,0.0,0.0,0.0,0.0
lung->heart,FN1,ITGA5,vein endothelial cell,cardiac macrophage,0.0,0.0,0.02692416130296818,0.028673244956181645,0.0,0.0,0.0,0.0
lung->heart,FN1,ITGA5,lung multiciliated epithelial cell,cardiac fibroblast,0.0024182688561558575,0.0,0.0,2.1629239733507154e-05,0.0,0.0,0.0,0.0
lung->heart,FN1,ITGA5,lung multiciliated epithelial cell,cardiac endothelial cell,0.0024182688561558575,0.0,0.0,4.3628614368984895e-05,0.0,0.0,0.0,0.0
lung->heart,FN1,ITGA5,lung multiciliated epithelial cell,cardiac macrophage,0.0024182688561558575,0.0,0.02692416130296818,0.028673244956181645,6.510986075708466e-05,0.0,-6.510986075708466e-05,-6.04679357092189
lung->heart,FN1,ITGA5,smooth muscle cell,cardiac fibroblast,0.0,0.0,0.0,2.1629239733507154e-05,0.0,0.0,0.0,0.0
lung->heart,FN1,ITGA5,smooth muscle cell,cardiac endothelial cell,0.0,0.0,0.0,4.3628614368984895e-05,0.0,0.0,0.0,0.0
lung->heart,FN1,ITGA5,smooth muscle cell,cardiac macrophage,0.0,0.0,0.02692416130296818,0.028673244956181645,0.0,0.0,0.0,0.0
lung->heart,FN1,ITGA5,endothelial cell,cardiac fibroblast,0.0,0.0,0.0,2.1629239733507154e-05,0.0,0.0,0.0,0.0
lung->heart,FN1,ITGA5,endothelial cell,cardiac endothelial cell,0.0,0.0,0.0,4.3628614368984895e-05,0.0,0.0,0.0,0.0
lung->heart,FN1,ITGA5,endothelial cell,cardiac macrophage,0.0,0.0,0.02692416130296818,0.028673244956181645,0.0,0.0,0.0,0.0
lung->heart,FN1,ITGA5,B cell,cardiac fibroblast,0.0,0.0,0.0,2.1629239733507154e-05,0.0,0.0,0.0,0.0
lung->heart,FN1,ITGA5,B cell,cardiac endothelial cell,0.0,0.0,0.0,4.3628614368984895e-05,0.0,0.0,0.0,0.0
lung->heart,FN1,ITGA5,B cell,cardiac macrophage,0.0,0.0,0.02692416130296818,0.028673244956181645,0.0,0.0,0.0,0.0
lung->heart,FN1,ITGA5,pulmonary alveolar type 1 cell,cardiac fibroblast,0.0,0.0,0.0,2.1629239733507154e-05,0.0,0.0,0.0,0.0
lung->heart,FN1,ITGA5,pulmonary alveolar type 1 cell,cardiac endothelial cell,0.0,0.0,0.0,4.3628614368984895e-05,0.0,0.0,0.0,0.0
lung->heart,FN1,ITGA5,pulmonary alveolar type 1 cell,cardiac macrophage,0.0,0.0,0.02692416130296818,0.028673244956181645,0.0,0.0,0.0,0.0
lung->heart,FN1,ITGA5,club cell,cardiac fibroblast,0.0,0.0,0.0,2.1629239733507154e-05,0.0,0.0,0.0,0.0
lung->heart,FN1,ITGA5,club cell,cardiac endothelial cell,0.0,0.0,0.0,4.3628614368984895e-05,0.0,0.0,0.0,0.0
lung->heart,FN1,ITGA5,club cell,cardiac macrophage,0.0,0.0,0.02692416130296818,0.028673244956181645,0.0,0.0,0.0,0.0
lung->heart,FN1,ITGA5,neutrophil,cardiac fibroblast,0.0,0.0,0.0,2.1629239733507154e-05,0.0,0.0,0.0,0.0
lung->heart,FN1,ITGA5,neutrophil,cardiac endothelial cell,0.0,0.0,0.0,4.3628614368984895e-05,0.0,0.0,0.0,0.0
lung->heart,FN1,ITGA5,neutrophil,cardiac macrophage,0.0,0.0,0.02692416130296818,0.028673244956181645,0.0,0.0,0.0,0.0
lung->heart,FN1,ITGA5,plasma cell,cardiac fibroblast,0.0,0.0,0.0,2.1629239733507154e-05,0.0,0.0,0.0,0.0
lung->heart,FN1,ITGA5,plasma cell,cardiac endothelial cell,0.0,0.0,0.0,4.3628614368984895e-05,0.0,0.0,0.0,0.0
lung->heart,FN1,ITGA5,plasma cell,cardiac macrophage,0.0,0.0,0.02692416130296818,0.028673244956181645,0.0,0.0,0.0,0.0
lung->heart,FN1,ITGA5,leukocyte,cardiac fibroblast,0.0,0.0,0.0,2.1629239733507154e-05,0.0,0.0,0.0,0.0
lung->heart,FN1,ITGA5,leukocyte,cardiac endothelial cell,0.0,0.0,0.0,4.3628614368984895e-05,0.0,0.0,0.0,0.0
lung->heart,FN1,ITGA5,leukocyte,cardiac macrophage,0.0,0.0,0.02692416130296818,0.028673244956181645,0.0,0.0,0.0,0.0
lung->heart,FN1,ITGA5,endothelial cell of lymphatic vessel,cardiac fibroblast,0.0,0.0,0.0,2.1629239733507154e-05,0.0,0.0,0.0,0.0
lung->heart,FN1,ITGA5,endothelial cell of lymphatic vessel,cardiac endothelial cell,0.0,0.0,0.0,4.3628614368984895e-05,0.0,0.0,0.0,0.0
lung->heart,FN1,ITGA5,endothelial cell of lymphatic vessel,cardiac macrophage,0.0,0.0,0.02692416130296818,0.028673244956181645,0.0,0.0,0.0,0.0
lung->heart,FN1,ITGB1,"CD4-positive, alpha-beta T cell",cardiac fibroblast,0.0,0.0,0.0033796110976818923,0.0039300875846291295,0.0,0.0,0.0,0.0
lung->heart,FN1,ITGB1,"CD4-positive, alpha-beta T cell",cardiac endothelial cell,0.0,0.0,0.005786397802698401,0.005008436613691961,0.0,0.0,0.0,0.0
lung->heart,FN1,ITGB1,natural killer cell,cardiac fibroblast,0.0,0.0,0.0033796110976818923,0.0039300875846291295,0.0,0.0,0.0,0.0
lung->heart,FN1,ITGB1,natural killer cell,cardiac endothelial cell,0.0,0.0,0.005786397802698401,0.005008436613691961,0.0,0.0,0.0,0.0
lung->heart,FN1,ITGB1,capillary endothelial cell,cardiac fibroblast,0.0,0.0,0.0033796110976818923,0.0039300875846291295,0.0,0.0,0.0,0.0
lung->heart,FN1,ITGB1,capillary endothelial cell,cardiac endothelial cell,0.0,0.0,0.005786397802698401,0.005008436613691961,0.0,0.0,0.0,0.0
lung->heart,FN1,ITGB1,macrophage,cardiac fibroblast,0.0,0.0,0.0033796110976818923,0.0039300875846291295,0.0,0.0,0.0,0.0
lung->heart,FN1,ITGB1,macrophage,cardiac endothelial cell,0.0,0.0,0.005786397802698401,0.005008436613691961,0.0,0.0,0.0,0.0
lung->heart,FN1,ITGB1,"CD8-positive, alpha-beta T cell",cardiac fibroblast,0.0,0.0,0.0033796110976818923,0.0039300875846291295,0.0,0.0,0.0,0.0
lung->heart,FN1,ITGB1,"CD8-positive, alpha-beta T cell",cardiac endothelial cell,0.0,0.0,0.005786397802698401,0.005008436613691961,0.0,0.0,0.0,0.0
lung->heart,FN1,ITGB1,monocyte,cardiac fibroblast,0.0,0.0,0.0033796110976818923,0.0039300875846291295,0.0,0.0,0.0,0.0
lung->heart,FN1,ITGB1,monocyte,cardiac endothelial cell,0.0,0.0,0.005786397802698401,0.005008436613691961,0.0,0.0,0.0,0.0
lung->heart,FN1,ITGB1,fibroblast,cardiac fibroblast,0.0,0.0,0.0033796110976818923,0.0039300875846291295,0.0,0.0,0.0,0.0
lung->heart,FN1,ITGB1,fibroblast,cardiac endothelial cell,0.0,0.0,0.005786397802698401,0.005008436613691961,0.0,0.0,0.0,0.0
lung->heart,FN1,ITGB1,conventional dendritic cell,cardiac fibroblast,0.0,0.0,0.0033796110976818923,0.0039300875846291295,0.0,0.0,0.0,0.0
lung->heart,FN1,ITGB1,conventional dendritic cell,cardiac endothelial cell,0.0,0.0,0.005786397802698401,0.005008436613691961,0.0,0.0,0.0,0.0
lung->heart,FN1,ITGB1,mast cell,cardiac fibroblast,0.0,0.0,0.0033796110976818923,0.0039300875846291295,0.0,0.0,0.0,0.0
lung->heart,FN1,ITGB1,mast cell,cardiac endothelial cell,0.0,0.0,0.005786397802698401,0.005008436613691961,0.0,0.0,0.0,0.0
lung->heart,FN1,ITGB1,pulmonary alveolar type 2 cell,cardiac fibroblast,0.0,0.0,0.0033796110976818923,0.0039300875846291295,0.0,0.0,0.0,0.0
lung->heart,FN1,ITGB1,pulmonary alveolar type 2 cell,cardiac endothelial cell,0.0,0.0,0.005786397802698401,0.005008436613691961,0.0,0.0,0.0,0.0
lung->heart,FN1,ITGB1,vein endothelial cell,cardiac fibroblast,0.0,0.0,0.0033796110976818923,0.0039300875846291295,0.0,0.0,0.0,0.0
lung->heart,FN1,ITGB1,vein endothelial cell,cardiac endothelial cell,0.0,0.0,0.005786397802698401,0.005008436613691961,0.0,0.0,0.0,0.0
lung->heart,FN1,ITGB1,lung multiciliated epithelial cell,cardiac fibroblast,0.0024182688561558575,0.0,0.0033796110976818923,0.0039300875846291295,8.172808263442831e-06,0.0,-8.172808263442831e-06,-3.197363483820215
lung->heart,FN1,ITGB1,lung multiciliated epithelial cell,cardiac endothelial cell,0.0024182688561558575,0.0,0.005786397802698401,0.005008436613691961,1.399306559559423e-05,0.0,-1.399306559559423e-05,-3.906223492674736
lung->heart,FN1,ITGB1,smooth muscle cell,cardiac fibroblast,0.0,0.0,0.0033796110976818923,0.0039300875846291295,0.0,0.0,0.0,0.0
lung->heart,FN1,ITGB1,smooth muscle cell,cardiac endothelial cell,0.0,0.0,0.005786397802698401,0.005008436613691961,0.0,0.0,0.0,0.0
lung->heart,FN1,ITGB1,endothelial cell,cardiac fibroblast,0.0,0.0,0.0033796110976818923,0.0039300875846291295,0.0,0.0,0.0,0.0
lung->heart,FN1,ITGB1,endothelial cell,cardiac endothelial cell,0.0,0.0,0.005786397802698401,0.005008436613691961,0.0,0.0,0.0,0.0
lung->heart,FN1,ITGB1,B cell,cardiac fibroblast,0.0,0.0,0.0033796110976818923,0.0039300875846291295,0.0,0.0,0.0,0.0
lung->heart,FN1,ITGB1,B cell,cardiac endothelial cell,0.0,0.0,0.005786397802698401,0.005008436613691961,0.0,0.0,0.0,0.0
lung->heart,FN1,ITGB1,pulmonary alveolar type 1 cell,cardiac fibroblast,0.0,0.0,0.0033796110976818923,0.0039300875846291295,0.0,0.0,0.0,0.0
lung->heart,FN1,ITGB1,pulmonary alveolar type 1 cell,cardiac endothelial cell,0.0,0.0,0.005786397802698401,0.005008436613691961,0.0,0.0,0.0,0.0
lung->heart,FN1,ITGB1,club cell,cardiac fibroblast,0.0,0.0,0.0033796110976818923,0.0039300875846291295,0.0,0.0,0.0,0.0
lung->heart,FN1,ITGB1,club cell,cardiac endothelial cell,0.0,0.0,0.005786397802698401,0.005008436613691961,0.0,0.0,0.0,0.0
lung->heart,FN1,ITGB1,neutrophil,cardiac fibroblast,0.0,0.0,0.0033796110976818923,0.0039300875846291295,0.0,0.0,0.0,0.0
lung->heart,FN1,ITGB1,neutrophil,cardiac endothelial cell,0.0,0.0,0.005786397802698401,0.005008436613691961,0.0,0.0,0.0,0.0
lung->heart,FN1,ITGB1,plasma cell,cardiac fibroblast,0.0,0.0,0.0033796110976818923,0.0039300875846291295,0.0,0.0,0.0,0.0
lung->heart,FN1,ITGB1,plasma cell,cardiac endothelial cell,0.0,0.0,0.005786397802698401,0.005008436613691961,0.0,0.0,0.0,0.0
lung->heart,FN1,ITGB1,leukocyte,cardiac fibroblast,0.0,0.0,0.0033796110976818923,0.0039300875846291295,0.0,0.0,0.0,0.0
lung->heart,FN1,ITGB1,leukocyte,cardiac endothelial cell,0.0,0.0,0.005786397802698401,0.005008436613691961,0.0,0.0,0.0,0.0
lung->heart,FN1,ITGB1,endothelial cell of lymphatic vessel,cardiac fibroblast,0.0,0.0,0.0033796110976818923,0.0039300875846291295,0.0,0.0,0.0,0.0
lung->heart,FN1,ITGB1,endothelial cell of lymphatic vessel,cardiac endothelial cell,0.0,0.0,0.005786397802698401,0.005008436613691961,0.0,0.0,0.0,0.0
lung->heart,TGFB1,TGFBR1,"CD4-positive, alpha-beta T cell",cardiac fibroblast,0.0,0.0,0.010036920506343456,0.006126558248372473,0.0,0.0,0.0,0.0
lung->heart,TGFB1,TGFBR1,"CD4-positive, alpha-beta T cell",cardiac endothelial cell,0.0,0.0,0.006544423656194649,0.005763606263751268,0.0,0.0,0.0,0.0
lung->heart,TGFB1,TGFBR1,natural killer cell,cardiac fibroblast,0.0,0.0,0.010036920506343456,0.006126558248372473,0.0,0.0,0.0,0.0
lung->heart,TGFB1,TGFBR1,natural killer cell,cardiac endothelial cell,0.0,0.0,0.006544423656194649,0.005763606263751268,0.0,0.0,0.0,0.0
lung->heart,TGFB1,TGFBR1,capillary endothelial cell,cardiac fibroblast,0.0002214079652648623,0.0,0.010036920506343456,0.006126558248372473,2.222254146834676e-06,0.0,-2.222254146834676e-06,-1.6880702873151632
lung->heart,TGFB1,TGFBR1,capillary endothelial cell,cardiac endothelial cell,0.0002214079652648623,0.0,0.006544423656194649,0.005763606263751268,1.448987525549288e-06,0.0,-1.448987525549288e-06,-1.2921854252395737
lung->heart,TGFB1,TGFBR1,macrophage,cardiac fibroblast,0.0,0.0,0.010036920506343456,0.006126558248372473,0.0,0.0,0.0,0.0
lung->heart,TGFB1,TGFBR1,macrophage,cardiac endothelial cell,0.0,0.0,0.006544423656194649,0.005763606263751268,0.0,0.0,0.0,0.0
lung->heart,TGFB1,TGFBR1,"CD8-positive, alpha-beta T cell",cardiac fibroblast,0.0,0.0,0.010036920506343456,0.006126558248372473,0.0,0.0,0.0,0.0
lung->heart,TGFB1,TGFBR1,"CD8-positive, alpha-beta T cell",cardiac endothelial cell,0.0,0.0,0.006544423656194649,0.005763606263751268,0.0,0.0,0.0,0.0
lung->heart,TGFB1,TGFBR1,monocyte,cardiac fibroblast,0.0,0.0,0.010036920506343456,0.006126558248372473,0.0,0.0,0.0,0.0
lung->heart,TGFB1,TGFBR1,monocyte,cardiac endothelial cell,0.0,0.0,0.006544423656194649,0.005763606263751268,0.0,0.0,0.0,0.0
lung->heart,TGFB1,TGFBR1,fibroblast,cardiac fibroblast,0.0,0.0,0.010036920506343456,0.006126558248372473,0.0,0.0,0.0,0.0
lung->heart,TGFB1,TGFBR1,fibroblast,cardiac endothelial cell,0.0,0.0,0.006544423656194649,0.005763606263751268,0.0,0.0,0.0,0.0
lung->heart,TGFB1,TGFBR1,conventional dendritic cell,cardiac fibroblast,0.0,0.0,0.010036920506343456,0.006126558248372473,0.0,0.0,0.0,0.0
lung->heart,TGFB1,TGFBR1,conventional dendritic cell,cardiac endothelial cell,0.0,0.0,0.006544423656194649,0.005763606263751268,0.0,0.0,0.0,0.0
lung->heart,TGFB1,TGFBR1,mast cell,cardiac fibroblast,0.0,0.0,0.010036920506343456,0.006126558248372473,0.0,0.0,0.0,0.0
lung->heart,TGFB1,TGFBR1,mast cell,cardiac endothelial cell,0.0,0.0,0.006544423656194649,0.005763606263751268,0.0,0.0,0.0,0.0
lung->heart,TGFB1,TGFBR1,pulmonary alveolar type 2 cell,cardiac fibroblast,0.0,0.0,0.010036920506343456,0.006126558248372473,0.0,0.0,0.0,0.0
lung->heart,TGFB1,TGFBR1,pulmonary alveolar type 2 cell,cardiac endothelial cell,0.0,0.0,0.006544423656194649,0.005763606263751268,0.0,0.0,0.0,0.0
lung->heart,TGFB1,TGFBR1,vein endothelial cell,cardiac fibroblast,0.0,0.0005385339676141715,0.010036920506343456,0.006126558248372473,0.0,3.2993597213153563e-06,3.2993597213153563e-06,2.104121823614189
lung->heart,TGFB1,TGFBR1,vein endothelial cell,cardiac endothelial cell,0.0,0.0005385339676141715,0.006544423656194649,0.005763606263751268,0.0,3.1038977489838617e-06,3.1038977489838617e-06,2.0369947858008075
lung->heart,TGFB1,TGFBR1,lung multiciliated epithelial cell,cardiac fibroblast,0.0,0.0,0.010036920506343456,0.006126558248372473,0.0,0.0,0.0,0.0
lung->heart,TGFB1,TGFBR1,lung multiciliated epithelial cell,cardiac endothelial cell,0.0,0.0,0.006544423656194649,0.005763606263751268,0.0,0.0,0.0,0.0
lung->heart,TGFB1,TGFBR1,smooth muscle cell,cardiac fibroblast,0.0,0.0,0.010036920506343456,0.006126558248372473,0.0,0.0,0.0,0.0
lung->heart,TGFB1,TGFBR1,smooth muscle cell,cardiac endothelial cell,0.0,0.0,0.006544423656194649,0.005763606263751268,0.0,0.0,0.0,0.0
lung->heart,TGFB1,TGFBR1,endothelial cell,cardiac fibroblast,0.0,0.0,0.010036920506343456,0.006126558248372473,0.0,0.0,0.0,0.0
lung->heart,TGFB1,TGFBR1,endothelial cell,cardiac endothelial cell,0.0,0.0,0.006544423656194649,0.005763606263751268,0.0,0.0,0.0,0.0
lung->heart,TGFB1,TGFBR1,B cell,cardiac fibroblast,0.0,0.0,0.010036920506343456,0.006126558248372473,0.0,0.0,0.0,0.0
lung->heart,TGFB1,TGFBR1,B cell,cardiac endothelial cell,0.0,0.0,0.006544423656194649,0.005763606263751268,0.0,0.0,0.0,0.0
lung->heart,TGFB1,TGFBR1,pulmonary alveolar type 1 cell,cardiac fibroblast,0.0,0.0,0.010036920506343456,0.006126558248372473,0.0,0.0,0.0,0.0
lung->heart,TGFB1,TGFBR1,pulmonary alveolar type 1 cell,cardiac endothelial cell,0.0,0.0,0.006544423656194649,0.005763606263751268,0.0,0.0,0.0,0.0
lung->heart,TGFB1,TGFBR1,club cell,cardiac fibroblast,0.0,0.0,0.010036920506343456,0.006126558248372473,0.0,0.0,0.0,0.0
lung->heart,TGFB1,TGFBR1,club cell,cardiac endothelial cell,0.0,0.0,0.006544423656194649,0.005763606263751268,0.0,0.0,0.0,0.0
lung->heart,TGFB1,TGFBR1,neutrophil,cardiac fibroblast,0.0,0.0,0.010036920506343456,0.006126558248372473,0.0,0.0,0.0,0.0
lung->heart,TGFB1,TGFBR1,neutrophil,cardiac endothelial cell,0.0,0.0,0.006544423656194649,0.005763606263751268,0.0,0.0,0.0,0.0
lung->heart,TGFB1,TGFBR1,plasma cell,cardiac fibroblast,0.0,0.0,0.010036920506343456,0.006126558248372473,0.0,0.0,0.0,0.0
lung->heart,TGFB1,TGFBR1,plasma cell,cardiac endothelial cell,0.0,0.0,0.006544423656194649,0.005763606263751268,0.0,0.0,0.0,0.0
lung->heart,TGFB1,TGFBR1,leukocyte,cardiac fibroblast,0.0,0.0,0.010036920506343456,0.006126558248372473,0.0,0.0,0.0,0.0
lung->heart,TGFB1,TGFBR1,leukocyte,cardiac endothelial cell,0.0,0.0,0.006544423656194649,0.005763606263751268,0.0,0.0,0.0,0.0
lung->heart,TGFB1,TGFBR1,endothelial cell of lymphatic vessel,cardiac fibroblast,0.0,0.0,0.010036920506343456,0.006126558248372473,0.0,0.0,0.0,0.0
lung->heart,TGFB1,TGFBR1,endothelial cell of lymphatic vessel,cardiac endothelial cell,0.0,0.0,0.006544423656194649,0.005763606263751268,0.0,0.0,0.0,0.0
lung->heart,TGFB1,TGFBR2,"CD4-positive, alpha-beta T cell",cardiac fibroblast,0.0,0.0,0.016537717044805663,0.015589710584270644,0.0,0.0,0.0,0.0
lung->heart,TGFB1,TGFBR2,"CD4-positive, alpha-beta T cell",cardiac endothelial cell,0.0,0.0,0.009541134701722527,0.011516511824944746,0.0,0.0,0.0,0.0
lung->heart,TGFB1,TGFBR2,natural killer cell,cardiac fibroblast,0.0,0.0,0.016537717044805663,0.015589710584270644,0.0,0.0,0.0,0.0
lung->heart,TGFB1,TGFBR2,natural killer cell,cardiac endothelial cell,0.0,0.0,0.009541134701722527,0.011516511824944746,0.0,0.0,0.0,0.0
lung->heart,TGFB1,TGFBR2,capillary endothelial cell,cardiac fibroblast,0.0002214079652648623,0.0,0.016537717044805663,0.015589710584270644,3.6615822810164534e-06,0.0,-3.6615822810164534e-06,-2.2208197320287213
lung->heart,TGFB1,TGFBR2,capillary endothelial cell,cardiac endothelial cell,0.0002214079652648623,0.0,0.009541134701722527,0.011516511824944746,2.1124832206263536e-06,0.0,-2.1124832206263536e-06,-1.6380660596435621
lung->heart,TGFB1,TGFBR2,macrophage,cardiac fibroblast,0.0,0.0,0.016537717044805663,0.015589710584270644,0.0,0.0,0.0,0.0
lung->heart,TGFB1,TGFBR2,macrophage,cardiac endothelial cell,0.0,0.0,0.009541134701722527,0.011516511824944746,0.0,0.0,0.0,0.0
lung->heart,TGFB1,TGFBR2,"CD8-positive, alpha-beta T cell",cardiac fibroblast,0.0,0.0,0.016537717044805663,0.015589710584270644,0.0,0.0,0.0,0.0
lung->heart,TGFB1,TGFBR2,"CD8-positive, alpha-beta T cell",cardiac endothelial cell,0.0,0.0,0.009541134701722527,0.011516511824944746,0.0,0.0,0.0,0.0
lung->heart,TGFB1,TGFBR2,monocyte,cardiac fibroblast,0.0,0.0,0.016537717044805663,0.015589710584270644,0.0,0.0,0.0,0.0
lung->heart,TGFB1,TGFBR2,monocyte,cardiac endothelial cell,0.0,0.0,0.009541134701722527,0.011516511824944746,0.0,0.0,0.0,0.0
lung->heart,TGFB1,TGFBR2,fibroblast,cardiac fibroblast,0.0,0.0,0.016537717044805663,0.015589710584270644,0.0,0.0,0.0,0.0
lung->heart,TGFB1,TGFBR2,fibroblast,cardiac endothelial cell,0.0,0.0,0.009541134701722527,0.011516511824944746,0.0,0.0,0.0,0.0
lung->heart,TGFB1,TGFBR2,conventional dendritic cell,cardiac fibroblast,0.0,0.0,0.016537717044805663,0.015589710584270644,0.0,0.0,0.0,0.0
lung->heart,TGFB1,TGFBR2,conventional dendritic cell,cardiac endothelial cell,0.0,0.0,0.009541134701722527,0.011516511824944746,0.0,0.0,0.0,0.0
lung->heart,TGFB1,TGFBR2,mast cell,cardiac fibroblast,0.0,0.0,0.016537717044805663,0.015589710584270644,0.0,0.0,0.0,0.0
lung->heart,TGFB1,TGFBR2,mast cell,cardiac endothelial cell,0.0,0.0,0.009541134701722527,0.011516511824944746,0.0,0.0,0.0,0.0
lung->heart,TGFB1,TGFBR2,pulmonary alveolar type 2 cell,cardiac fibroblast,0.0,0.0,0.016537717044805663,0.015589710584270644,0.0,0.0,0.0,0.0
lung->heart,TGFB1,TGFBR2,pulmonary alveolar type 2 cell,cardiac endothelial cell,0.0,0.0,0.009541134701722527,0.011516511824944746,0.0,0.0,0.0,0.0
lung->heart,TGFB1,TGFBR2,vein endothelial cell,cardiac fibroblast,0.0,0.0005385339676141715,0.016537717044805663,0.015589710584270644,0.0,8.395588694903914e-06,8.395588694903914e-06,3.2319835587300143
lung->heart,TGFB1,TGFBR2,vein endothelial cell,cardiac endothelial cell,0.0,0.0005385339676141715,0.009541134701722527,0.011516511824944746,0.0,6.202032806163017e-06,6.202032806163017e-06,2.8484041712000763
lung->heart,TGFB1,TGFBR2,lung multiciliated epithelial cell,cardiac fibroblast,0.0,0.0,0.016537717044805663,0.015589710584270644,0.0,0.0,0.0,0.0
lung->heart,TGFB1,TGFBR2,lung multiciliated epithelial cell,cardiac endothelial cell,0.0,0.0,0.009541134701722527,0.011516511824944746,0.0,0.0,0.0,0.0
lung->heart,TGFB1,TGFBR2,smooth muscle cell,cardiac fibroblast,0.0,0.0,0.016537717044805663,0.015589710584270644,0.0,0.0,0.0,0.0
lung->heart,TGFB1,TGFBR2,smooth muscle cell,cardiac endothelial cell,0.0,0.0,0.009541134701722527,0.011516511824944746,0.0,0.0,0.0,0.0
lung->heart,TGFB1,TGFBR2,endothelial cell,cardiac fibroblast,0.0,0.0,0.016537717044805663,0.015589710584270644,0.0,0.0,0.0,0.0
lung->heart,TGFB1,TGFBR2,endothelial cell,cardiac endothelial cell,0.0,0.0,0.009541134701722527,0.011516511824944746,0.0,0.0,0.0,0.0
lung->heart,TGFB1,TGFBR2,B cell,cardiac fibroblast,0.0,0.0,0.016537717044805663,0.015589710584270644,0.0,0.0,0.0,0.0
lung->heart,TGFB1,TGFBR2,B cell,cardiac endothelial cell,0.0,0.0,0.009541134701722527,0.011516511824944746,0.0,0.0,0.0,0.0
lung->heart,TGFB1,TGFBR2,pulmonary alveolar type 1 cell,cardiac fibroblast,0.0,0.0,0.016537717044805663,0.015589710584270644,0.0,0.0,0.0,0.0
lung->heart,TGFB1,TGFBR2,pulmonary alveolar type 1 cell,cardiac endothelial cell,0.0,0.0,0.009541134701722527,0.011516511824944746,0.0,0.0,0.0,0.0
lung->heart,TGFB1,TGFBR2,club cell,cardiac fibroblast,0.0,0.0,0.016537717044805663,0.015589710584270644,0.0,0.0,0.0,0.0
lung->heart,TGFB1,TGFBR2,club cell,cardiac endothelial cell,0.0,0.0,0.009541134701722527,0.011516511824944746,0.0,0.0,0.0,0.0
lung->heart,TGFB1,TGFBR2,neutrophil,cardiac fibroblast,0.0,0.0,0.016537717044805663,0.015589710584270644,0.0,0.0,0.0,0.0
lung->heart,TGFB1,TGFBR2,neutrophil,cardiac endothelial cell,0.0,0.0,0.009541134701722527,0.011516511824944746,0.0,0.0,0.0,0.0
lung->heart,TGFB1,TGFBR2,plasma cell,cardiac fibroblast,0.0,0.0,0.016537717044805663,0.015589710584270644,0.0,0.0,0.0,0.0
lung->heart,TGFB1,TGFBR2,plasma cell,cardiac endothelial cell,0.0,0.0,0.009541134701722527,0.011516511824944746,0.0,0.0,0.0,0.0
lung->heart,TGFB1,TGFBR2,leukocyte,cardiac fibroblast,0.0,0.0,0.016537717044805663,0.015589710584270644,0.0,0.0,0.0,0.0
lung->heart,TGFB1,TGFBR2,leukocyte,cardiac endothelial cell,0.0,0.0,0.009541134701722527,0.011516511824944746,0.0,0.0,0.0,0.0
lung->heart,TGFB1,TGFBR2,endothelial cell of lymphatic vessel,cardiac fibroblast,0.0,0.0,0.016537717044805663,0.015589710584270644,0.0,0.0,0.0,0.0
lung->heart,TGFB1,TGFBR2,endothelial cell of lymphatic vessel,cardiac endothelial cell,0.0,0.0,0.009541134701722527,0.011516511824944746,0.0,0.0,0.0,0.0
lung->heart,AREG,EGFR,"CD4-positive, alpha-beta T cell",cardiac fibroblast,0.0004045626797039485,0.0005478205015342212,0.028430890899290344,0.03292418508750132,1.1502077408587503e-05,1.8036543587240502e-05,6.5344661786529995e-06,0.6066037159291968
lung->heart,AREG,EGFR,"CD4-positive, alpha-beta T cell",cardiac endothelial cell,0.0004045626797039485,0.0005478205015342212,0.026765076593264336,0.02705290689380424,1.0828151109052448e-05,1.482013702252243e-05,3.991985913469982e-06,0.41953751578301485
lung->heart,AREG,EGFR,"CD4-positive, alpha-beta T cell",cardiac macrophage,0.0004045626797039485,0.0005478205015342212,0.02345613692750184,0.02086335983953371,9.489477610892886e-06,1.1429376250982287e-05,1.939898640089401e-06,0.2448110671019572
lung->heart,AREG,EGFR,natural killer cell,cardiac fibroblast,0.0009913098029125402,0.001516440473249614,0.028430890899290344,0.03292418508750132,2.8183820854003443e-05,4.992756681544838e-05,2.174374596144494e-05,0.8032780121217001
lung->heart,AREG,EGFR,natural killer cell,cardiac endothelial cell,0.0009913098029125402,0.001516440473249614,0.026765076593264336,0.02705290689380424,2.653248280260791e-05,4.102412293281825e-05,1.4491640130210338e-05,0.610082995895313
lung->heart,AREG,EGFR,natural killer cell,cardiac macrophage,0.0009913098029125402,0.001516440473249614,0.02345613692750184,0.02086335983953371,2.3252298474691405e-05,3.163804326863949e-05,8.385744793948085e-06,0.4284330837616839
lung->heart,AREG,EGFR,capillary endothelial cell,cardiac fibroblast,0.0001800261495961635,0.0,0.028430890899290344,0.03292418508750132,5.118303818187846e-06,0.0,-5.118303818187846e-06,-2.613131748953969
lung->heart,AREG,EGFR,capillary endothelial cell,cardiac endothelial cell,0.0001800261495961635,0.0,0.026765076593264336,0.02705290689380424,4.8184136827317795e-06,0.0,-4.8184136827317795e-06,-2.540625874095247
lung->heart,AREG,EGFR,capillary endothelial cell,cardiac macrophage,0.0001800261495961635,0.0,0.02345613692750184,0.02086335983953371,4.222718015458541e-06,0.0,-4.222718015458541e-06,-2.3848008119464703
lung->heart,AREG,EGFR,macrophage,cardiac fibroblast,0.0001607098408464959,0.0008402272786242186,0.028430890899290344,0.03292418508750132,4.56912395154904e-06,2.7663798436991313e-05,2.3094674485442273e-05,2.363707495653066
lung->heart,AREG,EGFR,macrophage,cardiac endothelial cell,0.0001607098408464959,0.0008402272786242186,0.026765076593264336,0.02705290689380424,4.301411199547784e-06,2.2730590338255497e-05,1.8429179138707712e-05,2.1622996389347784
lung->heart,AREG,EGFR,macrophage,cardiac macrophage,0.0001607098408464959,0.0008402272786242186,0.02345613692750184,0.02086335983953371,3.769632032492436e-06,1.7529964060929223e-05,1.3760332028436787e-05,1.957910208625845
lung->heart,AREG,EGFR,"CD8-positive, alpha-beta T cell",cardiac fibroblast,0.0,0.0,0.028430890899290344,0.03292418508750132,0.0,0.0,0.0,0.0
lung->heart,AREG,EGFR,"CD8-positive, alpha-beta T cell",cardiac endothelial cell,0.0,0.0,0.026765076593264336,0.02705290689380424,0.0,0.0,0.0,0.0
lung->heart,AREG,EGFR,"CD8-positive, alpha-beta T cell",cardiac macrophage,0.0,0.0,0.02345613692750184,0.02086335983953371,0.0,0.0,0.0,0.0
lung->heart,AREG,EGFR,monocyte,cardiac fibroblast,0.0004311203842698327,0.0016707201214931295,0.028430890899290344,0.03292418508750132,1.2257136609635743e-05,5.5007098509452484e-05,4.274996189981674e-05,2.078840486885363
lung->heart,AREG,EGFR,monocyte,cardiac endothelial cell,0.0004311203842698327,0.0016707201214931295,0.026765076593264336,0.02705290689380424,1.1538970105899625e-05,4.519783589235894e-05,3.365886578645931e-05,1.8814064145286702
lung->heart,AREG,EGFR,monocyte,cardiac macrophage,0.0004311203842698327,0.0016707201214931295,0.02345613692750184,0.02086335983953371,1.0112418765670407e-05,3.485683508586064e-05,2.4744416320190228e-05,1.6900752812599216
lung->heart,AREG,EGFR,fibroblast,cardiac fibroblast,0.0013975090612931098,0.0,0.028430890899290344,0.03292418508750132,3.9732427652394066e-05,0.0,-3.9732427652394066e-05,-5.348105896405157
lung->heart,AREG,EGFR,fibroblast,cardiac endothelial cell,0.0013975090612931098,0.0,0.026765076593264336,0.02705290689380424,3.7404437065291026e-05,0.0,-3.7404437065291026e-05,-5.2632010975600325
lung->heart,AREG,EGFR,fibroblast,cardiac macrophage,0.0013975090612931098,0.0,0.02345613692750184,0.02086335983953371,3.278016389911575e-05,0.0,-3.278016389911575e-05,-5.078104422904336
lung->heart,AREG,EGFR,conventional dendritic cell,cardiac fibroblast,0.00030408162785244163,0.00033365779678991417,0.028430890899290344,0.03292418508750132,8.645311585951376e-06,1.0985411057399039e-05,2.340099471447663e-06,0.3133796396660909
lung->heart,AREG,EGFR,conventional dendritic cell,cardiac endothelial cell,0.00030408162785244163,0.00033365779678991417,0.026765076593264336,0.02705290689380424,8.138768060075102e-06,9.026413310949403e-06,8.876452508743009e-07,0.133734008695834
lung->heart,AREG,EGFR,conventional dendritic cell,cardiac macrophage,0.00030408162785244163,0.00033365779678991417,0.02345613692750184,0.02086335983953371,7.132580300044529e-06,6.961222677693996e-06,-1.7135762235053312e-07,-0.030723146679199134
lung->heart,AREG,EGFR,mast cell,cardiac fibroblast,0.0006679582205569956,0.0010317521016310648,0.028430890899290344,0.03292418508750132,1.899064729394006e-05,3.3969597158519654e-05,1.4978949864579594e-05,0.8067759895540892
lung->heart,AREG,EGFR,mast cell,cardiac endothelial cell,0.0006679582205569956,0.0010317521016310648,0.026765076593264336,0.02705290689380424,1.7877952934308538e-05,2.7911893542912046e-05,1.0033940608603508e-05,0.6149607672674237
lung->heart,AREG,EGFR,mast cell,cardiac macrophage,0.0006679582205569956,0.0010317521016310648,0.02345613692750184,0.02086335983953371,1.5667719483235364e-05,2.152581536152406e-05,5.858095878288697e-06,0.43452260298708517
lung->heart,AREG,EGFR,pulmonary alveolar type 2 cell,cardiac fibroblast,0.001158378640219999,0.001391033914423977,0.028430890899290344,0.03292418508750132,3.2933736740163096e-05,4.579865806148649e-05,1.2864921321323395e-05,0.4637468549728893
lung->heart,AREG,EGFR,pulmonary alveolar type 2 cell,cardiac endothelial cell,0.001158378640219999,0.001391033914423977,0.026765076593264336,0.02705290689380424,3.1004093029489667e-05,3.76315109730359e-05,6.627417943546236e-06,0.2715216816565126
lung->heart,AREG,EGFR,pulmonary alveolar type 2 cell,cardiac macrophage,0.001158378640219999,0.001391033914423977,0.02345613692750184,0.02086335983953371,2.717108799889369e-05,2.9021641105622575e-05,1.8505531067288859e-06,0.09178755943922716
lung->heart,AREG,EGFR,vein endothelial cell,cardiac fibroblast,0.0,0.0,0.028430890899290344,0.03292418508750132,0.0,0.0,0.0,0.0
lung->heart,AREG,EGFR,vein endothelial cell,cardiac endothelial cell,0.0,0.0,0.026765076593264336,0.02705290689380424,0.0,0.0,0.0,0.0
lung->heart,AREG,EGFR,vein endothelial cell,cardiac macrophage,0.0,0.0,0.02345613692750184,0.02086335983953371,0.0,0.0,0.0,0.0
lung->heart,AREG,EGFR,lung multiciliated epithelial cell,cardiac fibroblast,0.0014455654878549006,0.002472505736959108,0.028430890899290344,0.03292418508750132,4.10987146729821e-05,8.140523651355054e-05,4.0306521840568434e-05,0.9689598309929958
lung->heart,AREG,EGFR,lung multiciliated epithelial cell,cardiac endothelial cell,0.0014455654878549006,0.002472505736959108,0.026765076593264336,0.02705290689380424,3.869067100301594e-05,6.68884674963516e-05,2.8197796493335657e-05,0.774366566046481
lung->heart,AREG,EGFR,lung multiciliated epithelial cell,cardiac macrophage,0.0014455654878549006,0.002472505736959108,0.02345613692750184,0.02086335983953371,3.390738202079555e-05,5.158477689548936e-05,1.767739487469381e-05,0.5911130430186915
lung->heart,AREG,EGFR,smooth muscle cell,cardiac fibroblast,0.0,0.0,0.028430890899290344,0.03292418508750132,0.0,0.0,0.0,0.0
lung->heart,AREG,EGFR,smooth muscle cell,cardiac endothelial cell,0.0,0.0,0.026765076593264336,0.02705290689380424,0.0,0.0,0.0,0.0
lung->heart,AREG,EGFR,smooth muscle cell,cardiac macrophage,0.0,0.0,0.02345613692750184,0.02086335983953371,0.0,0.0,0.0,0.0
lung->heart,AREG,EGFR,endothelial cell,cardiac fibroblast,0.0,0.0024041452277332493,0.028430890899290344,0.03292418508750132,0.0,7.915452245512251e-05,7.915452245512251e-05,6.324712016883057
lung->heart,AREG,EGFR,endothelial cell,cardiac endothelial cell,0.0,0.0024041452277332493,0.026765076593264336,0.02705290689380424,0.0,6.503911700505138e-05,6.503911700505138e-05,6.0452489252998
lung->heart,AREG,EGFR,endothelial cell,cardiac macrophage,0.0,0.0024041452277332493,0.02345613692750184,0.02086335983953371,0.0,5.01585469926965e-05,5.01585469926965e-05,5.676903384200742
lung->heart,AREG,EGFR,B cell,cardiac fibroblast,0.001186065362665649,0.0,0.028430890899290344,0.03292418508750132,3.37208949253743e-05,0.0,-3.37208949253743e-05,-5.117732228377137
lung->heart,AREG,EGFR,B cell,cardiac endothelial cell,0.001186065362665649,0.0,0.026765076593264336,0.02705290689380424,3.174513027636394e-05,0.0,-3.174513027636394e-05,-5.03320846570483
lung->heart,AREG,EGFR,B cell,cardiac macrophage,0.001186065362665649,0.0,0.02345613692750184,0.02086335983953371,2.7820511551652595e-05,0.0,-2.7820511551652595e-05,-4.849024037842168
lung->heart,AREG,EGFR,pulmonary alveolar type 1 cell,cardiac fibroblast,0.0,0.006518596006133255,0.028430890899290344,0.03292418508750132,0.0,0.0002146194614165782,0.0002146194614165782,7.7523435887467
lung->heart,AREG,EGFR,pulmonary alveolar type 1 cell,cardiac endothelial cell,0.0,0.006518596006133255,0.026765076593264336,0.02705290689380424,0.0,0.00017634697083224714,0.00017634697083224714,7.470430878364054
lung->heart,AREG,EGFR,pulmonary alveolar type 1 cell,cardiac macrophage,0.0,0.006518596006133255,0.02345613692750184,0.02086335983953371,0.0,0.0001359998141245054,0.0001359998141245054,7.098030125574861
lung->heart,AREG,EGFR,club cell,cardiac fibroblast,0.0,0.0077512959917726085,0.028430890899290344,0.03292418508750132,0.0,0.00025520510390112847,0.00025520510390112847,8.001155405889504
lung->heart,AREG,EGFR,club cell,cardiac endothelial cell,0.0,0.0077512959917726085,0.026765076593264336,0.02705290689380424,0.0,0.00020969508877174238,0.00020969508877174238,7.719012875608964
lung->heart,AREG,EGFR,club cell,cardiac macrophage,0.0,0.0077512959917726085,0.02345613692750184,0.02086335983953371,0.0,0.00016171807749908727,0.00016171807749908727,7.346230728858355
lung->heart,AREG,EGFR,neutrophil,cardiac fibroblast,0.0,0.0,0.028430890899290344,0.03292418508750132,0.0,0.0,0.0,0.0
lung->heart,AREG,EGFR,neutrophil,cardiac endothelial cell,0.0,0.0,0.026765076593264336,0.02705290689380424,0.0,0.0,0.0,0.0
lung->heart,AREG,EGFR,neutrophil,cardiac macrophage,0.0,0.0,0.02345613692750184,0.02086335983953371,0.0,0.0,0.0,0.0
lung->heart,AREG,EGFR,plasma cell,cardiac fibroblast,0.0,0.0,0.028430890899290344,0.03292418508750132,0.0,0.0,0.0,0.0
lung->heart,AREG,EGFR,plasma cell,cardiac endothelial cell,0.0,0.0,0.026765076593264336,0.02705290689380424,0.0,0.0,0.0,0.0
lung->heart,AREG,EGFR,plasma cell,cardiac macrophage,0.0,0.0,0.02345613692750184,0.02086335983953371,0.0,0.0,0.0,0.0
lung->heart,AREG,EGFR,leukocyte,cardiac fibroblast,0.0,0.0,0.028430890899290344,0.03292418508750132,0.0,0.0,0.0,0.0
lung->heart,AREG,EGFR,leukocyte,cardiac endothelial cell,0.0,0.0,0.026765076593264336,0.02705290689380424,0.0,0.0,0.0,0.0
lung->heart,AREG,EGFR,leukocyte,cardiac macrophage,0.0,0.0,0.02345613692750184,0.02086335983953371,0.0,0.0,0.0,0.0
lung->heart,AREG,EGFR,endothelial cell of lymphatic vessel,cardiac fibroblast,0.0,0.0,0.028430890899290344,0.03292418508750132,0.0,0.0,0.0,0.0
lung->heart,AREG,EGFR,endothelial cell of lymphatic vessel,cardiac endothelial cell,0.0,0.0,0.026765076593264336,0.02705290689380424,0.0,0.0,0.0,0.0
lung->heart,AREG,EGFR,endothelial cell of lymphatic vessel,cardiac macrophage,0.0,0.0,0.02345613692750184,0.02086335983953371,0.0,0.0,0.0,0.0
lung->heart,IL6,IL6R,"CD4-positive, alpha-beta T cell",cardiac fibroblast,0.0008813852755558516,0.00016462141342510832,0.02881709331524815,0.0325634518666592,2.5398961732378678e-05,5.36064147228992e-06,-2.0038320260088757e-05,-2.0532370155805846
lung->heart,IL6,IL6R,"CD4-positive, alpha-beta T cell",cardiac endothelial cell,0.0008813852755558516,0.00016462141342510832,0.0030738171698342105,0.003249268689636512,2.7092171932426337e-06,5.348992042859122e-07,-2.1743179889567213e-06,-1.2729708293616988
lung->heart,IL6,IL6R,natural killer cell,cardiac fibroblast,0.00026177303537575216,0.0,0.02881709331524815,0.0325634518666592,7.5435379878388046e-06,0.0,-7.5435379878388046e-06,-3.094833631965085
lung->heart,IL6,IL6R,natural killer cell,cardiac endothelial cell,0.00026177303537575216,0.0,0.0030738171698342105,0.003249268689636512,8.046424507376052e-07,0.0,-8.046424507376052e-07,-0.8517130278909196
lung->heart,IL6,IL6R,capillary endothelial cell,cardiac fibroblast,0.000809954353988349,0.00039631643657634335,0.02881709331524815,0.0325634518666592,2.3340530199973786e-05,1.290543120641965e-05,-1.0435098993554135e-05,-0.8077121107918654
lung->heart,IL6,IL6R,capillary endothelial cell,cardiac endothelial cell,0.000809954353988349,0.00039631643657634335,0.0030738171698342105,0.003249268689636512,2.489651600071363e-06,1.287738588555827e-06,-1.2019130115155362e-06,-0.6091607977020495
lung->heart,IL6,IL6R,macrophage,cardiac fibroblast,0.00041372428898580157,6.531804000876681e-05,0.02881709331524815,0.0325634518666592,1.1922331442488535e-05,2.126980851849998e-06,-9.795350590638538e-06,-2.0470240940253133
lung->heart,IL6,IL6R,macrophage,cardiac endothelial cell,0.00041372428898580157,6.531804000876681e-05,0.0030738171698342105,0.003249268689636512,1.2717128230620075e-06,2.12235862268911e-07,-1.0594769607930965e-06,-0.9061100407508299
lung->heart,IL6,IL6R,"CD8-positive, alpha-beta T cell",cardiac fibroblast,0.0008701182734033171,0.000964673240546052,0.02881709331524815,0.0325634518666592,2.5074279479965992e-05,3.141309063557552e-05,6.338811155609528e-06,0.31394920351589883
lung->heart,IL6,IL6R,"CD8-positive, alpha-beta T cell",cardiac endothelial cell,0.0008701182734033171,0.000964673240546052,0.0030738171698342105,0.003249268689636512,2.674584488573614e-06,3.134482556236478e-06,4.5989806766286417e-07,0.17012565940553434
lung->heart,IL6,IL6R,monocyte,cardiac fibroblast,0.00047856563696617655,0.0003358989480958751,0.02881709331524815,0.0325634518666592,1.3790870617925478e-05,1.0938029228381486e-05,-2.8528413895439926e-06,-0.30914228351150025
lung->heart,IL6,IL6R,monocyte,cardiac endothelial cell,0.00047856563696617655,0.0003358989480958751,0.0030738171698342105,0.003249268689636512,1.471023271799279e-06,1.0914259349297668e-06,-3.7959733686951215e-07,-0.2406216900997662
lung->heart,IL6,IL6R,fibroblast,cardiac fibroblast,0.0005791639407024174,0.0005304689590517561,0.02881709331524815,0.0325634518666592,1.6689821324048407e-05,1.727390041483867e-05,5.840790907902625e-07,0.04686512214186536
lung->heart,IL6,IL6R,fibroblast,cardiac endothelial cell,0.0005791639407024174,0.0005304689590517561,0.0030738171698342105,0.003249268689636512,1.780244065079933e-06,1.723636179470944e-06,-5.660788560898909e-08,-0.029677533699816426
lung->heart,IL6,IL6R,conventional dendritic cell,cardiac fibroblast,0.00014375093902627663,0.0,0.02881709331524815,0.0325634518666592,4.14248422407476e-06,0.0,-4.14248422407476e-06,-2.362465462909855
lung->heart,IL6,IL6R,conventional dendritic cell,cardiac endothelial cell,0.00014375093902627663,0.0,0.0030738171698342105,0.003249268689636512,4.4186410455875976e-07,0.0,-4.4186410455875976e-07,-0.5279351972292393
lung->heart,IL6,IL6R,mast cell,cardiac fibroblast,0.01586195875804245,0.03433910285917685,0.02881709331524815,0.0325634518666592,0.00045709554569312694,0.0011181997230990648,0.0006611041774059378,1.2887470707337034
lung->heart,IL6,IL6R,mast cell,cardiac endothelial cell,0.01586195875804245,0.03433910285917685,0.0030738171698342105,0.003249268689636512,4.8756761177673015e-05,0.00011157697175053097,6.282021057285795e-05,1.1779472621239926
lung->heart,IL6,IL6R,pulmonary alveolar type 2 cell,cardiac fibroblast,0.0015487079914492468,0.0,0.02881709331524815,0.0325634518666592,4.462926270766348e-05,0.0,-4.462926270766348e-05,-5.511887437327705
lung->heart,IL6,IL6R,pulmonary alveolar type 2 cell,cardiac endothelial cell,0.0015487079914492468,0.0,0.0030738171698342105,0.003249268689636512,4.7604452151761485e-06,0.0,-4.7604452151761485e-06,-2.5261803194635246
lung->heart,IL6,IL6R,vein endothelial cell,cardiac fibroblast,0.001235507814957648,0.0,0.02881709331524815,0.0325634518666592,3.5603743995352886e-05,0.0,-3.5603743995352886e-05,-5.19391931627311
lung->heart,IL6,IL6R,vein endothelial cell,cardiac endothelial cell,0.001235507814957648,0.0,0.0030738171698342105,0.003249268689636512,3.7977251350811672e-06,0.0,-3.7977251350811672e-06,-2.2623505070239487
lung->heart,IL6,IL6R,lung multiciliated epithelial cell,cardiac fibroblast,0.029612599545723817,0.02076111672640174,0.02881709331524815,0.0325634518666592,0.0008533490444161981,0.0006760536252182764,-0.00017729541919792177,-0.3355554982809606
lung->heart,IL6,IL6R,lung multiciliated epithelial cell,cardiac endothelial cell,0.029612599545723817,0.02076111672640174,0.0030738171698342105,0.003249268689636512,9.10237169270706e-05,6.745844654098605e-05,-2.3565270386084557e-05,-0.4267771743837898
lung->heart,IL6,IL6R,smooth muscle cell,cardiac fibroblast,0.0,0.0,0.02881709331524815,0.0325634518666592,0.0,0.0,0.0,0.0
lung->heart,IL6,IL6R,smooth muscle cell,cardiac endothelial cell,0.0,0.0,0.0030738171698342105,0.003249268689636512,0.0,0.0,0.0,0.0
lung->heart,IL6,IL6R,endothelial cell,cardiac fibroblast,0.0,0.0010430942545388941,0.02881709331524815,0.0325634518666592,0.0,3.3966749550066044e-05,3.3966749550066044e-05,5.127911786663531
lung->heart,IL6,IL6R,endothelial cell,cardiac endothelial cell,0.0,0.0010430942545388941,0.0030738171698342105,0.003249268689636512,0.0,3.3892935016129668e-06,3.3892935016129668e-06,2.1339887430078126
lung->heart,IL6,IL6R,B cell,cardiac fibroblast,0.0,0.0,0.02881709331524815,0.0325634518666592,0.0,0.0,0.0,0.0
lung->heart,IL6,IL6R,B cell,cardiac endothelial cell,0.0,0.0,0.0030738171698342105,0.003249268689636512,0.0,0.0,0.0,0.0
lung->heart,IL6,IL6R,pulmonary alveolar type 1 cell,cardiac fibroblast,0.0,0.0,0.02881709331524815,0.0325634518666592,0.0,0.0,0.0,0.0
lung->heart,IL6,IL6R,pulmonary alveolar type 1 cell,cardiac endothelial cell,0.0,0.0,0.0030738171698342105,0.003249268689636512,0.0,0.0,0.0,0.0
lung->heart,IL6,IL6R,club cell,cardiac fibroblast,0.002193526655271064,0.0,0.02881709331524815,0.0325634518666592,6.32110623144304e-05,0.0,-6.32110623144304e-05,-6.004749961881844
lung->heart,IL6,IL6R,club cell,cardiac endothelial cell,0.002193526655271064,0.0,0.0030738171698342105,0.003249268689636512,6.742499895461203e-06,0.0,-6.742499895461203e-06,-2.9527994584207518
lung->heart,IL6,IL6R,neutrophil,cardiac fibroblast,0.0,0.0,0.02881709331524815,0.0325634518666592,0.0,0.0,0.0,0.0
lung->heart,IL6,IL6R,neutrophil,cardiac endothelial cell,0.0,0.0,0.0030738171698342105,0.003249268689636512,0.0,0.0,0.0,0.0
lung->heart,IL6,IL6R,plasma cell,cardiac fibroblast,0.004680538389617297,0.0011571591059422223,0.02881709331524815,0.0325634518666592,0.00013487951153920294,3.768109484841595e-05,-9.719841669078699e-05,-1.8126274018834787
lung->heart,IL6,IL6R,plasma cell,cardiac endothelial cell,0.004680538389617297,0.0011571591059422223,0.0030738171698342105,0.003249268689636512,1.4387119266073815e-05,3.7599208518658423e-06,-1.0627198414207973e-05,-1.6927136699091003
lung->heart,IL6,IL6R,leukocyte,cardiac fibroblast,0.0,0.0,0.02881709331524815,0.0325634518666592,0.0,0.0,0.0,0.0
lung->heart,IL6,IL6R,leukocyte,cardiac endothelial cell,0.0,0.0,0.0030738171698342105,0.003249268689636512,0.0,0.0,0.0,0.0
lung->heart,IL6,IL6R,endothelial cell of lymphatic vessel,cardiac fibroblast,0.0,0.0,0.02881709331524815,0.0325634518666592,0.0,0.0,0.0,0.0
lung->heart,IL6,IL6R,endothelial cell of lymphatic vessel,cardiac endothelial cell,0.0,0.0,0.0030738171698342105,0.003249268689636512,0.0,0.0,0.0,0.0
lung->heart,IL6,IL6ST,"CD4-positive, alpha-beta T cell",cardiac fibroblast,0.0008813852755558516,0.00016462141342510832,0.002838172013723158,0.0034668051438991225,2.501523022390292e-06,5.707103628581096e-07,-1.9308126595321824e-06,-1.1565653992880691
lung->heart,IL6,IL6ST,"CD4-positive, alpha-beta T cell",cardiac endothelial cell,0.0008813852755558516,0.00016462141342510832,0.001709392969224705,0.0012810388023160885,1.506633793213352e-06,2.1088641828968242e-07,-1.2957473749236696e-06,-1.049687695052547
lung->heart,IL6,IL6ST,natural killer cell,cardiac fibroblast,0.00026177303537575216,0.0,0.002838172013723158,0.0034668051438991225,7.42956902950822e-07,0.0,-7.42956902950822e-07,-0.8015368972502803
lung->heart,IL6,IL6ST,natural killer cell,cardiac endothelial cell,0.00026177303537575216,0.0,0.001709392969224705,0.0012810388023160885,4.474729862039207e-07,0.0,-4.474729862039207e-07,-0.5335364238391717
lung->heart,IL6,IL6ST,capillary endothelial cell,cardiac fibroblast,0.000809954353988349,0.00039631643657634335,0.002838172013723158,0.0034668051438991225,2.298789779882952e-06,1.3739518609346375e-06,-9.248379189483145e-07,-0.47464616275427024
lung->heart,IL6,IL6ST,capillary endothelial cell,cardiac endothelial cell,0.000809954353988349,0.00039631643657634335,0.001709392969224705,0.0012810388023160885,1.3845302781006218e-06,5.076967332499389e-07,-8.768335448506829e-07,-0.6613588359374876
lung->heart,IL6,IL6ST,macrophage,cardiac fibroblast,0.00041372428898580157,6.531804000876681e-05,0.002838172013723158,0.0034668051438991225,1.1742206983970141e-06,2.2644491709180146e-07,-9.477757813052126e-07,-0.8260159512222692
lung->heart,IL6,IL6ST,macrophage,cardiac endothelial cell,0.00041372428898580157,6.531804000876681e-05,0.001709392969224705,0.0012810388023160885,7.072173907898192e-07,8.367494374246499e-08,-6.235424470473542e-07,-0.6557147029392404
lung->heart,IL6,IL6ST,"CD8-positive, alpha-beta T cell",cardiac fibroblast,0.0008701182734033171,0.000964673240546052,0.002838172013723158,0.0034668051438991225,2.46954533220241e-06,3.3443341525068888e-06,8.747888203044789e-07,0.32438845826384083
lung->heart,IL6,IL6ST,"CD8-positive, alpha-beta T cell",cardiac endothelial cell,0.0008701182734033171,0.000964673240546052,0.001709392969224705,0.0012810388023160885,1.48737405894957e-06,1.2357838526954945e-06,-2.5159020625407547e-07,-0.15384276027258603
lung->heart,IL6,IL6ST,monocyte,cardiac fibroblast,0.00047856563696617655,0.0003358989480958751,0.002838172013723158,0.0034668051438991225,1.358251597566999e-06,1.164496201089084e-06,-1.9375539647791498e-07,-0.12368637655870579
lung->heart,IL6,IL6ST,monocyte,cardiac endothelial cell,0.00047856563696617655,0.0003358989480958751,0.001709392969224705,0.0012810388023160885,8.180567351425248e-07,4.302995861679738e-07,-3.8775714897455096e-07,-0.34607986052448947
lung->heart,IL6,IL6ST,fibroblast,cardiac fibroblast,0.0005791639407024174,0.0005304689590517561,0.002838172013723158,0.0034668051438991225,1.6437668878592195e-06,1.839032515919441e-06,1.952656280602214e-07,0.10280439867498582
lung->heart,IL6,IL6ST,fibroblast,cardiac endothelial cell,0.0005791639407024174,0.0005304689590517561,0.001709392969224705,0.0012810388023160885,9.900187682651863e-07,6.795513199695238e-07,-3.1046744829566247e-07,-0.2447061582872161
lung->heart,IL6,IL6ST,conventional dendritic cell,cardiac fibroblast,0.00014375093902627663,0.0,0.002838172013723158,0.0034668051438991225,4.0798989209080243e-07,0.0,-4.0798989209080243e-07,-0.4936369769561641
lung->heart,IL6,IL6ST,conventional dendritic cell,cardiac endothelial cell,0.00014375093902627663,0.0,0.001709392969224705,0.0012810388023160885,2.457268444909665e-07,0.0,-2.457268444909665e-07,-0.3169877575265406
lung->heart,IL6,IL6ST,mast cell,cardiac fibroblast,0.01586195875804245,0.03433910285917685,0.002838172013723158,0.0034668051438991225,4.5018967429907026e-05,0.00011904697842907537,7.402801099916835e-05,1.3832985735734609
lung->heart,IL6,IL6ST,mast cell,cardiac endothelial cell,0.01586195875804245,0.03433910285917685,0.001709392969224705,0.0012810388023160885,2.711432077913e-05,4.398972319932888e-05,1.6875402420198883e-05,0.6782902978468277
lung->heart,IL6,IL6ST,pulmonary alveolar type 2 cell,cardiac fibroblast,0.0015487079914492468,0.0,0.002838172013723158,0.0034668051438991225,4.395499678760656e-06,0.0,-4.395499678760656e-06,-2.431756574298717
lung->heart,IL6,IL6ST,pulmonary alveolar type 2 cell,cardiac endothelial cell,0.0015487079914492468,0.0,0.001709392969224705,0.0012810388023160885,2.6473505519654568e-06,0.0,-2.6473505519654568e-06,-1.8668488657770388
lung->heart,IL6,IL6ST,vein endothelial cell,cardiac fibroblast,0.001235507814957648,0.0,0.002838172013723158,0.0034668051438991225,3.5065837031490468e-06,0.0,-3.5065837031490468e-06,-2.1720341868756914
lung->heart,IL6,IL6ST,vein endothelial cell,cardiac endothelial cell,0.001235507814957648,0.0,0.001709392969224705,0.0012810388023160885,2.1119683723107814e-06,0.0,-2.1119683723107814e-06,-1.6378273979390603
lung->heart,IL6,IL6ST,lung multiciliated epithelial cell,cardiac fibroblast,0.029612599545723817,0.02076111672640174,0.002838172013723158,0.0034668051438991225,8.404565128426443e-05,7.197474626017967e-05,-1.2070905024084765e-05,-0.22084017779772488
lung->heart,IL6,IL6ST,lung multiciliated epithelial cell,cardiac endothelial cell,0.029612599545723817,0.02076111672640174,0.001709392969224705,0.0012810388023160885,5.061956946392699e-05,2.65957961059342e-05,-2.4023773357992788e-05,-0.9034696024307312
lung->heart,IL6,IL6ST,smooth muscle cell,cardiac fibroblast,0.0,0.0,0.002838172013723158,0.0034668051438991225,0.0,0.0,0.0,0.0
lung->heart,IL6,IL6ST,smooth muscle cell,cardiac endothelial cell,0.0,0.0,0.001709392969224705,0.0012810388023160885,0.0,0.0,0.0,0.0
lung->heart,IL6,IL6ST,endothelial cell,cardiac fibroblast,0.0,0.0010430942545388941,0.002838172013723158,0.0034668051438991225,0.0,3.6162045272070587e-06,3.6162045272070587e-06,2.2067071459614085
lung->heart,IL6,IL6ST,endothelial cell,cardiac endothelial cell,0.0,0.0010430942545388941,0.001709392969224705,0.0012810388023160885,0.0,1.336244214537298e-06,1.336244214537298e-06,1.2241910912925589
lung->heart,IL6,IL6ST,B cell,cardiac fibroblast,0.0,0.0,0.002838172013723158,0.0034668051438991225,0.0,0.0,0.0,0.0
lung->heart,IL6,IL6ST,B cell,cardiac endothelial cell,0.0,0.0,0.001709392969224705,0.0012810388023160885,0.0,0.0,0.0,0.0
lung->heart,IL6,IL6ST,pulmonary alveolar type 1 cell,cardiac fibroblast,0.0,0.0,0.002838172013723158,0.0034668051438991225,0.0,0.0,0.0,0.0
lung->heart,IL6,IL6ST,pulmonary alveolar type 1 cell,cardiac endothelial cell,0.0,0.0,0.001709392969224705,0.0012810388023160885,0.0,0.0,0.0,0.0
lung->heart,IL6,IL6ST,club cell,cardiac fibroblast,0.002193526655271064,0.0,0.002838172013723158,0.0034668051438991225,6.225605964346099e-06,0.0,-6.225605964346099e-06,-2.8531185820906058
lung->heart,IL6,IL6ST,club cell,cardiac endothelial cell,0.002193526655271064,0.0,0.001709392969224705,0.0012810388023160885,3.7495990423273395e-06,0.0,-3.7495990423273395e-06,-2.247805727325304
lung->heart,IL6,IL6ST,neutrophil,cardiac fibroblast,0.0,0.0,0.002838172013723158,0.0034668051438991225,0.0,0.0,0.0,0.0
lung->heart,IL6,IL6ST,neutrophil,cardiac endothelial cell,0.0,0.0,0.001709392969224705,0.0012810388023160885,0.0,0.0,0.0,0.0
lung->heart,IL6,IL6ST,plasma cell,cardiac fibroblast,0.004680538389617297,0.0011571591059422223,0.002838172013723158,0.0034668051438991225,1.3284173066568672e-05,4.011645140790206e-06,-9.272527925778467e-06,-1.5110613482067992
lung->heart,IL6,IL6ST,plasma cell,cardiac endothelial cell,0.004680538389617297,0.0011571591059422223,0.001709392969224705,0.0012810388023160885,8.000879415398131e-06,1.4823657151653802e-06,-6.518513700232751e-06,-1.858350287816016
lung->heart,IL6,IL6ST,leukocyte,cardiac fibroblast,0.0,0.0,0.002838172013723158,0.0034668051438991225,0.0,0.0,0.0,0.0
lung->heart,IL6,IL6ST,leukocyte,cardiac endothelial cell,0.0,0.0,0.001709392969224705,0.0012810388023160885,0.0,0.0,0.0,0.0
lung->heart,IL6,IL6ST,endothelial cell of lymphatic vessel,cardiac fibroblast,0.0,0.0,0.002838172013723158,0.0034668051438991225,0.0,0.0,0.0,0.0
lung->heart,IL6,IL6ST,endothelial cell of lymphatic vessel,cardiac endothelial cell,0.0,0.0,0.001709392969224705,0.0012810388023160885,0.0,0.0,0.0,0.0
lung->heart,CCL2,CCR2,"CD4-positive, alpha-beta T cell",cardiac fibroblast,0.0,0.0,0.08610524946445831,0.07829304149408571,0.0,0.0,0.0,0.0
lung->heart,CCL2,CCR2,"CD4-positive, alpha-beta T cell",cardiac endothelial cell,0.0,0.0,0.0621067020452313,0.06386610732083729,0.0,0.0,0.0,0.0
lung->heart,CCL2,CCR2,"CD4-positive, alpha-beta T cell",cardiac macrophage,0.0,0.0,0.013691061953224289,0.013255744303437761,0.0,0.0,0.0,0.0
lung->heart,CCL2,CCR2,natural killer cell,cardiac fibroblast,0.0001794801837350927,0.0,0.08610524946445831,0.07829304149408571,1.545418599443697e-05,0.0,-1.545418599443697e-05,-4.040382751502344
lung->heart,CCL2,CCR2,natural killer cell,cardiac endothelial cell,0.0001794801837350927,0.0,0.0621067020452313,0.06386610732083729,1.114692229425877e-05,0.0,-1.114692229425877e-05,-3.602518914621663
lung->heart,CCL2,CCR2,natural killer cell,cardiac macrophage,0.0001794801837350927,0.0,0.013691061953224289,0.013255744303437761,2.457274314893232e-06,0.0,-2.457274314893232e-06,-1.7896350777210344
lung->heart,CCL2,CCR2,capillary endothelial cell,cardiac fibroblast,0.0,0.0,0.08610524946445831,0.07829304149408571,0.0,0.0,0.0,0.0
lung->heart,CCL2,CCR2,capillary endothelial cell,cardiac endothelial cell,0.0,0.0,0.0621067020452313,0.06386610732083729,0.0,0.0,0.0,0.0
lung->heart,CCL2,CCR2,capillary endothelial cell,cardiac macrophage,0.0,0.0,0.013691061953224289,0.013255744303437761,0.0,0.0,0.0,0.0
lung->heart,CCL2,CCR2,macrophage,cardiac fibroblast,0.0,0.0,0.08610524946445831,0.07829304149408571,0.0,0.0,0.0,0.0
lung->heart,CCL2,CCR2,macrophage,cardiac endothelial cell,0.0,0.0,0.0621067020452313,0.06386610732083729,0.0,0.0,0.0,0.0
lung->heart,CCL2,CCR2,macrophage,cardiac macrophage,0.0,0.0,0.013691061953224289,0.013255744303437761,0.0,0.0,0.0,0.0
lung->heart,CCL2,CCR2,"CD8-positive, alpha-beta T cell",cardiac fibroblast,0.0,0.0,0.08610524946445831,0.07829304149408571,0.0,0.0,0.0,0.0
lung->heart,CCL2,CCR2,"CD8-positive, alpha-beta T cell",cardiac endothelial cell,0.0,0.0,0.0621067020452313,0.06386610732083729,0.0,0.0,0.0,0.0
lung->heart,CCL2,CCR2,"CD8-positive, alpha-beta T cell",cardiac macrophage,0.0,0.0,0.013691061953224289,0.013255744303437761,0.0,0.0,0.0,0.0
lung->heart,CCL2,CCR2,monocyte,cardiac fibroblast,0.0,0.0,0.08610524946445831,0.07829304149408571,0.0,0.0,0.0,0.0
lung->heart,CCL2,CCR2,monocyte,cardiac endothelial cell,0.0,0.0,0.0621067020452313,0.06386610732083729,0.0,0.0,0.0,0.0
lung->heart,CCL2,CCR2,monocyte,cardiac macrophage,0.0,0.0,0.013691061953224289,0.013255744303437761,0.0,0.0,0.0,0.0
lung->heart,CCL2,CCR2,fibroblast,cardiac fibroblast,0.0,0.0,0.08610524946445831,0.07829304149408571,0.0,0.0,0.0,0.0
lung->heart,CCL2,CCR2,fibroblast,cardiac endothelial cell,0.0,0.0,0.0621067020452313,0.06386610732083729,0.0,0.0,0.0,0.0
lung->heart,CCL2,CCR2,fibroblast,cardiac macrophage,0.0,0.0,0.013691061953224289,0.013255744303437761,0.0,0.0,0.0,0.0
lung->heart,CCL2,CCR2,conventional dendritic cell,cardiac fibroblast,0.0,0.0,0.08610524946445831,0.07829304149408571,0.0,0.0,0.0,0.0
lung->heart,CCL2,CCR2,conventional dendritic cell,cardiac endothelial cell,0.0,0.0,0.0621067020452313,0.06386610732083729,0.0,0.0,0.0,0.0
lung->heart,CCL2,CCR2,conventional dendritic cell,cardiac macrophage,0.0,0.0,0.013691061953224289,0.013255744303437761,0.0,0.0,0.0,0.0
lung->heart,CCL2,CCR2,mast cell,cardiac fibroblast,0.0,0.0,0.08610524946445831,0.07829304149408571,0.0,0.0,0.0,0.0
lung->heart,CCL2,CCR2,mast cell,cardiac endothelial cell,0.0,0.0,0.0621067020452313,0.06386610732083729,0.0,0.0,0.0,0.0
lung->heart,CCL2,CCR2,mast cell,cardiac macrophage,0.0,0.0,0.013691061953224289,0.013255744303437761,0.0,0.0,0.0,0.0
lung->heart,CCL2,CCR2,pulmonary alveolar type 2 cell,cardiac fibroblast,0.0,0.0,0.08610524946445831,0.07829304149408571,0.0,0.0,0.0,0.0
lung->heart,CCL2,CCR2,pulmonary alveolar type 2 cell,cardiac endothelial cell,0.0,0.0,0.0621067020452313,0.06386610732083729,0.0,0.0,0.0,0.0
lung->heart,CCL2,CCR2,pulmonary alveolar type 2 cell,cardiac macrophage,0.0,0.0,0.013691061953224289,0.013255744303437761,0.0,0.0,0.0,0.0
lung->heart,CCL2,CCR2,vein endothelial cell,cardiac fibroblast,0.0,0.0,0.08610524946445831,0.07829304149408571,0.0,0.0,0.0,0.0
lung->heart,CCL2,CCR2,vein endothelial cell,cardiac endothelial cell,0.0,0.0,0.0621067020452313,0.06386610732083729,0.0,0.0,0.0,0.0
lung->heart,CCL2,CCR2,vein endothelial cell,cardiac macrophage,0.0,0.0,0.013691061953224289,0.013255744303437761,0.0,0.0,0.0,0.0
lung->heart,CCL2,CCR2,lung multiciliated epithelial cell,cardiac fibroblast,0.0,0.0032316755985905238,0.08610524946445831,0.07829304149408571,0.0,0.00025301771173587214,0.00025301771173587214,7.988785284184139
lung->heart,CCL2,CCR2,lung multiciliated epithelial cell,cardiac endothelial cell,0.0,0.0032316755985905238,0.0621067020452313,0.06386610732083729,0.0,0.00020639454060571348,0.00020639454060571348,7.6962341073360445
lung->heart,CCL2,CCR2,lung multiciliated epithelial cell,cardiac macrophage,0.0,0.0032316755985905238,0.013691061953224289,0.013255744303437761,0.0,4.2838265406575154e-05,4.2838265406575154e-05,5.454118809726847
lung->heart,CCL2,CCR2,smooth muscle cell,cardiac fibroblast,0.0,0.0,0.08610524946445831,0.07829304149408571,0.0,0.0,0.0,0.0
lung->heart,CCL2,CCR2,smooth muscle cell,cardiac endothelial cell,0.0,0.0,0.0621067020452313,0.06386610732083729,0.0,0.0,0.0,0.0
lung->heart,CCL2,CCR2,smooth muscle cell,cardiac macrophage,0.0,0.0,0.013691061953224289,0.013255744303437761,0.0,0.0,0.0,0.0
lung->heart,CCL2,CCR2,endothelial cell,cardiac fibroblast,0.0,0.0,0.08610524946445831,0.07829304149408571,0.0,0.0,0.0,0.0
lung->heart,CCL2,CCR2,endothelial cell,cardiac endothelial cell,0.0,0.0,0.0621067020452313,0.06386610732083729,0.0,0.0,0.0,0.0
lung->heart,CCL2,CCR2,endothelial cell,cardiac macrophage,0.0,0.0,0.013691061953224289,0.013255744303437761,0.0,0.0,0.0,0.0
lung->heart,CCL2,CCR2,B cell,cardiac fibroblast,0.0,0.0065638174009773256,0.08610524946445831,0.07829304149408571,0.0,0.0005139012281343196,0.0005139012281343196,9.008151901007743
lung->heart,CCL2,CCR2,B cell,cardiac endothelial cell,0.0,0.0065638174009773256,0.0621067020452313,0.06386610732083729,0.0,0.0004192054665651972,0.0004192054665651972,8.714951120313055
lung->heart,CCL2,CCR2,B cell,cardiac macrophage,0.0,0.0065638174009773256,0.013691061953224289,0.013255744303437761,0.0,8.700828512181084e-05,8.700828512181084e-05,6.459567440699881
lung->heart,CCL2,CCR2,pulmonary alveolar type 1 cell,cardiac fibroblast,0.0,0.0,0.08610524946445831,0.07829304149408571,0.0,0.0,0.0,0.0
lung->heart,CCL2,CCR2,pulmonary alveolar type 1 cell,cardiac endothelial cell,0.0,0.0,0.0621067020452313,0.06386610732083729,0.0,0.0,0.0,0.0
lung->heart,CCL2,CCR2,pulmonary alveolar type 1 cell,cardiac macrophage,0.0,0.0,0.013691061953224289,0.013255744303437761,0.0,0.0,0.0,0.0
lung->heart,CCL2,CCR2,club cell,cardiac fibroblast,0.0,0.0,0.08610524946445831,0.07829304149408571,0.0,0.0,0.0,0.0
lung->heart,CCL2,CCR2,club cell,cardiac endothelial cell,0.0,0.0,0.0621067020452313,0.06386610732083729,0.0,0.0,0.0,0.0
lung->heart,CCL2,CCR2,club cell,cardiac macrophage,0.0,0.0,0.013691061953224289,0.013255744303437761,0.0,0.0,0.0,0.0
lung->heart,CCL2,CCR2,neutrophil,cardiac fibroblast,0.0,0.0,0.08610524946445831,0.07829304149408571,0.0,0.0,0.0,0.0
lung->heart,CCL2,CCR2,neutrophil,cardiac endothelial cell,0.0,0.0,0.0621067020452313,0.06386610732083729,0.0,0.0,0.0,0.0
lung->heart,CCL2,CCR2,neutrophil,cardiac macrophage,0.0,0.0,0.013691061953224289,0.013255744303437761,0.0,0.0,0.0,0.0
lung->heart,CCL2,CCR2,plasma cell,cardiac fibroblast,0.011533204639237881,0.009169302830780015,0.08610524946445831,0.07829304149408571,0.0009930694625862257,0.0007178926070020973,-0.0002751768555841284,-0.4675703992009708
lung->heart,CCL2,CCR2,plasma cell,cardiac endothelial cell,0.011533204639237881,0.009169302830780015,0.0621067020452313,0.06386610732083729,0.0007162893041558264,0.0005856076786478537,-0.0001306816255079728,-0.2901591622329298
lung->heart,CCL2,CCR2,plasma cell,cardiac macrophage,0.011533204639237881,0.009169302830780015,0.013691061953224289,0.013255744303437761,0.00015790181923501962,0.00012154593376560792,-3.63558854694117e-05,-0.3748130274165966
lung->heart,CCL2,CCR2,leukocyte,cardiac fibroblast,0.0,0.0,0.08610524946445831,0.07829304149408571,0.0,0.0,0.0,0.0
lung->heart,CCL2,CCR2,leukocyte,cardiac endothelial cell,0.0,0.0,0.0621067020452313,0.06386610732083729,0.0,0.0,0.0,0.0
lung->heart,CCL2,CCR2,leukocyte,cardiac macrophage,0.0,0.0,0.013691061953224289,0.013255744303437761,0.0,0.0,0.0,0.0
lung->heart,CCL2,CCR2,endothelial cell of lymphatic vessel,cardiac fibroblast,0.0,0.0,0.08610524946445831,0.07829304149408571,0.0,0.0,0.0,0.0
lung->heart,CCL2,CCR2,endothelial cell of lymphatic vessel,cardiac endothelial cell,0.0,0.0,0.0621067020452313,0.06386610732083729,0.0,0.0,0.0,0.0
lung->heart,CCL2,CCR2,endothelial cell of lymphatic vessel,cardiac macrophage,0.0,0.0,0.013691061953224289,0.013255744303437761,0.0,0.0,0.0,0.0
lung->heart,CXCL8,CXCR1,"CD4-positive, alpha-beta T cell",cardiac fibroblast,0.006901094684715351,0.012284465974950315,0.0004627327452030386,0.0004911057166432948,3.1933624883644326e-06,6.032971466208145e-06,2.8396089778437123e-06,0.7460268171043721
lung->heart,CXCL8,CXCR1,"CD4-positive, alpha-beta T cell",cardiac endothelial cell,0.006901094684715351,0.012284465974950315,0.0007265900192520034,0.0007830603640388007,5.014266519827225e-06,9.619478398366854e-06,4.605211878539629e-06,0.820252199491994
lung->heart,CXCL8,CXCR1,natural killer cell,cardiac fibroblast,0.026427618303713853,0.02593204733740928,0.0004627327452030386,0.0004911057166432948,1.2228924366855582e-05,1.2735376691666228e-05,5.064523248106465e-07,0.05420071474066583
lung->heart,CXCL8,CXCR1,natural killer cell,cardiac endothelial cell,0.026427618303713853,0.02593204733740928,0.0007265900192520034,0.0007830603640388007,1.9202043692080044e-05,2.0306358428303122e-05,1.1043147362230778e-06,0.07678278907627557
lung->heart,CXCL8,CXCR1,capillary endothelial cell,cardiac fibroblast,0.031107704975676744,0.027577657121138285,0.0004627327452030386,0.0004911057166432948,1.4394553720361122e-05,1.3543545063819679e-05,-8.510086565414438e-07,-0.08204106860195794
lung->heart,CXCL8,CXCR1,capillary endothelial cell,cardiac endothelial cell,0.031107704975676744,0.027577657121138285,0.0007265900192520034,0.0007830603640388007,2.2602547957162607e-05,2.159497022461577e-05,-1.0075777325468364e-06,-0.06294095487656205
lung->heart,CXCL8,CXCR1,macrophage,cardiac fibroblast,0.00035120657512878044,0.0015315779686354098,0.0004627327452030386,0.0004911057166432948,1.625147826426978e-07,7.521666958817746e-07,5.896519132390768e-07,0.5918909733681802
lung->heart,CXCL8,CXCR1,macrophage,cardiac endothelial cell,0.00035120657512878044,0.0015315779686354098,0.0007265900192520034,0.0007830603640388007,2.5518319218425076e-07,1.1993180016734508e-06,9.441348094892e-07,0.8091582812369473
lung->heart,CXCL8,CXCR1,"CD8-positive, alpha-beta T cell",cardiac fibroblast,0.012808438293341122,0.013328372477119052,0.0004627327452030386,0.0004911057166432948,5.92688381324146e-06,6.545639917064318e-06,6.187561038228582e-07,0.12343678016029641
lung->heart,CXCL8,CXCR1,"CD8-positive, alpha-beta T cell",cardiac endothelial cell,0.012808438293341122,0.013328372477119052,0.0007265900192520034,0.0007830603640388007,9.306483426146823e-06,1.0436920203977576e-05,1.130436777830754e-06,0.15014643877737
lung->heart,CXCL8,CXCR1,monocyte,cardiac fibroblast,0.0026976920816675766,0.003930722744624203,0.0004627327452030386,0.0004911057166432948,1.2483104626625375e-06,1.9304004104247677e-06,6.820899477622302e-07,0.38225654133618764
lung->heart,CXCL8,CXCR1,monocyte,cardiac endothelial cell,0.0026976920816675766,0.003930722744624203,0.0007265900192520034,0.0007830603640388007,1.9601161415548215e-06,3.0779931833410218e-06,1.1178770417862003e-06,0.4622055820019762
lung->heart,CXCL8,CXCR1,fibroblast,cardiac fibroblast,0.026098443700651078,0.022978927744740342,0.0004627327452030386,0.0004911057166432948,1.2076604499129223e-05,1.1285082777775196e-05,-7.91521721354027e-07,-0.0900803972716956
lung->heart,CXCL8,CXCR1,fibroblast,cardiac endothelial cell,0.026098443700651078,0.022978927744740342,0.0007265900192520034,0.0007830603640388007,1.8962868710903392e-05,1.799388752501767e-05,-9.689811858857222e-07,-0.07178383862108498
lung->heart,CXCL8,CXCR1,conventional dendritic cell,cardiac fibroblast,0.014050658486224893,0.013735484103457757,0.0004627327452030386,0.0004911057166432948,6.501699773241215e-06,6.745574764071205e-06,2.438749908299894e-07,0.04615477304146988
lung->heart,CXCL8,CXCR1,conventional dendritic cell,cardiac endothelial cell,0.014050658486224893,0.013735484103457757,0.0007265900192520034,0.0007830603640388007,1.0209068220009469e-05,1.0755713182302791e-05,5.466449622933227e-07,0.06869570970496325
lung->heart,CXCL8,CXCR1,mast cell,cardiac fibroblast,0.018567085987694597,0.013443916881529896,0.0004627327452030386,0.0004911057166432948,8.591598669506792e-06,6.6023844345966286e-06,-1.9892142349101633e-06,-0.3353193142264674
lung->heart,CXCL8,CXCR1,mast cell,cardiac endothelial cell,0.018567085987694597,0.013443916881529896,0.0007265900192520034,0.0007830603640388007,1.3490659365252618e-05,1.0527398447358177e-05,-2.963260917894441e-06,-0.33005628688985283
lung->heart,CXCL8,CXCR1,pulmonary alveolar type 2 cell,cardiac fibroblast,0.03167237484980501,0.0343039951506132,0.0004627327452030386,0.0004911057166432948,1.4655844961349949e-05,1.6846888122170005e-05,2.1910431608200564e-06,0.18897116599530578
lung->heart,CXCL8,CXCR1,pulmonary alveolar type 2 cell,cardiac endothelial cell,0.03167237484980501,0.0343039951506132,0.0007265900192520034,0.0007830603640388007,2.3012831451876488e-05,2.6862098930624423e-05,3.849267478747935e-06,0.21449841661221986
lung->heart,CXCL8,CXCR1,vein endothelial cell,cardiac fibroblast,0.044826617292108524,0.03665318670800723,0.0004627327452030386,0.0004911057166432948,2.074274367774338e-05,1.8000589525496376e-05,-2.7421541522470027e-06,-0.1944898216369031
lung->heart,CXCL8,CXCR1,vein endothelial cell,cardiac endothelial cell,0.044826617292108524,0.03665318670800723,0.0007265900192520034,0.0007830603640388007,3.257057272127532e-05,2.8701657726754268e-05,-3.868914994521053e-06,-0.17665369610174242
lung->heart,CXCL8,CXCR1,lung multiciliated epithelial cell,cardiac fibroblast,0.036207687606378276,0.029582030508311017,0.0004627327452030386,0.0004911057166432948,1.675448268355346e-05,1.4527904292547892e-05,-2.2265783910055668e-06,-0.1933201938060278
lung->heart,CXCL8,CXCR1,lung multiciliated epithelial cell,cardiac endothelial cell,0.036207687606378276,0.029582030508311017,0.0007265900192520034,0.0007830603640388007,2.6308144434988915e-05,2.316451557884493e-05,-3.143628856143984e-06,-0.17644121390203057
lung->heart,CXCL8,CXCR1,smooth muscle cell,cardiac fibroblast,0.022038693844519723,0.03046215007968613,0.0004627327452030386,0.0004911057166432948,1.019802530336392e-05,1.4960136045379856e-05,4.762110742015936e-06,0.5112286041315267
lung->heart,CXCL8,CXCR1,smooth muscle cell,cardiac endothelial cell,0.022038693844519723,0.03046215007968613,0.0007265900192520034,0.0007830603640388007,1.6013094984778595e-05,2.3853702330803602e-05,7.840607346025007e-06,0.546815162025352
lung->heart,CXCL8,CXCR1,endothelial cell,cardiac fibroblast,0.03695342795983168,0.08273837925338219,0.0004627327452030386,0.0004911057166432948,1.7099561164515636e-05,4.063329103713697e-05,2.3533729872621336e-05,1.201782886781772
lung->heart,CXCL8,CXCR1,endothelial cell,cardiac endothelial cell,0.03695342795983168,0.08273837925338219,0.0007265900192520034,0.0007830603640388007,2.6849991932761624e-05,6.478914537813381e-05,3.793915344537219e-05,1.2401726621247382
lung->heart,CXCL8,CXCR1,B cell,cardiac fibroblast,0.030127151321325693,0.024122789079843974,0.0004627327452030386,0.0004911057166432948,1.394081943606439e-05,1.184683961849182e-05,-2.0939798175725703e-06,-0.21784578210013575
lung->heart,CXCL8,CXCR1,B cell,cardiac endothelial cell,0.030127151321325693,0.024122789079843974,0.0007265900192520034,0.0007830603640388007,2.1890087458570055e-05,1.8889599998493826e-05,-3.000487460076229e-06,-0.20270871286541794
lung->heart,CXCL8,CXCR1,pulmonary alveolar type 1 cell,cardiac fibroblast,0.0319309467366976,0.08658159285514119,0.0004627327452030386,0.0004911057166432948,1.4775494640404088e-05,4.252071520724208e-05,2.7745220566837994e-05,1.4640170240302595
lung->heart,CXCL8,CXCR1,pulmonary alveolar type 1 cell,cardiac endothelial cell,0.0319309467366976,0.08658159285514119,0.0007265900192520034,0.0007830603640388007,2.3200707204151802e-05,6.779861362020608e-05,4.459790641605428e-05,1.5073302858643098
lung->heart,CXCL8,CXCR1,club cell,cardiac fibroblast,0.05050285772501648,0.052777361426316095,0.0004627327452030386,0.0004911057166432948,2.336932599569536e-05,2.5919263905813147e-05,2.549937910117788e-06,0.1435726109905247
lung->heart,CXCL8,CXCR1,club cell,cardiac endothelial cell,0.05050285772501648,0.052777361426316095,0.0007265900192520034,0.0007830603640388007,3.6694872366700915e-05,4.132785985149844e-05,4.632987484797524e-06,0.16723925902840042
lung->heart,CXCL8,CXCR1,neutrophil,cardiac fibroblast,0.0,0.010884900883004004,0.0004627327452030386,0.0004911057166432948,0.0,5.345637048738913e-06,5.345637048738913e-06,2.6657650058191913
lung->heart,CXCL8,CXCR1,neutrophil,cardiac endothelial cell,0.0,0.010884900883004004,0.0007265900192520034,0.0007830603640388007,0.0,8.523534447971379e-06,8.523534447971379e-06,3.2514970970866925
lung->heart,CXCL8,CXCR1,plasma cell,cardiac fibroblast,0.0012280446109087955,0.0,0.0004627327452030386,0.0004911057166432948,5.682564540376244e-07,0.0,-5.682564540376244e-07,-0.6491614999602473
lung->heart,CXCL8,CXCR1,plasma cell,cardiac endothelial cell,0.0012280446109087955,0.0,0.0007265900192520034,0.0007830603640388007,8.922849574825407e-07,0.0,-8.922849574825407e-07,-0.9201293591800962
lung->heart,CXCL8,CXCR1,leukocyte,cardiac fibroblast,0.0167488811250419,0.01724737518903311,0.0004627327452030386,0.0004911057166432948,7.750255742069996e-06,8.470284552425888e-06,7.200288103558919e-07,0.11408259188154093
lung->heart,CXCL8,CXCR1,leukocyte,cardiac endothelial cell,0.0167488811250419,0.01724737518903311,0.0007265900192520034,0.0007830603640388007,1.216956985909371e-05,1.3505735894238047e-05,1.3361660351443367e-06,0.1394152616764207
lung->heart,CXCL8,CXCR1,endothelial cell of lymphatic vessel,cardiac fibroblast,0.01897805931894318,0.020865190801619245,0.0004627327452030386,0.0004911057166432948,8.781769487280687e-06,1.0247014481528302e-05,1.4652449942476152e-06,0.2013747167633176
lung->heart,CXCL8,CXCR1,endothelial cell of lymphatic vessel,cardiac endothelial cell,0.01897805931894318,0.020865190801619245,0.0007265900192520034,0.0007830603640388007,1.3789268485916587e-05,1.6338703904855002e-05,2.549435418938415e-06,0.22944536397815843
lung->heart,CXCL8,CXCR2,"CD4-positive, alpha-beta T cell",cardiac fibroblast,0.006901094684715351,0.012284465974950315,0.0008907238622092906,0.0006509724311550743,6.146969711041664e-06,7.996848681155196e-06,1.8498789701135317e-06,0.33208808418381225
lung->heart,CXCL8,CXCR2,"CD4-positive, alpha-beta T cell",cardiac endothelial cell,0.006901094684715351,0.012284465974950315,0.00030836762234405746,0.0004708761865119322,2.1280741594968856e-06,5.78446249162019e-06,3.656388332123304e-06,1.1169598046147167
lung->heart,CXCL8,CXCR2,natural killer cell,cardiac fibroblast,0.026427618303713853,0.02593204733740928,0.0008907238622092906,0.0006509724311550743,2.3539710244476943e-05,1.6881047900061792e-05,-6.65866234441515e-06,-0.45668692768075747
lung->heart,CXCL8,CXCR2,natural killer cell,cardiac endothelial cell,0.026427618303713853,0.02593204733740928,0.00030836762234405746,0.0004708761865119322,8.149421820532533e-06,1.2210783558686188e-05,4.061361738153655e-06,0.5299635551727893
lung->heart,CXCL8,CXCR2,capillary endothelial cell,cardiac fibroblast,0.031107704975676744,0.027577657121138285,0.0008907238622092906,0.0006509724311550743,2.7708375120401954e-05,1.7952294501708438e-05,-9.756080618693517e-06,-0.5990991549861128
lung->heart,CXCL8,CXCR2,capillary endothelial cell,cardiac endothelial cell,0.031107704975676744,0.027577657121138285,0.00030836762234405746,0.0004708761865119322,9.592609019929843e-06,1.2985662018135227e-05,3.393052998205384e-06,0.4008905689998577
lung->heart,CXCL8,CXCR2,macrophage,cardiac fibroblast,0.00035120657512878044,0.0015315779686354098,0.0008907238622092906,0.0006509724311550743,3.128280770320047e-07,9.970150337461428e-07,6.841869567141381e-07,0.6051671948385644
lung->heart,CXCL8,CXCR2,macrophage,cardiac endothelial cell,0.00035120657512878044,0.0015315779686354098,0.00030836762234405746,0.0004708761865119322,1.0830073652406161e-07,7.211835932167335e-07,6.128828566926718e-07,0.6350515846460395
lung->heart,CXCL8,CXCR2,"CD8-positive, alpha-beta T cell",cardiac fibroblast,0.012808438293341122,0.013328372477119052,0.0008907238622092906,0.0006509724311550743,1.1408781625514178e-05,8.676403034770569e-06,-2.7323785907436093e-06,-0.3588187034796254
lung->heart,CXCL8,CXCR2,"CD8-positive, alpha-beta T cell",cardiac endothelial cell,0.012808438293341122,0.013328372477119052,0.00030836762234405746,0.0004708761865119322,3.949707662458179e-06,6.276013204436415e-06,2.3263055419782355e-06,0.5558048413166945
lung->heart,CXCL8,CXCR2,monocyte,cardiac fibroblast,0.0026976920816675766,0.003930722744624203,0.0008907238622092906,0.0006509724311550743,2.4028987100343646e-06,2.5587921412645637e-06,1.5589343123019905e-07,0.06462346268648228
lung->heart,CXCL8,CXCR2,monocyte,cardiac endothelial cell,0.0026976920816675766,0.003930722744624203,0.00030836762234405746,0.0004708761865119322,8.318808930402214e-07,1.8508837362243602e-06,1.0190028431841388e-06,0.6380835009974241
lung->heart,CXCL8,CXCR2,fibroblast,cardiac fibroblast,0.026098443700651078,0.022978927744740342,0.0008907238622092906,0.0006509724311550743,2.3246506570695656e-05,1.495864845933041e-05,-8.287858111365247e-06,-0.6034384245655032
lung->heart,CXCL8,CXCR2,fibroblast,cardiac endothelial cell,0.026098443700651078,0.022978927744740342,0.00030836762234405746,0.0004708761865119322,8.047915030850016e-06,1.0820229866576567e-05,2.7723148357265504e-06,0.38560080557755944
lung->heart,CXCL8,CXCR2,conventional dendritic cell,cardiac fibroblast,0.014050658486224893,0.013735484103457757,0.0008907238622092906,0.0006509724311550743,1.251525679343398e-05,8.941421479919772e-06,-3.5738353135142075e-06,-0.4430648674811224
lung->heart,CXCL8,CXCR2,conventional dendritic cell,cardiac endothelial cell,0.014050658486224893,0.013735484103457757,0.00030836762234405746,0.0004708761865119322,4.332768149765524e-06,6.467712374531455e-06,2.1349442247659312e-06,0.4857817559582961
lung->heart,CXCL8,CXCR2,mast cell,cardiac fibroblast,0.018567085987694597,0.013443916881529896,0.0008907238622092906,0.0006509724311550743,1.6538146540931333e-05,8.751619256616261e-06,-7.786527284315072e-06,-0.8467825861311342
lung->heart,CXCL8,CXCR2,mast cell,cardiac endothelial cell,0.018567085987694597,0.013443916881529896,0.00030836762234405746,0.0004708761865119322,5.725488159883048e-06,6.330420312958185e-06,6.049321530751369e-07,0.12425693482452334
lung->heart,CXCL8,CXCR2,pulmonary alveolar type 2 cell,cardiac fibroblast,0.03167237484980501,0.0343039951506132,0.0008907238622092906,0.0006509724311550743,2.8211340051558714e-05,2.2330955121526555e-05,-5.880384930032159e-06,-0.32428317288654784
lung->heart,CXCL8,CXCR2,pulmonary alveolar type 2 cell,cardiac endothelial cell,0.03167237484980501,0.0343039951506132,0.00030836762234405746,0.0004708761865119322,9.766734926424094e-06,1.615293441864456e-05,6.386199492220465e-06,0.6718745941825419
lung->heart,CXCL8,CXCR2,vein endothelial cell,cardiac fibroblast,0.044826617292108524,0.03665318670800723,0.0008907238622092906,0.0006509724311550743,3.9928137684204676e-05,2.386021406089232e-05,-1.6067923623312358e-05,-0.7192543037484816
lung->heart,CXCL8,CXCR2,vein endothelial cell,cardiac endothelial cell,0.044826617292108524,0.03665318670800723,0.00030836762234405746,0.0004708761865119322,1.3823077392094516e-05,1.7259112780576285e-05,3.4360353884817693e-06,0.3007716717232182
lung->heart,CXCL8,CXCR2,lung multiciliated epithelial cell,cardiac fibroblast,0.036207687606378276,0.029582030508311017,0.0008907238622092906,0.0006509724311550743,3.225105134642072e-05,1.9257086318498802e-05,-1.2993965027921918e-05,-0.7149732783322407
lung->heart,CXCL8,CXCR2,lung multiciliated epithelial cell,cardiac endothelial cell,0.036207687606378276,0.029582030508311017,0.00030836762234405746,0.0004708761865119322,1.1165278537755266e-05,1.3929473715033127e-05,2.764195177277861e-06,0.29539395655500317
lung->heart,CXCL8,CXCR2,smooth muscle cell,cardiac fibroblast,0.022038693844519723,0.03046215007968613,0.0008907238622092906,0.0006509724311550743,1.9630390499238726e-05,1.983001989558402e-05,1.9962939634529306e-07,0.013893088036281717
lung->heart,CXCL8,CXCR2,smooth muscle cell,cardiac endothelial cell,0.022038693844519723,0.03046215007968613,0.00030836762234405746,0.0004708761865119322,6.796019620403162e-06,1.4343901062476757e-05,7.547881442073595e-06,0.976855696423088
lung->heart,CXCL8,CXCR2,endothelial cell,cardiac fibroblast,0.03695342795983168,0.08273837925338219,0.0008907238622092906,0.0006509724311550743,3.291530007425406e-05,5.386040389240477e-05,2.0945103818150708e-05,0.6938289861332535
lung->heart,CXCL8,CXCR2,endothelial cell,cardiac endothelial cell,0.03695342795983168,0.08273837925338219,0.00030836762234405746,0.0004708761865119322,1.139524071743571e-05,3.8959532501010576e-05,2.7564291783574864e-05,1.6887534156404327
lung->heart,CXCL8,CXCR2,B cell,cardiac fibroblast,0.030127151321325693,0.024122789079843974,0.0008907238622092906,0.0006509724311550743,2.6834972582294954e-05,1.570327065354711e-05,-1.1131701928747845e-05,-0.7367680388590669
lung->heart,CXCL8,CXCR2,B cell,cardiac endothelial cell,0.030127151321325693,0.024122789079843974,0.00030836762234405746,0.0004708761865119322,9.290238020956834e-06,1.1358846929948612e-05,2.0686089089917787e-06,0.26426779404304257
lung->heart,CXCL8,CXCR2,pulmonary alveolar type 1 cell,cardiac fibroblast,0.0319309467366976,0.08658159285514119,0.0008907238622092906,0.0006509724311550743,2.844165620131043e-05,5.6362229994190075e-05,2.7920573792879645e-05,0.9622422802696163
lung->heart,CXCL8,CXCR2,pulmonary alveolar type 1 cell,cardiac endothelial cell,0.0319309467366976,0.08658159285514119,0.00030836762234405746,0.0004708761865119322,9.846470124390179e-06,4.076921026575764e-05,3.0922740141367465e-05,1.9452142582644192
lung->heart,CXCL8,CXCR2,club cell,cardiac fibroblast,0.05050285772501648,0.052777361426316095,0.0008907238622092906,0.0006509724311550743,4.4984100485432985e-05,3.435660727763903e-05,-1.0627493207793954e-05,-0.379155275178885
lung->heart,CXCL8,CXCR2,club cell,cardiac endothelial cell,0.05050285772501648,0.052777361426316095,0.00030836762234405746,0.0004708761865119322,1.5573446158243547e-05,2.4851602682585675e-05,9.278156524342127e-06,0.641380106936675
lung->heart,CXCL8,CXCR2,neutrophil,cardiac fibroblast,0.0,0.010884900883004004,0.0008907238622092906,0.0006509724311550743,0.0,7.085770390691132e-06,7.085770390691132e-06,3.0153852363928757
lung->heart,CXCL8,CXCR2,neutrophil,cardiac endothelial cell,0.0,0.010884900883004004,0.00030836762234405746,0.0004708761865119322,0.0,5.125440618349289e-06,5.125440618349289e-06,2.6148136245305453
lung->heart,CXCL8,CXCR2,plasma cell,cardiac fibroblast,0.0012280446109087955,0.0,0.0008907238622092906,0.0006509724311550743,1.0938486387939878e-06,0.0,-1.0938486387939878e-06,-1.0661571557578056
lung->heart,CXCL8,CXCR2,plasma cell,cardiac endothelial cell,0.0012280446109087955,0.0,0.00030836762234405746,0.0004708761865119322,3.7868919679837843e-07,0.0,-3.7868919679837843e-07,-0.46329726122064446
lung->heart,CXCL8,CXCR2,leukocyte,cardiac fibroblast,0.0167488811250419,0.01724737518903311,0.0008907238622092906,0.0006509724311550743,1.491862808338161e-05,1.1227565757848594e-05,-3.6910623255330155e-06,-0.38057878204243206
lung->heart,CXCL8,CXCR2,leukocyte,cardiac endothelial cell,0.0167488811250419,0.01724737518903311,0.00030836762234405746,0.0004708761865119322,5.164812649452433e-06,8.121378256352427e-06,2.9565656068999943e-06,0.5651947832786658
lung->heart,CXCL8,CXCR2,endothelial cell of lymphatic vessel,cardiac fibroblast,0.01897805931894318,0.020865190801619245,0.0008907238622092906,0.0006509724311550743,1.6904210293806087e-05,1.3582663982644574e-05,-3.3215463111615134e-06,-0.2960445892865245
lung->heart,CXCL8,CXCR2,endothelial cell of lymphatic vessel,cardiac endothelial cell,0.01897805931894318,0.020865190801619245,0.00030836762234405746,0.0004708761865119322,5.8522190288869905e-06,9.824921475510316e-06,3.9727024466233255e-06,0.6597133870767226
lung->heart,IL33,IL1RL1,"CD4-positive, alpha-beta T cell",cardiac fibroblast,0.00511018418966382,0.003187034207312078,0.0009487745535415805,0.000989766388839837,4.848412723063534e-06,3.1544193384803082e-06,-1.6939933845832257e-06,-0.49339827983373974
lung->heart,IL33,IL1RL1,"CD4-positive, alpha-beta T cell",cardiac endothelial cell,0.00511018418966382,0.003187034207312078,0.001232411681674163,0.0009281749175726954,6.297850690848308e-06,2.9581252126732485e-06,-3.339725478175059e-06,-0.8826543828364644
lung->heart,IL33,IL1RL1,natural killer cell,cardiac fibroblast,0.0068285156098998635,0.006172489219857473,0.0009487745535415805,0.000989766388839837,6.478721849134457e-06,6.109322365291154e-06,-3.6939948384330276e-07,-0.07307967343954512
lung->heart,IL33,IL1RL1,natural killer cell,cardiac endothelial cell,0.0068285156098998635,0.006172489219857473,0.001232411681674163,0.0009281749175726954,8.415542406134964e-06,5.729149672859561e-06,-2.6863927332754026e-06,-0.48461999673767875
lung->heart,IL33,IL1RL1,capillary endothelial cell,cardiac fibroblast,0.004488794778356393,0.0036490358806344904,0.0009487745535415805,0.000989766388839837,4.258854261774865e-06,3.6116930663225943e-06,-6.471611954522706e-07,-0.18945201922408314
lung->heart,IL33,IL1RL1,capillary endothelial cell,cardiac endothelial cell,0.004488794778356393,0.0036490358806344904,0.001232411681674163,0.0009281749175726954,5.532043121484404e-06,3.386943577727726e-06,-2.1450995437566784e-06,-0.5743181635403338
lung->heart,IL33,IL1RL1,macrophage,cardiac fibroblast,0.001670870438077405,0.001136431829319943,0.0009487745535415805,0.000989766388839837,1.585279353912715e-06,1.1248020278686501e-06,-4.6047732604406476e-07,-0.28299175156458845
lung->heart,IL33,IL1RL1,macrophage,cardiac endothelial cell,0.001670870438077405,0.001136431829319943,0.001232411681674163,0.0009281749175726954,2.05920024645062e-06,1.0548075195060256e-06,-1.0043927269445941e-06,-0.5741512863494223
lung->heart,IL33,IL1RL1,"CD8-positive, alpha-beta T cell",cardiac fibroblast,0.004461150903279147,0.004068543587897931,0.0009487745535415805,0.000989766388839837,4.232626456540292e-06,4.026907694831209e-06,-2.057187617090828e-07,-0.05786407422127744
lung->heart,IL33,IL1RL1,"CD8-positive, alpha-beta T cell",cardiac endothelial cell,0.004461150903279147,0.004068543587897931,0.001232411681674163,0.0009281749175726954,5.497974486912465e-06,3.7763201093380802e-06,-1.7216543775743849e-06,-0.44409054983030105
lung->heart,IL33,IL1RL1,monocyte,cardiac fibroblast,0.004669134911654997,0.004450641466512448,0.0009487745535415805,0.000989766388839837,4.429956391230877e-06,4.405095332330862e-06,-2.4861058900015227e-08,-0.006620547874617027
lung->heart,IL33,IL1RL1,monocyte,cardiac endothelial cell,0.004669134911654997,0.004450641466512448,0.001232411681674163,0.0009281749175726954,5.754296408436279e-06,4.130973776325811e-06,-1.6233226321104685e-06,-0.39657284044181995
lung->heart,IL33,IL1RL1,fibroblast,cardiac fibroblast,0.027411021187846392,0.01257855614363131,0.0009487745535415805,0.000989766388839837,2.6006879389617764e-05,1.2449832091101107e-05,-1.3557047298516656e-05,-1.0057387857486395
lung->heart,IL33,IL1RL1,fibroblast,cardiac endothelial cell,0.027411021187846392,0.01257855614363131,0.001232411681674163,0.0009281749175726954,3.378166271851989e-05,1.1675100311798511e-05,-2.2106562406721374e-05,-1.456329736664512
lung->heart,IL33,IL1RL1,conventional dendritic cell,cardiac fibroblast,0.007962485633532452,0.00439870512752058,0.0009487745535415805,0.000989766388839837,7.554603752036001e-06,4.3536904896373195e-06,-3.2009132623986816e-06,-0.6761672952970583
lung->heart,IL33,IL1RL1,conventional dendritic cell,cardiac endothelial cell,0.007962485633532452,0.00439870512752058,0.001232411681674163,0.0009281749175726954,9.813060309928091e-06,4.082767769163007e-06,-5.730292540765085e-06,-1.0890886711918824
lung->heart,IL33,IL1RL1,mast cell,cardiac fibroblast,0.00526889202865931,0.0008240297366842664,0.0009487745535415805,0.000989766388839837,4.99899068215003e-06,8.155969367746282e-07,-4.183393745375402e-06,-1.724275831348499
lung->heart,IL33,IL1RL1,mast cell,cardiac endothelial cell,0.00526889202865931,0.0008240297366842664,0.001232411681674163,0.0009281749175726954,6.493444085599612e-06,7.648437329243689e-07,-5.728600352675244e-06,-2.0860885062071017
lung->heart,IL33,IL1RL1,pulmonary alveolar type 2 cell,cardiac fibroblast,0.006988542783758164,0.0,0.0009487745535415805,0.000989766388839837,6.630551559566386e-06,0.0,-6.630551559566386e-06,-2.931787343231694
lung->heart,IL33,IL1RL1,pulmonary alveolar type 2 cell,cardiac endothelial cell,0.006988542783758164,0.0,0.001232411681674163,0.0009281749175726954,8.612761764583234e-06,0.0,-8.612761764583234e-06,-3.2649509795581295
lung->heart,IL33,IL1RL1,vein endothelial cell,cardiac fibroblast,0.004923894554632108,0.004804493761364371,0.0009487745535415805,0.000989766388839837,4.671665857756898e-06,4.755326440389139e-06,8.366058263224073e-08,0.021125220200472118
lung->heart,IL33,IL1RL1,vein endothelial cell,cardiac endothelial cell,0.004923894554632108,0.004804493761364371,0.001232411681674163,0.0009281749175726954,6.0682651684604105e-06,4.459410600932904e-06,-1.6088545675275067e-06,-0.37261095821281814
lung->heart,IL33,IL1RL1,lung multiciliated epithelial cell,cardiac fibroblast,0.07614583365492517,0.020516533631028604,0.0009487745535415805,0.000989766388839837,7.224522933000308e-05,2.0306575403494253e-05,-5.1938653926508825e-05,-1.7814360677521401
lung->heart,IL33,IL1RL1,lung multiciliated epithelial cell,cardiac endothelial cell,0.07614583365492517,0.020516533631028604,0.001232411681674163,0.0009281749175726954,9.384301490714739e-05,1.9042931911857407e-05,-7.480008299528998e-05,-2.2424479608194052
lung->heart,IL33,IL1RL1,smooth muscle cell,cardiac fibroblast,0.002394066413071717,0.0030230950144009613,0.0009487745535415805,0.000989766388839837,2.271429292211011e-06,2.9921578355233545e-06,7.207285433123434e-07,0.28724767174578436
lung->heart,IL33,IL1RL1,smooth muscle cell,cardiac endothelial cell,0.002394066413071717,0.0030230950144009613,0.001232411681674163,0.0009281749175726954,2.9504754141733456e-06,2.8059609658060387e-06,-1.445144483673069e-07,-0.05376551744805989
lung->heart,IL33,IL1RL1,endothelial cell,cardiac fibroblast,0.002727905795324871,0.005692675340776787,0.0009487745535415805,0.000989766388839837,2.5881676030628447e-06,5.63441871487823e-06,3.046251111815385e-06,0.886722787100159
lung->heart,IL33,IL1RL1,endothelial cell,cardiac endothelial cell,0.002727905795324871,0.005692675340776787,0.001232411681674163,0.0009281749175726954,3.3619029686650192e-06,5.2837984651936105e-06,1.9218954965285913e-06,0.5266792337513164
lung->heart,IL33,IL1RL1,B cell,cardiac fibroblast,0.008282478927160771,0.005592932724025798,0.0009487745535415805,0.000989766388839837,7.858205246334509e-06,5.5356968252831665e-06,-2.3225084210513422e-06,-0.43867336313275257
lung->heart,IL33,IL1RL1,B cell,cardiac endothelial cell,0.008282478927160771,0.005592932724025798,0.001232411681674163,0.0009281749175726954,1.0207423783053023e-05,5.191219870112276e-06,-5.016203912940747e-06,-0.8561590882231265
lung->heart,IL33,IL1RL1,pulmonary alveolar type 1 cell,cardiac fibroblast,0.009622782663347706,0.005493499430696315,0.0009487745535415805,0.000989766388839837,9.129851325245381e-06,5.4372810936139925e-06,-3.6925702316313887e-06,-0.6540896272157022
lung->heart,IL33,IL1RL1,pulmonary alveolar type 1 cell,cardiac endothelial cell,0.009622782663347706,0.005493499430696315,0.001232411681674163,0.0009281749175726954,1.1859229764521327e-05,5.098928381272202e-06,-6.760301383249126e-06,-1.076176551672227
lung->heart,IL33,IL1RL1,club cell,cardiac fibroblast,0.0,0.003657902750296658,0.0009487745535415805,0.000989766388839837,0.0,3.6204691958884313e-06,3.6204691958884313e-06,2.2080393607779745
lung->heart,IL33,IL1RL1,club cell,cardiac endothelial cell,0.0,0.003657902750296658,0.001232411681674163,0.0009281749175726954,0.0,3.395173583745536e-06,3.395173583745536e-06,2.135920144541277
lung->heart,IL33,IL1RL1,neutrophil,cardiac fibroblast,0.0,0.0,0.0009487745535415805,0.000989766388839837,0.0,0.0,0.0,0.0
lung->heart,IL33,IL1RL1,neutrophil,cardiac endothelial cell,0.0,0.0,0.001232411681674163,0.0009281749175726954,0.0,0.0,0.0,0.0
lung->heart,IL33,IL1RL1,plasma cell,cardiac fibroblast,0.004512658933444333,0.0,0.0009487745535415805,0.000989766388839837,4.2814959648640725e-06,0.0,-4.2814959648640725e-06,-2.4009466256836665
lung->heart,IL33,IL1RL1,plasma cell,cardiac endothelial cell,0.004512658933444333,0.0,0.001232411681674163,0.0009281749175726954,5.561453584988065e-06,0.0,-5.561453584988065e-06,-2.7140154562380854
lung->heart,IL33,IL1RL1,leukocyte,cardiac fibroblast,0.007738678845667097,0.005767668229616164,0.0009487745535415805,0.000989766388839837,7.3422615667994734e-06,5.708644155653447e-06,-1.6336174111460264e-06,-0.3144173264735702
lung->heart,IL33,IL1RL1,leukocyte,cardiac endothelial cell,0.007738678845667097,0.005767668229616164,0.001232411681674163,0.0009281749175726954,9.537238210124857e-06,5.3534049836106365e-06,-4.183833226514221e-06,-0.7298949003677653
lung->heart,IL33,IL1RL1,endothelial cell of lymphatic vessel,cardiac fibroblast,0.029192786330768203,0.020185426354783063,0.0009487745535415805,0.000989766388839837,2.7697372817609357e-05,1.9978856550366108e-05,-7.71851626724325e-06,-0.45198262116948434
lung->heart,IL33,IL1RL1,endothelial cell of lymphatic vessel,cardiac endothelial cell,0.029192786330768203,0.020185426354783063,0.001232411681674163,0.0009281749175726954,3.5977530894656556e-05,1.873560644302048e-05,-1.7241924451636074e-05,-0.9058480431204953
lung->heart,IL33,IL1RAP,"CD4-positive, alpha-beta T cell",cardiac fibroblast,0.00511018418966382,0.003187034207312078,0.0,0.0,0.0,0.0,0.0,0.0
lung->heart,IL33,IL1RAP,"CD4-positive, alpha-beta T cell",cardiac endothelial cell,0.00511018418966382,0.003187034207312078,0.0,0.0,0.0,0.0,0.0,0.0
lung->heart,IL33,IL1RAP,"CD4-positive, alpha-beta T cell",cardiac macrophage,0.00511018418966382,0.003187034207312078,0.2388511592347732,0.43727352500952804,0.0012205734176044135,0.0013936056821572994,0.00017303226455288594,0.19111669142762153
lung->heart,IL33,IL1RAP,natural killer cell,cardiac fibroblast,0.0068285156098998635,0.006172489219857473,0.0,0.0,0.0,0.0,0.0,0.0
lung->heart,IL33,IL1RAP,natural killer cell,cardiac endothelial cell,0.0068285156098998635,0.006172489219857473,0.0,0.0,0.0,0.0,0.0,0.0
lung->heart,IL33,IL1RAP,natural killer cell,cardiac macrophage,0.0068285156098998635,0.006172489219857473,0.2388511592347732,0.43727352500952804,0.0016309988692773268,0.002699066119250389,0.0010680672499730622,0.7263546786962022
lung->heart,IL33,IL1RAP,capillary endothelial cell,cardiac fibroblast,0.004488794778356393,0.0036490358806344904,0.0,0.0,0.0,0.0,0.0,0.0
lung->heart,IL33,IL1RAP,capillary endothelial cell,cardiac endothelial cell,0.004488794778356393,0.0036490358806344904,0.0,0.0,0.0,0.0,0.0,0.0
lung->heart,IL33,IL1RAP,capillary endothelial cell,cardiac macrophage,0.004488794778356393,0.0036490358806344904,0.2388511592347732,0.43727352500952804,0.0010721538363774215,0.001595626782411291,0.0005234729460338696,0.5731702157493866
lung->heart,IL33,IL1RAP,macrophage,cardiac fibroblast,0.001670870438077405,0.001136431829319943,0.0,0.0,0.0,0.0,0.0,0.0
lung->heart,IL33,IL1RAP,macrophage,cardiac endothelial cell,0.001670870438077405,0.001136431829319943,0.0,0.0,0.0,0.0,0.0,0.0
lung->heart,IL33,IL1RAP,macrophage,cardiac macrophage,0.001670870438077405,0.001136431829319943,0.2388511592347732,0.43727352500952804,0.00039908934106590153,0.0004969315519397578,9.78422108738563e-05,0.3156252423388962
lung->heart,IL33,IL1RAP,"CD8-positive, alpha-beta T cell",cardiac fibroblast,0.004461150903279147,0.004068543587897931,0.0,0.0,0.0,0.0,0.0,0.0
lung->heart,IL33,IL1RAP,"CD8-positive, alpha-beta T cell",cardiac endothelial cell,0.004461150903279147,0.004068543587897931,0.0,0.0,0.0,0.0,0.0,0.0
lung->heart,IL33,IL1RAP,"CD8-positive, alpha-beta T cell",cardiac macrophage,0.004461150903279147,0.004068543587897931,0.2388511592347732,0.43727352500952804,0.00106555106476948,0.001779066396335041,0.0007135153315655609,0.738978013328395
lung->heart,IL33,IL1RAP,monocyte,cardiac fibroblast,0.004669134911654997,0.004450641466512448,0.0,0.0,0.0,0.0,0.0,0.0
lung->heart,IL33,IL1RAP,monocyte,cardiac endothelial cell,0.004669134911654997,0.004450641466512448,0.0,0.0,0.0,0.0,0.0,0.0
lung->heart,IL33,IL1RAP,monocyte,cardiac macrophage,0.004669134911654997,0.004450641466512448,0.2388511592347732,0.43727352500952804,0.0011152282862723465,0.0019461476826154733,0.0008309193963431268,0.8027301990916957
lung->heart,IL33,IL1RAP,fibroblast,cardiac fibroblast,0.027411021187846392,0.01257855614363131,0.0,0.0,0.0,0.0,0.0,0.0
lung->heart,IL33,IL1RAP,fibroblast,cardiac endothelial cell,0.027411021187846392,0.01257855614363131,0.0,0.0,0.0,0.0,0.0,0.0
lung->heart,IL33,IL1RAP,fibroblast,cardiac macrophage,0.027411021187846392,0.01257855614363131,0.2388511592347732,0.43727352500952804,0.006547154186526041,0.005500269584455918,-0.0010468846020701226,-0.2513236901153204
lung->heart,IL33,IL1RAP,conventional dendritic cell,cardiac fibroblast,0.007962485633532452,0.00439870512752058,0.0,0.0,0.0,0.0,0.0,0.0
lung->heart,IL33,IL1RAP,conventional dendritic cell,cardiac endothelial cell,0.007962485633532452,0.00439870512752058,0.0,0.0,0.0,0.0,0.0,0.0
lung->heart,IL33,IL1RAP,conventional dendritic cell,cardiac macrophage,0.007962485633532452,0.00439870512752058,0.2388511592347732,0.43727352500952804,0.0019018489239594537,0.0019234372965884097,2.1588372628956022e-05,0.016275641099897507
lung->heart,IL33,IL1RAP,mast cell,cardiac fibroblast,0.00526889202865931,0.0008240297366842664,0.0,0.0,0.0,0.0,0.0,0.0
lung->heart,IL33,IL1RAP,mast cell,cardiac endothelial cell,0.00526889202865931,0.0008240297366842664,0.0,0.0,0.0,0.0,0.0,0.0
lung->heart,IL33,IL1RAP,mast cell,cardiac macrophage,0.00526889202865931,0.0008240297366842664,0.2388511592347732,0.43727352500952804,0.0012584809689281321,0.00036032638767260236,-0.0008981545812555298,-1.8014547989793799
lung->heart,IL33,IL1RAP,pulmonary alveolar type 2 cell,cardiac fibroblast,0.006988542783758164,0.0,0.0,0.0,0.0,0.0,0.0,0.0
lung->heart,IL33,IL1RAP,pulmonary alveolar type 2 cell,cardiac endothelial cell,0.006988542783758164,0.0,0.0,0.0,0.0,0.0,0.0,0.0
lung->heart,IL33,IL1RAP,pulmonary alveolar type 2 cell,cardiac macrophage,0.006988542783758164,0.0,0.2388511592347732,0.43727352500952804,0.0016692215452624463,0.0,-0.0016692215452624463,-10.705823765237165
lung->heart,IL33,IL1RAP,vein endothelial cell,cardiac fibroblast,0.004923894554632108,0.004804493761364371,0.0,0.0,0.0,0.0,0.0,0.0
lung->heart,IL33,IL1RAP,vein endothelial cell,cardiac endothelial cell,0.004923894554632108,0.004804493761364371,0.0,0.0,0.0,0.0,0.0,0.0
lung->heart,IL33,IL1RAP,vein endothelial cell,cardiac macrophage,0.004923894554632108,0.004804493761364371,0.2388511592347732,0.43727352500952804,0.0011760779223236664,0.0021008779229180845,0.0009248000005944181,0.8364690503353208
lung->heart,IL33,IL1RAP,lung multiciliated epithelial cell,cardiac fibroblast,0.07614583365492517,0.020516533631028604,0.0,0.0,0.0,0.0,0.0,0.0
lung->heart,IL33,IL1RAP,lung multiciliated epithelial cell,cardiac endothelial cell,0.07614583365492517,0.020516533631028604,0.0,0.0,0.0,0.0,0.0,0.0
lung->heart,IL33,IL1RAP,lung multiciliated epithelial cell,cardiac macrophage,0.07614583365492517,0.020516533631028604,0.2388511592347732,0.43727352500952804,0.018187520639377085,0.00897133698181641,-0.009216183657560675,-1.01947249527518
lung->heart,IL33,IL1RAP,smooth muscle cell,cardiac fibroblast,0.002394066413071717,0.0030230950144009613,0.0,0.0,0.0,0.0,0.0,0.0
lung->heart,IL33,IL1RAP,smooth muscle cell,cardiac endothelial cell,0.002394066413071717,0.0030230950144009613,0.0,0.0,0.0,0.0,0.0,0.0
lung->heart,IL33,IL1RAP,smooth muscle cell,cardiac macrophage,0.002394066413071717,0.0030230950144009613,0.2388511592347732,0.43727352500952804,0.0005718255380472149,0.0013219194133858383,0.0007500938753386234,1.2075574632252326
lung->heart,IL33,IL1RAP,endothelial cell,cardiac fibroblast,0.002727905795324871,0.005692675340776787,0.0,0.0,0.0,0.0,0.0,0.0
lung->heart,IL33,IL1RAP,endothelial cell,cardiac endothelial cell,0.002727905795324871,0.005692675340776787,0.0,0.0,0.0,0.0,0.0,0.0
lung->heart,IL33,IL1RAP,endothelial cell,cardiac macrophage,0.002727905795324871,0.005692675340776787,0.2388511592347732,0.43727352500952804,0.0006515634614966014,0.002489256212996282,0.0018376927514996808,1.9321040682916772
lung->heart,IL33,IL1RAP,B cell,cardiac fibroblast,0.008282478927160771,0.005592932724025798,0.0,0.0,0.0,0.0,0.0,0.0
lung->heart,IL33,IL1RAP,B cell,cardiac endothelial cell,0.008282478927160771,0.005592932724025798,0.0,0.0,0.0,0.0,0.0,0.0
lung->heart,IL33,IL1RAP,B cell,cardiac macrophage,0.008282478927160771,0.005592932724025798,0.2388511592347732,0.43727352500952804,0.001978279693089931,0.0024456414073759027,0.00046736171428597185,0.305827173131374
lung->heart,IL33,IL1RAP,pulmonary alveolar type 1 cell,cardiac fibroblast,0.009622782663347706,0.005493499430696315,0.0,0.0,0.0,0.0,0.0,0.0
lung->heart,IL33,IL1RAP,pulmonary alveolar type 1 cell,cardiac endothelial cell,0.009622782663347706,0.005493499430696315,0.0,0.0,0.0,0.0,0.0,0.0
lung->heart,IL33,IL1RAP,pulmonary alveolar type 1 cell,cardiac macrophage,0.009622782663347706,0.005493499430696315,0.2388511592347732,0.43727352500952804,0.002298412794204878,0.002402161860698413,0.00010374906649353484,0.06366833771062484
lung->heart,IL33,IL1RAP,club cell,cardiac fibroblast,0.0,0.003657902750296658,0.0,0.0,0.0,0.0,0.0,0.0
lung->heart,IL33,IL1RAP,club cell,cardiac endothelial cell,0.0,0.003657902750296658,0.0,0.0,0.0,0.0,0.0,0.0
lung->heart,IL33,IL1RAP,club cell,cardiac macrophage,0.0,0.003657902750296658,0.2388511592347732,0.43727352500952804,0.0,0.001599504029764267,0.001599504029764267,10.644310593981448
lung->heart,IL33,IL1RAP,neutrophil,cardiac fibroblast,0.0,0.0,0.0,0.0,0.0,0.0,0.0,0.0
lung->heart,IL33,IL1RAP,neutrophil,cardiac endothelial cell,0.0,0.0,0.0,0.0,0.0,0.0,0.0,0.0
lung->heart,IL33,IL1RAP,neutrophil,cardiac macrophage,0.0,0.0,0.2388511592347732,0.43727352500952804,0.0,0.0,0.0,0.0
lung->heart,IL33,IL1RAP,plasma cell,cardiac fibroblast,0.004512658933444333,0.0,0.0,0.0,0.0,0.0,0.0,0.0
lung->heart,IL33,IL1RAP,plasma cell,cardiac endothelial cell,0.004512658933444333,0.0,0.0,0.0,0.0,0.0,0.0,0.0
lung->heart,IL33,IL1RAP,plasma cell,cardiac macrophage,0.004512658933444333,0.0,0.2388511592347732,0.43727352500952804,0.0010778538174843343,0.0,-0.0010778538174843343,-10.075283680463166
lung->heart,IL33,IL1RAP,leukocyte,cardiac fibroblast,0.007738678845667097,0.005767668229616164,0.0,0.0,0.0,0.0,0.0,0.0
lung->heart,IL33,IL1RAP,leukocyte,cardiac endothelial cell,0.007738678845667097,0.005767668229616164,0.0,0.0,0.0,0.0,0.0,0.0
lung->heart,IL33,IL1RAP,leukocyte,cardiac macrophage,0.007738678845667097,0.005767668229616164,0.2388511592347732,0.43727352500952804,0.0018483924132332026,0.002522048617849724,0.0006736562046165213,0.4481166311778859
lung->heart,IL33,IL1RAP,endothelial cell of lymphatic vessel,cardiac fibroblast,0.029192786330768203,0.020185426354783063,0.0,0.0,0.0,0.0,0.0,0.0
lung->heart,IL33,IL1RAP,endothelial cell of lymphatic vessel,cardiac endothelial cell,0.029192786330768203,0.020185426354783063,0.0,0.0,0.0,0.0,0.0,0.0
lung->heart,IL33,IL1RAP,endothelial cell of lymphatic vessel,cardiac macrophage,0.029192786330768203,0.020185426354783063,0.2388511592347732,0.43727352500952804,0.006972730856397027,0.008826552535976218,0.001853821679579191,0.34008281607975105
