year,age_name,cases,age,period,cohort,log_cases,pred_log_cases,pred_cases,pred_cases_low,pred_cases_high
1990,15-19 years,11841.34787522673,17.5,1990,1972.5,9.379437189051623,9.329379298958143,11263.137653232536,10939.261002982119,11826.165800355226
1991,15-19 years,11778.895254162477,17.5,1991,1973.5,9.374149565329244,9.338319889366446,11364.297233638721,11060.670555435283,11811.774309475424
1992,15-19 years,11714.367345195098,17.5,1992,1974.5,9.368656707274447,9.346872855945005,11461.921132882546,11181.150589092245,11832.999025658164
1993,15-19 years,11671.48727987182,17.5,1993,1975.5,9.364989837092674,9.355099214062184,11556.60815790031,11288.155410077672,11858.833199818237
1994,15-19 years,11671.820602733014,17.5,1994,1976.5,9.365018392968903,9.363059979086328,11648.982759090168,11378.457705419429,11916.144641268314
1995,15-19 years,11745.994767091312,17.5,1995,1977.5,9.37135272235612,9.370816166385776,11739.693537547773,11445.598044898274,11974.491105671403
1996,15-19 years,11876.643718484744,17.5,1996,1978.5,9.382413233049732,9.378428791328886,11829.412097614386,11525.632757362422,12048.774750164064
1997,15-19 years,12032.727049668443,17.5,1997,1979.5,9.395468573926626,9.385956907626365,11918.808888255784,11595.248425835238,12136.816538154586
1998,15-19 years,12216.41158721456,17.5,1998,1980.5,9.410617392548824,9.393445071112955,12008.4013889462,11678.164987985088,12219.875312484759
1999,15-19 years,12429.964928361627,17.5,1999,1981.5,9.427945810483063,9.400931292846263,12098.643796506423,11792.08734715656,12319.432095769098
2000,15-19 years,12681.874231942807,17.5,2000,1982.5,9.448007876747885,9.408443634554168,12189.882735201145,11876.106566149849,12406.388305855855
2001,15-19 years,12989.386036617749,17.5,2001,1983.5,9.471964827207504,9.415988028082118,12282.203365701476,11956.56326950338,12490.059138696397
2002,15-19 years,13330.642292203738,17.5,2002,1984.5,9.497895608299883,9.423567410957434,12375.656176881954,12100.911320153858,12604.95142748957
2003,15-19 years,13663.726018469397,17.5,2003,1985.5,9.522573048286992,9.431184916104758,12470.295418841757,12214.551232248845,12716.705103672208
2004,15-19 years,13944.616165507165,17.5,2004,1986.5,9.542920484492912,9.438846600171798,12566.213522139393,12307.882395493365,12824.931447998466
2005,15-19 years,14126.566593361456,17.5,2005,1987.5,9.555883245232861,9.446560770494058,12663.534038630007,12399.692757884151,12907.834283720362
2006,15-19 years,14170.195411614575,17.5,2006,1988.5,9.558966691272847,9.454335792302537,12762.384852623458,12482.975641752291,12992.064395603693
2007,15-19 years,14110.46800057635,17.5,2007,1989.5,9.554743079164114,9.462180030828247,12862.897595371396,12579.756732441283,13105.769043572707
2008,15-19 years,14002.44934501992,17.5,2008,1990.5,9.547058960037525,9.470101851302195,12965.207789169976,12682.49390534779,13205.560152996086
2009,15-19 years,13891.365762942118,17.5,2009,1991.5,9.539094742551491,9.47810967680122,13069.455761237372,12791.336633367715,13303.133352267758
2010,15-19 years,13819.171921981851,17.5,2010,1992.5,9.5338845373298,9.486214179158832,13175.815715851788,12901.743130476474,13399.70955143729
2011,15-19 years,13791.838370367854,17.5,2011,1993.5,9.531904777770643,9.494428951423,13284.506078187425,12976.29216751697,13521.613388533997
2012,15-19 years,13782.670075750386,17.5,2012,1994.5,9.531239842615912,9.502767781871372,13395.754858502842,13063.824677127152,13640.2574335586
2013,15-19 years,13794.403594121128,17.5,2013,1995.5,9.532090742774429,9.511244458781597,13509.79748948434,13125.646447990473,13750.483526111131
2014,15-19 years,13834.916489394063,17.5,2014,1996.5,9.53502313429109,9.519872770431324,13626.877234765512,13225.370328837296,13888.310074744653
2015,15-19 years,13916.434889253096,17.5,2015,1997.5,9.540897641710316,9.528666448766801,13747.24486501882,13332.295580371996,14028.294645405467
2016,15-19 years,13980.728147709196,17.5,2016,1998.5,9.545506623863973,9.537627283479749,13870.99423562235,13476.062266450035,14162.367323043467
2017,15-19 years,13998.23290754282,17.5,2017,1999.5,9.546757814777871,9.546730419514681,13997.849400126015,13620.903881624563,14296.596093945782
2018,15-19 years,14026.589617030926,17.5,2018,2000.5,9.548781356272046,9.555947396607209,14127.472925245524,13782.610859433711,14451.268168025244
2019,15-19 years,14133.355301210511,17.5,2019,2001.5,9.55636365898568,9.565249754492926,14259.514232353049,13882.24398664235,14644.395882124703
2020,15-19 years,14287.318755368577,17.5,2020,2002.5,9.567197612173743,9.574609032907441,14393.60889116473,13975.382646274444,14933.969846007329
2021,15-19 years,15520.459788125909,17.5,2021,2003.5,9.649978847827253,9.583996771586357,14529.378003186925,14061.151399746697,15291.400687693127
1990,20-24 years,11375.043554541477,22.5,1990,1967.5,9.339264980669789,9.339414589564523,11376.745639164443,11106.236632328659,11925.709380041502
1991,20-24 years,11437.159584059558,22.5,1991,1968.5,9.344710376472666,9.350994385567924,11509.263396150222,11260.444878574495,11981.561724364115
1992,20-24 years,11484.854876586916,22.5,1992,1969.5,9.34887154653569,9.361988552939243,11636.50734738357,11410.44200045669,11968.14406219314
1993,20-24 years,11517.974489088536,22.5,1993,1970.5,9.351750910242965,9.372458107046842,11758.986894595382,11557.735852485663,12016.7215570466
1994,20-24 years,11531.75539251935,22.5,1994,1971.5,9.352946560646933,9.382464063259064,11877.247476945791,11686.712305029961,12101.406328272622
1995,20-24 years,11551.742243352348,22.5,1995,1972.5,9.354678111436272,9.392067436944258,11991.86821819248,11797.714850987279,12185.415139990713
1996,20-24 years,11565.213538463167,22.5,1996,1973.5,9.355843501150462,9.401329243470771,12103.4598155169,11865.608614170425,12261.288263220385
1997,20-24 years,11559.860619405214,22.5,1997,1974.5,9.355380587500685,9.410308536549312,12212.638749009187,11975.15360998114,12357.904752904715
1998,20-24 years,11573.899735838662,22.5,1998,1975.5,9.35659421678635,9.419049872014629,12319.870253036861,12096.670819300401,12460.215403501948
1999,20-24 years,11642.9742139626,22.5,1999,1976.5,9.362544090328761,9.427591307710543,12425.55889785057,12177.365262256279,12550.376085450325
2000,20-24 years,11781.71597699702,22.5,2000,1977.5,9.374388988950026,9.435970870829966,12530.12553198488,12268.832142310708,12677.208541033662
2001,20-24 years,11992.594189475498,22.5,2001,1978.5,9.392127968695117,9.444226588565824,12634.007186076538,12397.197506872586,12803.347140824195
2002,20-24 years,12264.24352965054,22.5,2002,1979.5,9.414524812153891,9.452396488111036,12737.656752285342,12531.688185082963,12931.494978134888
2003,20-24 years,12571.663104976147,22.5,2003,1980.5,9.439280141115768,9.460518792055852,12841.545330437562,12627.482754551169,13056.006730394813
2004,20-24 years,12893.096116933128,22.5,2004,1981.5,9.46452482023499,9.468634599927364,12946.197053139838,12730.537095267646,13161.56718267605
2005,20-24 years,13205.735988971312,22.5,2005,1982.5,9.488482280609372,9.476777343261643,13052.053150264568,12807.119908020119,13276.59452894197
2006,20-24 years,13479.910366909106,22.5,2006,1983.5,9.509029916823112,9.484958381607827,13159.278688698154,12909.311453245105,13383.721230526482
2007,20-24 years,13695.169082653414,22.5,2007,1984.5,9.524871443709337,9.493186080196924,13268.004161961666,13009.998869808282,13491.875352873636
2008,20-24 years,13856.809874440683,22.5,2008,1985.5,9.536604242540657,9.501468804259943,13378.36407144272,13110.663788752085,13603.830680572055
2009,20-24 years,13967.917010596297,22.5,2009,1986.5,9.544589926740349,9.509814976873722,13490.497846443868,13217.994483844273,13692.341820052097
2010,20-24 years,14025.776022547954,22.5,2010,1987.5,9.548723354997403,9.518235269871772,13604.579839149348,13332.65495604615,13794.464469341377
2011,20-24 years,14011.278841415888,22.5,2011,1988.5,9.54768928430606,9.52674327630206,13720.830027341619,13414.657122541917,13907.66547019753
2012,20-24 years,13928.936609649423,22.5,2012,1989.5,9.541795516128136,9.535352784442235,13839.47825320779,13497.888505022665,14021.964783763644
2013,20-24 years,13829.734262810132,22.5,2013,1990.5,9.534648515282019,9.544077582569948,13960.76195048228,13603.480879703875,14137.309236899937
2014,20-24 years,13752.911488692413,22.5,2014,1991.5,9.52907853454516,9.552931458962844,14084.92652279102,13665.465770409115,14260.777724222386
2015,20-24 years,13733.947508652598,22.5,2015,1992.5,9.527698776800381,9.561928145567173,14212.22496270198,13828.804991352588,14382.859044691246
2016,20-24 years,13743.729124483549,22.5,2016,1993.5,9.52841069320134,9.571069432074658,14342.747788648656,14033.729654380712,14506.130009763066
2017,20-24 years,13736.26943811154,22.5,2017,1994.5,9.52786781517606,9.580330463429808,14476.202697888257,14218.745268436,14642.526161454829
2018,20-24 years,13737.099291751623,22.5,2018,1995.5,9.527928222273667,9.589682779368237,14612.233179946366,14383.389940437983,14815.175771018297
2019,20-24 years,13785.528922556798,22.5,2019,1996.5,9.531447229353805,9.59909791962554,14750.468551500935,14523.201466419452,15084.641354192017
2020,20-24 years,13841.70534112792,22.5,2020,1997.5,9.535513682694226,9.608547423937324,14890.52329899461,14622.577457509222,15407.400007069038
2021,20-24 years,14951.017139655693,22.5,2021,1998.5,9.612601495446652,9.618002832039187,15031.996518528262,14701.730487495875,15743.043210535969
1990,25-29 years,11171.801169630877,27.5,1990,1962.5,9.32123763677733,9.355212582362945,11557.91849857218,11228.277960847827,12141.367504916798
1991,25-29 years,11551.94552469794,27.5,1991,1963.5,9.354695707220273,9.370421607973139,11735.062061896266,11441.658936062784,12223.75021263255
1992,25-29 years,11873.845214731622,27.5,1992,1964.5,9.382177594268976,9.384847000148916,11905.586342499544,11634.523635534106,12325.063498119118
1993,25-29 years,12101.106161385718,27.5,1993,1965.5,9.40113477936208,9.39854977425863,12069.86255503512,11820.505291750535,12380.546220498727
1994,25-29 years,12260.10493574048,27.5,1994,1966.5,9.414187330693478,9.411590945670632,12228.311678151127,11999.89308172853,12503.825524010508
1995,25-29 years,12391.326630120466,27.5,1995,1967.5,9.424832739893336,9.42403152975326,12381.401748853952,12153.083248301018,12617.446742744545
1996,25-29 years,12507.067156231207,27.5,1996,1968.5,9.434129087625616,9.435932541874871,12529.64523624176,12296.105679127175,12724.87366234121
1997,25-29 years,12596.71842634482,27.5,1997,1969.5,9.44127099926888,9.447353035746172,12673.57168459705,12437.617166579388,12850.654507605841
1998,25-29 years,12680.027903560209,27.5,1998,1970.5,9.447862289655175,9.458337567201909,12813.563379932108,12587.240419660877,12983.014698031975
1999,25-29 years,12764.31166133944,27.5,1999,1971.5,9.454486744680272,9.4689241940859,12949.94702873515,12729.671934762215,13095.088542786958
2000,25-29 years,12859.490709706231,27.5,2000,1972.5,9.461915154894585,9.479150943591069,13083.072680942552,12856.429161777845,13238.968089940241
2001,25-29 years,13004.164002091848,27.5,2001,1973.5,9.473101788498496,9.48905584291033,13213.313047603164,12994.307444162374,13385.307557480342
2002,25-29 years,13200.900760280902,27.5,2002,1974.5,9.488116095198867,9.498676919236605,13341.06252032012,13125.008896471258,13517.353881918732
2003,25-29 years,13418.912321748918,27.5,2003,1975.5,9.50449487710261,9.508052395160147,13466.738923723333,13257.79153052139,13648.095060026311
2004,25-29 years,13642.770188431256,27.5,2004,1976.5,9.521038299980622,9.517223416994266,13590.819956701298,13372.91357059609,13772.088963824057
2005,25-29 years,13847.997042969975,27.5,2005,1977.5,9.535968093323305,9.526233381740063,13713.83512431309,13478.54343339069,13904.308165369981
2006,25-29 years,14001.137305001565,27.5,2006,1978.5,9.546965261588303,9.535125744294154,13836.336265667824,13587.348375237418,14045.328552178938
2007,25-29 years,14125.63680942922,27.5,2007,1979.5,9.55581742961461,9.543943959553149,13958.896462369477,13699.774147672164,14187.61840084643
2008,25-29 years,14261.306965265509,27.5,2008,1980.5,9.565375459653884,9.552731482413659,14082.109949446614,13817.195100849769,14316.74697779479
2009,25-29 years,14430.663821521915,27.5,2009,1981.5,9.577179948067814,9.56153177883191,14206.592429474102,13941.110815808086,14449.954450164629
2010,25-29 years,14644.897588550128,27.5,2010,1982.5,9.591915547144712,9.570380644841979,14332.871400058715,14062.627947338382,14580.722096287314
2011,25-29 years,14877.489730859435,27.5,2011,1983.5,9.60767180665393,9.579294667809972,14461.215038162434,14160.887614570493,14711.721375879562
2012,25-29 years,15072.249112945234,27.5,2012,1984.5,9.620676869771765,9.588287636013535,14591.859839954192,14236.900223018738,14846.917652653428
2013,25-29 years,15223.19014812996,27.5,2013,1985.5,9.630640898922287,9.597373337730318,14725.05036008529,14376.067274821642,14974.391061827593
2014,25-29 years,15337.564006312963,27.5,2014,1986.5,9.638125459477722,9.606565561237966,14861.039570433117,14455.817584512277,15098.553254468647
2015,25-29 years,15433.137126330346,27.5,2015,1987.5,9.644337031669693,9.615878038482736,15000.08841546219,14585.851600305028,15222.664884718413
2016,25-29 years,15441.454235725176,27.5,2016,1988.5,9.644875764038073,9.62531255915634,15142.286223571798,14799.853586701387,15380.439114665745
2017,25-29 years,15342.062750619416,27.5,2017,1989.5,9.638418712790157,9.634844268203295,15287.317722846845,14984.43693108526,15539.771719423441
2018,25-29 years,15216.9305609922,27.5,2018,1990.5,9.630229653773778,9.64444470535921,15434.799066291249,15183.198203809474,15707.453265757402
2019,25-29 years,15143.312108667988,27.5,2019,1991.5,9.625380302071134,9.654085410359682,15584.330688504537,15328.184438128801,15915.595405543681
2020,25-29 years,15106.843474321053,27.5,2020,1992.5,9.622969323328654,9.663737922940317,15735.496681183002,15452.894022159324,16248.83689666682
2021,25-29 years,15679.633706391627,27.5,2021,1993.5,9.660181708036182,9.673373782836718,15887.864275921029,15559.934535900671,16595.631707298482
1990,30-34 years,10498.957945349992,32.5,1990,1957.5,9.25912653093283,9.393836140021747,12013.098810890591,11627.04603731253,12635.800326651948
1991,30-34 years,10657.87080123315,32.5,1991,1958.5,9.274147763519245,9.413584677933562,12252.717973121613,11890.891293095341,12769.659527925967
1992,30-34 years,10915.555170913383,32.5,1992,1959.5,9.298035738991686,9.432426879718156,12485.79393626907,12133.982551740342,12924.453034530443
1993,30-34 years,11306.313894169913,32.5,1993,1960.5,9.33320504259793,9.45035289784168,12711.650739170042,12382.352876332752,13095.972849419282
1994,30-34 years,11763.95744360556,32.5,1994,1961.5,9.3728806839518235,9.467419308465155,12930.471992303112,12611.752762092092,13276.41134237363
1995,30-34 years,12230.752419414865,32.5,1995,1962.5,9.411790507003051,9.483687126956912,13142.559252789817,12805.285517256936,13452.907627607789
1996,30-34 years,12639.60225061254,32.5,1996,1963.5,9.444669312975014,9.499217368685319,13348.275179517215,12985.043857399523,13655.542095789448
1997,30-34 years,12941.894930568316,32.5,1997,1964.5,9.468302262551829,9.514069087361078,13548.014423116621,13202.140337316308,13871.017146918608
1998,30-34 years,13128.48143737915,32.5,1998,1965.5,9.482615472029416,9.528286838818929,13742.026884963503,13427.211681098406,14034.534876779328
1999,30-34 years,13264.00547184808,32.5,1999,1966.5,9.492884679074438,9.5419086809027,13930.513076984153,13594.148223040946,14203.344711820027
2000,30-34 years,13409.873368254555,32.5,2000,1967.5,9.50382110228731,9.554972640805303,14113.70782418554,13792.140446578309,14368.96981394708
2001,30-34 years,13683.955248650134,32.5,2001,1968.5,9.524052351367141,9.567516745719663,14291.879364881255,13996.22099655143,14554.109612335043
2002,30-34 years,14090.790287373778,32.5,2002,1969.5,9.553347657670987,9.579579022838697,14465.328026481784,14210.850602771077,14753.181957637145
2003,30-34 years,14535.336140412106,32.5,2003,1970.5,9.584406734493014,9.59119769475266,14634.387768633434,14387.896605377678,14934.204874567902
2004,30-34 years,14906.071009698057,32.5,2004,1971.5,9.60959094377274,9.602413907774856,14799.465438053736,14541.969917375192,15090.983907036345
2005,30-34 years,15100.030950265322,32.5,2005,1972.5,9.622518295324403,9.613271058906399,14961.031816338545,14699.469904576636,15239.872374111457
2006,30-34 years,15090.70316775776,32.5,2006,1973.5,9.621900412706163,9.623812603043893,15119.588985524175,14849.326551946933,15397.228525911158
2007,30-34 years,14969.24442177697,32.5,2007,1974.5,9.613819804720395,9.63408199508395,15275.668289795622,15003.774195961445,15563.806581248482
2008,30-34 years,14832.643495738708,32.5,2008,1975.5,9.604653089092697,9.644122689923186,15429.82930093808,15157.995528456056,15728.119328249091
2009,30-34 years,14760.31670294332,32.5,2009,1976.5,9.599765301692194,9.653978200304044,15582.659873899942,15292.288953953532,15869.316510965313
2010,30-34 years,14791.059084012972,32.5,2010,1977.5,9.601845767381116,9.663694287725631,15734.810030753091,15432.67516055612,16020.886039014527
2011,30-34 years,14867.133492827676,32.5,2011,1978.5,9.606975509909772,9.673319634901532,15887.003950020679,15551.576380899502,16189.307034331297
2012,30-34 years,14940.339279356396,32.5,2012,1979.5,9.611887098534927,9.682903119774991,16039.998334272972,15663.969736459736,16346.952914058762
2013,30-34 years,15043.60260693251,32.5,2013,1980.5,9.618774575085025,9.692493620289266,16194.579608106373,15801.601177664503,16501.83059159757
2014,30-34 years,15205.725075158094,32.5,2014,1981.5,9.629493048142162,9.702139967601386,16351.563738343038,15902.79494181945,16670.62218938637
2015,30-34 years,15460.573741876116,32.5,2015,1982.5,9.646113111389957,9.711881017858175,16511.633240355717,16060.540555875652,16842.9342524042
2016,30-34 years,15756.060488202733,32.5,2016,1983.5,9.665043828769345,9.721721555069484,16674.928561316272,16282.204635442155,17003.37266578151
2017,30-34 years,16010.869904866366,32.5,2017,1984.5,9.681085595227245,9.731636724179827,16841.09563908247,16491.35684519035,17193.279595416723
2018,30-34 years,16232.573693973549,32.5,2018,1985.5,9.694836826903234,9.741598064924812,17009.703880451747,16642.606641215843,17397.165374897875
2019,30-34 years,16439.846275364598,32.5,2019,1986.5,9.707524143888982,9.751577117040037,17180.304380915422,16789.008663771107,17603.39799724119
2020,30-34 years,16597.75106663874,32.5,2020,1987.5,9.71708273456472,9.761545420261113,17352.429304137873,16937.84791590252,17912.426164564462
2021,30-34 years,17109.61281243608,32.5,2021,1988.5,9.747454182284374,9.771474514323632,17525.59138467494,17089.32222666482,18338.182308171
1990,35-39 years,12173.592810410952,37.5,1990,1952.5,9.407106502661396,9.477919988069887,13066.97667820058,12523.136993768825,13613.587646052332
1991,35-39 years,12541.751713897824,37.5,1991,1953.5,9.436898225034673,9.501058199946437,13372.871574541641,12856.236566301299,13928.507127444866
1992,35-39 years,12817.038290920204,37.5,1992,1954.5,9.458608699336992,9.523707312146474,13679.234216873681,13209.318756402885,14128.346773469959
1993,35-39 years,12951.55427593526,37.5,1993,1955.5,9.469048289063121,9.545805028723608,13984.900985901193,13566.025366179863,14373.125911556837
1994,35-39 years,12993.774967334626,37.5,1994,1956.5,9.472302630060291,9.567289053731441,14288.625361230586,13872.08073532772,14649.18511755638
1995,35-39 years,13040.323750815092,37.5,1995,1957.5,9.475878344961442,9.588097091223567,14589.079511437927,14167.474486940448,14961.104973666326
1996,35-39 years,13171.836475591395,37.5,1996,1958.5,9.485912145548541,9.608166845253592,14884.856980967037,14430.15410069476,15260.057100891847
1997,35-39 years,13437.211143590324,37.5,1997,1959.5,9.50585750578338,9.627435373538168,15174.466753916942,14735.44054313743,15538.674600464941
1998,35-39 years,13880.938814674671,37.5,1998,1960.5,9.538343908360257,9.64587636900983,15456.913765360845,15034.796749282774,15824.228980384094
1999,35-39 years,14424.246694409803,37.5,1999,1961.5,9.576735193095562,9.663523450305075,15732.121995172138,15285.644686805877,16090.577061594953
2000,35-39 years,15013.096273683215,37.5,2000,1962.5,9.61674479037316,9.680414644616807,16000.130334243071,15541.011571873974,16368.496624638756
2001,35-39 years,15712.042214587264,37.5,2001,1963.5,9.662246360789162,9.696587979137961,16261.026057764715,15844.390382113474,16643.673512628564
2002,35-39 years,16524.988989471378,37.5,2002,1964.5,9.712689511006,9.712081481061453,16514.94374751598,16131.146307207808,16940.763659036256
2003,35-39 years,17281.735937289544,37.5,2003,1965.5,9.757463359529478,9.72693337297753,16762.0673429105,16384.94586824135,17197.01769488602
2004,35-39 years,17879.28617240685,37.5,2004,1966.5,9.791454053767593,9.741184801199507,17002.675425998725,16642.741315631756,17437.942735953628
2005,35-39 years,18215.7077423537,37.5,2005,1967.5,9.81009445977504,9.754879162728484,17237.131604377766,16912.071457885013,17678.915098404956
2006,35-39 years,18274.36669858342,37.5,2006,1968.5,9.813309350002628,9.768059912461077,17465.847112588996,17133.925547685696,17897.872487935656
2007,35-39 years,18155.006819522965,37.5,2007,1969.5,9.806756739183411,9.780770505293892,17689.278056082945,17350.22605078354,18106.394362287192
2008,35-39 years,17959.609035499143,37.5,2008,1970.5,9.795936251943774,9.79305439612355,17907.92366048582,17576.34424149954,18287.225691618252
2009,35-39 years,17757.98275878734,37.5,2009,1971.5,9.784646737810458,9.804955097692485,18122.325653040145,17782.178774404227,18485.901715713597
2010,35-39 years,17624.359703630555,37.5,2010,1972.5,9.777094036188842,9.816518371499818,18333.106942132326,17973.051680837943,18691.55749550591
2011,35-39 years,17497.42233836685,37.5,2011,1973.5,9.769866003754338,9.827792900259121,18540.985019779502,18149.261559745704,18893.285710775053
2012,35-39 years,17309.80913885237,37.5,2012,1974.5,9.759086391090056,9.838827561913643,18746.72258547885,18288.52229388142,19090.766980236494
2013,35-39 years,17142.833111255048,37.5,2013,1975.5,9.749393802578211,9.849671234406644,18951.122971740122,18439.787581197907,19318.02677548303
2014,35-39 years,17078.18471891811,37.5,2014,1976.5,9.745615733118882,9.860372795681371,19155.029389519244,18569.40892040053,19533.99591283947
2015,35-39 years,17173.3033342661,37.5,2015,1977.5,9.751169553488593,9.870981067349678,19359.323440911754,18774.19882416588,19747.117243473025
2016,35-39 years,17354.82604615759,37.5,2016,1978.5,9.76168352417601,9.881532928768895,19564.692498298642,19060.456519671294,19971.762417884638
2017,35-39 years,17556.602376212217,37.5,2017,1979.5,9.773242318926739,9.892038614549135,19771.327034002396,19322.236261848986,20236.132643744542
2018,35-39 years,17821.26623957603,37.5,2018,1980.5,9.788203866876929,9.902504754091611,19979.353686874,19521.41515415014,20472.329102649386
2019,35-39 years,18187.90902447759,37.5,2019,1981.5,9.808567293049263,9.912937930011308,20188.90346587312,19684.89435557504,20787.131438650707
2020,35-39 years,18775.07650652401,37.5,2020,1982.5,9.840338812220258,9.923334806244403,20399.910399120523,19848.86623286094,21155.475951976943
2021,35-39 years,19895.56669729318,37.5,2021,1983.5,9.898302468053743,9.933669916844627,20611.849384357247,20017.715271814093,21574.44975001141
1990,40-44 years,15063.695243887709,42.5,1990,1947.5,9.620109221946423,9.638239246142815,15339.309429659626,14613.48627215455,15956.356351244933
1991,40-44 years,15822.854103662996,42.5,1991,1948.5,9.669273833879583,9.662674373127125,15718.769029999345,14998.867754999015,16297.992839099676
1992,40-44 years,16473.46726636842,42.5,1992,1949.5,9.709567022967372,9.687038952206317,16106.478596263833,15452.786308172806,16631.28428487352
1993,40-44 years,17225.239784914753,42.5,1993,1950.5,9.754189069193881,9.711270687434,16501.558152784866,15884.562252058613,16918.83316997029
1994,40-44 years,17819.42713740284,42.5,1994,1951.5,9.788100670288761,9.735307282863777,16903.02913521663,16291.26066503011,17298.752738837415
1995,40-44 years,18643.577634448968,42.5,1995,1952.5,9.833310639336705,9.759086442549249,17309.810029652654,16752.074221146246,17691.463838945754
1996,40-44 years,18985.857887230355,42.5,1996,1953.5,9.851502328674812,9.78254587054401,17720.712656700794,17194.25742150648,18109.775683132746
1997,40-44 years,19138.93558126656,42.5,1997,1954.5,9.859532299341227,9.805621309244028,18134.403644744656,17595.725156681285,18526.05081343781
1998,40-44 years,19087.94044714372,42.5,1998,1955.5,9.856864412148731,9.828234003169301,18549.165747470997,18070.332148385187,18938.133894955583
1999,40-44 years,18972.79416224925,42.5,1999,1956.5,9.850814051482955,9.850298698848903,18963.018486626224,18467.813758327393,19351.72053298025
2000,40-44 years,18969.645371510094,42.5,2000,1957.5,9.850648082988753,9.871730112161003,19373.830623317306,18814.50154741415,19797.999596294034
2001,40-44 years,19341.29610903934,42.5,2001,1958.5,9.87004948528181,9.892442958983777,19779.323480948984,19204.704105221575,20239.9463411877
2002,40-44 years,20200.21883800462,42.5,2002,1959.5,9.913498220084081,9.912353270516086,20177.10269715606,19667.34769135796,20688.489031496072
2003,40-44 years,21518.72180644965,42.5,2003,1960.5,9.976725086982574,9.931428406445974,20565.697212726453,20041.91338899481,21136.635185827603
2004,40-44 years,23023.013438085087,42.5,2004,1961.5,10.044293012782516,9.949705073879423,20945.043935251553,20442.242612274462,21543.049967088507
2005,40-44 years,24343.503772344688,42.5,2005,1962.5,10.10006138526446,9.967226669817531,21315.286199082006,20824.61642276741,21915.98577127743
2006,40-44 years,25157.02622982366,42.5,2006,1963.5,10.132932259001965,9.984036649156916,21676.64120564856,21196.66177515925,22254.240551260846
2007,40-44 years,25447.140198468984,42.5,2007,1964.5,10.144397942627455,10.00017846679419,22029.397138341174,21549.23475757388,22596.10168913759
2008,40-44 years,25299.31817678784,42.5,2008,1965.5,10.138572250794155,10.015695577625962,22373.91127173095,21836.47528528415,22951.710917110333
2009,40-44 years,25007.893765349658,42.5,2009,1966.5,10.126986791200078,10.030631494394678,22710.609271606372,22142.41078347785,23276.932898513973
2010,40-44 years,24848.70770233912,42.5,2010,1967.5,10.120601268974273,10.045031978599445,23040.03368490012,22476.061339850443,23568.527189896056
2011,40-44 years,24810.56610145478,42.5,2011,1968.5,10.119065198492688,10.058945712953847,23362.86116670325,22795.79408689807,23892.798142362764
2012,40-44 years,24733.19160501705,42.5,2012,1969.5,10.115941840896767,10.072421575401128,23679.84033293755,23019.2422357281,24201.22892440772
2013,40-44 years,24670.56555809146,42.5,2013,1970.5,10.113406667505503,10.08550844388455,23991.785113995014,23306.198177611008,24494.98422195221
2014,40-44 years,24640.89501690644,42.5,2014,1971.5,10.112203322843847,10.098255196347354,24299.57268530298,23644.780901431284,24793.521794597662
2015,40-44 years,24682.71251527418,42.5,2015,1972.5,10.113898892771052,10.110710654401407,24604.14027599805,23934.935860201367,25097.863431962018
2016,40-44 years,24728.0125663149,42.5,2016,1973.5,10.11573243114227,10.122911697404026,24906.187549452785,24226.081590453523,25433.831356089806
2017,40-44 years,24712.13470490013,42.5,2017,1974.5,10.115090150705965,10.134868559965328,25205.786932712053,24575.315897613465,25803.84317695499
2018,40-44 years,24712.12574205402,42.5,2018,1975.5,10.115089788030495,10.146587871486531,25502.93088161628,24845.980010264993,26208.867516214126
2019,40-44 years,24825.69376058156,42.5,2019,1976.5,10.119674714605345,10.158076261368835,25797.619490781002,25104.636026777458,26663.41295628178
2020,40-44 years,25292.72525790731,42.5,2020,1977.5,10.138311630433721,10.169340359013448,26089.860485418678,25325.758718618243,27118.90567035172
2021,40-44 years,26664.968084298296,42.5,2021,1978.5,10.191143427805953,10.18038679382158,26379.66920446423,25551.29048394943,27683.805034254223
1990,45-49 years,21953.445236975826,47.5,1990,1942.5,9.996724914490548,9.903137983063427,19992.009832391766,18916.4070869633,20889.84068296933
1991,45-49 years,22555.736310227607,47.5,1991,1943.5,10.023789028046862,9.926777266298512,20470.26073787836,19428.482643245294,21260.880044308014
1992,45-49 years,23348.906866858197,47.5,1992,1944.5,10.058348274517705,9.950764553399877,20967.247599922503,19998.280422958047,21688.037754883757
1993,45-49 years,24046.722856242835,47.5,1993,1945.5,10.087795587319013,9.97503754842113,21482.437070626063,20532.780122227563,22134.035395378498
1994,45-49 years,25099.21376149617,47.5,1994,1946.5,10.13063164147788,9.999533955415872,22015.202871391266,21082.055535594165,22600.688633368052
1995,45-49 years,25723.62814182409,47.5,1995,1947.5,10.155204105469458,10.024191478437702,22564.81610453259,21653.76085823403,23125.94341023243
1996,45-49 years,26740.56135284611,47.5,1996,1948.5,10.193974239110087,10.048947821540223,23130.435638411815,22198.935702427592,23664.056481663116
1997,45-49 years,27491.706693330645,47.5,1997,1949.5,10.221676037328352,10.073738727119396,23711.05214330453,22825.33385360596,24269.4145713415
1998,45-49 years,28401.7320547,47.5,1998,1950.5,10.254240618631615,10.098485439695217,24305.168374673438,23466.817809097338,24893.900375524117
1999,45-49 years,29110.68719523209,47.5,1999,1951.5,10.278894994360407,10.123102705796766,24910.94548570269,24086.13748023309,25528.49553726617
2000,45-49 years,30329.599008978552,47.5,2000,1952.5,10.319912350206646,10.14750524130221,25526.338152908764,24730.364770847867,26177.013543810634
2001,45-49 years,31288.814344496022,47.5,2001,1953.5,10.351047903263925,10.17160776208972,26149.08610154415,25388.147933223085,26806.76638176245
2002,45-49 years,32503.198013268007,47.5,2002,1954.5,10.389124529615165,10.195324984037473,26776.706787329324,26012.83801296219,27484.409971551504
2003,45-49 years,33521.67277416115,47.5,2003,1955.5,10.419977288116536,10.21857181842097,27406.495638707245,26555.148772054446,28148.28880206605
2004,45-49 years,34154.5550934302,47.5,2004,1956.5,10.438680519220393,10.241266100238777,28035.600610967296,27224.692828483647,28880.67364961706
2005,45-49 years,34408.30577395337,47.5,2005,1957.5,10.44608232346314,10.263327915177252,28661.012398015468,27913.654611379316,29605.628440264827
2006,45-49 years,34502.27613060082,47.5,2006,1958.5,10.448809558818276,10.284677406818258,29279.51061084752,28585.179700444216,30302.79308185516
2007,45-49 years,34802.77706504334,47.5,2007,1959.5,10.457481196224743,10.305236034064349,29887.708145842404,29125.754139101235,30940.568881278166
2008,45-49 years,35525.32822190712,47.5,2008,1960.5,10.478029340638143,10.324976388909931,30483.583899905705,29662.613115749595,31545.45865078735
2009,45-49 years,36477.08322871694,47.5,2009,1961.5,10.50446689973538,10.34393754489012,31067.121642349994,30226.486230063467,32120.980726746417
2010,45-49 years,37598.10285001004,47.5,2010,1962.5,10.53473546872125,10.362165263504018,31638.61531127221,30700.260595543743,32727.853313478972
2011,45-49 years,38620.311993445,47.5,2011,1963.5,10.561559527270958,10.379708227465212,32198.565171969316,31218.551595828303,33310.8488833641
2012,45-49 years,39257.7605082514,47.5,2012,1964.5,10.577929895968119,10.396615314716952,32747.594192327197,31661.571127093477,33845.58632295435
2013,45-49 years,39532.17726358006,47.5,2013,1965.5,10.584895529068344,10.412935403202487,33286.43918646603,32020.1526629175,34391.95380234376
2014,45-49 years,39699.58573524072,47.5,2014,1966.5,10.589121220602733,10.428717370865073,33815.947829044504,32513.018984478258,34906.86478845457
2015,45-49 years,39989.95839654924,47.5,2015,1967.5,10.596408667458894,10.44401003931656,34337.0737470945,33016.82748945359,35394.27916828965
2016,45-49 years,40444.81721183171,47.5,2016,1968.5,10.607718510757424,10.458850287914277,34850.45926018807,33613.33739613479,35950.54147978946
2017,45-49 years,40905.372770935486,47.5,2017,1969.5,10.61904114336354,10.473248351268339,35355.88260593789,34125.84504202173,36554.5376658746
2018,45-49 years,41358.89906745268,47.5,2018,1970.5,10.63006706883728,10.487210858779962,35853.015882077016,34522.85569757503,37190.23968975442
2019,45-49 years,41739.94988455859,47.5,2019,1971.5,10.639237937549026,10.500744439850344,36341.547446976896,35080.305577884996,37872.30041837461
2020,45-49 years,41973.33664071647,47.5,2020,1972.5,10.644813678145256,10.513855723880702,36821.18235269998,35507.65704999911,38574.65623894529
2021,45-49 years,44387.31988015799,47.5,2021,1973.5,10.700731648050242,10.526551340272237,37291.64272777563,35836.14512200072,39345.41949610323
1990,50-54 years,31255.11625832263,52.5,1990,1937.5,10.34997035628016,10.300150562121674,29736.095796089405,27999.997621052196,31416.56699696563
1991,50-54 years,31756.62115115753,52.5,1991,1938.5,10.365888011773675,10.320901242750555,30359.607547355285,28662.703208342224,31906.158411275974
1992,50-54 years,32205.6899904244,52.5,1992,1939.5,10.379929473630392,10.34241847901711,31019.962946675696,29380.96049283357,32352.733839002558
1993,50-54 years,32681.852534395603,52.5,1993,1940.5,10.394605832018874,10.364639974974954,31717.011193804614,30090.913403560236,32943.845605951334
1994,50-54 years,33109.00634286607,52.5,1994,1941.5,10.407590822110771,10.38750343467768,32450.548309036225,30769.407116762257,33581.99267575332
1995,50-54 years,33469.07359243117,52.5,1995,1942.5,10.418406992960982,10.410946562178893,33220.30155226218,31501.775299228662,34365.788309996155
1996,50-54 years,34107.337275203514,52.5,1996,1943.5,10.43729712826161,10.434907061532188,34025.91341607507,32333.19522319544,35111.02699413571
1997,50-54 years,35085.09193891798,52.5,1997,1944.5,10.465560089873259,10.459320675133535,34866.85679749018,33192.35738501577,35848.407983403704
1998,50-54 years,35912.04538374477,52.5,1998,1945.5,10.488855889632232,10.484108647502923,35741.96149582817,34150.5286552129,36687.29375377616
1999,50-54 years,37370.33857116389,52.5,1999,1946.5,10.528659341243005,10.509185725169438,36649.623709679654,35132.178057048215,37650.94037402084
2000,50-54 years,38374.08579279315,52.5,2000,1947.5,10.555163720529817,10.534466624011243,37587.99588877023,36188.88600646355,38641.72581251806
2001,50-54 years,40537.631618206186,52.5,2001,1948.5,10.610010665568684,10.559866059906511,38554.96341047563,37163.934259910966,39678.90820972982
2002,50-54 years,43037.36493859373,52.5,2002,1949.5,10.66984720476911,10.585298748733418,39548.121032280134,38258.44913926522,40683.488141126945
2003,50-54 years,46201.45711842924,52.5,2003,1950.5,10.740788260037176,10.610679601767465,40564.75844839245,39332.84158817633,41726.843966112094
2004,50-54 years,48891.19754239437,52.5,2004,1951.5,10.797373103271761,10.635926454007217,41601.95402760528,40393.591272148005,42802.40377640944
2005,50-54 years,51759.19295587564,52.5,2005,1952.5,10.85437665706342,10.660959391139038,42656.542816958914,41440.62149201678,43956.164312669804
2006,50-54 years,52694.89690386731,52.5,2006,1953.5,10.872292873886767,10.685698556744779,43725.016917940105,42448.19824245751,45143.25091736084
2007,50-54 years,52710.66745846114,52.5,2007,1954.5,10.872592103924134,10.710064094406313,44803.51051199134,43516.19584130975,46417.51131705973
2008,50-54 years,51921.1910613408,52.5,2008,1955.5,10.857501551206745,10.733976147705507,45887.790370072835,44520.21313921196,47637.67116122591
2009,50-54 years,50924.47385134234,52.5,2009,1956.5,10.838118545938164,10.757354918070051,46973.25281165189,45573.80833085301,48761.67095331379
2010,50-54 years,50390.610830245896,52.5,2010,1957.5,10.82757998842399,10.780122855684317,48055.027831848034,46498.406114283185,49979.953886284304
2011,50-54 years,50512.20378654498,52.5,2011,1958.5,10.829990042208152,10.802205331947132,49128.02756894324,47374.49223370615,51184.726807905376
2012,50-54 years,51240.79171622536,52.5,2012,1959.5,10.844310722538783,10.823529228807688,50186.899399664995,48227.26545698555,52272.41596363257
2013,50-54 years,52777.36433992943,52.5,2013,1960.5,10.87385661942799,10.844072561307035,51228.589361114886,49003.50249174474,53370.314268148184
2014,50-54 years,54793.18990791518,52.5,2014,1961.5,10.91133944373702,10.863879768181093,52253.42045097715,49906.276859016325,54467.91423225699
2015,50-54 years,57025.0103362196,52.5,2015,1962.5,10.95126276442167,10.88299967104171,53262.13240185584,50925.14007846141,55607.82518129899
2016,50-54 years,59136.72206360031,52.5,2016,1963.5,10.98762427497104,10.901469149246221,54255.01545649496,51885.387208465356,56745.98082370223
2017,50-54 years,60868.17045151963,52.5,2017,1964.5,11.016482093195986,10.919298437404741,55231.03661670952,52813.074570198594,57868.235839708825
2018,50-54 years,62061.67897197849,52.5,2018,1965.5,11.035900104521192,10.936494164918479,56189.004540839655,53840.84499743223,59185.6111546502
2019,50-54 years,62920.237109759146,52.5,2019,1966.5,11.04963901860892,10.95306296118864,57127.76083346781,54773.08716076735,60357.984194333614
2020,50-54 years,63145.96090231505,52.5,2020,1967.5,11.053220001558278,10.969011455616434,58046.18281422918,55706.18643622887,61857.91370923325
2021,50-54 years,67266.19896680822,52.5,2021,1968.5,11.116428011484807,10.984346277603066,58943.186144743755,56296.57853990453,63298.9066964297
1990,55-59 years,40130.87255002411,57.5,1990,1932.5,10.599926124271102,10.853086581190764,51692.461433397795,49033.730978504864,55111.901736523185
1991,55-59 years,41053.99568385948,57.5,1991,1933.5,10.622667805012192,10.870862054532369,52619.55250964268,49996.00200510067,55601.90329356319
1992,55-59 years,41966.73966787188,57.5,1992,1934.5,10.644656498977234,10.888930622528282,53578.972107849615,50691.28147553705,56291.14285278287
1993,55-59 years,42735.61256616381,57.5,1993,1935.5,10.662811268974172,10.907492345924695,54582.79626174852,51777.98886591628,57054.18527834477
1994,55-59 years,43324.12064035263,57.5,1994,1936.5,10.676487899123556,10.926747285467776,55643.987761454,52688.710198150024,57890.05381584068
1995,55-59 years,43835.64551834061,57.5,1995,1937.5,10.688225402233154,10.946886057062775,56775.96956396585,53503.1450090011,59046.1324798354
1996,55-59 years,44152.15230399149,57.5,1996,1938.5,10.695419603347164,10.967957953809867,57985.06220325829,54853.35405838754,60357.57015860692
1997,55-59 years,44372.82626987242,57.5,1997,1939.5,10.700405076171506,10.989901516576404,59271.54640025981,56008.67590558791,61594.29002242764
1998,55-59 years,44696.85496880421,57.5,1998,1940.5,10.707680792175161,11.012637989882386,60634.63223179827,57384.475984468,62822.728088760945
1999,55-59 years,45093.948675980224,57.5,1999,1941.5,10.71652551646811,11.03608212025688,62072.976384272646,59056.50507075027,64159.54825446255
2000,55-59 years,45640.75317478239,57.5,2000,1942.5,10.728578216357931,11.060148623578069,63585.001543057755,60676.665667648376,65602.54077778773
2001,55-59 years,47314.945793836254,57.5,2001,1943.5,10.764602638044806,11.084752215724112,65168.84987441012,62306.05286277981,67149.2565078009
2002,55-59 years,50529.55733865553,57.5,2002,1944.5,10.830333528081756,11.109807612573192,66822.33417816604,64215.37791293208,69090.09659538526
2003,55-59 years,53979.74205275114,57.5,2003,1945.5,10.896382633286533,11.135229725400807,68542.902091367,65970.11868182587,70834.88513744825
2004,55-59 years,58382.03744103082,57.5,2004,1946.5,10.97478067184929,11.160936389205526,70327.7804815838,67735.5586466735,72463.8649240108
2005,55-59 years,61170.36485760342,57.5,2005,1947.5,11.021434464520032,11.186847689673705,72173.90510022732,69701.58888247599,74303.53035309528
2006,55-59 years,63962.49795144618,57.5,2006,1948.5,11.066067855124857,11.212883770387206,74077.73332188357,71562.08823664318,76218.21796580005
2007,55-59 years,65578.8460748574,57.5,2007,1949.5,11.091023703260438,11.238964774927895,76035.19644700413,73665.7364036309,78267.9102423011
2008,55-59 years,67319.27050353204,57.5,2008,1950.5,11.117216666471537,11.265010846877637,78041.65747429767,75497.77103543204,80712.3843015473
2009,55-59 years,68391.69648745857,57.5,2009,1951.5,11.133021321410482,11.290942187664127,80091.87579091238,77564.84409500415,82828.24533603655
2010,55-59 years,70674.53580158656,57.5,2010,1952.5,11.165854763736967,11.316681247471738,82180.15094178132,79592.88626616888,85222.69474092091
2011,55-59 years,71691.32586408503,57.5,2011,1953.5,11.180138989675157,11.342153397699288,84300.37019883287,81173.5564416543,87643.45225875256
2012,55-59 years,72142.53188264246,57.5,2012,1954.5,11.186412911987153,11.367284204975288,86445.77667362303,83143.97681887668,89873.88116189491
2013,55-59 years,71938.96463146934,57.5,2013,1955.5,11.183587225610202,11.391999235928244,88608.93255779354,84811.1644522865,92315.55910553977
2014,55-59 years,71515.21388443318,57.5,2014,1956.5,11.17767947058866,11.41622405718666,90781.7035754334,86662.65836727318,94851.15024251597
2015,55-59 years,71492.71082948404,57.5,2015,1957.5,11.177364764386557,11.439884179047645,92955.24513901453,88571.73787434433,97334.0817661105
2016,55-59 years,72267.00583064831,57.5,2016,1958.5,11.18813679057473,11.462893169553777,95118.87046463664,90869.7672347337,99803.8848053798
2017,55-59 years,73965.21935906421,57.5,2017,1959.5,11.211363772812895,11.485139267321113,97258.62879462646,92978.59298424303,102495.47351198723
2018,55-59 years,76807.51191914122,57.5,2018,1960.5,11.249070745274805,11.506558238848662,99364.3001708183,95108.48223828265,105179.39469791354
2019,55-59 years,80227.68886631,57.5,2019,1961.5,11.29263644642683,11.527152274330296,101431.8492046855,96906.37370427717,107977.39076322326
2020,55-59 years,82401.47909708344,57.5,2020,1962.5,11.319370801574639,11.54692800316722,103457.72327109874,98994.88342889419,111525.38171838582
2021,55-59 years,88220.19338277332,57.5,2021,1963.5,11.387602500916941,11.565892054760646,105438.4416992415,100637.24256532104,114078.61845739231
1990,60-64 years,98430.70849141027,62.5,1990,1927.5,11.497118271898305,11.534730450837642,102203.44519224821,97223.28100478798,109035.17383902993
1991,60-64 years,101080.47418872578,62.5,1991,1928.5,11.523682145771776,11.553827218021558,104173.97517831989,99083.39427174143,110485.14905949078
1992,60-64 years,103289.75908991172,62.5,1992,1929.5,11.545303194086964,11.572323848168294,106118.79199615533,101185.26453851916,111932.73689145215
1993,60-64 years,105115.29279017642,62.5,1993,1930.5,11.562822566640858,11.59042040202403,108056.67615427035,102928.46590094228,113540.59686449134
1994,60-64 years,106903.27412562708,62.5,1994,1931.5,11.579689078679968,11.608316940334953,110007.9428751471,104855.0763293826,115110.68848989897
1995,60-64 years,108449.30774027896,62.5,1995,1932.5,11.59404735387459,11.626213523847232,111994.44993226719,106005.49060303195,116861.55024015762
1996,60-64 years,110107.427558463,62.5,1996,1933.5,11.609220864363246,11.644310213307048,114039.6466406146,108003.38143581964,118786.13153115383
1997,60-64 years,111840.75395232538,62.5,1997,1934.5,11.62484024003713,11.662805107802942,116168.44160647115,110114.07985097161,120635.47004369818
1998,60-64 years,113281.71656675207,62.5,1998,1935.5,11.637641889631816,11.681881808547493,118405.84456029956,112039.52226650584,122740.64696986234
1999,60-64 years,114372.3091595808,62.5,1999,1936.5,11.647223019164336,11.701717418762344,120777.965028591,114825.91091060803,125020.88606001018
2000,60-64 years,115527.22439059555,62.5,2000,1937.5,11.657270146109372,11.722479566177318,123311.80870242145,117264.5868408197,127379.90180124364
2001,60-64 years,116493.53477208049,62.5,2001,1938.5,11.665599639059863,11.744194555717158,126018.83015301892,120110.00084652145,130097.66044319073
2002,60-64 years,117563.54926754384,62.5,2002,1939.5,11.674742817194334,11.766779901731429,128897.41619018525,123124.60719903374,133291.1110712454
2003,60-64 years,119156.51921331584,62.5,2003,1940.5,11.688201587655447,11.790150515495636,131945.32835287636,126364.51107854416,136328.06704920132
2004,60-64 years,120767.4997359524,62.5,2004,1941.5,11.701630766702838,11.814224232008335,135160.30986625064,129818.249191683,139669.12780249026
2005,60-64 years,122341.0158105388,62.5,2005,1942.5,11.714575809778177,11.838921136955898,138539.93727881904,133466.05781827163,143159.48487520876
2006,60-64 years,125103.24099688088,62.5,2006,1943.5,11.736902596734746,11.864161373920174,142081.24711159847,137024.01065725344,146732.03871551718
2007,60-64 years,129594.5233154589,62.5,2007,1944.5,11.772173519984722,11.889865086483036,145780.62859719415,141106.04720699348,150261.8358894643
2008,60-64 years,133260.10904056692,62.5,2008,1945.5,11.800065708463459,11.915952418226345,149633.72225499846,145082.07305430336,154275.1601565704
2009,60-64 years,139457.50777442745,62.5,2009,1946.5,11.84552240069214,11.942343570577803,153635.3262223673,149005.00462409167,158368.2042683216
2010,60-64 years,143101.8806975763,62.5,2010,1947.5,11.871319096002834,11.968960993721772,157779.64012622784,153013.0529957968,162547.6012780258
2011,60-64 years,148687.21751209215,62.5,2011,1948.5,11.909606892671952,11.995730059057083,162060.31966681898,156703.39023014728,166831.3810015293
2012,60-64 years,152389.96550844217,62.5,2012,1949.5,11.934204639036802,12.022576333212237,166469.9890385274,160363.10511766095,171549.91458193402
2013,60-64 years,157114.00035495943,62.5,2013,1950.5,11.964733302530579,12.049425382815743,171000.11959725697,164733.468564525,176837.3980067108
2014,60-64 years,160512.3820024175,62.5,2014,1951.5,11.986132595038645,12.076202774496105,175640.94080118678,169172.7689825417,182390.0931962268
2015,60-64 years,166543.4818762184,62.5,2015,1952.5,12.023017711137907,12.102834018550434,180381.34546585672,173111.247128307,187846.11889607736
2016,60-64 years,169270.62483199575,62.5,2016,1953.5,12.039259951191811,12.1292326830213,185206.60851066062,177845.14455185403,193740.1255058179
2017,60-64 years,170716.93694571996,62.5,2017,1954.5,12.047767982030276,12.155285691204082,190095.22897191293,182644.27378757935,199511.1834828018
2018,60-64 years,170442.13836024769,62.5,2018,1955.5,12.046157020729046,12.18087636118524,195022.6985496122,187171.07671666527,205978.35751340096
2019,60-64 years,169412.6062723153,62.5,2019,1956.5,12.040098378354248,12.205888011051231,199962.07651299072,191185.80435958735,213087.99851333103
2020,60-64 years,166731.4087341218,62.5,2020,1957.5,12.024145463365052,12.230203958888522,204883.96594471883,195167.50908408887,219706.93414863935
2021,60-64 years,171512.76456722288,62.5,2021,1958.5,12.05241880223467,12.253707522783568,209756.5298359046,199094.01766577543,226972.93793530756
1990,65-69 years,256580.2427696039,67.5,1990,1922.5,12.455200629386596,12.191801207044383,197164.98315251723,186990.7908475434,211136.17487649407
1991,65-69 years,264334.0045267298,67.5,1991,1923.5,12.48497253422421,12.216685426528068,202132.85926188316,192411.63253295035,214479.7080243477
1992,65-69 years,272144.05105816136,67.5,1992,1924.5,12.51409047908617,12.240076277283075,206916.67281811757,197707.35249931144,219018.60789664145
1993,65-69 years,280463.871141468,67.5,1993,1925.5,12.544203759529827,12.262173820055597,211539.9382186941,202720.65615496034,223125.58280812055
1994,65-69 years,288626.9402345166,67.5,1994,1926.5,12.572893733645243,12.283178115591815,216030.19890086836,207557.36526630062,226072.89454141285
1995,65-69 years,296381.0183421936,67.5,1995,1927.5,12.599404503702065,12.303289224637897,220418.80788032865,211518.90257073505,229455.06454831036
1996,65-69 years,304013.6306951477,67.5,1996,1928.5,12.624831106516949,12.322707207940024,224740.74184920508,215497.6817029696,233429.07393070095
1997,65-69 years,311245.44484062993,67.5,1997,1929.5,12.648340304497042,12.341630164586741,229034.0126658693,219388.7133264003,237814.02856709756
1998,65-69 years,317774.46809182904,67.5,1998,1930.5,12.669100337190907,12.360241695790616,233336.61980711512,222756.8153578867,242085.37888564786
1999,65-69 years,324553.7815660609,67.5,1999,1931.5,12.690209619263458,12.378718904773308,237688.12581246908,227062.79371808466,246276.4465506961
2000,65-69 years,330138.7328353424,67.5,2000,1932.5,12.70727127665465,12.397238864105562,242131.13392991506,231509.82274881622,250423.50865976358
2001,65-69 years,333358.2800069404,67.5,2001,1933.5,12.716976106287609,12.415978646358125,246711.42013813116,236560.79461508573,255182.38342689228
2002,65-69 years,333298.71214786416,67.5,2002,1934.5,12.716797400652686,12.435115324101753,251478.1403434333,241361.90405874662,259733.0786674668
2003,65-69 years,330894.4960482095,67.5,2003,1935.5,12.709557882599812,12.45482616530453,256484.18029715,246815.32184952963,264441.9028276163
2004,65-69 years,328104.82231014525,67.5,2004,1936.5,12.701091464327083,12.475291361657586,261787.27926684348,251845.41696435184,269852.55024031777
2005,65-69 years,328451.0132326027,67.5,2005,1937.5,12.702146027796742,12.496683910698932,267447.9298650299,257924.79406352306,276179.10637325404
2006,65-69 years,330896.12785850285,67.5,2006,1938.5,12.709562814085098,12.519035545057006,273493.159254577,264221.77755614143,282283.0377209455
2007,65-69 years,334099.3804411886,67.5,2007,1939.5,12.719196767048745,12.54226920678506,279921.8215360178,269615.83351309906,288633.65422379907
2008,65-69 years,339151.78808241826,67.5,2008,1940.5,12.734205987134828,12.566305039464961,286731.5100661406,276537.75171669776,295768.9727832249
2009,65-69 years,344279.5765325087,67.5,2009,1941.5,12.749212233365554,12.591063244524399,293919.1011306726,283726.566796803,302445.0789727196
2010,65-69 years,349464.94871345034,67.5,2010,1942.5,12.764161407335711,12.616466272147752,301481.20509016974,291351.35439995566,310031.1508211117
2011,65-69 years,358022.02898346714,67.5,2011,1943.5,12.78835259008342,12.642439493733837,309414.24655962636,298231.7100266085,318043.5368002003
2012,65-69 years,371821.0505963641,67.5,2012,1944.5,12.826170660193378,12.668908475911165,317713.5051322533,305753.58158410323,326470.74256878445
2013,65-69 years,383136.2561004312,67.5,2013,1945.5,12.85614857498263,12.69579878530824,326372.8509357828,313441.9597341852,335637.6829924329
2014,65-69 years,402602.26385706186,67.5,2014,1946.5,12.905706899102462,12.723035988553566,335384.5312172427,322201.9705274615,344642.26834055036
2015,65-69 years,414138.4616043746,67.5,2015,1947.5,12.93395805986027,12.750545595944255,344738.93354650104,331621.70030625694,355083.4912948119
2016,65-69 years,431698.0612495166,67.5,2016,1948.5,12.97548400699758,12.778241175522881,354420.15044689947,342268.53939031495,366806.9953684175
2017,65-69 years,443689.7146778832,67.5,2017,1949.5,13.002883010120494,12.806009650584816,364399.80394631624,351740.5653722285,379075.42569512204
2018,65-69 years,459286.741521492,67.5,2018,1950.5,13.037432180476966,12.833734339216523,374644.05593544885,361056.7394115267,391715.40561594296
2019,65-69 years,471426.43191319774,67.5,2019,1951.5,13.063520460224652,12.86129855950446,385114.49662081985,370703.15750799683,404787.2084507285
2020,65-69 years,487350.5554887921,67.5,2020,1952.5,13.096741021488572,12.888585629535097,395767.8586459406,379939.402707019,421258.8162080539
2021,65-69 years,506503.966835317,67.5,2021,1953.5,13.135289408812957,12.915478867394878,406555.7755207379,388861.89494023897,437152.12210716057
1990,70-74 years,322090.3459760009,72.5,1990,1917.5,12.68259046745137,12.641402403836814,309093.52147255465,289820.1037209047,328234.01811644115
1991,70-74 years,333648.1732865463,72.5,1991,1918.5,12.717845340542219,12.67654023407772,320147.50142322393,301656.23753491684,338434.8075497241
1992,70-74 years,346184.61558722507,72.5,1992,1919.5,12.75473037143073,12.709291463898458,330806.3510421286,313140.2472419917,348045.7550921816
1993,70-74 years,359172.63354321674,72.5,1993,1920.5,12.791561209439907,12.739856154045217,341073.4817758623,324257.1457715409,358779.1589477155
1994,70-74 years,373144.6925375719,72.5,1994,1921.5,12.829724218978427,12.76843436526418,350961.3968628615,335044.9659343361,368693.7162368446
1995,70-74 years,386608.40561396175,72.5,1995,1922.5,12.86517017451878,12.795226158301519,360491.4016753501,345371.74316238106,376483.8744873919
1996,70-74 years,400088.9559284301,72.5,1996,1923.5,12.89944469062727,12.820431593903413,369693.2508321243,355408.99914501474,385089.63358163345
1997,70-74 years,415025.6624905441,72.5,1997,1924.5,12.936098044114255,12.844248771158403,378604.01777088636,363864.1886775625,393047.92829430784
1998,70-74 years,431189.4222919452,72.5,1998,1925.5,12.974305086576866,12.866861291279063,387262.7603987026,372783.7689898687,401638.41857439437
1999,70-74 years,446624.0468851588,72.5,1999,1926.5,13.009474700302272,12.88844625748705,395712.70337319904,382017.9670021327,409746.99455765577
2000,70-74 years,460143.2752939001,72.5,2000,1927.5,13.039295361233187,12.909180742353108,404003.276528202,391085.857495659,417395.15206110745
2001,70-74 years,468079.1567746272,72.5,2001,1928.5,13.056394835393329,12.929241818447982,412189.87853103527,398758.277847351,425588.8361287782
2002,70-74 years,469103.3179788893,72.5,2002,1929.5,13.058580449089554,12.948806558342433,420333.69187954743,406132.7056366417,434268.93270660954
2003,70-74 years,466447.74058398535,72.5,2003,1930.5,13.052903412383287,12.968052230004535,428501.66227215563,413835.73771052057,444003.6263107135
2004,70-74 years,465426.4741693202,72.5,2004,1931.5,13.050711561561554,12.98715902512543,436767.69204612664,421754.6118380114,451585.6111072897
2005,70-74 years,468398.0167694388,72.5,2005,1932.5,13.057075811577619,13.006309386084059,445212.5733311856,429978.68508842785,460251.8003569033
2006,70-74 years,476584.47080445074,72.5,2006,1933.5,13.074402358088626,13.025685813154855,453923.3409086354,438346.98258681415,469544.7475521696
2007,70-74 years,486177.1027427227,72.5,2007,1934.5,13.094330302298978,13.045470806612265,462993.6632815796,447049.79794206785,478473.70169635885
2008,70-74 years,495144.52651480347,72.5,2008,1935.5,13.112606991302565,13.065846866730736,472524.4404698552,455103.50065448845,489033.73400249024
2009,70-74 years,502874.8436945645,72.5,2009,1936.5,13.128098586992794,13.08699655163053,482624.63613105397,463406.8650003655,500110.5872079958
2010,70-74 years,510915.8038833741,72.5,2010,1937.5,13.143962045526433,13.109095223347667,493408.73994548747,473730.79893216025,509091.2841192526
2011,70-74 years,517579.2853847892,72.5,2011,1938.5,13.156919932928737,13.13217984232755,504931.4022299973,483470.9393690802,519944.81797392166
2012,70-74 years,523542.5846340519,72.5,2012,1939.5,13.168375562052626,13.156178773670069,517195.81808689464,494996.8251159095,533400.7213396726
2013,70-74 years,531736.650544639,72.5,2013,1940.5,13.183905508617226,13.181017584003735,530203.2475375837,508472.10578013986,547881.781504518
2014,70-74 years,540236.537167274,72.5,2014,1941.5,13.19976420546311,13.206621839957043,543954.0207403164,521200.7241828214,562787.478519079
2015,70-74 years,550030.0640811981,72.5,2015,1942.5,13.217730035761344,13.232917051827116,558447.1481036504,535600.655252072,577102.2104923315
2016,70-74 years,565717.9594230867,72.5,2016,1943.5,13.24585269574769,13.259816787656517,573673.1250306051,549872.4693571649,594773.4691431759
2017,70-74 years,589444.0996436398,72.5,2017,1944.5,13.286936864247155,13.287207970740624,589603.923701388,565076.6824834216,612581.6367728097
2018,70-74 years,608968.3365477115,72.5,2018,1945.5,13.319523194928037,13.3149739191659,606204.259147321,580605.6646167706,631829.8265796064
2019,70-74 years,643264.2353702732,72.5,2019,1946.5,13.374312414854215,13.342997951018804,623432.8544713384,596638.8746042153,652718.4061605542
2020,70-74 years,659503.7189599953,72.5,2020,1947.5,13.399244406474022,13.371163384385799,641241.759634981,614179.844970194,677467.1554095928
2021,70-74 years,705202.4991559931,72.5,2021,1948.5,13.466241691427735,13.39935353735334,659575.6952172351,630802.1029299402,702812.3429969966
1990,75-79 years,290393.11271945655,77.5,1990,1912.5,12.578994288722651,12.701201397217897,328140.8939143761,304937.8334944314,345946.31948523177
1991,75-79 years,297324.8384618271,77.5,1991,1913.5,12.602583915609387,12.750586690734703,344753.1008529287,321762.7400565531,360756.9659095704
1992,75-79 years,304572.351728323,77.5,1992,1914.5,12.626667229497624,12.797073385633032,361157.92851629696,339229.85728080757,377369.4751666807
1993,75-79 years,312497.7686423926,77.5,1993,1915.5,12.652355807806487,12.840570958018715,377214.1366898908,356871.33746322495,393355.19588111306
1994,75-79 years,320228.2919523305,77.5,1994,1916.5,12.676792555536618,12.88118924337788,392851.3982677521,374089.5838522235,408847.6319420806
1995,75-79 years,330850.9844361916,77.5,1995,1917.5,12.709426377415845,12.919127878863925,408042.01586231566,390696.64256858744,424616.8779682345
1996,75-79 years,344822.081584219,77.5,1996,1918.5,12.750786757480753,12.954586925223042,422770.4164073581,404094.45354977873,439845.56369906955
1997,75-79 years,361084.7977744434,77.5,1997,1919.5,12.796870876041917,12.987764481543762,437032.216524993,419331.22225931,454730.42553421267
1998,75-79 years,378238.0034608514,77.5,1998,1920.5,12.8432815590822,13.018844149038658,450828.3425761306,434368.4124787651,469149.82962800766
1999,75-79 years,395918.3412942359,77.5,1999,1921.5,12.888965785889882,13.048003030929392,464167.55527830595,448754.9035926134,482589.7650588556
2000,75-79 years,411468.4511113218,77.5,2000,1922.5,12.927490058460922,13.075418199786705,477068.85218414024,463547.8271530839,495410.92713065125
2001,75-79 years,421567.5853593152,77.5,2001,1923.5,12.951737760528216,13.101266728181349,489561.1641953685,476076.152873013,507631.95736987994
2002,75-79 years,426896.9978331468,77.5,2002,1924.5,12.964300382721344,13.12572568868407,501682.98509443674,487576.9546429676,520882.78723651863
2003,75-79 years,430794.5267664656,77.5,2003,1925.5,12.973388840660009,13.148972349262957,513482.07578732306,498851.6763165643,531158.9974805355
2004,75-79 years,435021.41610001336,77.5,2004,1926.5,12.983152840007529,13.171186901609149,525016.5143107161,509068.0549690251,543452.1969562222
2005,75-79 years,443116.3440965829,77.5,2005,1927.5,13.001589899045277,13.19255178810158,536354.1361529573,519706.23944089544,554703.8553723869
2006,75-79 years,455367.0304224473,77.5,2006,1928.5,13.028861229055002,13.213249509014688,547571.1479204888,529685.1800347794,565953.9330682202
2007,75-79 years,468345.19748124847,77.5,2007,1929.5,13.056963039636129,13.23346256462292,558751.8718220214,539615.4369473394,577542.6968217175
2008,75-79 years,481059.3445777861,77.5,2008,1930.5,13.083747997721563,13.253373455200716,569988.6348665337,549604.3121773354,588246.3955891711
2009,75-79 years,494920.4966146192,77.5,2009,1931.5,13.112154436275937,13.273164738868351,581381.832535564,559760.1849746746,600466.9404903391
2010,75-79 years,507798.2681522927,77.5,2010,1932.5,13.137841507039177,13.29302122250277,593041.4274197905,570222.5077053934,613019.0389747334
2011,75-79 years,520223.8927194312,77.5,2011,1933.5,13.162016483061402,13.313130634195375,605087.8793232508,581249.8758528474,625211.8503887166
2012,75-79 years,532132.0085138793,77.5,2012,1934.5,13.184648753078521,13.33368089726725,617651.2632604562,590536.0922080183,639294.6932821076
2013,75-79 years,542582.5859883634,77.5,2013,1935.5,13.20409742808292,13.354859935039485,630872.051480542,600200.912163688,654220.611662412
2014,75-79 years,551837.4335448878,77.5,2014,1936.5,13.221010589562855,13.37685567083315,644902.3056592579,611503.8302470376,668309.5120646703
2015,75-79 years,562760.6265125326,77.5,2015,1937.5,13.240611418728875,13.399846526797008,659900.9397297349,626473.825854885,685133.281558426
2016,75-79 years,573289.0423135738,77.5,2016,1938.5,13.25914704967808,13.423857660020206,675937.6929568539,642971.9638786811,703906.4977344248
2017,75-79 years,583003.8691195485,77.5,2017,1939.5,13.275950817132314,13.448778792269504,692994.5052841186,662848.1054798141,723838.0512885203
2018,75-79 years,595430.2763303071,77.5,2018,1940.5,13.297041256130933,13.474493241631372,711045.5953802487,679361.3084768142,746016.7951616889
2019,75-79 years,608951.1694688322,77.5,2019,1941.5,13.319495004147603,13.500884326192256,730060.6971464792,695528.4100130796,765933.9773314279
2020,75-79 years,618756.2265872778,77.5,2020,1942.5,13.335468272129809,13.527835364038635,750004.1589123494,712501.7500742673,793106.1980458124
2021,75-79 years,662382.0985842749,77.5,2021,1943.5,13.403599366305373,13.555229673256951,770834.0396182367,729584.236968522,823297.4003813859
1990,80-84 years,214039.5397063618,82.5,1990,1907.5,12.273920713943095,12.253395468929419,209691.0844020636,196471.45681918983,220383.75933424398
1991,80-84 years,221261.2902452403,82.5,1991,1908.5,12.30710411045841,12.31529510398774,223081.0910466667,209813.9444397163,233560.50507386238
1992,80-84 years,228730.35881944804,82.5,1992,1909.5,12.340303488317474,12.374991381624332,236803.7833212496,223524.4869101289,246460.05144975992
1993,80-84 years,236724.59148147845,82.5,1993,1910.5,12.374656907450241,12.432366668007738,250787.859778347,237069.5424443212,259617.24340431072
1994,80-84 years,244981.7462508869,82.5,1994,1911.5,12.408943063581248,12.487303329306489,264950.8338274558,250954.68637451308,274709.3494434333
1995,80-84 years,252804.50347345584,82.5,1995,1912.5,12.440375711086926,12.539683731689104,279199.0228437958,265394.387003257,288508.63484497525
1996,80-84 years,260395.97642657944,82.5,1996,1913.5,12.469962577984084,12.589390241324121,293427.7829638853,279897.34758241725,302894.9577997498
1997,80-84 years,269185.51545736287,82.5,1997,1914.5,12.50315978432932,12.636303262722432,307521.4164888515,294463.15514839074,316923.8980567785
1998,80-84 years,278845.0075123313,82.5,1998,1915.5,12.538414964025874,12.680315812456252,321358.53191478446,308324.36768232303,331021.9885379638
1999,80-84 years,287936.50283400895,82.5,1999,1916.5,12.570498731520718,12.721514768487188,334874.72388007044,323155.358310549,345124.68909596396
2000,80-84 years,299091.7683385976,82.5,2000,1917.5,12.60850906625352,12.760076779793208,348040.42178571847,336947.86241504934,359234.6561557143
2001,80-84 years,309701.32676629786,82.5,2001,1918.5,12.643366878901421,12.796178918945072,360835.02831894346,350583.93997729174,372477.45278388343
2002,80-84 years,317648.455705266,82.5,2002,1919.5,12.668703713188618,12.829998258513525,373246.9632221442,363482.6632328364,385594.2152955931
2003,80-84 years,323998.4880943636,82.5,2003,1920.5,12.68849721481755,12.861712066466648,385273.77748952346,376222.39903347346,398421.43793157977
2004,80-84 years,330824.5341139843,82.5,2004,1921.5,12.709346428130944,12.891500534495586,396923.170248951,387311.83316996583,410978.6579424937
2005,80-84 years,339757.27361346985,82.5,2005,1922.5,12.735989683780076,12.919546104979274,408212.7057987414,396819.55836161034,423479.5140202261
2006,80-84 years,351408.6299192381,82.5,2006,1923.5,12.769707858796856,12.94603127819215,419168.76260295545,406984.76259307057,433724.20923540695
2007,80-84 years,365046.0645870468,82.5,2007,1924.5,12.807781568326156,12.971138554408654,429826.20342640224,416991.81071530044,444654.0738026273
2008,80-84 years,380205.08240223496,82.5,2008,1925.5,12.848468706810223,12.995050433903234,440228.04792017455,426673.15283857053,454774.17018733796
2009,80-84 years,395288.9148541436,82.5,2009,1926.5,12.887374736321185,13.017949474796165,450425.17755314073,436080.85622630443,463943.52002497524
2010,80-84 years,409912.3586889248,82.5,2010,1927.5,12.9237010960783,13.040020483964387,460477.05736940727,445265.62961973733,473713.3888801207
2011,80-84 years,423748.89347215183,82.5,2011,1928.5,12.956898686283614,13.061451189499303,470451.9295315642,453281.6154831471,484147.0694728752
2012,80-84 years,436834.4650979069,82.5,2012,1929.5,12.987311893106574,13.082429514722001,480425.4926450196,462243.29284141713,495978.45201361115
2013,80-84 years,449380.0560598102,82.5,2013,1930.5,13.015626483994868,13.103143382953562,490480.76598475344,470578.3551190457,506491.36671319784
2014,80-84 years,462845.7562623256,82.5,2014,1931.5,13.045151298287427,13.123780717515066,500708.17250596907,479289.7351281163,517032.69992651505
2015,80-84 years,477222.1478001922,82.5,2015,1932.5,13.075739475573855,13.144529385396204,511205.74959745794,489030.05290406744,528849.2518619949
2016,80-84 years,493751.74176121806,82.5,2016,1933.5,13.109790148116163,13.165565311332125,522073.3613080092,499295.0832434473,542105.9775328011
2017,80-84 years,511042.52774417785,82.5,2017,1934.5,13.14421004705356,13.187037775310781,533404.8058669586,509323.5279329216,556141.3439615609
2018,80-84 years,527626.1798964891,82.5,2018,1935.5,13.176145214602423,13.209092452111218,545299.5841240723,519223.95961726573,571032.0695838458
2019,80-84 years,543184.7693642528,82.5,2019,1936.5,13.205206657100415,13.23187501651246,557865.5284986349,529527.4766751465,588950.739697587
2020,80-84 years,553916.7364899165,82.5,2020,1937.5,13.224771464613273,13.255521698452624,571214.4274321825,540201.3305330157,607441.8350283045
2021,80-84 years,591264.155789666,82.5,2021,1938.5,13.290019851930643,13.280027405064736,585385.3906764424,551969.8138768047,627860.7457441371
1990,85-89 years,116225.51237430112,87.5,1990,1902.5,11.663296258943912,11.388747603446937,88321.27355705161,83382.45665417689,94336.43157504617
1991,85-89 years,123457.7570775041,87.5,1991,1903.5,11.723662428486746,11.459685374063017,94814.23423965728,89816.90606447731,100387.20094161457
1992,85-89 years,130696.90247413795,87.5,1992,1904.5,11.780643851083674,11.529115028454122,101631.13245578819,96585.67840955795,106890.140001285
1993,85-89 years,136867.1973727395,87.5,1993,1905.5,11.826773678757943,11.596918932788789,108761.17892427572,103090.08576696215,113000.26354008939
1994,85-89 years,142790.0844865582,87.5,1994,1906.5,11.869137893371045,11.662979453235552,116188.69698368905,110147.83637056703,119846.75561152023
1995,85-89 years,148446.6767662257,87.5,1995,1907.5,11.907987830128222,11.727178955962929,123892.6674278671,117780.43486824463,126987.08385623823
1996,85-89 years,154309.29394962362,87.5,1996,1908.5,11.946720749992629,11.78939980713946,131846.31231234982,125784.22145446193,134491.56435376935
1997,85-89 years,160652.0030185905,87.5,1997,1909.5,11.987002057295472,11.849522411276034,140016.46044456362,133830.3325067889,142364.77767789614
1998,85-89 years,167355.19450177206,87.5,1998,1910.5,12.02787972120254,11.907412675007578,148361.32087357808,142281.00843680502,150884.11614285447
1999,85-89 years,174246.08764927555,87.5,1999,1911.5,12.068229614849097,11.962930006978098,156830.93087926347,150918.85717186332,159550.74209725988
2000,85-89 years,180745.8895067545,87.5,2000,1912.5,12.104852931058302,12.015933785180689,165367.86201628772,159707.07098362842,168486.67526835186
2001,85-89 years,185710.34499268263,87.5,2001,1913.5,12.131948838596296,12.066283387608454,173907.29301330526,168608.22757800398,177660.5463793552
2002,85-89 years,189733.88887711475,87.5,2002,1914.5,12.153383055075428,12.113838192254498,182377.26571430243,177194.37060881208,186859.17690418832
2003,85-89 years,193232.09157233432,87.5,2003,1915.5,12.171652467523867,12.158484882446544,190704.35700186802,186062.16588392746,195725.66766703236
2004,85-89 years,196399.93278726615,87.5,2004,1916.5,12.187913424317223,12.200313424615684,198850.46632129903,194580.01968734368,204290.89575090187
2005,85-89 years,202886.52234986564,87.5,2005,1917.5,12.220407027372229,12.239505837548078,206798.67241492824,202680.00935290608,212733.49032194723
2006,85-89 years,212683.69272980443,87.5,2006,1918.5,12.26756603211909,12.276244621518176,214537.52855386978,210014.17485186685,221317.7671288941
2007,85-89 years,223670.64547327903,87.5,2007,1919.5,12.317934386978106,12.31071227680041,222061.08341936322,216949.3045436799,229365.5993586305
2008,85-89 years,234744.17031206825,87.5,2008,1920.5,12.366255823108359,12.343091303669228,229368.90927981722,223648.71077394902,236630.13546764475
2009,85-89 years,246315.47416554185,87.5,2009,1921.5,12.414372468455426,12.373564260244905,236466.07518478885,230481.86577166832,244011.76753992707
2010,85-89 years,258108.90071337103,87.5,2010,1922.5,12.461140744960794,12.402315953404381,243363.5863841817,236838.59549850156,250928.97606318854
2011,85-89 years,269465.66111006914,87.5,2011,1923.5,12.50419995522277,12.429534111239066,250078.4912337049,243026.49091843198,257631.08723306403
2012,85-89 years,281486.9658917826,87.5,2012,1924.5,12.547844975707696,12.455406657070037,256633.1110546443,249077.47701679126,264664.78521246277
2013,85-89 years,293921.7225583898,87.5,2013,1925.5,12.591072163329262,12.480121514218382,263054.8153262624,254761.198762378,272003.69544992916
2014,85-89 years,305225.4213289691,87.5,2014,1926.5,12.628809145185954,12.503866606005182,269375.84957955556,260593.6195261997,279175.1614069308
2015,85-89 years,316994.7314014578,87.5,2015,1927.5,12.666643587158212,12.526829799420124,275633.17136412335,266190.1493390483,286107.6226439549
2016,85-89 years,331018.0960912628,87.5,2016,1928.5,12.709931344813693,12.549187019198357,281864.98858881945,271931.0128347213,293041.0791826873
2017,85-89 years,346239.94481968164,87.5,2017,1929.5,12.754890183996388,12.571087545327835,288106.09433527343,276926.5989033814,300627.5598503683
2018,85-89 years,362389.0898050279,87.5,2018,1930.5,12.800476506764436,12.592677052587597,294393.81470508245,281642.4879815504,309728.75807898265
2019,85-89 years,379983.91056740686,87.5,2019,1931.5,12.847886821881005,12.614101215756678,300769.0251790157,286453.10377138865,318681.63564090506
2020,85-89 years,393860.9763242518,87.5,2020,1932.5,12.883755813007985,12.635505709614122,307276.2488098238,291544.93030092475,329228.2775811276
2021,85-89 years,428037.6902354532,87.5,2021,1933.5,12.96696886822469,12.657036208938958,313963.8164025529,296624.5027577174,337769.44538957917
1990,90-94 years,34212.385963262495,92.5,1990,1897.5,10.440372248907321,10.246205113168456,28174.416267864002,26456.073385509528,30974.50660868752
1991,90-94 years,36680.57081244458,92.5,1991,1898.5,10.510029750220202,10.322704813358545,30414.414455976534,28689.987869551835,33095.680671233065
1992,90-94 years,39261.65482207725,92.5,1992,1899.5,10.578029087094835,10.398391638520403,32805.81799657571,31091.61125037431,35387.42444828038
1993,90-94 years,42285.9221181614,92.5,1993,1900.5,10.65223314744812,10.47314795482258,35352.333078774056,33561.681869420565,37812.23400081283
1994,90-94 years,45557.970432083785,92.5,1994,1901.5,10.726762819239136,10.546856128433598,38056.60182298465,36194.515836947,40370.95321952076
1995,90-94 years,48860.105818747004,92.5,1995,1902.5,10.796736976949134,10.619398525521985,40919.994591363764,39050.44678815877,43003.09485893369
1996,90-94 years,52222.38488908023,92.5,1996,1903.5,10.863285659935638,10.690657512256276,43942.390818825465,41995.569800912235,45804.69442875835
1997,90-94 years,55779.01853557523,92.5,1997,1904.5,10.929170993479296,10.760513493147362,47121.859084343996,45223.919375291225,48733.615685335586
1998,90-94 years,59050.75394601558,92.5,1998,1905.5,10.986169523911158,10.828832374830167,50453.76013404592,48488.659883425105,51796.17399354574
1999,90-94 years,62371.67879138624,92.5,1999,1906.5,11.04088261859602,10.8954735659487,53930.69222145667,51883.598254251214,55186.95478233174
2000,90-94 years,65664.30592482048,92.5,2000,1907.5,11.092325996880264,10.960296444496052,57542.49896363047,55523.09518010439,58655.7039144081
2001,90-94 years,68850.10634745487,92.5,2001,1908.5,11.13970157298129,11.023160388465332,61276.03314245882,59334.627530372854,62313.09764047192
2002,90-94 years,71915.98407161697,92.5,2002,1909.5,11.183267733778143,11.083924775849638,65114.94804534726,63126.08223678909,66218.22952245935
2003,90-94 years,74783.96988236863,92.5,2003,1910.5,11.222372206370455,11.142449180039408,69039.54226176563,66954.31971606419,70177.20228392376
2004,90-94 years,77385.94636945533,92.5,2004,1911.5,11.25657339379712,11.198596098148133,73026.84590485567,70762.1685326566,74296.06717688017
2005,90-94 years,79964.26515683981,92.5,2005,1912.5,11.289347633830682,11.252230277977098,77050.57470457308,74715.51905635676,78703.6162569038
2006,90-94 years,82677.82352994669,92.5,2006,1913.5,11.32271878449692,11.303216525223096,81081.02091638773,78648.72917377266,83088.53636192856
2007,90-94 years,85741.64480465197,92.5,2007,1914.5,11.359105586476447,11.351419645582922,85085.15799578883,82592.88723668891,87396.82823217585
2008,90-94 years,89115.90518697255,92.5,2008,1915.5,11.39770432820011,11.396731554690662,89029.25677383611,86387.6838000739,91748.9844564321
2009,90-94 years,93034.76912662663,92.5,2009,1916.5,11.440739312455088,11.439244585406541,92895.80992494135,90065.66668419038,95800.92596922485
2010,90-94 years,98638.8752921131,92.5,2010,1917.5,11.499230873564445,11.479143121014726,96677.19076648448,93689.76938404338,99869.56027761835
2011,90-94 years,105198.51147346012,92.5,2011,1918.5,11.563613935486563,11.516614889606632,100368.62389411888,97156.78466593954,104036.36701454724
2012,90-94 years,112035.5140309718,92.5,2012,1919.5,11.626580115278545,11.551847814503333,103967.97481212544,100452.40916545929,107857.62688043846
2013,90-94 years,118319.92425924438,92.5,2013,1920.5,11.681155908875844,11.585029819025914,107475.74945590088,103667.76899092719,111718.10502148316
2014,90-94 years,123735.46413437756,92.5,2014,1921.5,11.725909293716125,11.61634882649546,110895.08010438994,106634.05050981212,115484.94946031953
2015,90-94 years,129288.95378852752,92.5,2015,1922.5,11.76981286482358,11.645992703901657,114231.68045823621,109450.53727902449,119167.84647772838
2016,90-94 years,135942.57497873026,92.5,2016,1923.5,11.819995188765299,11.67413737597966,117492.39238686037,112170.99061809866,123429.12983167796
2017,90-94 years,143870.26452499753,92.5,2017,1924.5,11.876674182350884,11.70093212271741,120683.15501687869,114806.53435494521,127557.64850230145
2018,90-94 years,152935.9072414805,92.5,2018,1925.5,11.937780744355566,11.726522618893956,123811.37810084064,117372.61428645185,131418.79374664894
2019,90-94 years,162104.00434961542,92.5,2019,1926.5,11.995999579237463,11.751054539288333,126886.29611677639,119926.75489894654,135382.73485188937
2020,90-94 years,169314.75534148034,92.5,2020,1927.5,12.039520625465684,11.77467355867958,129918.92247469028,122661.8734826048,139284.6566929568
2021,90-94 years,185011.6053819996,92.5,2021,1928.5,12.128179238939227,11.797525351846728,132922.00793098367,125031.9013438895,143171.42765132873
1990,95+ years,7271.670653569797,97.5,1990,1892.5,8.891878855693191,8.96471531049197,7821.154526517009,7220.43452919095,9085.82009517127
1991,95+ years,7636.15878933582,97.5,1991,1893.5,8.940780926781152,9.04330073427231,8460.66070592321,7844.48932684195,9711.00144490638
1992,95+ years,8077.088212986806,97.5,1992,1894.5,8.996910516215603,9.121768524221174,9151.373506247255,8513.534879239918,10379.323255331978
1993,95+ years,8551.185073984518,97.5,1993,1895.5,9.053942093488551,9.200001046507102,9896.13941616519,9235.747922410379,11101.491286002376
1994,95+ years,9066.61314099836,97.5,1994,1896.5,9.112464348718955,9.277880667298627,10697.733696217332,10022.17526986011,11882.326623560484
1995,95+ years,9683.047231180435,97.5,1995,1897.5,9.178235195284845,9.355289752764268,11558.8105393707,10888.104246116354,12686.500116960791
1996,95+ years,10411.055643985112,97.5,1996,1898.5,9.250719610316956,9.432110669072568,12481.84610330346,11790.939395816278,13537.37875614106
1997,95+ years,11187.101436661642,97.5,1997,1899.5,9.322606120839708,9.50822382073441,13469.047836500038,12729.370572696405,14473.614955579695
1998,95+ years,12120.685215794572,97.5,1998,1900.5,9.402751294165029,9.583495114384721,14522.090562470534,13765.162639753988,15503.071790917777
1999,95+ years,13214.428352283874,97.5,1999,1901.5,9.48914024060946,9.65778395866751,15642.0805163823,14824.20472971967,16577.209598203546
2000,95+ years,14461.559360069308,97.5,2000,1902.5,9.579318475906252,9.730949731575873,16829.5292174213,16003.278163284638,17682.715750379124
2001,95+ years,15812.597549226815,97.5,2001,1903.5,9.66862545328888,9.802851811102911,18084.247164260716,17247.910382267666,18913.228658847886
2002,95+ years,17248.79440328468,97.5,2002,1904.5,9.755555503738314,9.87334957524173,19405.232866730927,18530.133650329935,20192.76745793146
2003,95+ years,18627.43671313284,97.5,2003,1905.5,9.832444547736248,9.942302597382762,20790.56381048478,19850.32747072576,21573.5484949103
2004,95+ years,19947.042648946397,97.5,2004,1906.5,9.900886304669864,10.0095733746395,22237.34598986378,21244.079353616868,23021.299980761447
2005,95+ years,21220.509130481983,97.5,2005,1907.5,9.962770527946539,10.075026654813225,23741.611226658104,22740.208999349095,24533.205703205094
2006,95+ years,22497.976891690905,97.5,2006,1908.5,10.021225115678249,10.138527243600738,25298.179506098528,24232.854981600216,26079.43069974001
2007,95+ years,23726.652411376457,97.5,2007,1909.5,10.074396415390463,10.199939946698827,26900.570497672557,25745.021966166794,27802.975640292858
2008,95+ years,24977.797933126894,97.5,2008,1910.5,10.125782661349847,10.25912956980429,28540.931617558654,27266.806548231627,29532.847831602496
2009,95+ years,26434.31997835812,97.5,2009,1911.5,10.18245627294122,10.315960976459753,30209.9879459615,28846.584324968575,31251.943138693703
2010,95+ years,28044.848180386885,97.5,2010,1912.5,10.241595885036078,10.37030127896451,31897.08574454883,30411.95845314201,32954.51199726749
2011,95+ years,29685.8942939126,97.5,2011,1913.5,10.298460957837493,10.422020510832317,33590.23708289026,31956.33653547365,34841.65728935264
2012,95+ years,31416.4420631266,97.5,2012,1914.5,10.355118497392002,10.470988900806608,35276.08566377518,33514.99715615456,36713.60357139725
2013,95+ years,32920.37762589439,97.5,2013,1915.5,10.40187750160358,10.517103787568113,36940.97759205528,35059.293264833446,38553.77763748667
2014,95+ years,33986.052117616906,97.5,2014,1916.5,10.43373491099783,10.560462869177861,38577.98083472774,36533.07467193363,40409.88271381805
2015,95+ years,35504.86941083823,97.5,2015,1917.5,10.477453297313668,10.601253589032765,40184.181571749476,38050.26319910972,42237.68007094472
2016,95+ years,37623.73947665576,97.5,2016,1918.5,10.53541707781872,10.639651871867988,41757.23147269634,39428.11714070529,44111.99962155428
2017,95+ years,40154.85748851237,97.5,2017,1919.5,10.60052359885882,10.675806997671469,43294.63054386085,40702.93781971772,45944.159082556056
2018,95+ years,42950.316113764784,97.5,2018,1920.5,10.667822569871083,10.709864641222252,44794.57500084712,41931.097980371764,47883.56509777439
2019,95+ years,45892.86982011584,97.5,2019,1921.5,10.734086832012055,10.741970477299375,46256.1107606648,43170.63478650233,49597.18713223946
2020,95+ years,48502.70511732621,97.5,2020,1922.5,10.789395468179363,10.772270180681877,47679.13726818295,44381.10785989327,51423.240469907745
2021,95+ years,53526.6121111846,97.5,2021,1923.5,10.887952913970707,10.800909426148793,49064.40221238838,45536.492730625185,53393.53758462866
2022,15-19 years,NA,17.5,2022,2004.5,NA,9.59338925364266,14666.497254869766,14154.88893759139,15686.072498584037
2023,15-19 years,NA,17.5,2023,2005.5,NA,9.602781735698974,14804.91046388667,14229.137316630591,16055.862076283653
2024,15-19 years,NA,17.5,2024,2006.5,NA,9.612174217755285,14944.629840963271,14313.224728220885,16471.042379518138
2025,15-19 years,NA,17.5,2025,2007.5,NA,9.621566699811599,15085.667712054723,14388.445034202705,16878.959377454736
2026,15-19 years,NA,17.5,2026,2008.5,NA,9.630959181867908,15228.036519432759,14462.748887485921,17296.979132978806
2027,15-19 years,NA,17.5,2027,2009.5,NA,9.640351663924221,15371.748822783658,14537.436429816093,17727.9797716377
2028,15-19 years,NA,17.5,2028,2010.5,NA,9.649744145980529,15516.81730031582,14612.509642484034,18178.12244958988
2029,15-19 years,NA,17.5,2029,2011.5,NA,9.659136628036842,15663.254749878775,14687.970517011803,18639.69474078231
2030,15-19 years,NA,17.5,2030,2012.5,NA,9.668529110093148,15811.07409009154,14763.821055205028,19112.986865862174
2031,15-19 years,NA,17.5,2031,2013.5,NA,9.677921592149461,15960.288361483068,14840.063269206401,19598.29641502794
2032,15-19 years,NA,17.5,2032,2014.5,NA,9.687314074205775,16110.910727641927,14916.699181548864,20095.928535171028
2033,15-19 years,NA,17.5,2033,2015.5,NA,9.696706556262086,16262.954476377998,14993.730825209403,20606.1961217699
2034,15-19 years,NA,17.5,2034,2016.5,NA,9.706099038318396,16416.433020894656,15071.160243662842,21129.376352341867
2035,15-19 years,NA,17.5,2035,2017.5,NA,9.715491520374707,16571.359900972115,15148.989490936076,21665.440684641555
2036,15-19 years,NA,17.5,2036,2018.5,NA,9.724884002431017,16727.748784161726,15227.220631662572,22215.10463868088
2037,15-19 years,NA,17.5,2037,2019.5,NA,9.734276484487332,16885.613466992,15305.855741137311,22778.71322867183
2038,15-19 years,NA,17.5,2038,2020.5,NA,9.74366896654364,17044.967876185234,15384.896905371503,23356.620221633646
2039,15-19 years,NA,17.5,2039,2021.5,NA,9.753061448599949,17205.826069886796,15464.346221148191,23949.18835944719
2040,15-19 years,NA,17.5,2040,2022.5,NA,9.76245393065626,17368.202238904832,15544.205796077871,24556.78958654145
2041,15-19 years,NA,17.5,2041,2023.5,NA,9.77184641271257,17532.110707962245,15623.489994323982,25179.80528335737
2042,15-19 years,NA,17.5,2042,2024.5,NA,9.781238894768883,17697.565936960636,15704.559793452703,25818.626505733413
2043,15-19 years,NA,17.5,2043,2025.5,NA,9.790631376825194,17864.582522255594,15785.631737472757,26473.65423036589
2044,15-19 years,NA,17.5,2044,2026.5,NA,9.800023858881504,18033.17519794468,15866.863379199356,27145.299606494005
2045,15-19 years,NA,17.5,2045,2027.5,NA,9.809416340937817,18203.358837167238,15948.513185982658,27833.984213972955
2046,15-19 years,NA,17.5,2046,2028.5,NA,9.818808822994127,18375.14845341619,16030.583311264705,28540.14032789197
2047,15-19 years,NA,17.5,2047,2029.5,NA,9.828201305050435,18548.559201862892,16113.075919580953,29264.211189905745
2048,15-19 years,NA,17.5,2048,2030.5,NA,9.83759378710675,18723.6063806941,16195.993186617095,30006.651286451157
2049,15-19 years,NA,17.5,2049,2031.5,NA,9.84698626916306,18900.305432461013,16279.35616882259,30767.92663402014
2050,15-19 years,NA,17.5,2050,2032.5,NA,9.85637875121937,19078.671945442395,16363.571556221765,31548.515071670532
2022,20-24 years,NA,22.5,2022,1999.5,NA,9.627441178926604,15174.554853651884,14774.737358097182,16104.021397241451
2023,20-24 years,NA,22.5,2023,2000.5,NA,9.636861480634575,15318.188633534946,14846.998565572812,16536.933563393028
2024,20-24 years,NA,22.5,2024,2001.5,NA,9.646268248457954,15462.972591163476,14918.870983894112,16972.069831219796
2025,20-24 years,NA,22.5,2025,2002.5,NA,9.655665993691604,15608.984080651117,14996.94404228684,17392.61806017689
2026,20-24 years,NA,22.5,2026,2003.5,NA,9.665059227630396,15756.30313085595,15084.93833608043,17823.633144404434
2027,20-24 years,NA,22.5,2027,2004.5,NA,9.674451709686704,15905.000543502032,15169.458576546122,18265.33857760541
2028,20-24 years,NA,22.5,2028,2005.5,NA,9.683844191743015,16055.101173459158,15247.635250155092,18717.991932222285
2029,20-24 years,NA,22.5,2029,2006.5,NA,9.693236673799326,16206.618262509935,15326.533851262455,19181.52803906658
2030,20-24 years,NA,22.5,2030,2007.5,NA,9.702629155855638,16359.565177396165,15405.981216991362,19656.17325870835
2031,20-24 years,NA,22.5,2031,2008.5,NA,9.712021637911947,16513.955410997944,15485.840638296186,20142.563194126604
2032,20-24 years,NA,22.5,2032,2009.5,NA,9.721414119968259,16669.80258352412,15568.643266948578,20640.988465882376
2033,20-24 years,NA,22.5,2033,2010.5,NA,9.73080660202457,16827.120443713688,15661.5847085582,21151.746886060093
2034,20-24 years,NA,22.5,2034,2011.5,NA,9.740199084080881,16985.922870048802,15749.09756577519,21675.143636229222
2035,20-24 years,NA,22.5,2035,2012.5,NA,9.749591566137191,17146.22387197908,15819.905409065415,22211.491449809713
2036,20-24 years,NA,22.5,2036,2013.5,NA,9.758984048193502,17308.037591157616,15891.031763151503,22761.110798950882
2037,20-24 years,NA,22.5,2037,2014.5,NA,9.768376530249816,17471.37830268841,15971.810460499073,23324.33008603424
2038,20-24 years,NA,22.5,2038,2015.5,NA,9.777769012306123,17636.260416385627,16053.999845013604,23901.485839916153
2039,20-24 years,NA,22.5,2039,2016.5,NA,9.787161494362437,17802.698478045277,16136.888184492707,24492.922917026335
2040,20-24 years,NA,22.5,2040,2017.5,NA,9.796553976418746,17970.70717072777,16220.367303515808,25098.994707442936
2041,20-24 years,NA,22.5,2041,2018.5,NA,9.805946458475056,18140.301316053807,16304.278314246845,25720.063346067553
2042,20-24 years,NA,22.5,2042,2019.5,NA,9.815338940531369,18311.495875511722,16388.623451506373,26356.499929026297
2043,20-24 years,NA,22.5,2043,2020.5,NA,9.82473142258768,18484.305951777213,16478.60920609758,27008.684735425064
2044,20-24 years,NA,22.5,2044,2021.5,NA,9.83412390464399,18658.746790045945,16570.247875576057,27693.636360190358
2045,20-24 years,NA,22.5,2045,2022.5,NA,9.843516386700301,18834.83377937844,16662.396189952764,28396.232659604968
2046,20-24 years,NA,22.5,2046,2023.5,NA,9.852908868756609,19012.582454057465,16755.056983944156,29116.653415215944
2047,20-24 years,NA,22.5,2047,2024.5,NA,9.862301350812924,19192.00849495891,16848.233108035605,29855.3508232773
2048,20-24 years,NA,22.5,2048,2025.5,NA,9.871693832869235,19373.127730934462,16941.927428568983,30612.788552010526
2049,20-24 years,NA,22.5,2049,2026.5,NA,9.881086314925543,19555.956140208593,17034.895115616935,31389.442032640534
2050,20-24 years,NA,22.5,2050,2027.5,NA,9.89047879698186,19740.509851788218,17123.57951419162,32185.79875781793
2022,25-29 years,NA,27.5,2022,1994.5,NA,9.682970025044353,16041.071597490443,15671.878570498073,16966.73822460054
2023,25-29 years,NA,27.5,2023,1995.5,NA,9.692525665598225,16195.098608774413,15789.40501683268,17355.927121457848
2024,25-29 years,NA,27.5,2024,1996.5,NA,9.70204521579319,16350.01437676374,15900.15934831609,17808.945361817252
2025,25-29 years,NA,27.5,2025,1997.5,NA,9.71153318692411,16505.890634497708,16008.652260639285,18286.548908467747
2026,25-29 years,NA,27.5,2026,1998.5,NA,9.720994090285847,16662.801821976173,16106.969534716356,18777.429403014772
2027,25-29 years,NA,27.5,2027,1999.5,NA,9.730432437173269,16820.825130346122,16192.404586777382,19245.573927492344
2028,25-29 years,NA,27.5,2028,2000.5,NA,9.739852738881238,16980.040549571575,16277.29634337311,19722.207784535814
2029,25-29 years,NA,27.5,2029,2001.5,NA,9.749259506704616,17140.530919801466,16362.077089424516,20210.799689370484
2030,25-29 years,NA,27.5,2030,2002.5,NA,9.758657251938265,17302.381986656586,16447.131987088494,20711.601504908853
2031,25-29 years,NA,27.5,2031,2003.5,NA,9.768050485877056,17465.682460663178,16532.176175599376,21224.27455201676
2032,25-29 years,NA,27.5,2032,2004.5,NA,9.777442967933364,17630.510824237994,16620.911392634178,21749.46423212311
2033,25-29 years,NA,27.5,2033,2005.5,NA,9.786835449989677,17796.89462854986,16717.572137522464,22287.649297798933
2034,25-29 years,NA,27.5,2034,2006.5,NA,9.796227932045987,17964.848551872634,16814.795171293827,22839.15131685495
2035,25-29 years,NA,27.5,2035,2007.5,NA,9.805620414102302,18134.387410995398,16912.583765799656,23404.29981441908
2036,25-29 years,NA,27.5,2036,2008.5,NA,9.81501289615861,18305.526162528884,17010.941211934878,23983.43246984897
2037,25-29 years,NA,27.5,2037,2009.5,NA,9.824405378214923,18478.279904225772,17104.081999905473,24576.89531851601
2038,25-29 years,NA,27.5,2038,2010.5,NA,9.83379786027123,18652.663876311726,17193.12657630907,25185.042958583792
2039,25-29 years,NA,27.5,2039,2011.5,NA,9.843190342327544,18828.69346283071,17282.634696263944,25808.23876290389
2040,25-29 years,NA,27.5,2040,2012.5,NA,9.852582824383852,19006.38419300134,17372.89800203331,26446.855096154253
2041,25-29 years,NA,27.5,2041,2013.5,NA,9.861975306440163,19185.751742587658,17463.700410127476,27101.273537352212
2042,25-29 years,NA,27.5,2042,2014.5,NA,9.871367788496476,19366.811935281443,17554.977644288945,27771.885107873062
2043,25-29 years,NA,27.5,2043,2015.5,NA,9.880760270552788,19549.580744098344,17646.73218903589,28459.09050511213
2044,25-29 years,NA,27.5,2044,2016.5,NA,9.8901527526091,19734.074292787183,17746.785592828015,29163.300341928574
2045,25-29 years,NA,27.5,2045,2017.5,NA,9.899545234665407,19920.308857252006,17852.748931845468,29884.93539201495
2046,25-29 years,NA,27.5,2046,2018.5,NA,9.908937716721717,20108.300866988542,17948.677969126635,30624.426841338995
2047,25-29 years,NA,27.5,2047,2019.5,NA,9.918330198778028,20298.066906532997,18034.73240900305,31382.216545807856
2048,25-29 years,NA,27.5,2048,2020.5,NA,9.927722680834343,20489.62371692543,18121.199489778723,32158.757295307747
2049,25-29 years,NA,27.5,2049,2021.5,NA,9.93711516289065,20682.98819718632,18208.081190520854,32954.51308427929
2050,25-29 years,NA,27.5,2050,2022.5,NA,9.946507644946966,20878.177405808154,18300.109226608514,33769.95938898791
2022,30-34 years,NA,32.5,2022,1989.5,NA,9.781341434223073,17699.380831299302,17226.32068057117,18692.26356202249
2023,30-34 years,NA,32.5,2023,1990.5,NA,9.79114519599443,17873.76455977652,17350.679496246983,19095.616968867515
2024,30-34 years,NA,32.5,2024,1991.5,NA,9.800890310932564,18048.807717470423,17478.639312069794,19536.015946820182
2025,30-34 years,NA,32.5,2025,1992.5,NA,9.810581290332337,18224.578351402582,17619.973757090516,20056.582831851883
2026,30-34 years,NA,32.5,2026,1993.5,NA,9.820222645488611,18401.147440106954,17761.287674269297,20591.897325886323
2027,30-34 years,NA,32.5,2027,1994.5,NA,9.82981888769625,18578.58892814949,17896.789185436755,21142.02537469793
2028,30-34 years,NA,32.5,2028,1995.5,NA,9.83937452825012,18756.97976352855,18031.59231998214,21707.662104842748
2029,30-34 years,NA,32.5,2029,1996.5,NA,9.848894078445085,18936.399938176102,18156.4027746652,22274.43653562716
2030,30-34 years,NA,32.5,2030,1997.5,NA,9.858382049576003,19116.93253178502,18258.87635615295,22825.21878601847
2031,30-34 years,NA,32.5,2031,1998.5,NA,9.86784295293774,19298.663759192936,18386.951753457415,23389.35466649409
2032,30-34 years,NA,32.5,2032,1999.5,NA,9.877281299825162,19481.68302155798,18502.221330848577,23967.519996161078
2033,30-34 years,NA,32.5,2033,2000.5,NA,9.886701601533133,19666.08296156917,18627.14432060341,24560.21699216122
2034,30-34 years,NA,32.5,2034,2001.5,NA,9.89610836935651,19851.959522939444,18758.319539528205,25167.7548617491
2035,30-34 years,NA,32.5,2035,2002.5,NA,9.905506114590162,20039.412014438243,18877.6294248275,25790.446308871822
2036,30-34 years,NA,32.5,2036,2003.5,NA,9.914899348528952,20228.543178725562,18978.956646848095,26428.607652133804
2037,30-34 years,NA,32.5,2037,2004.5,NA,9.92429183058526,20419.44391248109,19077.761293132986,27082.570321779844
2038,30-34 years,NA,32.5,2038,2005.5,NA,9.93368431264157,20612.14612488732,19177.080291237373,27752.714734466983
2039,30-34 years,NA,32.5,2039,2006.5,NA,9.943076794697884,20806.66681601155,19276.91631875028,28439.441303074556
2040,30-34 years,NA,32.5,2040,2007.5,NA,9.952469276754195,21003.023146346095,19377.27206719996,29143.160348834244
2041,30-34 years,NA,32.5,2041,2008.5,NA,9.961861758810503,21201.23243832222,19478.15024212595,29864.292346523234
2042,30-34 years,NA,32.5,2042,2009.5,NA,9.971254240866816,21401.312177838525,19577.405758559762,30603.268175722653
2043,30-34 years,NA,32.5,2043,2010.5,NA,9.980646722923126,21603.280015802942,19669.236186466824,31360.52937829509
2044,30-34 years,NA,32.5,2044,2011.5,NA,9.990039204979439,21807.153769690594,19776.271458620155,32136.528422233965
2045,30-34 years,NA,32.5,2045,2012.5,NA,9.999431687035745,22012.951425114905,19886.969009207976,32931.72897204134
2046,30-34 years,NA,32.5,2046,2013.5,NA,10.008824169092057,22220.691137415186,19990.47319780915,33746.60616579773
2047,30-34 years,NA,32.5,2047,2014.5,NA,10.01821665114837,22430.39123325744,20094.948660295162,34581.646899087464
2048,30-34 years,NA,32.5,2048,2015.5,NA,10.027609133204681,22642.07021225145,20199.978113666893,35437.35011595127
2049,30-34 years,NA,32.5,2049,2016.5,NA,10.037001615260994,22855.74674858298,20314.83638428306,36314.22710703795
2050,30-34 years,NA,32.5,2050,2017.5,NA,10.046394097317304,23071.439692660846,20436.13230395407,37212.80181513585
2022,35-39 years,NA,37.5,2022,1984.5,NA,9.943920296807455,20824.225531231703,20190.25123466103,22049.96098027735
2023,35-39 years,NA,37.5,2023,1985.5,NA,9.954084962167883,21036.986469807296,20362.656192846436,22527.065481495116
2024,35-39 years,NA,37.5,2024,1986.5,NA,9.96416842422077,21250.195343318028,20534.987380704177,23009.758772459387
2025,35-39 years,NA,37.5,2025,1987.5,NA,9.974175194260981,21463.918725127674,20707.304709551914,23546.895858849446
2026,35-39 years,NA,37.5,2026,1988.5,NA,9.984109783583376,21678.226645479546,20879.930541090613,24152.278230521293
2027,35-39 years,NA,37.5,2027,1989.5,NA,9.99397670348282,21893.192620281567,21052.96779061601,24791.852397804178
2028,35-39 years,NA,37.5,2028,1990.5,NA,10.003780465254176,22108.893682168953,21226.119404948146,25426.27550595171
2029,35-39 years,NA,37.5,2029,1991.5,NA,10.01352558019231,22325.41041409349,21398.93548446994,26071.283860679265
2030,35-39 years,NA,37.5,2030,1992.5,NA,10.023216559592079,22542.82698569026,21558.270016107293,26733.32875225428
2031,35-39 years,NA,37.5,2031,1993.5,NA,10.032857914748355,22761.23119268031,21720.637554573885,27412.814151670136
2032,35-39 years,NA,37.5,2032,1994.5,NA,10.042454156955996,22980.71449956847,21878.334461430008,28109.596083318072
2033,35-39 years,NA,37.5,2033,1995.5,NA,10.052009797509866,23201.372085905576,22043.37062441589,28823.65071819712
2034,35-39 years,NA,37.5,2034,1996.5,NA,10.061529347704829,23423.302896385714,22183.964459379295,29556.308823558986
2035,35-39 years,NA,37.5,2035,1997.5,NA,10.07101731883575,23646.609695057792,22355.033551498436,30307.9987771645
2036,35-39 years,NA,37.5,2036,1998.5,NA,10.080478222197486,23871.39912393565,22527.246035332617,31079.1555822329
2037,35-39 years,NA,37.5,2037,1999.5,NA,10.089916569084908,24097.781766299846,22685.050979177595,31870.220796007456
2038,35-39 years,NA,37.5,2038,2000.5,NA,10.099336870792877,24325.872214988583,22785.4147850464,32681.64244694765
2039,35-39 years,NA,37.5,2039,2001.5,NA,10.108743638616255,24555.78914598709,22924.82406625694,33513.87494003137
2040,35-39 years,NA,37.5,2040,2002.5,NA,10.118141383849906,24787.655397631148,23043.751126978932,34345.29200091281
2041,35-39 years,NA,37.5,2041,2003.5,NA,10.127534617788696,25021.598055750816,23164.64211077598,35195.12307014859
2042,35-39 years,NA,37.5,2042,2004.5,NA,10.136927099845003,25257.72955348706,23311.156074811446,36065.99645814604
2043,35-39 years,NA,37.5,2043,2005.5,NA,10.146319581901317,25496.089360374193,23484.161653651136,36958.4187534137
2044,35-39 years,NA,37.5,2044,2006.5,NA,10.15571206395763,25736.698504363532,23624.14335769168,37872.92317520034
2045,35-39 years,NA,37.5,2045,2007.5,NA,10.16510454601394,25979.578211841537,23746.37822720679,38810.05613737786
2046,35-39 years,NA,37.5,2046,2008.5,NA,10.174497028070247,26224.74990950248,23869.37407637663,39770.37757495492
2047,35-39 years,NA,37.5,2047,2009.5,NA,10.183889510126559,26472.235226238652,23984.472189048847,40754.46127866799
2048,35-39 years,NA,37.5,2048,2010.5,NA,10.193281992182872,26722.05599504817,24096.973187379608,41762.89523785328
2049,35-39 years,NA,37.5,2049,2011.5,NA,10.202674474239183,26974.23425496121,24217.813924380003,42796.28199180411
2050,35-39 years,NA,37.5,2050,2012.5,NA,10.212066956295493,27228.792252984418,24358.480815683433,43855.238989823105
2022,40-44 years,NA,42.5,2022,1979.5,NA,10.191227690454305,26667.215124059407,25762.065408823826,28318.047674348836
2023,40-44 years,NA,42.5,2023,1980.5,NA,10.201897154612224,26953.2740233881,25979.283564122565,28967.516524532646
2024,40-44 years,NA,42.5,2024,1981.5,NA,10.212434740469583,27238.808781486245,26196.806561715766,29626.717614334455
2025,40-44 years,NA,42.5,2025,1982.5,NA,10.222870083521814,27524.5538617213,26414.68716277782,30292.509251705458
2026,40-44 years,NA,42.5,2026,1983.5,NA,10.233210689381913,27810.6614789297,26632.97100659305,30980.341976926247
2027,40-44 years,NA,42.5,2027,1984.5,NA,10.243461069344745,28097.20767120704,26855.333348844862,31719.74992074153
2028,40-44 years,NA,42.5,2028,1985.5,NA,10.253625734705171,28384.27303947647,27116.716655182183,32515.521466579907
2029,40-44 years,NA,42.5,2029,1986.5,NA,10.263709196758057,28671.94277905572,27351.059432212347,33325.22761890425
2030,40-44 years,NA,42.5,2030,1987.5,NA,10.27371596679827,28960.306713327358,27575.434671733645,34149.26296626962
2031,40-44 years,NA,42.5,2031,1988.5,NA,10.283650556120662,29249.459329830817,27800.92273592829,34988.04954138253
2032,40-44 years,NA,42.5,2032,1989.5,NA,10.293517476020106,29539.499819100532,28036.968618417086,35842.03808499837
2033,40-44 years,NA,42.5,2033,1990.5,NA,10.303321237791463,29830.532116576655,28288.590853273614,36711.70936065304
2034,40-44 years,NA,42.5,2034,1991.5,NA,10.313066352729594,30122.6649479249,28544.21977069967,37597.57552476351
2035,40-44 years,NA,42.5,2035,1992.5,NA,10.32275733212937,30416.011878104866,28803.938345677972,38520.11231118516
2036,40-44 years,NA,42.5,2036,1993.5,NA,10.332398687285643,30710.691364531853,29026.68821067473,39489.97001910073
2037,40-44 years,NA,42.5,2037,1994.5,NA,10.341994929493284,31006.826814688582,29254.514770712696,40485.56215128718
2038,40-44 years,NA,42.5,2038,1995.5,NA,10.351550570047152,31304.546648542382,29499.236338122566,41507.499975766594
2039,40-44 years,NA,42.5,2039,1996.5,NA,10.361070120242116,31603.984366139215,29669.528759175446,42556.35131565609
2040,40-44 years,NA,42.5,2040,1997.5,NA,10.370558091373036,31905.278620747376,29864.35907585165,43632.68870406566
2041,40-44 years,NA,42.5,2041,1998.5,NA,10.380018994734773,32208.57329793729,30045.301936759428,44737.33975500986
2042,40-44 years,NA,42.5,2042,1999.5,NA,10.389457341622194,32514.01760099015,30227.836679460364,45876.02910621992
2043,40-44 years,NA,42.5,2043,2000.5,NA,10.398877643330165,32821.76614303906,30444.34713331016,47044.02009125686
2044,40-44 years,NA,42.5,2044,2001.5,NA,10.408284411153543,33131.979046358356,30653.261841070314,48241.96678496457
2045,40-44 years,NA,42.5,2045,2002.5,NA,10.417682156387192,33444.82204922846,30832.714913338055,49470.53228599388
2046,40-44 years,NA,42.5,2046,2003.5,NA,10.427075390325982,33760.466620815096,31012.163599143056,50730.4069422328
2047,40-44 years,NA,42.5,2047,2004.5,NA,10.43646787238229,34079.06446030336,31193.15443102084,52022.367643409765
2048,40-44 years,NA,42.5,2048,2005.5,NA,10.445860354438604,34400.668821530584,31375.201532637624,53347.23102327155
2049,40-44 years,NA,42.5,2049,2006.5,NA,10.455252836494914,34725.308076229754,31546.742876562945,54705.83504028512
2050,40-44 years,NA,42.5,2050,2007.5,NA,10.464645318551229,35053.01086387103,31708.12961551024,56099.03899430936
2022,45-49 years,NA,47.5,2022,1974.5,NA,10.538843413686024,37752.87557651223,36165.347968870235,40134.24756587554
2023,45-49 years,NA,47.5,2023,1975.5,NA,10.55076604982267,38205.69533638894,36487.617516165454,41315.31104240848
2024,45-49 years,NA,47.5,2024,1976.5,NA,10.562358849642635,38651.19521332481,36804.57313345094,42286.37705855521
2025,45-49 years,NA,47.5,2025,1977.5,NA,10.573661414106384,39090.54233886125,37118.174413138164,43247.37078637583
2026,45-49 years,NA,47.5,2026,1978.5,NA,10.584713344174391,39524.97557191232,37430.90277524631,44289.48274994628
2027,45-49 years,NA,47.5,2027,1979.5,NA,10.59555424080712,39955.8036493063,37740.61583391465,45421.471971025596
2028,45-49 years,NA,47.5,2028,1980.5,NA,10.606223704965037,40384.403734442836,38038.2316517339,46591.74386168352
2029,45-49 years,NA,47.5,2029,1981.5,NA,10.616761290822396,40812.21850237182,38348.24572487227,47800.37101328502
2030,45-49 years,NA,47.5,2030,1982.5,NA,10.627196633874625,41240.34839451465,38686.765481280294,49040.66954705393
2031,45-49 years,NA,47.5,2031,1983.5,NA,10.637537239734725,41669.02147331599,39026.60677388408,50316.903424248034
2032,45-49 years,NA,47.5,2032,1984.5,NA,10.647787619697556,42098.351666132396,39365.61549809365,51630.66162660468
2033,45-49 years,NA,47.5,2033,1985.5,NA,10.657952285057984,42528.45973677381,39706.54872232798,52928.01033102757
2034,45-49 years,NA,47.5,2034,1986.5,NA,10.668035747110869,42959.47333279972,40055.578315760315,54244.660184314016
2035,45-49 years,NA,47.5,2035,1987.5,NA,10.678042517151082,43391.52703596788,40411.418309494926,55597.44057386503
2036,45-49 years,NA,47.5,2036,1988.5,NA,10.687977106473475,43824.7624163098,40776.97536672612,56987.203178973585
2037,45-49 years,NA,47.5,2037,1989.5,NA,10.69784402637292,44259.32809032236,41158.1532165561,58414.811567737364
2038,45-49 years,NA,47.5,2038,1990.5,NA,10.707647788144275,44695.37978376196,41544.55988586058,59881.140825906274
2039,45-49 years,NA,47.5,2039,1991.5,NA,10.717392903082407,45133.08039954741,41936.155473057326,61386.11493962601
2040,45-49 years,NA,47.5,2040,1992.5,NA,10.72708388248218,45572.600091277694,42285.506620713495,62929.2449790528
2041,45-49 years,NA,47.5,2041,1993.5,NA,10.736725237638455,46014.116342885434,42676.18016595325,64513.58577591472
2042,45-49 years,NA,47.5,2042,1994.5,NA,10.746321479846094,46457.81405495444,43035.51690332688,66140.04760548359
2043,45-49 years,NA,47.5,2043,1995.5,NA,10.755877120399965,46903.88563824059,43282.933217281934,67809.54973345446
2044,45-49 years,NA,47.5,2044,1996.5,NA,10.76539667059493,47352.53111494589,43619.17163762453,69523.01979220552
2045,45-49 years,NA,47.5,2045,1997.5,NA,10.774884641725848,47803.95822831048,43992.30582371427,71281.39310757353
2046,45-49 years,NA,47.5,2046,1998.5,NA,10.784345545087584,48258.382561096965,44296.10043915989,73085.61197432096
2047,45-49 years,NA,47.5,2047,1999.5,NA,10.793783891975005,48716.027663557215,44547.06098609025,74936.6248784791
2048,45-49 years,NA,47.5,2048,2000.5,NA,10.803204193682978,49177.12519148727,44853.73549132745,76835.38566475503
2049,45-49 years,NA,47.5,2049,2001.5,NA,10.812610961506355,49641.91505499132,45205.19769761023,78782.85264719623
2050,45-49 years,NA,47.5,2050,2002.5,NA,10.822008706740007,50110.645578597585,45559.02787084101,80779.98766133547
2022,50-54 years,NA,52.5,2022,1969.5,NA,10.999079551809613,59818.05602545598,56863.01283953116,64426.13630028713
2023,50-54 years,NA,52.5,2023,1970.5,NA,11.01324538393668,60671.473141636365,57554.57200964021,66069.6394670591
2024,50-54 years,NA,52.5,2024,1971.5,NA,11.026883374944722,61504.591904939305,58340.341385125335,67717.1034362214
2025,50-54 years,NA,52.5,2025,1972.5,NA,11.040033125794217,62318.71614860071,58918.35157165297,69389.29988255861
2026,50-54 years,NA,52.5,2026,1973.5,NA,11.052734237445627,63115.2938239718,59480.60855412121,71136.49907268511
2027,50-54 years,NA,52.5,2027,1974.5,NA,11.065026310859418,63895.91181917901,60028.853667535404,73068.29489332004
2028,50-54 years,NA,52.5,2028,1975.5,NA,11.076948946996062,64662.291000786005,60565.660625677025,74690.4185727031
2029,50-54 years,NA,52.5,2029,1976.5,NA,11.088541746816027,65416.28157572279,61093.71866292403,76308.10160558234
2030,50-54 years,NA,52.5,2030,1977.5,NA,11.099844311279774,66159.85886705316,61615.82785933194,78296.3006410721
2031,50-54 years,NA,52.5,2031,1978.5,NA,11.110896241347781,66895.11959352689,62134.89569449885,80502.71506341534
2032,50-54 years,NA,52.5,2032,1979.5,NA,11.12173713798051,67624.27873944503,62653.918251195915,82772.96494372186
2033,50-54 years,NA,52.5,2033,1980.5,NA,11.13240660213843,68349.66709832134,63175.92822646739,85114.36603252313
2034,50-54 years,NA,52.5,2034,1981.5,NA,11.142944187995786,69073.72633949504,63704.04346897116,87534.5800605732
2035,50-54 years,NA,52.5,2035,1982.5,NA,11.153379531048019,69798.31891569227,64241.44860260694,90038.53593729976
2036,50-54 years,NA,52.5,2036,1983.5,NA,11.163720136908116,70523.83081340221,64834.558220337225,92491.21987498149
2037,50-54 years,NA,52.5,2037,1984.5,NA,11.173970516870948,71250.45485008172,65449.73677720875,94916.05378643973
2038,50-54 years,NA,52.5,2038,1985.5,NA,11.184135182231374,71978.39541360851,65955.78695226357,97403.74788746517
2039,50-54 years,NA,52.5,2039,1986.5,NA,11.19421864428426,72707.86854232944,66494.69379638207,99962.33227772747
2040,50-54 years,NA,52.5,2040,1987.5,NA,11.204225414324474,73439.10201044157,67083.28012449913,102595.40755030903
2041,50-54 years,NA,52.5,2041,1988.5,NA,11.214160003646866,74172.33541951368,67682.29904406726,105237.85256284464
2042,50-54 years,NA,52.5,2042,1989.5,NA,11.22402692354631,74907.82029697344,68291.6081647425,107874.16709711046
2043,50-54 years,NA,52.5,2043,1990.5,NA,11.233830685317667,75645.82020238323,68911.0572939255,110578.68206911505
2044,50-54 years,NA,52.5,2044,1991.5,NA,11.2435758002558,76386.61084236306,69540.48801760252,113353.73441625772
2045,50-54 years,NA,52.5,2045,1992.5,NA,11.253266779655572,77130.48019501714,70180.67753566348,116203.22233975114
2046,50-54 years,NA,52.5,2046,1993.5,NA,11.262908134811845,77877.72864474346,70832.96440944247,119128.80906176376
2047,50-54 years,NA,52.5,2047,1994.5,NA,11.272504377019485,78628.66912832357,71494.83544081978,122132.17546836179
2048,50-54 years,NA,52.5,2048,1995.5,NA,11.282060017573357,79383.62729320159,71981.04981763284,125150.3468412994
2049,50-54 years,NA,52.5,2049,1996.5,NA,11.29157956776832,80142.9416688876,72324.40758381461,128237.71018200257
2050,50-54 years,NA,52.5,2050,1997.5,NA,11.301067538899241,80906.96385243794,72971.43694969342,131403.52172664372
2022,55-59 years,NA,57.5,2022,1964.5,NA,11.584056553771651,107371.19695692463,101984.70845169194,116817.60230741819
2023,55-59 years,NA,57.5,2023,1965.5,NA,11.601455605900831,109255.7183105844,103270.87365955146,119342.08040134744
2024,55-59 years,NA,57.5,2024,1966.5,NA,11.618128812108655,111092.64931454718,104698.27962156475,122767.7992684232
2025,55-59 years,NA,57.5,2025,1967.5,NA,11.634115773355584,112882.97195912478,106138.70255948165,126182.96990889155
2026,55-59 years,NA,57.5,2026,1968.5,NA,11.649456090602092,114627.99830932342,107550.92965914655,129595.79257040277
2027,55-59 years,NA,57.5,2027,1969.5,NA,11.664189364808642,116329.36132128873,108918.18583043132,132530.82109833433
2028,55-59 years,NA,57.5,2028,1970.5,NA,11.678355196935707,117989.00505489722,110198.51699762343,136461.96924154065
2029,55-59 years,NA,57.5,2029,1971.5,NA,11.69199318794375,119609.1744991849,111333.97613714573,139919.24598283696
2030,55-59 years,NA,57.5,2030,1972.5,NA,11.705142938793243,121192.40522394318,112443.66343862696,143387.0538546372
2031,55-59 years,NA,57.5,2031,1973.5,NA,11.717844050444652,122741.5130660488,113533.36861531337,147177.86538422608
2032,55-59 years,NA,57.5,2032,1974.5,NA,11.730136123858443,124259.58405328925,114609.15345087471,151423.54801336024
2033,55-59 years,NA,57.5,2033,1975.5,NA,11.74205875999509,125749.96476186361,115677.34245448619,155754.81545132352
2034,55-59 years,NA,57.5,2034,1976.5,NA,11.753651559815053,127216.25329670613,116744.51686786214,160182.08930228607
2035,55-59 years,NA,57.5,2035,1977.5,NA,11.764954124278804,128662.29107660665,117817.5122977017,164712.2984600489
2036,55-59 years,NA,57.5,2036,1978.5,NA,11.776006054346809,130092.15559903624,118903.42024052792,169353.84216357963
2037,55-59 years,NA,57.5,2037,1979.5,NA,11.786846950979537,131510.15435296646,120008.34318163042,174129.67192944337
2038,55-59 years,NA,57.5,2038,1980.5,NA,11.797516415137455,132920.820042014,121133.55850044695,179055.17772954417
2039,55-59 years,NA,57.5,2039,1981.5,NA,11.808054000994813,134328.90099046504,122279.11174419822,184146.47596207215
2040,55-59 years,NA,57.5,2040,1982.5,NA,11.818489344047045,135738.019117703,123445.04201704034,189413.9343752317
2041,55-59 years,NA,57.5,2041,1983.5,NA,11.828829949907142,137148.9250532225,124631.31265994311,194863.03716139623
2042,55-59 years,NA,57.5,2042,1984.5,NA,11.839080329869974,138561.99376991522,125603.7323785417,200499.2539847101
2043,55-59 years,NA,57.5,2043,1985.5,NA,11.849244995230402,139977.62274171767,126574.85467868194,206227.30769235417
2044,55-59 years,NA,57.5,2044,1986.5,NA,11.859328457283288,141396.2320992803,127550.6363456319,211657.1257755925
2045,55-59 years,NA,57.5,2045,1987.5,NA,11.869335227323498,142818.26479600946,128531.24069017028,217232.2934561813
2046,55-59 years,NA,57.5,2046,1988.5,NA,11.879269816645891,144244.18678605085,129516.83591715843,222670.45691682305
2047,55-59 years,NA,57.5,2047,1989.5,NA,11.889136736545336,145674.48721581404,130507.5951682239,228237.1174003934
2048,55-59 years,NA,57.5,2048,1990.5,NA,11.898940498316694,147109.67863065144,131503.69656700792,233954.3454503791
2049,55-59 years,NA,57.5,2049,1991.5,NA,11.908685613254827,148550.29719834685,132505.3232670967,239730.48442333538
2050,55-59 years,NA,57.5,2050,1992.5,NA,11.9183765926546,149996.90295108984,133639.7869334557,245621.21156788737
2022,60-64 years,NA,62.5,2022,1959.5,NA,12.27628883140339,214547.0134872535,202941.88657636606,233419.71348314057
2023,60-64 years,NA,62.5,2023,1960.5,NA,12.297911127546381,219236.55074909978,206686.67335882544,239929.39145181663
2024,60-64 years,NA,62.5,2024,1961.5,NA,12.318609572965677,223821.7164288768,210305.2140741027,247390.82925817292
2025,60-64 years,NA,62.5,2025,1962.5,NA,12.338423768621738,228300.8118196985,213968.16472461284,254926.7035956526
2026,60-64 years,NA,62.5,2026,1963.5,NA,12.357393315475038,232672.93119149053,217789.86024244037,262945.45067944814
2027,60-64 years,NA,62.5,2027,1964.5,NA,12.375557814486047,236937.95532846375,220701.75180257432,270955.741128998
2028,60-64 years,NA,62.5,2028,1965.5,NA,12.392956866615226,241096.5413822577,223479.97820949974,278981.47706227476
2029,60-64 years,NA,62.5,2029,1966.5,NA,12.409630072823049,245150.1094885712,226384.49666927094,287043.64506253344
2030,60-64 years,NA,62.5,2030,1967.5,NA,12.425617034069976,249100.82661208545,229226.53507304622,295526.42735348747
2031,60-64 years,NA,62.5,2031,1968.5,NA,12.440957351316484,252951.5880955501,231972.36194139437,304885.55962606677
2032,60-64 years,NA,62.5,2032,1969.5,NA,12.455690625523035,256705.99739436762,234704.5331277528,314348.1726877321
2033,60-64 years,NA,62.5,2033,1970.5,NA,12.469856457650101,260368.34447865456,237577.15524104267,323926.0298812309
2034,60-64 years,NA,62.5,2034,1971.5,NA,12.483494448658142,263943.58338094293,240381.29469941108,333632.88277805684
2035,60-64 years,NA,62.5,2035,1972.5,NA,12.496644199507639,267437.3093602926,243121.50195417006,343484.5493496592
2036,60-64 years,NA,62.5,2036,1973.5,NA,12.509345311159047,270855.73614303634,245802.72466948378,353498.99888198724
2037,60-64 years,NA,62.5,2037,1974.5,NA,12.521637384572838,274205.67368762713,248431.54208506993,363696.44563149585
2038,60-64 years,NA,62.5,2038,1975.5,NA,12.533560020709482,277494.50690646237,251017.0669360036,374099.4533744851
2039,60-64 years,NA,62.5,2039,1976.5,NA,12.545152820529447,280730.1757621077,253560.7007745686,384733.05317083595
2040,60-64 years,NA,62.5,2040,1977.5,NA,12.556455384993196,283921.15713946114,256068.74272980762,395624.8768528254
2041,60-64 years,NA,62.5,2041,1978.5,NA,12.567507315061201,287076.448879851,258547.8220668429,406797.73711258546
2042,60-64 years,NA,62.5,2042,1979.5,NA,12.57834821169393,290205.55634840805,261004.8893526389,418269.4308247093
2043,60-64 years,NA,62.5,2043,1980.5,NA,12.58901767585185,293318.48189294897,263446.61124458717,430100.64893474185
2044,60-64 years,NA,62.5,2044,1981.5,NA,12.599555261709208,296425.70367288275,265875.5978516891,442321.3977765401
2045,60-64 years,NA,62.5,2045,1982.5,NA,12.609990604761437,299535.2142022803,268292.6479779449,454957.9004570045
2046,60-64 years,NA,62.5,2046,1983.5,NA,12.620331210621535,302648.6699003399,270664.01258066314,468029.75656628533
2047,60-64 years,NA,62.5,2047,1984.5,NA,12.630581590584367,305766.8982222846,272888.06512009795,481550.0633216352
2048,60-64 years,NA,62.5,2048,1985.5,NA,12.640746255944796,308890.7762765466,275116.0423149826,493858.501171283
2049,60-64 years,NA,62.5,2049,1986.5,NA,12.65082971799768,312021.23116828053,277348.50408845075,506171.9584843217
2050,60-64 years,NA,62.5,2050,1987.5,NA,12.660836488037896,315159.24036577577,279586.0327206098,518769.558393058
2022,65-69 years,NA,67.5,2022,1954.5,NA,12.941867086430143,417426.888596415,397815.71209019294,452197.703352061
2023,65-69 years,NA,67.5,2023,1955.5,NA,12.967661081026746,428334.08666947746,406460.06993266114,467375.83437009586
2024,65-69 years,NA,67.5,2024,1956.5,NA,12.992777140830398,439228.4149349438,415029.53078281606,484384.68786593707
2025,65-69 years,NA,67.5,2025,1957.5,NA,13.017131555486825,450056.9159097729,423800.1575278847,502007.063680943
2026,65-69 years,NA,67.5,2026,1958.5,NA,13.040640614641747,460762.7024985329,432575.28076408914,521785.91518094804
2027,65-69 years,NA,67.5,2027,1959.5,NA,13.063221923261572,471285.7144050963,441115.99421299074,540054.3860160697
2028,65-69 years,NA,67.5,2028,1960.5,NA,13.084844219404562,481586.98250957555,449386.20564282616,558386.8503139332
2029,65-69 years,NA,67.5,2029,1961.5,NA,13.105542664823858,491658.98286558676,457365.01160171576,579567.999287772
2030,65-69 years,NA,67.5,2030,1962.5,NA,13.125356860479915,501497.98401006666,464655.39339647006,600919.4692008265
2031,65-69 years,NA,67.5,2031,1963.5,NA,13.144326407333217,511101.9963718094,472406.3031618732,622440.8363758759
2032,65-69 years,NA,67.5,2032,1964.5,NA,13.162490906344226,520470.7580755478,479515.72498994065,644135.2610467309
2033,65-69 years,NA,67.5,2033,1965.5,NA,13.179889958473407,529605.7126528833,486345.93498554017,666009.6685151241
2034,65-69 years,NA,67.5,2034,1966.5,NA,13.196563164681228,538509.979643708,492930.6167054479,688074.9221283991
2035,65-69 years,NA,67.5,2035,1967.5,NA,13.212550125928159,547188.3191091815,499271.2865392672,710345.9905616611
2036,65-69 years,NA,67.5,2036,1968.5,NA,13.227890443174665,555647.0911015279,505382.5948877071,732842.1122389352
2037,65-69 years,NA,67.5,2037,1969.5,NA,13.242623717381216,563894.2111480474,511138.0301699713,755586.9600633228
2038,65-69 years,NA,67.5,2038,1970.5,NA,13.25678954950828,571939.1028080067,516723.21708983165,778608.8099509476
2039,65-69 years,NA,67.5,2039,1971.5,NA,13.270427540516323,579792.6483528276,522155.26908939774,801940.7169820743
2040,65-69 years,NA,67.5,2040,1972.5,NA,13.283577291365818,587467.1386036405,527447.4902046294,825620.7033019642
2041,65-69 years,NA,67.5,2041,1973.5,NA,13.296278403017226,594976.2229372011,532614.074014932,849691.9622310568
2042,65-69 years,NA,67.5,2042,1974.5,NA,13.308570476431017,602334.860443049,537670.0630451906,874203.0833875029
2043,65-69 years,NA,67.5,2043,1975.5,NA,13.320493112567663,609559.2731828272,542925.2572624643,899208.3039946462
2044,65-69 years,NA,67.5,2044,1976.5,NA,13.332085912387628,616666.9024686634,548154.0064023916,924714.2750495849
2045,65-69 years,NA,67.5,2045,1977.5,NA,13.343388476851375,623676.3690426797,553175.0376419851,950786.7770856856
2046,65-69 years,NA,67.5,2046,1978.5,NA,13.35444040691938,630607.4380055076,558099.2465828201,977550.1233784468
2047,65-69 years,NA,67.5,2047,1979.5,NA,13.36528130355211,637480.9893095111,563043.5462969443,1005085.4368227082
2048,65-69 years,NA,67.5,2048,1980.5,NA,13.37595076771003,644318.9946036583,568037.2539194673,1033481.4412471786
2049,65-69 years,NA,67.5,2049,1981.5,NA,13.386488353567387,651144.4707280492,573105.3198565607,1060384.3958531315
2050,65-69 years,NA,67.5,2050,1982.5,NA,13.39692369661962,657974.9744320387,578252.5982159828,1086529.1821367678
2022,70-74 years,NA,72.5,2022,1949.5,NA,13.42745722326776,678375.1613125501,647924.4716259687,733693.4526009512
2023,70-74 years,NA,72.5,2023,1950.5,NA,13.45538523651491,697587.8977410981,664338.4410665755,765600.8592313585
2024,70-74 years,NA,72.5,2024,1951.5,NA,13.48305386674051,717158.7275015891,680175.3588153822,793849.8074113085
2025,70-74 years,NA,72.5,2025,1952.5,NA,13.510379403590282,737025.7037764298,697456.1854913627,823232.7282740659
2026,70-74 years,NA,72.5,2026,1953.5,NA,13.537278136709938,757119.8300900406,714100.8576820772,857297.0699050389
2027,70-74 years,NA,72.5,2027,1954.5,NA,13.563666355745209,777364.8405078811,730022.6849808894,894660.6521791255
2028,70-74 years,NA,72.5,2028,1955.5,NA,13.589460350341808,797677.0511418206,745976.1144394547,933639.478178279
2029,70-74 years,NA,72.5,2029,1956.5,NA,13.61457641014546,817965.294644978,762900.4264119029,973663.5890375981
2030,70-74 years,NA,72.5,2030,1957.5,NA,13.638930824801886,838130.9495801143,778801.1508735729,1014625.2439408109
2031,70-74 years,NA,72.5,2031,1958.5,NA,13.662439883956807,858068.0764880762,793462.0679246048,1056397.9906328388
2032,70-74 years,NA,72.5,2032,1959.5,NA,13.685021192576633,877664.8265349545,807722.811760232,1098836.2390867088
2033,70-74 years,NA,72.5,2033,1960.5,NA,13.706643488719624,896848.6284732061,822430.7645666174,1141776.2997720707
2034,70-74 years,NA,72.5,2034,1961.5,NA,13.727341934138918,915605.4706398194,838457.1911806532,1185087.0780360885
2035,70-74 years,NA,72.5,2035,1962.5,NA,13.74715612979498,933928.4040215742,854115.7713347086,1228746.0811564159
2036,70-74 years,NA,72.5,2036,1963.5,NA,13.76612567664828,951813.7234882164,866276.8710562508,1272752.4426148166
2037,70-74 years,NA,72.5,2037,1964.5,NA,13.784290175659288,969260.9413557942,879426.866109826,1317112.6247681507
2038,70-74 years,NA,72.5,2038,1965.5,NA,13.801689227788467,986272.7458782194,893039.8675087388,1361840.7892930312
2039,70-74 years,NA,72.5,2039,1966.5,NA,13.81836243399629,1002854.9464990363,906398.5184487825,1406959.1509038298
2040,70-74 years,NA,72.5,2040,1967.5,NA,13.834349395243219,1019016.4077647743,919554.5664956518,1452498.3194231715
2041,70-74 years,NA,72.5,2041,1968.5,NA,13.849689712489726,1034768.973846559,931477.2247825165,1498497.6360015117
2042,70-74 years,NA,72.5,2042,1969.5,NA,13.864422986696276,1050127.3856390454,942764.9789460896,1545005.509968466
2043,70-74 years,NA,72.5,2043,1970.5,NA,13.878588818823342,1065109.1924082774,953753.6463496095,1592079.7634626736
2044,70-74 years,NA,72.5,2044,1971.5,NA,13.892226809831385,1079734.6599445858,964464.1775005871,1639787.9916384337
2045,70-74 years,NA,72.5,2045,1972.5,NA,13.905376560680878,1094026.6771462918,974919.289315346,1688206.0770693051
2046,70-74 years,NA,72.5,2046,1973.5,NA,13.918077672332286,1108010.6629169374,985143.390559857,1737230.9778705842
2047,70-74 years,NA,72.5,2047,1974.5,NA,13.930369745746077,1121714.475206434,995162.511662358,1787142.4122966772
2048,70-74 years,NA,72.5,2048,1975.5,NA,13.942292381882725,1135168.3239670377,1005004.2399965286,1837158.9958172035
2049,70-74 years,NA,72.5,2049,1976.5,NA,13.953885181702688,1148404.6897316254,1014697.661681477,1882832.0836575972
2050,70-74 years,NA,72.5,2050,1977.5,NA,13.965187746166439,1161458.2494569842,1024273.3108948161,1929269.7279079997
2022,75-79 years,NA,77.5,2022,1944.5,NA,13.582956067193544,792505.56387671,748826.5143516394,853974.0801074448
2023,75-79 years,NA,77.5,2023,1945.5,NA,13.610925340234262,814984.2877619717,768183.4038280844,894499.2088946027
2024,75-79 years,NA,77.5,2024,1946.5,NA,13.639053782024828,838234.0102929933,788139.160305158,929839.1855660212
2025,75-79 years,NA,77.5,2025,1947.5,NA,13.667257682210959,862212.0545964212,808676.1724790192,970993.5387181564
2026,75-79 years,NA,77.5,2026,1948.5,NA,13.695453330438376,886868.6819071956,829788.3500719034,1015365.712674071
2027,75-79 years,NA,77.5,2027,1949.5,NA,13.7235570163528,912146.5254648549,851443.8315340063,1061724.5850569694
2028,75-79 years,NA,77.5,2028,1950.5,NA,13.751485029599948,937980.0541030068,873633.3789133007,1110097.4688278853
2029,75-79 years,NA,77.5,2029,1951.5,NA,13.779153659825548,964295.0765866772,896190.5992606136,1160455.201400222
2030,75-79 years,NA,77.5,2030,1952.5,NA,13.806479196675317,991008.2989565512,919076.7503408381,1212751.5629812414
2031,75-79 years,NA,77.5,2031,1953.5,NA,13.833377929794974,1018026.9482526513,940505.2914420757,1266921.390229911
2032,75-79 years,NA,77.5,2032,1954.5,NA,13.859766148830243,1045248.4769689795,960957.7157350373,1322878.687521566
2033,75-79 years,NA,77.5,2033,1955.5,NA,13.885560143426845,1072560.363387015,981778.2192245704,1380514.7689834354
2034,75-79 years,NA,77.5,2034,1956.5,NA,13.910676203230496,1099840.0234971612,1002404.0724161449,1439625.8862835504
2035,75-79 years,NA,77.5,2035,1957.5,NA,13.935030617886925,1126954.8504876553,1022782.2834112984,1497757.083336468
2036,75-79 years,NA,77.5,2036,1958.5,NA,13.958539677041845,1153762.3977027412,1042894.8506627437,1557090.4913166433
2037,75-79 years,NA,77.5,2037,1959.5,NA,13.98112098566167,1180112.2727157837,1062803.4963740765,1617498.110883182
2038,75-79 years,NA,77.5,2038,1960.5,NA,14.00274328180466,1205906.8959129283,1083172.9100269168,1678941.9582677356
2039,75-79 years,NA,77.5,2039,1961.5,NA,14.023441727223956,1231127.4271513924,1104280.3492844491,1741411.8932146747
2040,75-79 years,NA,77.5,2040,1962.5,NA,14.043255922880014,1255764.5227578839,1124954.8149664728,1804904.857431773
2041,75-79 years,NA,77.5,2041,1963.5,NA,14.062225469733315,1279813.2007982242,1145184.6325145727,1869421.8758249907
2042,75-79 years,NA,77.5,2042,1964.5,NA,14.080389968744324,1303272.8055304503,1164960.3922813851,1934967.8128941145
2043,75-79 years,NA,77.5,2043,1965.5,NA,14.097789020873504,1326146.9515924228,1179768.4774329786,2001551.6846448977
2044,75-79 years,NA,77.5,2044,1966.5,NA,14.114462227081328,1348443.4503870953,1193820.2342831434,2069186.969587227
2045,75-79 years,NA,77.5,2045,1967.5,NA,14.130449188328255,1370174.2212221357,1210581.8391503806,2137891.9196516075
2046,75-79 years,NA,77.5,2046,1968.5,NA,14.145789505574761,1391355.1898213571,1227481.2717848253,2207689.872092445
2047,75-79 years,NA,77.5,2047,1969.5,NA,14.160522779781312,1412006.1768555732,1244040.6235229645,2278455.6559149083
2048,75-79 years,NA,77.5,2048,1970.5,NA,14.17468861190838,1432150.7791439383,1260262.595974634,2341322.9504718897
2049,75-79 years,NA,77.5,2049,1971.5,NA,14.18832660291642,1451816.2461559225,1276166.8411451266,2404414.893361082
2050,75-79 years,NA,77.5,2050,1972.5,NA,14.201476353765917,1471033.3544033843,1291799.5743656156,2467819.287769971
2022,80-84 years,NA,82.5,2022,1939.5,NA,13.30528374816652,600358.3959758679,565025.222413333,651204.8153592823
2023,80-84 years,NA,82.5,2023,1940.5,NA,13.33120152214383,616121.7684831775,578434.0165951734,674455.2120989375
2024,80-84 years,NA,82.5,2024,1941.5,NA,13.357697016642376,632664.4311701354,591326.6208251377,703060.8547646225
2025,80-84 years,NA,82.5,2025,1942.5,NA,13.384686521307891,649972.2721829817,606140.8951355712,734818.5543670264
2026,80-84 years,NA,82.5,2026,1943.5,NA,13.412086325786083,668027.6399564964,620456.0674584063,768516.0069494274
2027,80-84 years,NA,82.5,2027,1944.5,NA,13.43981271972268,686808.8293577255,635202.0879014222,804001.0571982339
2028,80-84 years,NA,82.5,2028,1945.5,NA,13.467781992763397,706289.562034935,651450.7028571753,841417.7667363937
2029,80-84 years,NA,82.5,2029,1946.5,NA,13.495910434553961,726438.4651380625,670637.9344122325,880781.7610792445
2030,80-84 years,NA,82.5,2030,1947.5,NA,13.52411433474009,747218.5536155759,689517.9607826519,921115.1308131445
2031,80-84 years,NA,82.5,2031,1948.5,NA,13.552309982967508,768586.7223699288,705725.3576629902,965380.2238904294
2032,80-84 years,NA,82.5,2032,1949.5,NA,13.580413668881931,790493.2556552078,722348.7896008886,1010745.7856014528
2033,80-84 years,NA,82.5,2033,1950.5,NA,13.608341682129081,812881.3622077719,740915.4348021926,1056311.5462383698
2034,80-84 years,NA,82.5,2034,1951.5,NA,13.63601031235468,835686.7456902042,759939.7171587358,1102214.1910351333
2035,80-84 years,NA,82.5,2035,1952.5,NA,13.663335849204453,858837.2210726449,777364.5921517955,1149743.6867976056
2036,80-84 years,NA,82.5,2036,1953.5,NA,13.690234582324107,882252.3885404771,795236.0355297015,1198858.416299967
2037,80-84 years,NA,82.5,2037,1954.5,NA,13.716622801359378,905843.3773659371,817108.1972118852,1249500.3131740056
2038,80-84 years,NA,82.5,2038,1955.5,NA,13.742416795955977,929512.6728711337,835659.4980766744,1301596.0799889134
2039,80-84 years,NA,82.5,2039,1956.5,NA,13.76753285575963,953154.0400965821,853274.9001245404,1355056.0580321765
2040,80-84 years,NA,82.5,2040,1957.5,NA,13.791887270416057,976652.5580234333,870684.9742921194,1409773.1518652414
2041,80-84 years,NA,82.5,2041,1958.5,NA,13.815396329570977,999884.7781305169,887874.2514067044,1465621.8326861872
2042,80-84 years,NA,82.5,2042,1959.5,NA,13.837977638190802,1022720.3658545833,906095.6849788082,1522469.0200490574
2043,80-84 years,NA,82.5,2043,1960.5,NA,13.859599934333794,1045074.7557913903,924468.2578406505,1580250.063140297
2044,80-84 years,NA,82.5,2044,1961.5,NA,13.88029837975309,1066931.6205111828,942483.1751605325,1638984.6836313566
2045,80-84 years,NA,82.5,2045,1962.5,NA,13.900112575409146,1088282.8625079559,960128.5503808729,1698669.939398621
2046,80-84 years,NA,82.5,2046,1963.5,NA,13.919082122262447,1109124.1642889397,977394.4192822252,1759306.2401315332
2047,80-84 years,NA,82.5,2047,1964.5,NA,13.937246621273456,1129454.9575685854,993439.7064639191,1820897.6409657805
2048,80-84 years,NA,82.5,2048,1965.5,NA,13.954645673402638,1149278.374899893,1007199.6321263757,1883452.1338340165
2049,80-84 years,NA,82.5,2049,1966.5,NA,13.97131887961046,1168601.1858776764,1019595.337878057,1946981.9371283962
2050,80-84 years,NA,82.5,2050,1967.5,NA,13.98730584085739,1187433.7201295327,1031070.0903072188,2011503.784494087
2022,85-89 years,NA,87.5,2022,1934.5,NA,12.6788438837701,320885.86155506095,302110.49579233356,346457.17423614085
2023,85-89 years,NA,87.5,2023,1935.5,NA,12.70110188518598,328108.2414724377,307600.8923074107,357863.96343827073
2024,85-89 years,NA,87.5,2024,1936.5,NA,12.723988859524882,335704.2626613529,313486.3085663855,372376.9212299605
2025,85-89 years,NA,87.5,2025,1937.5,NA,12.74767400828418,343750.4026132955,319916.513178793,389065.1988568629
2026,85-89 years,NA,87.5,2026,1938.5,NA,12.77218521015617,352280.2742824756,326501.3120709547,407137.9307465636
2027,85-89 years,NA,87.5,2027,1939.5,NA,12.797441553257958,361290.92002131045,333874.50023414893,426684.5719096669
2028,85-89 years,NA,87.5,2028,1940.5,NA,12.823359327235266,370777.2030000574,340917.61609123374,447718.35516826925
2029,85-89 years,NA,87.5,2029,1941.5,NA,12.849854821733812,380732.4571436539,347942.603565439,465819.4629980634
2030,85-89 years,NA,87.5,2030,1942.5,NA,12.876844326399326,391148.1900410962,356339.0469707988,484805.3202355948
2031,85-89 years,NA,87.5,2031,1943.5,NA,12.904244130877517,402013.7791087589,365209.2922570955,504706.94489792554
2032,85-89 years,NA,87.5,2032,1944.5,NA,12.931970524814114,413316.1623554211,374494.97438421624,525533.3682837511
2033,85-89 years,NA,87.5,2033,1945.5,NA,12.959939797854831,425039.525660047,384143.8219019331,548304.1386016391
2034,85-89 years,NA,87.5,2034,1946.5,NA,12.988068239645395,437164.9890695426,394163.5036429371,573954.9781857785
2035,85-89 years,NA,87.5,2035,1947.5,NA,13.016272139831528,449670.29524877045,405850.1397586034,600876.5325951958
2036,85-89 years,NA,87.5,2036,1948.5,NA,13.044467788058943,462529.5038633873,416464.6493408311,629063.26248352
2037,85-89 years,NA,87.5,2037,1949.5,NA,13.072571473973367,475712.6963389279,426282.47337025404,658499.748808243
2038,85-89 years,NA,87.5,2038,1950.5,NA,13.100499487220516,489185.6961057911,436952.7687270507,687609.3073537117
2039,85-89 years,NA,87.5,2039,1951.5,NA,13.128168117446114,502909.810095541,448202.3901121987,717503.0847955211
2040,85-89 years,NA,87.5,2040,1952.5,NA,13.155493654295887,516841.597881976,459587.39799117233,748407.5810166885
2041,85-89 years,NA,87.5,2041,1953.5,NA,13.182392387415542,530932.675441148,471058.75472218,780335.8085668824
2042,85-89 years,NA,87.5,2042,1954.5,NA,13.208780606450812,545129.5610151588,482562.7855748184,813251.9036560302
2043,85-89 years,NA,87.5,2043,1955.5,NA,13.234574601047411,559373.5709797634,493265.5616124608,847107.6391862365
2044,85-89 years,NA,87.5,2044,1956.5,NA,13.259690660851065,573600.7739086488,504196.55001665663,881844.1359986822
2045,85-89 years,NA,87.5,2045,1957.5,NA,13.28404507550749,587742.0111681183,515118.6801334237,917391.1703491658
2046,85-89 years,NA,87.5,2046,1958.5,NA,13.30755413466241,601722.9923355777,526391.9544103709,953666.5338594641
2047,85-89 years,NA,87.5,2047,1959.5,NA,13.330135443282236,615465.283018365,536415.8984343656,990602.0937724097
2048,85-89 years,NA,87.5,2048,1960.5,NA,13.35175773942523,628917.9923709799,546290.54559642,1028149.028710973
2049,85-89 years,NA,87.5,2049,1961.5,NA,13.372456184844523,642071.2946648888,556011.7522608568,1065584.7320368518
2050,85-89 years,NA,87.5,2050,1962.5,NA,13.392270380500584,654920.3168798508,565576.5385651177,1103018.8135277112
2022,90-94 years,NA,92.5,2022,1929.5,NA,11.819761088828692,135910.75432119775,127302.35409442833,147672.9680191338
2023,90-94 years,NA,92.5,2023,1930.5,NA,11.841553920703895,138905.16618031013,129749.20056320513,153371.36753913766
2024,90-94 years,NA,92.5,2024,1931.5,NA,11.863082493810639,141928.0400621517,132274.23890600784,159525.72594259793
2025,90-94 years,NA,92.5,2025,1932.5,NA,11.88452545448722,145004.28289348911,134874.81938825027,165947.1294598277
2026,90-94 years,NA,92.5,2026,1933.5,NA,11.906061449071931,148160.9852375758,137331.3381302492,172682.05818226686
2027,90-94 years,NA,92.5,2027,1934.5,NA,11.927869123903076,151427.5421831953,139787.52062740063,179515.81312544562
2028,90-94 years,NA,92.5,2028,1935.5,NA,11.950127125318954,154835.82900641195,142200.658179095,186655.26154189062
2029,90-94 years,NA,92.5,2029,1936.5,NA,11.973014099657856,158420.4395119833,144467.18446133033,194146.53547780812
2030,90-94 years,NA,92.5,2030,1937.5,NA,11.996699248417153,162217.4639124836,147218.04751727422,202041.60979840698
2031,90-94 years,NA,92.5,2031,1938.5,NA,12.021210450289143,166242.76437388014,150348.42245196295,210390.8898619452
2032,90-94 years,NA,92.5,2032,1939.5,NA,12.04646679339093,170494.9451635472,153683.70610139132,219205.28873212423
2033,90-94 years,NA,92.5,2033,1940.5,NA,12.07238456736824,174971.5821789973,157235.92024922228,228467.89739665002
2034,90-94 years,NA,92.5,2034,1941.5,NA,12.098880061866785,179669.52965719052,160984.69043659713,238226.44501530533
2035,90-94 years,NA,92.5,2035,1942.5,NA,12.125869566532302,184584.77997559222,164432.4933037482,248493.70557517785
2036,90-94 years,NA,92.5,2036,1943.5,NA,12.153269371010492,189712.3202697136,168020.2171137038,259281.45916273017
2037,90-94 years,NA,92.5,2037,1944.5,NA,12.180995764947088,195045.9865031756,172496.63958124482,270600.24768758524
2038,90-94 years,NA,92.5,2038,1945.5,NA,12.208965037987804,200578.31589210805,177210.6600934765,282459.110316808
2039,90-94 years,NA,92.5,2039,1946.5,NA,12.23709347977837,206300.39886707783,182147.83583696987,294865.2987627424
2040,90-94 years,NA,92.5,2040,1947.5,NA,12.265297379964501,212201.7320506738,187208.98878547645,307823.9729470186
2041,90-94 years,NA,92.5,2041,1948.5,NA,12.293493028191916,218270.0740348372,192114.7727767959,321360.0057508933
2042,90-94 years,NA,92.5,2042,1949.5,NA,12.32159671410634,224491.30605479958,197121.38566218512,335476.68786763167
2043,90-94 years,NA,92.5,2043,1950.5,NA,12.34952472735349,230849.29997092218,202229.269518305,350149.8273942184
2044,90-94 years,NA,92.5,2044,1951.5,NA,12.37719335757909,237325.79627916182,207420.13091107516,365372.71881150646
2045,90-94 years,NA,92.5,2045,1952.5,NA,12.40451889442886,243900.29516727917,212676.37082592494,381134.7282282131
2046,90-94 years,NA,92.5,2046,1953.5,NA,12.431417627548514,250549.96390795338,217984.81490661838,397420.9015852248
2047,90-94 years,NA,92.5,2047,1954.5,NA,12.457805846583785,257249.56412092503,223308.3943919246,414211.572468013
2048,90-94 years,NA,92.5,2048,1955.5,NA,12.483599841180387,263971.40263226326,228620.10756594225,431481.9752841717
2049,90-94 years,NA,92.5,2049,1956.5,NA,12.508715900984038,270685.30979700276,233890.80630308058,449201.8703841318
2050,90-94 years,NA,92.5,2050,1957.5,NA,12.533070315640467,277358.64921791584,239101.6776067113,467317.26141938596
2022,95+ years,NA,97.5,2022,1924.5,NA,10.82803938373903,50413.76581841799,46640.379937291495,55556.383011841215
2023,95+ years,NA,97.5,2023,1925.5,NA,10.85383320453102,51731.07138999636,47697.6843052701,57453.32338897771
2024,95+ years,NA,97.5,2024,1926.5,NA,10.878469534863058,53021.3888709775,48715.54461548244,59665.7672616757
2025,95+ years,NA,97.5,2025,1927.5,NA,10.902127021073442,54290.72070397148,49698.866630296165,61886.634849682254
2026,95+ years,NA,97.5,2026,1928.5,NA,10.924984309500465,55545.973409189355,50656.131866714575,64122.60760505015
2027,95+ years,NA,97.5,2027,1929.5,NA,10.947220046482432,56794.935638138144,51584.31175678303,66546.01417914814
2028,95+ years,NA,97.5,2028,1930.5,NA,10.969012878357635,58046.26540040653,52510.10090714326,69238.4891803161
2029,95+ years,NA,97.5,2029,1931.5,NA,10.990541451464377,59309.489109737246,53482.50805531204,72007.22062422454
2030,95+ years,NA,97.5,2030,1932.5,NA,11.011984412140956,60595.01508008858,54534.0053933346,74864.73053375889
2031,95+ years,NA,97.5,2031,1933.5,NA,11.033520406725668,61914.16414161713,55627.55163846142,77825.34684636175
2032,95+ years,NA,97.5,2032,1934.5,NA,11.055328081556812,63279.22015879769,56775.66328953162,80905.35866341577
2033,95+ years,NA,97.5,2033,1935.5,NA,11.077586082972692,64703.50343741879,57669.35044781501,84123.20189116121
2034,95+ years,NA,97.5,2034,1936.5,NA,11.100473057311593,66201.47032467612,58588.17079570384,87499.68157609021
2035,95+ years,NA,97.5,2035,1937.5,NA,11.124158206070893,67788.20249912539,59617.82347921374,91058.23822744968
2036,95+ years,NA,97.5,2036,1938.5,NA,11.148669407942881,69470.32857476512,60876.893880942764,94815.0536339054
2037,95+ years,NA,97.5,2037,1939.5,NA,11.173925751044669,71247.26529122388,62241.58434833478,98771.1984954043
2038,95+ years,NA,97.5,2038,1940.5,NA,11.199843525021977,73117.99964436832,63713.45310716063,102944.69492654507
2039,95+ years,NA,97.5,2039,1941.5,NA,11.226339019520523,75081.21705654483,65293.01542843272,107341.64424234236
2040,95+ years,NA,97.5,2040,1942.5,NA,11.253328524186038,77135.2427890765,66980.45487866735,111967.80081992553
2041,95+ years,NA,97.5,2041,1943.5,NA,11.280728328664228,79277.98202440882,68768.45490071371,116828.47108400072
2042,95+ years,NA,97.5,2042,1944.5,NA,11.308454722600825,81506.8588836914,70402.31454893747,121928.40343287514
2043,95+ years,NA,97.5,2043,1945.5,NA,11.336423995641544,83818.75475665799,72002.81943536397,127326.81479271504
2044,95+ years,NA,97.5,2044,1946.5,NA,11.364552437432108,86209.94643824283,73698.99297390593,133274.78903180893
2045,95+ years,NA,97.5,2045,1947.5,NA,11.392756337618238,88676.04468963172,75937.02431009246,139516.92253059163
2046,95+ years,NA,97.5,2046,1948.5,NA,11.420951985845653,91211.93396929059,78167.7492677819,146051.83514549377
2047,95+ years,NA,97.5,2047,1949.5,NA,11.449055671760076,93811.71421023033,80014.50949153083,152875.8469801969
2048,95+ years,NA,97.5,2048,1950.5,NA,11.476983685007228,96468.64565115923,81926.79650005126,159982.66770007732
2049,95+ years,NA,97.5,2049,1951.5,NA,11.504652315232827,99175.09785847962,84200.43956929508,166899.40402954875
2050,95+ years,NA,97.5,2050,1952.5,NA,11.5319778520826,101922.5041999511,86508.22410606341,173606.91301155346
