direction,ligand,receptor,sender,receiver,ligand_normal,ligand_disease,receptor_normal,receptor_disease,score_normal,score_disease,delta,delta_log2
lung->heart,SERPINE1,PLAUR,"CD4-positive, alpha-beta T cell",cardiac fibroblast,0.0001616331675068,0.0008944664573768,0.03015688239338,0.0139241918199415,4.874352423374826e-06,1.245472252901836e-05,7.580370105643535e-06,1.195610913404922
lung->heart,SERPINE1,PLAUR,"CD4-positive, alpha-beta T cell",cardiac endothelial cell,0.0001616331675068,0.0008944664573768,0.0089729426864775,0.0082203229411433,1.4503251482731646e-06,7.352803139657835e-06,5.902477991384671e-06,1.769287235002558
lung->heart,SERPINE1,PLAUR,"CD4-positive, alpha-beta T cell",cardiac macrophage,0.0001616331675068,0.0008944664573768,0.1065224155481143,0.1167711647936623,1.7217555435527048e-05,0.0001044478900967,8.723033466122426e-05,2.533128942688235
lung->heart,SERPINE1,PLAUR,natural killer cell,cardiac fibroblast,0.0034931281595902,0.002803022689364,0.03015688239338,0.0139241918199415,0.0001053418550937,3.9029825602352944e-05,-6.631202949141532e-05,-1.409562303553779
lung->heart,SERPINE1,PLAUR,natural killer cell,cardiac endothelial cell,0.0034931281595902,0.002803022689364,0.0089729426864775,0.0082203229411433,3.1343638772524446e-05,2.3041751717924234e-05,-8.301887054600212e-06,-0.4279399793887424
lung->heart,SERPINE1,PLAUR,natural killer cell,cardiac macrophage,0.0034931281595902,0.002803022689364,0.1065224155481143,0.1167711647936623,0.0003720964493786,0.00032731222438,-4.478422499859649e-05,-0.1844801623932572
lung->heart,SERPINE1,PLAUR,capillary endothelial cell,cardiac fibroblast,0.0014899819241305,0.0003510815574711,0.03015688239338,0.0139241918199415,4.4933209654268025e-05,4.888526950671722e-06,-4.0044682703596304e-05,-2.963558911904362
lung->heart,SERPINE1,PLAUR,capillary endothelial cell,cardiac endothelial cell,0.0014899819241305,0.0003510815574711,0.0089729426864775,0.0082203229411433,1.336952240911125e-05,2.886003781092182e-06,-1.0483518628019068e-05,-1.886652902850571
lung->heart,SERPINE1,PLAUR,capillary endothelial cell,cardiac macrophage,0.0014899819241305,0.0003510815574711,0.1065224155481143,0.1167711647936623,0.0001587164736814,4.099620240347581e-05,-0.0001177202712779,-1.9271823446123544
lung->heart,SERPINE1,PLAUR,macrophage,cardiac fibroblast,0.0007617881026149,0.0004501314077433,0.03015688239338,0.0139241918199415,2.2973154219236335e-05,6.267716065599126e-06,-1.6705438153637213e-05,-1.721845778434438
lung->heart,SERPINE1,PLAUR,macrophage,cardiac endothelial cell,0.0007617881026149,0.0004501314077433,0.0089729426864775,0.0082203229411433,6.835480984004776e-06,3.700225537602032e-06,-3.135255446402744e-06,-0.7372918524666503
lung->heart,SERPINE1,PLAUR,macrophage,cardiac macrophage,0.0007617881026149,0.0004501314077433,0.1065224155481143,0.1167711647936623,8.114750882636325e-05,5.256236879240515e-05,-2.858514003395809e-05,-0.6169970600549769
lung->heart,SERPINE1,PLAUR,"CD8-positive, alpha-beta T cell",cardiac fibroblast,0.0007315603129448,0.0,0.03015688239338,0.0139241918199415,2.206157832114311e-05,0.0,-2.206157832114311e-05,-4.52741934847396
lung->heart,SERPINE1,PLAUR,"CD8-positive, alpha-beta T cell",cardiac endothelial cell,0.0007315603129448,0.0,0.0089729426864775,0.0082203229411433,6.5642487597560135e-06,0.0,-6.5642487597560135e-06,-2.919196808893852
lung->heart,SERPINE1,PLAUR,"CD8-positive, alpha-beta T cell",cardiac macrophage,0.0007315603129448,0.0,0.1065224155481143,0.1167711647936623,7.792757165402318e-05,0.0,-7.792757165402318e-05,-6.3024574577371615
lung->heart,SERPINE1,PLAUR,monocyte,cardiac fibroblast,0.0023685375592846,0.0011253236248806,0.03015688239338,0.0139241918199415,7.142770861964997e-05,1.566922201235029e-05,-5.575848660729968e-05,-2.119354961496562
lung->heart,SERPINE1,PLAUR,monocyte,cardiac endothelial cell,0.0023685375592846,0.0011253236248806,0.0089729426864775,0.0082203229411433,2.1252751770230417e-05,9.250523609817066e-06,-1.2002228160413353e-05,-1.1182861441363772
lung->heart,SERPINE1,PLAUR,monocyte,cardiac macrophage,0.0023685375592846,0.0011253236248806,0.1065224155481143,0.1167711647936623,0.0002523023421314,0.0001314053504471,-0.0001208969916842,-0.935898994777054
lung->heart,SERPINE1,PLAUR,fibroblast,cardiac fibroblast,0.0818825467419034,0.1447432454701894,0.03015688239338,0.0139241918199415,0.002469322332166,0.0020154327145678,-0.0004538896175982,-0.2928940336660813
lung->heart,SERPINE1,PLAUR,fibroblast,cardiac endothelial cell,0.0818825467419034,0.1447432454701894,0.0089729426864775,0.0082203229411433,0.0007347273989379,0.0011898362213141,0.0004551088223762,0.6947317850698649
lung->heart,SERPINE1,PLAUR,fibroblast,cardiac macrophage,0.0818825467419034,0.1447432454701894,0.1065224155481143,0.1167711647936623,0.0087223266701789,0.016901837369569,0.00817951069939,0.9543151209970704
lung->heart,SERPINE1,PLAUR,conventional dendritic cell,cardiac fibroblast,0.0006643937981783,0.0002470456631273,0.03015688239338,0.0139241918199415,2.003604563455687e-05,3.43991120166934e-06,-1.659613443288753e-05,-2.244260803604809
lung->heart,SERPINE1,PLAUR,conventional dendritic cell,cardiac endothelial cell,0.0006643937981783,0.0002470456631273,0.0089729426864775,0.0082203229411433,5.961567472305856e-06,2.030795132115399e-06,-3.930772340190458e-06,-1.199715845228079
lung->heart,SERPINE1,PLAUR,conventional dendritic cell,cardiac macrophage,0.0006643937981783,0.0002470456631273,0.1065224155481143,0.1167711647936623,7.077283225714866e-05,2.884780984059876e-05,-4.19250224165499e-05,-1.2658127786787725
lung->heart,SERPINE1,PLAUR,mast cell,cardiac fibroblast,0.002969319481743,0.0007212637435968,0.03015688239338,0.0139241918199415,8.954541839929681e-05,1.0043014718612383e-05,-7.950240368068443e-05,-3.035507564168859
lung->heart,SERPINE1,PLAUR,mast cell,cardiac endothelial cell,0.002969319481743,0.0007212637435968,0.0089729426864775,0.0082203229411433,2.6643533527521478e-05,5.929020898104516e-06,-2.071451262941696e-05,-1.9962186270711744
lung->heart,SERPINE1,PLAUR,mast cell,cardiac macrophage,0.002969319481743,0.0007212637435968,0.1065224155481143,0.1167711647936623,0.0003162990837293,8.422280746324731e-05,-0.000232076276266,-1.8965318715856685
lung->heart,SERPINE1,PLAUR,pulmonary alveolar type 2 cell,cardiac fibroblast,0.0030153947243121,0.002307759016236,0.03015688239338,0.0139241918199415,9.093490407070124e-05,3.213367921627068e-05,-5.880122485443056e-05,-1.472314288678299
lung->heart,SERPINE1,PLAUR,pulmonary alveolar type 2 cell,cardiac endothelial cell,0.0030153947243121,0.002307759016236,0.0089729426864775,0.0082203229411433,2.705696403836004e-05,1.8970524383795727e-05,-8.086439654564315e-06,-0.4904866922076548
lung->heart,SERPINE1,PLAUR,pulmonary alveolar type 2 cell,cardiac macrophage,0.0030153947243121,0.002307759016236,0.1065224155481143,0.1167711647936623,0.0003212071298647,0.0002694797083889,-5.1727421475811935e-05,-0.2524680527077859
lung->heart,SERPINE1,PLAUR,vein endothelial cell,cardiac fibroblast,0.0004354192743288,0.0,0.03015688239338,0.0139241918199415,1.3130887847746048e-05,0.0,-1.3130887847746048e-05,-3.820780208351146
lung->heart,SERPINE1,PLAUR,vein endothelial cell,cardiac endothelial cell,0.0004354192743288,0.0,0.0089729426864775,0.0082203229411433,3.90699219314043e-06,0.0,-3.90699219314043e-06,-2.2948389761286703
lung->heart,SERPINE1,PLAUR,vein endothelial cell,cardiac macrophage,0.0004354192743288,0.0,0.1065224155481143,0.1167711647936623,4.638191287771621e-05,0.0,-4.638191287771621e-05,-5.566264538368159
lung->heart,SERPINE1,PLAUR,lung multiciliated epithelial cell,cardiac fibroblast,0.0084441387747722,0.0065117157118768,0.03015688239338,0.0139241918199415,0.0002546488999441,9.067037864910043e-05,-0.000163978521295,-1.479636280392615
lung->heart,SERPINE1,PLAUR,lung multiciliated epithelial cell,cardiac endothelial cell,0.0084441387747722,0.0065117157118768,0.0089729426864775,0.0082203229411433,7.576877326269426e-05,5.352840605254464e-05,-2.224036721014961e-05,-0.4935116106122423
lung->heart,SERPINE1,PLAUR,lung multiciliated epithelial cell,cardiac macrophage,0.0084441387747722,0.0065117157118768,0.1065224155481143,0.1167711647936623,0.0008994900595122,0.000760380628481,-0.0001391094310311,-0.2420924859205203
lung->heart,SERPINE1,PLAUR,smooth muscle cell,cardiac fibroblast,0.0286416847055231,0.0317942172948457,0.03015688239338,0.0139241918199415,0.0008637439172127,0.0004427087803783,-0.0004210351368343,-0.9626598580544012
lung->heart,SERPINE1,PLAUR,smooth muscle cell,cardiac endothelial cell,0.0286416847055231,0.0317942172948457,0.0089729426864775,0.0082203229411433,0.0002570001953068,0.0002613587338245,4.358538517696732e-06,0.0241686597877762
lung->heart,SERPINE1,PLAUR,smooth muscle cell,cardiac macrophage,0.0286416847055231,0.0317942172948457,0.1065224155481143,0.1167711647936623,0.0030509814401998,0.0037126477872219,0.0006616663470221,0.2830908036759456
lung->heart,SERPINE1,PLAUR,endothelial cell,cardiac fibroblast,0.0,0.0023435469529462,0.03015688239338,0.0139241918199415,0.0,3.2631997311863566e-05,3.2631997311863566e-05,5.071762553988446
lung->heart,SERPINE1,PLAUR,endothelial cell,cardiac endothelial cell,0.0,0.0023435469529462,0.0089729426864775,0.0082203229411433,0.0,1.9264712780950847e-05,1.9264712780950847e-05,4.3408978225822885
lung->heart,SERPINE1,PLAUR,endothelial cell,cardiac macrophage,0.0,0.0023435469529462,0.1065224155481143,0.1167711647936623,0.0,0.0002736587074441,0.0002736587074441,8.101496219797523
lung->heart,SERPINE1,PLAUR,B cell,cardiac fibroblast,0.0,0.0,0.03015688239338,0.0139241918199415,0.0,0.0,0.0,0.0
lung->heart,SERPINE1,PLAUR,B cell,cardiac endothelial cell,0.0,0.0,0.0089729426864775,0.0082203229411433,0.0,0.0,0.0,0.0
lung->heart,SERPINE1,PLAUR,B cell,cardiac macrophage,0.0,0.0,0.1065224155481143,0.1167711647936623,0.0,0.0,0.0,0.0
lung->heart,SERPINE1,PLAUR,pulmonary alveolar type 1 cell,cardiac fibroblast,0.0,0.0024164910682652,0.03015688239338,0.0139241918199415,0.0,3.364768516570055e-05,3.364768516570055e-05,5.114687063078935
lung->heart,SERPINE1,PLAUR,pulmonary alveolar type 1 cell,cardiac endothelial cell,0.0,0.0024164910682652,0.0089729426864775,0.0082203229411433,0.0,1.9864336965528605e-05,1.9864336965528605e-05,4.3829671697305805
lung->heart,SERPINE1,PLAUR,pulmonary alveolar type 1 cell,cardiac macrophage,0.0,0.0024164910682652,0.1065224155481143,0.1167711647936623,0.0,0.0002821764767548,0.0002821764767548,8.145557616640925
lung->heart,SERPINE1,PLAUR,club cell,cardiac fibroblast,0.0013286671948978,0.0006757391870648,0.03015688239338,0.0139241918199415,4.006846033647663e-05,9.40912206094271e-06,-3.065933827553392e-05,-1.9801824692520984
lung->heart,SERPINE1,PLAUR,club cell,cardiac endothelial cell,0.0013286671948978,0.0006757391870648,0.0089729426864775,0.0082203229411433,1.1922054589221315e-05,5.554794341658944e-06,-6.367260247562372e-06,-0.979213053486601
lung->heart,SERPINE1,PLAUR,club cell,cardiac macrophage,0.0013286671948978,0.0006757391870648,0.1065224155481143,0.1167711647936623,0.00014153283906,7.890685197028797e-05,-6.262598708976801e-05,-0.8349032254824829
lung->heart,SERPINE1,PLAUR,neutrophil,cardiac fibroblast,0.0,0.0,0.03015688239338,0.0139241918199415,0.0,0.0,0.0,0.0
lung->heart,SERPINE1,PLAUR,neutrophil,cardiac endothelial cell,0.0,0.0,0.0089729426864775,0.0082203229411433,0.0,0.0,0.0,0.0
lung->heart,SERPINE1,PLAUR,neutrophil,cardiac macrophage,0.0,0.0,0.1065224155481143,0.1167711647936623,0.0,0.0,0.0,0.0
lung->heart,SERPINE1,PLAUR,plasma cell,cardiac fibroblast,0.0,0.0,0.03015688239338,0.0139241918199415,0.0,0.0,0.0,0.0
lung->heart,SERPINE1,PLAUR,plasma cell,cardiac endothelial cell,0.0,0.0,0.0089729426864775,0.0082203229411433,0.0,0.0,0.0,0.0
lung->heart,SERPINE1,PLAUR,plasma cell,cardiac macrophage,0.0,0.0,0.1065224155481143,0.1167711647936623,0.0,0.0,0.0,0.0
lung->heart,SERPINE1,PLAUR,leukocyte,cardiac fibroblast,0.0154531365854729,0.004461421250262,0.03015688239338,0.0139241918199415,0.0004660184226169,6.21216852782125e-05,-0.0004038967373387,-2.8872718321670297
lung->heart,SERPINE1,PLAUR,leukocyte,cardiac endothelial cell,0.0154531365854729,0.004461421250262,0.0089729426864775,0.0082203229411433,0.0001386601089077,3.667432345363359e-05,-0.0001019857854541,-1.890266493256547
lung->heart,SERPINE1,PLAUR,leukocyte,cardiac macrophage,0.0154531365854729,0.004461421250262,0.1065224155481143,0.1167711647936623,0.0016461054368795,0.0005209653560282,-0.0011251400808512,-1.6579069495984464
lung->heart,SERPINE1,PLAUR,endothelial cell of lymphatic vessel,cardiac fibroblast,0.0,0.0,0.03015688239338,0.0139241918199415,0.0,0.0,0.0,0.0
lung->heart,SERPINE1,PLAUR,endothelial cell of lymphatic vessel,cardiac endothelial cell,0.0,0.0,0.0089729426864775,0.0082203229411433,0.0,0.0,0.0,0.0
lung->heart,SERPINE1,PLAUR,endothelial cell of lymphatic vessel,cardiac macrophage,0.0,0.0,0.1065224155481143,0.1167711647936623,0.0,0.0,0.0,0.0
lung->heart,SERPINE1,LRP1,"CD4-positive, alpha-beta T cell",cardiac fibroblast,0.0001616331675068,0.0008944664573768,0.0,0.0,0.0,0.0,0.0,0.0
lung->heart,SERPINE1,LRP1,"CD4-positive, alpha-beta T cell",cardiac endothelial cell,0.0001616331675068,0.0008944664573768,0.0,0.0,0.0,0.0,0.0,0.0
lung->heart,SERPINE1,LRP1,natural killer cell,cardiac fibroblast,0.0034931281595902,0.002803022689364,0.0,0.0,0.0,0.0,0.0,0.0
lung->heart,SERPINE1,LRP1,natural killer cell,cardiac endothelial cell,0.0034931281595902,0.002803022689364,0.0,0.0,0.0,0.0,0.0,0.0
lung->heart,SERPINE1,LRP1,capillary endothelial cell,cardiac fibroblast,0.0014899819241305,0.0003510815574711,0.0,0.0,0.0,0.0,0.0,0.0
lung->heart,SERPINE1,LRP1,capillary endothelial cell,cardiac endothelial cell,0.0014899819241305,0.0003510815574711,0.0,0.0,0.0,0.0,0.0,0.0
lung->heart,SERPINE1,LRP1,macrophage,cardiac fibroblast,0.0007617881026149,0.0004501314077433,0.0,0.0,0.0,0.0,0.0,0.0
lung->heart,SERPINE1,LRP1,macrophage,cardiac endothelial cell,0.0007617881026149,0.0004501314077433,0.0,0.0,0.0,0.0,0.0,0.0
lung->heart,SERPINE1,LRP1,"CD8-positive, alpha-beta T cell",cardiac fibroblast,0.0007315603129448,0.0,0.0,0.0,0.0,0.0,0.0,0.0
lung->heart,SERPINE1,LRP1,"CD8-positive, alpha-beta T cell",cardiac endothelial cell,0.0007315603129448,0.0,0.0,0.0,0.0,0.0,0.0,0.0
lung->heart,SERPINE1,LRP1,monocyte,cardiac fibroblast,0.0023685375592846,0.0011253236248806,0.0,0.0,0.0,0.0,0.0,0.0
lung->heart,SERPINE1,LRP1,monocyte,cardiac endothelial cell,0.0023685375592846,0.0011253236248806,0.0,0.0,0.0,0.0,0.0,0.0
lung->heart,SERPINE1,LRP1,fibroblast,cardiac fibroblast,0.0818825467419034,0.1447432454701894,0.0,0.0,0.0,0.0,0.0,0.0
lung->heart,SERPINE1,LRP1,fibroblast,cardiac endothelial cell,0.0818825467419034,0.1447432454701894,0.0,0.0,0.0,0.0,0.0,0.0
lung->heart,SERPINE1,LRP1,conventional dendritic cell,cardiac fibroblast,0.0006643937981783,0.0002470456631273,0.0,0.0,0.0,0.0,0.0,0.0
lung->heart,SERPINE1,LRP1,conventional dendritic cell,cardiac endothelial cell,0.0006643937981783,0.0002470456631273,0.0,0.0,0.0,0.0,0.0,0.0
lung->heart,SERPINE1,LRP1,mast cell,cardiac fibroblast,0.002969319481743,0.0007212637435968,0.0,0.0,0.0,0.0,0.0,0.0
lung->heart,SERPINE1,LRP1,mast cell,cardiac endothelial cell,0.002969319481743,0.0007212637435968,0.0,0.0,0.0,0.0,0.0,0.0
lung->heart,SERPINE1,LRP1,pulmonary alveolar type 2 cell,cardiac fibroblast,0.0030153947243121,0.002307759016236,0.0,0.0,0.0,0.0,0.0,0.0
lung->heart,SERPINE1,LRP1,pulmonary alveolar type 2 cell,cardiac endothelial cell,0.0030153947243121,0.002307759016236,0.0,0.0,0.0,0.0,0.0,0.0
lung->heart,SERPINE1,LRP1,vein endothelial cell,cardiac fibroblast,0.0004354192743288,0.0,0.0,0.0,0.0,0.0,0.0,0.0
lung->heart,SERPINE1,LRP1,vein endothelial cell,cardiac endothelial cell,0.0004354192743288,0.0,0.0,0.0,0.0,0.0,0.0,0.0
lung->heart,SERPINE1,LRP1,lung multiciliated epithelial cell,cardiac fibroblast,0.0084441387747722,0.0065117157118768,0.0,0.0,0.0,0.0,0.0,0.0
lung->heart,SERPINE1,LRP1,lung multiciliated epithelial cell,cardiac endothelial cell,0.0084441387747722,0.0065117157118768,0.0,0.0,0.0,0.0,0.0,0.0
lung->heart,SERPINE1,LRP1,smooth muscle cell,cardiac fibroblast,0.0286416847055231,0.0317942172948457,0.0,0.0,0.0,0.0,0.0,0.0
lung->heart,SERPINE1,LRP1,smooth muscle cell,cardiac endothelial cell,0.0286416847055231,0.0317942172948457,0.0,0.0,0.0,0.0,0.0,0.0
lung->heart,SERPINE1,LRP1,endothelial cell,cardiac fibroblast,0.0,0.0023435469529462,0.0,0.0,0.0,0.0,0.0,0.0
lung->heart,SERPINE1,LRP1,endothelial cell,cardiac endothelial cell,0.0,0.0023435469529462,0.0,0.0,0.0,0.0,0.0,0.0
lung->heart,SERPINE1,LRP1,B cell,cardiac fibroblast,0.0,0.0,0.0,0.0,0.0,0.0,0.0,0.0
lung->heart,SERPINE1,LRP1,B cell,cardiac endothelial cell,0.0,0.0,0.0,0.0,0.0,0.0,0.0,0.0
lung->heart,SERPINE1,LRP1,pulmonary alveolar type 1 cell,cardiac fibroblast,0.0,0.0024164910682652,0.0,0.0,0.0,0.0,0.0,0.0
lung->heart,SERPINE1,LRP1,pulmonary alveolar type 1 cell,cardiac endothelial cell,0.0,0.0024164910682652,0.0,0.0,0.0,0.0,0.0,0.0
lung->heart,SERPINE1,LRP1,club cell,cardiac fibroblast,0.0013286671948978,0.0006757391870648,0.0,0.0,0.0,0.0,0.0,0.0
lung->heart,SERPINE1,LRP1,club cell,cardiac endothelial cell,0.0013286671948978,0.0006757391870648,0.0,0.0,0.0,0.0,0.0,0.0
lung->heart,SERPINE1,LRP1,neutrophil,cardiac fibroblast,0.0,0.0,0.0,0.0,0.0,0.0,0.0,0.0
lung->heart,SERPINE1,LRP1,neutrophil,cardiac endothelial cell,0.0,0.0,0.0,0.0,0.0,0.0,0.0,0.0
lung->heart,SERPINE1,LRP1,plasma cell,cardiac fibroblast,0.0,0.0,0.0,0.0,0.0,0.0,0.0,0.0
lung->heart,SERPINE1,LRP1,plasma cell,cardiac endothelial cell,0.0,0.0,0.0,0.0,0.0,0.0,0.0,0.0
lung->heart,SERPINE1,LRP1,leukocyte,cardiac fibroblast,0.0154531365854729,0.004461421250262,0.0,0.0,0.0,0.0,0.0,0.0
lung->heart,SERPINE1,LRP1,leukocyte,cardiac endothelial cell,0.0154531365854729,0.004461421250262,0.0,0.0,0.0,0.0,0.0,0.0
lung->heart,SERPINE1,LRP1,endothelial cell of lymphatic vessel,cardiac fibroblast,0.0,0.0,0.0,0.0,0.0,0.0,0.0,0.0
lung->heart,SERPINE1,LRP1,endothelial cell of lymphatic vessel,cardiac endothelial cell,0.0,0.0,0.0,0.0,0.0,0.0,0.0,0.0
lung->heart,SERPINE1,VTN,"CD4-positive, alpha-beta T cell",cardiac fibroblast,0.0001616331675068,0.0008944664573768,0.0741037148085328,0.0912989541819883,1.197761814853049e-05,8.166385210937116e-05,6.968623396084067e-05,2.6712309722937144
lung->heart,SERPINE1,VTN,"CD4-positive, alpha-beta T cell",cardiac endothelial cell,0.0001616331675068,0.0008944664573768,0.069610340459224,0.0916038517599194,1.125133981965749e-05,8.193657276576605e-05,7.068523294610856e-05,2.7590688986520737
lung->heart,SERPINE1,VTN,natural killer cell,cardiac fibroblast,0.0034931281595902,0.002803022689364,0.0741037148085328,0.0912989541819883,0.0002588537729279,0.0002559130400873,-2.9407328406150105e-06,-0.0164198875628607
lung->heart,SERPINE1,VTN,natural killer cell,cardiac endothelial cell,0.0034931281595902,0.002803022689364,0.069610340459224,0.0916038517599194,0.0002431578404567,0.0002567676749161,1.360983445940946e-05,0.0782572484922212
lung->heart,SERPINE1,VTN,capillary endothelial cell,cardiac fibroblast,0.0014899819241305,0.0003510815574711,0.0741037148085328,0.0912989541819883,0.0001104131955756,3.2053379029696904e-05,-7.835981654594445e-05,-1.753050442620047
lung->heart,SERPINE1,VTN,capillary endothelial cell,cardiac endothelial cell,0.0014899819241305,0.0003510815574711,0.069610340459224,0.0916038517599194,0.0001037181490168,3.216042294622616e-05,-7.155772607059309e-05,-1.6589771887601443
lung->heart,SERPINE1,VTN,macrophage,cardiac fibroblast,0.0007617881026149,0.0004501314077433,0.0741037148085328,0.0912989541819883,5.6451328300714365e-05,4.109652677143653e-05,-1.5354801529277834e-05,-0.4486390422438332
lung->heart,SERPINE1,VTN,macrophage,cardiac endothelial cell,0.0007617881026149,0.0004501314077433,0.069610340459224,0.0916038517599194,5.302832918081555e-05,4.123377074740824e-05,-1.1794558433407308e-05,-0.3553190068175233
lung->heart,SERPINE1,VTN,"CD8-positive, alpha-beta T cell",cardiac fibroblast,0.0007315603129448,0.0,0.0741037148085328,0.0912989541819883,5.421133679570849e-05,0.0,-5.421133679570849e-05,-5.786892627464258
lung->heart,SERPINE1,VTN,"CD8-positive, alpha-beta T cell",cardiac endothelial cell,0.0007315603129448,0.0,0.069610340459224,0.0916038517599194,5.092416245054964e-05,0.0,-5.092416245054964e-05,-5.698334135120813
lung->heart,SERPINE1,VTN,monocyte,cardiac fibroblast,0.0023685375592846,0.0011253236248806,0.0741037148085328,0.0912989541819883,0.0001755174318065,0.0001027408700678,-7.277656173863794e-05,-0.766826287817429
lung->heart,SERPINE1,VTN,monocyte,cardiac endothelial cell,0.0023685375592846,0.0011253236248806,0.069610340459224,0.0916038517599194,0.0001648747058922,0.0001030839785155,-6.179072737675903e-05,-0.6723458936667077
lung->heart,SERPINE1,VTN,fibroblast,cardiac fibroblast,0.0818825467419034,0.1447432454701894,0.0741037148085328,0.0912989541819883,0.0060678008915583,0.0132149069363351,0.0071471060447767,1.122792038946088
lung->heart,SERPINE1,VTN,fibroblast,cardiac endothelial cell,0.0818825467419034,0.1447432454701894,0.069610340459224,0.0916038517599194,0.0056998719563722,0.0132590388013008,0.0075591668449286,1.2178304935467517
lung->heart,SERPINE1,VTN,conventional dendritic cell,cardiac fibroblast,0.0006643937981783,0.0002470456631273,0.0741037148085328,0.0912989541819883,4.923404854076946e-05,2.255501067871924e-05,-2.6679037862050222e-05,-1.092631565568537
lung->heart,SERPINE1,VTN,conventional dendritic cell,cardiac endothelial cell,0.0006643937981783,0.0002470456631273,0.069610340459224,0.0916038517599194,4.624867849019482e-05,2.263033430304516e-05,-2.361834418714966e-05,-0.9996339392585728
lung->heart,SERPINE1,VTN,mast cell,cardiac fibroblast,0.002969319481743,0.0007212637435968,0.0741037148085328,0.0912989541819883,0.0002200376040505,6.585062547978267e-05,-0.0001541869785707,-1.7252788652781903
lung->heart,SERPINE1,VTN,mast cell,cardiac endothelial cell,0.002969319481743,0.0007212637435968,0.069610340459224,0.0916038517599194,0.0002066953400563,6.607053704825494e-05,-0.000140624803008,-1.6307177884256554
lung->heart,SERPINE1,VTN,pulmonary alveolar type 2 cell,cardiac fibroblast,0.0030153947243121,0.002307759016236,0.0741037148085328,0.0912989541819883,0.0002234519506855,0.0002106959846864,-1.2755965999177195e-05,-0.0844127291101245
lung->heart,SERPINE1,VTN,pulmonary alveolar type 2 cell,cardiac endothelial cell,0.0030153947243121,0.002307759016236,0.069610340459224,0.0916038517599194,0.0002099026533783,0.0002113996148209,1.496961442587518e-06,0.0102039039942277
lung->heart,SERPINE1,VTN,vein endothelial cell,cardiac fibroblast,0.0004354192743288,0.0,0.0741037148085328,0.0912989541819883,3.2266185727003464e-05,0.0,-3.2266185727003464e-05,-5.055984552385576
lung->heart,SERPINE1,VTN,vein endothelial cell,cardiac endothelial cell,0.0004354192743288,0.0,0.069610340459224,0.0916038517599194,3.030968392853955e-05,0.0,-3.030968392853955e-05,-4.968537039421748
lung->heart,SERPINE1,VTN,lung multiciliated epithelial cell,cardiac fibroblast,0.0084441387747722,0.0065117157118768,0.0741037148085328,0.0912989541819883,0.0006257420515693,0.0005945128344247,-3.122921714461958e-05,-0.0737391934907324
lung->heart,SERPINE1,VTN,lung multiciliated epithelial cell,cardiac endothelial cell,0.0084441387747722,0.0065117157118768,0.069610340459224,0.0916038517599194,0.0005877993749968,0.0005964982407735,8.698865776673678e-06,0.0211583253496247
lung->heart,SERPINE1,VTN,smooth muscle cell,cardiac fibroblast,0.0286416847055231,0.0317942172948457,0.0741037148085328,0.0912989541819883,0.002122455235054,0.0029027787880543,0.0007803235530003,0.4515178566899925
lung->heart,SERPINE1,VTN,smooth muscle cell,cardiac endothelial cell,0.0286416847055231,0.0317942172948457,0.069610340459224,0.0916038517599194,0.0019937574236772,0.0029124727678997,0.0009187153442225,0.5465265105399479
lung->heart,SERPINE1,VTN,endothelial cell,cardiac fibroblast,0.0,0.0023435469529462,0.0741037148085328,0.0912989541819883,0.0,0.0002139633858803,0.0002139633858803,7.747947140253903
lung->heart,SERPINE1,VTN,endothelial cell,cardiac endothelial cell,0.0,0.0023435469529462,0.069610340459224,0.0916038517599194,0.0,0.0002146779276701,0.0002146779276701,7.752734729415152
lung->heart,SERPINE1,VTN,B cell,cardiac fibroblast,0.0,0.0,0.0741037148085328,0.0912989541819883,0.0,0.0,0.0,0.0
lung->heart,SERPINE1,VTN,B cell,cardiac endothelial cell,0.0,0.0,0.069610340459224,0.0916038517599194,0.0,0.0,0.0,0.0
lung->heart,SERPINE1,VTN,pulmonary alveolar type 1 cell,cardiac fibroblast,0.0,0.0024164910682652,0.0741037148085328,0.0912989541819883,0.0,0.0002206231073227,0.0002206231073227,7.791964500231932
lung->heart,SERPINE1,VTN,pulmonary alveolar type 1 cell,cardiac endothelial cell,0.0,0.0024164910682652,0.069610340459224,0.0916038517599194,0.0,0.0002213598895965,0.0002213598895965,7.796752760664255
lung->heart,SERPINE1,VTN,club cell,cardiac fibroblast,0.0013286671948978,0.0006757391870648,0.0741037148085328,0.0912989541819883,9.845917488616344e-05,6.169428107881008e-05,-3.676489380735337e-05,-0.6657706150205004
lung->heart,SERPINE1,VTN,club cell,cardiac endothelial cell,0.0013286671948978,0.0006757391870648,0.069610340459224,0.0916038517599194,9.248897579384136e-05,6.190031232025936e-05,-3.0588663473581995e-05,-0.5717290720779206
lung->heart,SERPINE1,VTN,neutrophil,cardiac fibroblast,0.0,0.0,0.0741037148085328,0.0912989541819883,0.0,0.0,0.0,0.0
lung->heart,SERPINE1,VTN,neutrophil,cardiac endothelial cell,0.0,0.0,0.069610340459224,0.0916038517599194,0.0,0.0,0.0,0.0
lung->heart,SERPINE1,VTN,plasma cell,cardiac fibroblast,0.0,0.0,0.0741037148085328,0.0912989541819883,0.0,0.0,0.0,0.0
lung->heart,SERPINE1,VTN,plasma cell,cardiac endothelial cell,0.0,0.0,0.069610340459224,0.0916038517599194,0.0,0.0,0.0,0.0
lung->heart,SERPINE1,VTN,leukocyte,cardiac fibroblast,0.0154531365854729,0.004461421250262,0.0741037148085328,0.0912989541819883,0.0011451348264271,0.0004073230943142,-0.0007378117321129,-1.488993694327216
lung->heart,SERPINE1,VTN,leukocyte,cardiac endothelial cell,0.0154531365854729,0.004461421250262,0.069610340459224,0.0916038517599194,0.0010756980988776,0.0004086833708475,-0.00066701472803,-1.3940325418682036
lung->heart,SERPINE1,VTN,endothelial cell of lymphatic vessel,cardiac fibroblast,0.0,0.0,0.0741037148085328,0.0912989541819883,0.0,0.0,0.0,0.0
lung->heart,SERPINE1,VTN,endothelial cell of lymphatic vessel,cardiac endothelial cell,0.0,0.0,0.069610340459224,0.0916038517599194,0.0,0.0,0.0,0.0
lung->heart,PLAU,PLAUR,"CD4-positive, alpha-beta T cell",cardiac fibroblast,0.0311325042500131,0.0349809602628342,0.03015688239338,0.0139241918199415,0.000938859269279,0.0004870816007454,-0.0004517776685335,-0.945322382292518
lung->heart,PLAU,PLAUR,"CD4-positive, alpha-beta T cell",cardiac endothelial cell,0.0311325042500131,0.0349809602628342,0.0089729426864775,0.0082203229411433,0.0002793501763218,0.0002875547901517,8.204613829911858e-06,0.0416153034918337
lung->heart,PLAU,PLAUR,"CD4-positive, alpha-beta T cell",cardiac macrophage,0.0311325042500131,0.0349809602628342,0.1065224155481143,0.1167711647936623,0.0033163095547733,0.0040847674754919,0.0007684579207186,0.3005934578940993
lung->heart,PLAU,PLAUR,natural killer cell,cardiac fibroblast,0.0388976530850185,0.0320727387514926,0.03015688239338,0.0139241918199415,0.0011730319494634,0.0004465869665666,-0.0007264449828967,-1.3912317379728747
lung->heart,PLAU,PLAUR,natural killer cell,cardiac endothelial cell,0.0388976530850185,0.0320727387514926,0.0089729426864775,0.0082203229411433,0.0003490264117703,0.0002636482701441,-8.537814162616766e-05,-0.4033875629697928
lung->heart,PLAU,PLAUR,natural killer cell,cardiac macrophage,0.0388976530850185,0.0320727387514926,0.1065224155481143,0.1167711647936623,0.0041434719657687,0.0037451710621346,-0.0003983009036341,-0.1457715250111203
lung->heart,PLAU,PLAUR,capillary endothelial cell,cardiac fibroblast,0.0196719960150708,0.0110046854939381,0.03015688239338,0.0139241918199415,0.0005932460702695,0.0001532313517357,-0.0004400147185338,-1.945964395457916
lung->heart,PLAU,PLAUR,capillary endothelial cell,cardiac endothelial cell,0.0196719960150708,0.0110046854939381,0.0089729426864775,0.0082203229411433,0.0001765156927718,9.046206862588745e-05,-8.60536241459584e-05,-0.9567011131159332
lung->heart,PLAU,PLAUR,capillary endothelial cell,cardiac macrophage,0.0196719960150708,0.0110046854939381,0.1065224155481143,0.1167711647936623,0.0020955085341782,0.001285029943315,-0.0008104785908631,-0.7050644688322498
lung->heart,PLAU,PLAUR,macrophage,cardiac fibroblast,0.0309152889685518,0.0342264429969823,0.03015688239338,0.0139241918199415,0.0009323087335819,0.0004765755576042,-0.0004557331759777,-0.9666253947781114
lung->heart,PLAU,PLAUR,macrophage,cardiac endothelial cell,0.0309152889685518,0.0342264429969823,0.0089729426864775,0.0082203229411433,0.0002774011160507,0.0002813524145618,3.951298511119987e-06,0.0203319740521144
lung->heart,PLAU,PLAUR,macrophage,cardiac macrophage,0.0309152889685518,0.0342264429969823,0.1065224155481143,0.1167711647936623,0.0032931712582981,0.0039966616155015,0.0007034903572033,0.2792407992036689
lung->heart,PLAU,PLAUR,"CD8-positive, alpha-beta T cell",cardiac fibroblast,0.0303385141569623,0.0406167386565813,0.03015688239338,0.0139241918199415,0.0009149150034214,0.0005655552601546,-0.0003493597432667,-0.6929970437666363
lung->heart,PLAU,PLAUR,"CD8-positive, alpha-beta T cell",cardiac endothelial cell,0.0303385141569623,0.0406167386565813,0.0089729426864775,0.0082203229411433,0.0002722257487233,0.0003338827085731,6.165695984980781e-05,0.2935624362116654
lung->heart,PLAU,PLAUR,"CD8-positive, alpha-beta T cell",cardiac macrophage,0.0303385141569623,0.0406167386565813,0.1065224155481143,0.1167711647936623,0.0032317318121402,0.0047428638830487,0.0015111320709084,0.5533087885878691
lung->heart,PLAU,PLAUR,monocyte,cardiac fibroblast,0.055161823404382,0.0465886706439547,0.03015688239338,0.0139241918199415,0.0016635086210103,0.0006487095866825,-0.0010147990343278,-1.3572294447635893
lung->heart,PLAU,PLAUR,monocyte,cardiac endothelial cell,0.055161823404382,0.0465886706439547,0.0089729426864775,0.0082203229411433,0.0004949638798891,0.0003829739180918,-0.0001119899617972,-0.3692267382766728
lung->heart,PLAU,PLAUR,monocyte,cardiac macrophage,0.055161823404382,0.0465886706439547,0.1065224155481143,0.1167711647936623,0.0058759706750732,0.0054402133372828,-0.0004357573377903,-0.111144305366343
lung->heart,PLAU,PLAUR,fibroblast,cardiac fibroblast,0.0287705225178591,0.0266909478301041,0.03015688239338,0.0139241918199415,0.0008676292639671,0.0003716498774424,-0.0004959793865247,-1.220919772568796
lung->heart,PLAU,PLAUR,fibroblast,cardiac endothelial cell,0.0287705225178591,0.0266909478301041,0.0089729426864775,0.0082203229411433,0.0002581562496127,0.0002194082107686,-3.874803884409755e-05,-0.2336442160815914
lung->heart,PLAU,PLAUR,fibroblast,cardiac macrophage,0.0287705225178591,0.0266909478301041,0.1065224155481143,0.1167711647936623,0.0030647055551837,0.0031167330675681,5.202751238436026e-05,0.0242782730006334
lung->heart,PLAU,PLAUR,conventional dendritic cell,cardiac fibroblast,0.0638086777333568,0.0697699790769341,0.03015688239338,0.0139241918199415,0.0019242707900819,0.0009714905719405,-0.0009527802181413,-0.9853052069930588
lung->heart,PLAU,PLAUR,conventional dendritic cell,cardiac endothelial cell,0.0638086777333568,0.0697699790769341,0.0089729426864775,0.0082203229411433,0.0005725516082013,0.0005735317596092,9.801514078830106e-07,0.0024633401348141
lung->heart,PLAU,PLAUR,conventional dendritic cell,cardiac macrophage,0.0638086777333568,0.0697699790769341,0.1065224155481143,0.1167711647936623,0.0067970544850883,0.008147121724443,0.0013500672393546,0.2613456079775998
lung->heart,PLAU,PLAUR,mast cell,cardiac fibroblast,0.028183274526645,0.0264664928601373,0.03015688239338,0.0139241918199415,0.0008499196953603,0.0003685245233856,-0.0004813951719747,-1.20335287395001
lung->heart,PLAU,PLAUR,mast cell,cardiac endothelial cell,0.028183274526645,0.0264664928601373,0.0089729426864775,0.0082203229411433,0.0002528869070448,0.0002175631184297,-3.5323788615056694e-05,-0.2161360240083505
lung->heart,PLAU,PLAUR,mast cell,cardiac macrophage,0.028183274526645,0.0264664928601373,0.1065224155481143,0.1167711647936623,0.0030021504806338,0.0030905231992813,8.837271864750671e-05,0.041841065173512
lung->heart,PLAU,PLAUR,pulmonary alveolar type 2 cell,cardiac fibroblast,0.0240750652555105,0.0250064337282011,0.03015688239338,0.0139241918199415,0.0007260289115233,0.0003481943799641,-0.0003778345315592,-1.0579823964715311
lung->heart,PLAU,PLAUR,pulmonary alveolar type 2 cell,cardiac endothelial cell,0.0240750652555105,0.0250064337282011,0.0089729426864775,0.0082203229411433,0.0002160241807109,0.0002055609608521,-1.0463219858791191e-05,-0.0712881791817416
lung->heart,PLAU,PLAUR,pulmonary alveolar type 2 cell,cardiac macrophage,0.0240750652555105,0.0250064337282011,0.1065224155481143,0.1167711647936623,0.0025645341054954,0.0029200303937775,0.0003554962882821,0.1872181652698215
lung->heart,PLAU,PLAUR,vein endothelial cell,cardiac fibroblast,0.0217214210256696,0.0188167807605106,0.03015688239338,0.0139241918199415,0.0006550503392882,0.0002620084647431,-0.000393041874545,-1.3186972858873447
lung->heart,PLAU,PLAUR,vein endothelial cell,cardiac endothelial cell,0.0217214210256696,0.0188167807605106,0.0089729426864775,0.0082203229411433,0.0001949050659321,0.000154680014564,-4.022505136809198e-05,-0.3315709547110415
lung->heart,PLAU,PLAUR,vein endothelial cell,cardiac macrophage,0.0217214210256696,0.0188167807605106,0.1065224155481143,0.1167711647936623,0.0023138182367919,0.0021972574070718,-0.0001165608297201,-0.0745385852783558
lung->heart,PLAU,PLAUR,lung multiciliated epithelial cell,cardiac fibroblast,0.0727039412382604,0.0408815739051175,0.03015688239338,0.0139241918199415,0.0021925242054574,0.0005692428769559,-0.0016232813285014,-1.9436022008266944
lung->heart,PLAU,PLAUR,lung multiciliated epithelial cell,cardiac endothelial cell,0.0727039412382604,0.0408815739051175,0.0089729426864775,0.0082203229411433,0.0006523682978119,0.0003360597398422,-0.0003163085579696,-0.9548921405771748
lung->heart,PLAU,PLAUR,lung multiciliated epithelial cell,cardiac macrophage,0.0727039412382604,0.0408815739051175,0.1065224155481143,0.1167711647936623,0.0077445994405676,0.0047737890034987,-0.0029708104370688,-0.6979399128179707
lung->heart,PLAU,PLAUR,smooth muscle cell,cardiac fibroblast,0.0090880177919337,0.0092072232615671,0.03015688239338,0.0139241918199415,0.0002740662837402,0.000128203142823,-0.0001458631409172,-1.0901381485628836
lung->heart,PLAU,PLAUR,smooth muscle cell,cardiac endothelial cell,0.0090880177919337,0.0092072232615671,0.0089729426864775,0.0082203229411433,8.154626278070977e-05,7.56863486012889e-05,-5.85991417942087e-06,-0.1062331219431229
lung->heart,PLAU,PLAUR,smooth muscle cell,cardiac macrophage,0.0090880177919337,0.0092072232615671,0.1065224155481143,0.1167711647936623,0.000968077607741,0.0010751381847684,0.0001070605770274,0.1511792310338707
lung->heart,PLAU,PLAUR,endothelial cell,cardiac fibroblast,0.0252504327629072,0.0229689334495867,0.03015688239338,0.0139241918199415,0.0007614743312129,0.0003198238352515,-0.0004416504959614,-1.2489074406792255
lung->heart,PLAU,PLAUR,endothelial cell,cardiac endothelial cell,0.0252504327629072,0.0229689334495867,0.0089729426864775,0.0082203229411433,0.0002265706859903,0.0001888120505692,-3.775863542109e-05,-0.2617431446422701
lung->heart,PLAU,PLAUR,endothelial cell,cardiac macrophage,0.0252504327629072,0.0229689334495867,0.1065224155481143,0.1167711647936623,0.0026897370915401,0.0026821091129763,-7.62797856377305e-06,-0.0040957086668609
lung->heart,PLAU,PLAUR,B cell,cardiac fibroblast,0.0360350246918254,0.049397968091417,0.03015688239338,0.0139241918199415,0.0010867040016739,0.0006878267832202,-0.0003988772184536,-0.6590728631466372
lung->heart,PLAU,PLAUR,B cell,cardiac endothelial cell,0.0360350246918254,0.049397968091417,0.0089729426864775,0.0082203229411433,0.0003233402112655,0.0004060672503477,8.272703908218865e-05,0.3277592591769175
lung->heart,PLAU,PLAUR,B cell,cardiac macrophage,0.0360350246918254,0.049397968091417,0.1065224155481143,0.1167711647936623,0.0038385378745091,0.0057682582724749,0.0019297203979657,0.587453170891907
lung->heart,PLAU,PLAUR,pulmonary alveolar type 1 cell,cardiac fibroblast,0.0273576678403668,0.0116653777812005,0.03015688239338,0.0139241918199415,0.000825021971619,0.0001624309578775,-0.0006625910137415,-2.3374988652571957
lung->heart,PLAU,PLAUR,pulmonary alveolar type 1 cell,cardiac endothelial cell,0.0273576678403668,0.0116653777812005,0.0089729426864775,0.0082203229411433,0.0002454787855673,9.589317259190625e-05,-0.0001495856129753,-1.3469965618139736
lung->heart,PLAU,PLAUR,pulmonary alveolar type 1 cell,cardiac macrophage,0.0273576678403668,0.0116653777812005,0.1065224155481143,0.1167711647936623,0.0029142048621188,0.0013621797512688,-0.0015520251108499,-1.0966214594698864
lung->heart,PLAU,PLAUR,club cell,cardiac fibroblast,0.0144585058877924,0.0351296320918509,0.03015688239338,0.0139241918199415,0.0004360234616421,0.0004891517358109,5.312827416875654e-05,0.1655176991027698
lung->heart,PLAU,PLAUR,club cell,cardiac endothelial cell,0.0144585058877924,0.0351296320918509,0.0089729426864775,0.0082203229411433,0.0001297353446632,0.0002887769205985,0.0001590415759353,1.1482934649586165
lung->heart,PLAU,PLAUR,club cell,cardiac macrophage,0.0144585058877924,0.0351296320918509,0.1065224155481143,0.1167711647936623,0.0015401549723842,0.0041021280581382,0.0025619730857539,1.4127122404793773
lung->heart,PLAU,PLAUR,neutrophil,cardiac fibroblast,0.002731761426078,0.0182009174802463,0.03015688239338,0.0139241918199415,8.238140805300756e-05,0.0002534330662938,0.0001710516582408,1.6094885363298002
lung->heart,PLAU,PLAUR,neutrophil,cardiac endothelial cell,0.002731761426078,0.0182009174802463,0.0089729426864775,0.0082203229411433,2.451193870932844e-05,0.0001496174195127,0.0001251054808033,2.561644191321609
lung->heart,PLAU,PLAUR,neutrophil,cardiac macrophage,0.002731761426078,0.0182009174802463,0.1065224155481143,0.1167711647936623,0.0002909938258069,0.0021253423344816,0.0018343485086746,2.8643641161337072
lung->heart,PLAU,PLAUR,plasma cell,cardiac fibroblast,0.0126262618872091,0.0120860636829794,0.03015688239338,0.0139241918199415,0.0003807686948005,0.0001682886690698,-0.0002124800257307,-1.173213392829538
lung->heart,PLAU,PLAUR,plasma cell,cardiac endothelial cell,0.0126262618872091,0.0120860636829794,0.0089729426864775,0.0082203229411433,0.0001132947242583,9.93513465613154e-05,-1.3943377697068632e-05,-0.1876988359971043
lung->heart,PLAU,PLAUR,plasma cell,cardiac macrophage,0.0126262618872091,0.0120860636829794,0.1065224155481143,0.1167711647936623,0.0013449799155686,0.0014113037340318,6.632381846327835e-05,0.0693935095353383
lung->heart,PLAU,PLAUR,leukocyte,cardiac fibroblast,0.0588100380223677,0.0447483091239605,0.03015688239338,0.0139241918199415,0.0017735274001907,0.00062308403986,-0.0011504433603306,-1.5076226287698653
lung->heart,PLAU,PLAUR,leukocyte,cardiac endothelial cell,0.0588100380223677,0.0447483091239605,0.0089729426864775,0.0082203229411433,0.0005276991005642,0.000367845552069,-0.0001598535484952,-0.5194300341603104
lung->heart,PLAU,PLAUR,leukocyte,cardiac macrophage,0.0588100380223677,0.0447483091239605,0.1065224155481143,0.1167711647936623,0.006264587308619,0.0052253121789517,-0.0010392751296673,-0.2616564452456736
lung->heart,PLAU,PLAUR,endothelial cell of lymphatic vessel,cardiac fibroblast,0.0265288485718576,0.0203898880415726,0.03015688239338,0.0139241918199415,0.0008000273664132,0.0002839127122779,-0.0005161146541353,-1.49133153843442
lung->heart,PLAU,PLAUR,endothelial cell of lymphatic vessel,cardiac endothelial cell,0.0265288485718576,0.0203898880415726,0.0089729426864775,0.0082203229411433,0.0002380418377735,0.0001676114644354,-7.043037333803682e-05,-0.5035605117533353
lung->heart,PLAU,PLAUR,endothelial cell of lymphatic vessel,cardiac macrophage,0.0265288485718576,0.0203898880415726,0.1065224155481143,0.1167711647936623,0.0028259170315844,0.0023809509766268,-0.0004449660549576,-0.2470858203728212
lung->heart,THBS1,CD36,"CD4-positive, alpha-beta T cell",cardiac fibroblast,0.001542811155779,0.0039516581575723,0.0523322260424317,0.0767093887487736,8.073874214501536e-05,0.0003031292818114,0.0002223905396664,1.895592779487614
lung->heart,THBS1,CD36,"CD4-positive, alpha-beta T cell",cardiac endothelial cell,0.001542811155779,0.0039516581575723,0.0535839061871999,0.0691823358759986,8.266984823583094e-05,0.0002733849419243,0.0001907150936884,1.7134215860960824
lung->heart,THBS1,CD36,"CD4-positive, alpha-beta T cell",cardiac macrophage,0.001542811155779,0.0039516581575723,0.1141554934953145,0.2567176671751993,0.000176120368858,0.0010144604636858,0.0008383400948277,2.5193320335039777
lung->heart,THBS1,CD36,natural killer cell,cardiac fibroblast,0.0017058315639106,0.0034238952166359,0.0523322260424317,0.0767093887487736,8.9269962992885e-05,0.0002626449092079,0.0001733749462151,1.5462782185344393
lung->heart,THBS1,CD36,natural killer cell,cardiac endothelial cell,0.0017058315639106,0.0034238952166359,0.0535839061871999,0.0691823358759986,9.140511849175085e-05,0.0002368730688815,0.0001454679503897,1.3641472718201928
lung->heart,THBS1,CD36,natural killer cell,cardiac macrophage,0.0017058315639106,0.0034238952166359,0.1141554934953145,0.2567176671751993,0.0001947300439981,0.0008789743926671,0.000684244348669,2.1685963193105438
lung->heart,THBS1,CD36,capillary endothelial cell,cardiac fibroblast,0.0023717272589605,0.0077444843518346,0.0523322260424317,0.0767093887487736,0.0001241177670269,0.0005940746608036,0.0004699568937767,2.2497840166792367
lung->heart,THBS1,CD36,capillary endothelial cell,cardiac endothelial cell,0.0023717272589605,0.0077444843518346,0.0535839061871999,0.0691823358759986,0.0001270864109457,0.000535781517615,0.0004086951066692,2.0672175735737084
lung->heart,THBS1,CD36,capillary endothelial cell,cardiac macrophage,0.0023717272589605,0.0077444843518346,0.1141554934953145,0.2567176671751993,0.0002707456956829,0.0019881459562778,0.0017174002605948,2.871820050785513
lung->heart,THBS1,CD36,macrophage,cardiac fibroblast,0.0020837199935784,0.0034723494753238,0.0523322260424317,0.0767093887487736,0.000109045705713,0.0002663618057742,0.0001573161000611,1.2806905341860408
lung->heart,THBS1,CD36,macrophage,cardiac endothelial cell,0.0020837199935784,0.0034723494753238,0.0535839061871999,0.0691823358759986,0.0001116538566563,0.0002402252476806,0.0001285713910243,1.0984842093984464
lung->heart,THBS1,CD36,macrophage,cardiac macrophage,0.0020837199935784,0.0034723494753238,0.1141554934953145,0.2567176671751993,0.000237868084173,0.0008914134569221,0.0006535453727491,1.9014981643131423
lung->heart,THBS1,CD36,"CD8-positive, alpha-beta T cell",cardiac fibroblast,0.0012671331878415,0.0015726177400982,0.0523322260424317,0.0767093887487736,6.631190041199007e-05,0.0001206345455784,5.432264516642186e-05,0.8536195347240358
lung->heart,THBS1,CD36,"CD8-positive, alpha-beta T cell",cardiac endothelial cell,0.0012671331878415,0.0015726177400982,0.0535839061871999,0.0691823358759986,6.789794586398818e-05,0.0001087973687,4.089942283604049e-05,0.6723106045830279
lung->heart,THBS1,CD36,"CD8-positive, alpha-beta T cell",cardiac macrophage,0.0012671331878415,0.0015726177400982,0.1141554934953145,0.2567176671751993,0.0001446502143823,0.0004037187575963,0.000259068543214,1.4744118905058967
lung->heart,THBS1,CD36,monocyte,cardiac fibroblast,0.0020930453789813,0.0019763459731418,0.0523322260424317,0.0767093887487736,0.0001095337238899,0.0001516042915558,4.207056766588834e-05,0.4653089306848517
lung->heart,THBS1,CD36,monocyte,cardiac endothelial cell,0.0020930453789813,0.0019763459731418,0.0535839061871999,0.0691823358759986,0.0001121535472328,0.000136728230921,2.4574683688184092e-05,0.2835424948710101
lung->heart,THBS1,CD36,monocyte,cardiac macrophage,0.0020930453789813,0.0019763459731418,0.1141554934953145,0.2567176671751993,0.0002389326281457,0.000507362927756,0.0002684302996103,1.0832294646779594
lung->heart,THBS1,CD36,fibroblast,cardiac fibroblast,0.0037109791707842,0.009585746944363,0.0523322260424317,0.0767093887487736,0.0001942038008042,0.0007353167888025,0.0005411129879982,1.9153454530371072
lung->heart,THBS1,CD36,fibroblast,cardiac endothelial cell,0.0037109791707842,0.009585746944363,0.0535839061871999,0.0691823358759986,0.0001988487597499,0.0006631643647272,0.0004643156049773,1.7326316986247996
lung->heart,THBS1,CD36,fibroblast,cardiac macrophage,0.0037109791707842,0.009585746944363,0.1141554934953145,0.2567176671751993,0.0004236286585917,0.0024608305936886,0.0020372019350969,2.5354578403504133
lung->heart,THBS1,CD36,conventional dendritic cell,cardiac fibroblast,0.002573568355007,0.0018157684775427,0.0523322260424317,0.0767093887487736,0.0001346805608898,0.0001392864900215,4.605929131714276e-06,0.0481620411269484
lung->heart,THBS1,CD36,conventional dendritic cell,cardiac endothelial cell,0.002573568355007,0.0018157684775427,0.0535839061871999,0.0691823358759986,0.000137901845301,0.0001256191046864,-1.2282740614634306e-05,-0.1335706660181875
lung->heart,THBS1,CD36,conventional dendritic cell,cardiac macrophage,0.002573568355007,0.0018157684775427,0.1141554934953145,0.2567176671751993,0.0002937869656097,0.000466139847685,0.0001723528820752,0.6641817791002262
lung->heart,THBS1,CD36,mast cell,cardiac fibroblast,0.0005713689629869,0.0,0.0523322260424317,0.0767093887487736,2.990100972466448e-05,0.0,-2.990100972466448e-05,-4.94958207544309
lung->heart,THBS1,CD36,mast cell,cardiac endothelial cell,0.0005713689629869,0.0,0.0535839061871999,0.0691823358759986,3.06161809109721e-05,0.0,-3.06161809109721e-05,-4.982591202192567
lung->heart,THBS1,CD36,mast cell,cardiac macrophage,0.0005713689629869,0.0,0.1141554934953145,0.2567176671751993,6.522490593768492e-05,0.0,-6.522490593768492e-05,-6.049301984356826
lung->heart,THBS1,CD36,pulmonary alveolar type 2 cell,cardiac fibroblast,0.0012378200827219,0.0003867770569,0.0523322260424317,0.0767093887487736,6.477788036886477e-05,2.966943161685334e-05,-3.510844875201143e-05,-1.100801089396645
lung->heart,THBS1,CD36,pulmonary alveolar type 2 cell,cardiac endothelial cell,0.0012378200827219,0.0003867770569,0.0535839061871999,0.0691823358759986,6.632723518920316e-05,2.6758140259590265e-05,-3.956909492961289e-05,-1.2782793079460064
lung->heart,THBS1,CD36,pulmonary alveolar type 2 cell,cardiac macrophage,0.0012378200827219,0.0003867770569,0.1141554934953145,0.2567176671751993,0.0001413039624015,9.929250376427304e-05,-4.2011458637258246e-05,-0.5047620561643003
lung->heart,THBS1,CD36,vein endothelial cell,cardiac fibroblast,0.0049095400462266,0.0043211238876998,0.0523322260424317,0.0767093887487736,0.0002569271594635,0.0003314707721331,7.454361266967676e-05,0.3662638218760625
lung->heart,THBS1,CD36,vein endothelial cell,cardiac endothelial cell,0.0049095400462266,0.0043211238876998,0.0535839061871999,0.0691823358759986,0.0002630723332593,0.0002989454441606,3.5873110901342214e-05,0.1837669598275447
lung->heart,THBS1,CD36,vein endothelial cell,cardiac macrophage,0.0049095400462266,0.0043211238876998,0.1141554934953145,0.2567176671751993,0.000560450966812,0.0011093088440253,0.0005488578772133,0.983729094745608
lung->heart,THBS1,CD36,lung multiciliated epithelial cell,cardiac fibroblast,0.0009723806405292,0.0063653129332131,0.0523322260424317,0.0767093887487736,5.088684347946085e-05,0.0004882792643014,0.0004373924208219,3.237217464783611
lung->heart,THBS1,CD36,lung multiciliated epithelial cell,cardiac endothelial cell,0.0009723806405292,0.0063653129332131,0.0535839061871999,0.0691823358759986,5.210395302036832e-05,0.0004403672173013,0.000388263264281,3.055088313608421
lung->heart,THBS1,CD36,lung multiciliated epithelial cell,cardiac macrophage,0.0009723806405292,0.0063653129332131,0.1141554934953145,0.2567176671751993,0.0001110025918849,0.0016340882870546,0.0015230856951697,3.8677645129414815
lung->heart,THBS1,CD36,smooth muscle cell,cardiac fibroblast,0.0023017310138272,0.0064094146956881,0.0523322260424317,0.0767093887487736,0.0001204547077044,0.0004916622835436,0.0003712075758391,2.020180616979934
lung->heart,THBS1,CD36,smooth muscle cell,cardiac endothelial cell,0.0023017310138272,0.0064094146956881,0.0535839061871999,0.0691823358759986,0.000123335738713,0.0004434182802456,0.0003200825415325,1.837677120103461
lung->heart,THBS1,CD36,smooth muscle cell,cardiac macrophage,0.0023017310138272,0.0064094146956881,0.1141554934953145,0.2567176671751993,0.0002627552397769,0.0016454099886354,0.0013826547488585,2.642051980203885
lung->heart,THBS1,CD36,endothelial cell,cardiac fibroblast,0.0043944195241454,0.0132324462927164,0.0523322260424317,0.0767093887487736,0.0002299697558628,0.0010150528667652,0.0007850831109024,2.1371996130118744
lung->heart,THBS1,CD36,endothelial cell,cardiac endothelial cell,0.0043944195241454,0.0132324462927164,0.0535839061871999,0.0691823358759986,0.000235470163529,0.0009154515438838,0.0006799813803548,1.954400438336238
lung->heart,THBS1,CD36,endothelial cell,cardiac macrophage,0.0043944195241454,0.0132324462927164,0.1141554934953145,0.2567176671751993,0.0005016471294042,0.0033970027432872,0.002895355613883,2.7570691640125915
lung->heart,THBS1,CD36,B cell,cardiac fibroblast,0.0038091334157153,0.0,0.0523322260424317,0.0767093887487736,0.0001993404309369,0.0,-0.0001993404309369,-7.646309792283982
lung->heart,THBS1,CD36,B cell,cardiac endothelial cell,0.0038091334157153,0.0,0.0535839061871999,0.0691823358759986,0.0002041082476022,0.0,-0.0002041082476022,-7.680241694930326
lung->heart,THBS1,CD36,B cell,cardiac macrophage,0.0038091334157153,0.0,0.1141554934953145,0.2567176671751993,0.0004348335048604,0.0,-0.0004348335048604,-8.767633298202025
lung->heart,THBS1,CD36,pulmonary alveolar type 1 cell,cardiac fibroblast,0.0,0.0026504608117926,0.0523322260424317,0.0767093887487736,0.0,0.0002033152287751,0.0002033152287751,7.674652930114298
lung->heart,THBS1,CD36,pulmonary alveolar type 1 cell,cardiac endothelial cell,0.0,0.0026504608117926,0.0535839061871999,0.0691823358759986,0.0,0.0001833650701076,0.0001833650701076,7.52642153775466
lung->heart,THBS1,CD36,pulmonary alveolar type 1 cell,cardiac macrophage,0.0,0.0026504608117926,0.1141554934953145,0.2567176671751993,0.0,0.0006804201165427,0.0006804201165427,9.412400728356632
lung->heart,THBS1,CD36,club cell,cardiac fibroblast,0.0118273323007218,0.002157008296873,0.0523322260424317,0.0767093887487736,0.0006189506274403,0.0001654627879791,-0.0004534878394611,-1.89695361932264
lung->heart,THBS1,CD36,club cell,cardiac endothelial cell,0.0118273323007218,0.002157008296873,0.0535839061871999,0.0691823358759986,0.0006337546644467,0.0001492268724815,-0.0004845277919651,-2.079056187195304
lung->heart,THBS1,CD36,club cell,cardiac macrophage,0.0118273323007218,0.002157008296873,0.1141554934953145,0.2567176671751993,0.0013501549555219,0.0005537421380508,-0.0007964128174711,-1.2843039164021093
lung->heart,THBS1,CD36,neutrophil,cardiac fibroblast,0.0,0.0,0.0523322260424317,0.0767093887487736,0.0,0.0,0.0,0.0
lung->heart,THBS1,CD36,neutrophil,cardiac endothelial cell,0.0,0.0,0.0535839061871999,0.0691823358759986,0.0,0.0,0.0,0.0
lung->heart,THBS1,CD36,neutrophil,cardiac macrophage,0.0,0.0,0.1141554934953145,0.2567176671751993,0.0,0.0,0.0,0.0
lung->heart,THBS1,CD36,plasma cell,cardiac fibroblast,0.0,0.0057520633601426,0.0523322260424317,0.0767093887487736,0.0,0.0004412372644007,0.0004412372644007,8.788676786392152
lung->heart,THBS1,CD36,plasma cell,cardiac endothelial cell,0.0,0.0057520633601426,0.0535839061871999,0.0691823358759986,0.0,0.0003979411793614,0.0003979411793614,8.640032238229216
lung->heart,THBS1,CD36,plasma cell,cardiac macrophage,0.0,0.0057520633601426,0.1141554934953145,0.2567176671751993,0.0,0.0014766562872597,0.0014766562872597,10.529095012648847
lung->heart,THBS1,CD36,leukocyte,cardiac fibroblast,0.0006874512552866,0.0031693469392389,0.0523322260424317,0.0767093887487736,3.5975854484814964e-05,0.0002431186664418,0.0002071428119569,2.722927222025353
lung->heart,THBS1,CD36,leukocyte,cardiac endothelial cell,0.0006874512552866,0.0031693469392389,0.0535839061871999,0.0691823358759986,3.683632357155327e-05,0.0002192628244579,0.0001824265008864,2.54138220148069
lung->heart,THBS1,CD36,leukocyte,cardiac macrophage,0.0006874512552866,0.0031693469392389,0.1141554934953145,0.2567176671751993,7.847633730122223e-05,0.0008136273527102,0.000735151015409,3.3575429644142027
lung->heart,THBS1,CD36,endothelial cell of lymphatic vessel,cardiac fibroblast,0.0,0.0148790695955601,0.0523322260424317,0.0767093887487736,0.0,0.0011413643338258,0.0011413643338258,10.157807126936056
lung->heart,THBS1,CD36,endothelial cell of lymphatic vessel,cardiac endothelial cell,0.0,0.0148790695955601,0.0535839061871999,0.0691823358759986,0.0,0.0010293687902824,0.0010293687902824,10.008945084870584
lung->heart,THBS1,CD36,endothelial cell of lymphatic vessel,cardiac macrophage,0.0,0.0148790695955601,0.1141554934953145,0.2567176671751993,0.0,0.0038197200363096,0.0038197200363096,11.89962883258904
lung->heart,THBS1,CD47,"CD4-positive, alpha-beta T cell",cardiac fibroblast,0.001542811155779,0.0039516581575723,0.0014192102938069,0.0017158628541153,2.1895734736818755e-06,6.780503444740237e-06,4.590929971058362e-06,1.2864999969411937
lung->heart,THBS1,CD47,"CD4-positive, alpha-beta T cell",cardiac endothelial cell,0.001542811155779,0.0039516581575723,0.0009602672361583,0.0014270160302153,1.4815110044741625e-06,5.639079536786972e-06,4.15756853231281e-06,1.419764383179084
lung->heart,THBS1,CD47,natural killer cell,cardiac fibroblast,0.0017058315639106,0.0034238952166359,0.0014192102938069,0.0017158628541153,2.4209337150027816e-06,5.874934618608845e-06,3.454000903606064e-06,1.0069558430980745
lung->heart,THBS1,CD47,natural killer cell,cardiac endothelial cell,0.0017058315639106,0.0034238952166359,0.0009602672361583,0.0014270160302153,1.6380541612280423e-06,4.88595335991717e-06,3.2478991986891275e-06,1.1578019259565586
lung->heart,THBS1,CD47,capillary endothelial cell,cardiac fibroblast,0.0023717272589605,0.0077444843518346,0.0014192102938069,0.0017158628541153,3.365979740019435e-06,1.3288473023590507e-05,9.922493283571074e-06,1.7104744064087007
lung->heart,THBS1,CD47,capillary endothelial cell,cardiac endothelial cell,0.0023717272589605,0.0077444843518346,0.0009602672361583,0.0014270160302153,2.277491979883384e-06,1.1051503315819894e-05,8.77401133593651e-06,1.878548965564284
lung->heart,THBS1,CD47,macrophage,cardiac fibroblast,0.0020837199935784,0.0034723494753238,0.0014192102938069,0.0017158628541153,2.957236864297952e-06,5.958075481214957e-06,3.0008386169170047e-06,0.8141949075777025
lung->heart,THBS1,CD47,macrophage,cardiac endothelial cell,0.0020837199935784,0.0034723494753238,0.0009602672361583,0.0014270160302153,2.000928039161396e-06,4.95509836379688e-06,2.954170324635484e-06,0.9887166139083572
lung->heart,THBS1,CD47,"CD8-positive, alpha-beta T cell",cardiac fibroblast,0.0012671331878415,0.0015726177400982,0.0014192102938069,0.0017158628541153,1.798328463809139e-06,2.6983963639573165e-06,9.000679001481775e-07,0.4023345353845884
lung->heart,THBS1,CD47,"CD8-positive, alpha-beta T cell",cardiac endothelial cell,0.0012671331878415,0.0015726177400982,0.0009602672361583,0.0014270160302153,1.2167864841330484e-06,2.244150724521167e-06,1.0273642403881187e-06,0.5493710295232922
lung->heart,THBS1,CD47,monocyte,cardiac fibroblast,0.0020930453789813,0.0019763459731418,0.0014192102938069,0.0017158628541153,2.97047154725546e-06,3.3911386421944303e-06,4.2066709493897066e-07,0.1452847285350709
lung->heart,THBS1,CD47,monocyte,cardiac endothelial cell,0.0020930453789813,0.0019763459731418,0.0009602672361583,0.0014270160302153,2.009882901228346e-06,2.8202773849248846e-06,8.103944836965388e-07,0.3439700337331909
lung->heart,THBS1,CD47,fibroblast,cardiac fibroblast,0.0037109791707842,0.009585746944363,0.0014192102938069,0.0017158628541153,5.266659839280209e-06,1.6447827110782114e-05,1.1181167271501904e-05,1.4772787902060718
lung->heart,THBS1,CD47,fibroblast,cardiac endothelial cell,0.0037109791707842,0.009585746944363,0.0009602672361583,0.0014270160302153,3.5635317117699968e-06,1.36790145511938e-05,1.0115482839423804e-05,1.6855324570050891
lung->heart,THBS1,CD47,conventional dendritic cell,cardiac fibroblast,0.002573568355007,0.0018157684775427,0.0014192102938069,0.0017158628541153,3.652434701241934e-06,3.1156096822891182e-06,-5.368250189528159e-07,-0.1768797357575265
lung->heart,THBS1,CD47,conventional dendritic cell,cardiac endothelial cell,0.002573568355007,0.0018157684775427,0.0009602672361583,0.0014270160302153,2.4713133713271363e-06,2.5911307246131787e-06,1.1981735328604245e-07,0.0489565613306747
lung->heart,THBS1,CD47,mast cell,cardiac fibroblast,0.0005713689629869,0.0,0.0014192102938069,0.0017158628541153,8.10892713832936e-07,0.0,-8.10892713832936e-07,-0.856701076489026
lung->heart,THBS1,CD47,mast cell,cardiac endothelial cell,0.0005713689629869,0.0,0.0009602672361583,0.0014270160302153,5.486668949141448e-07,0.0,-5.486668949141448e-07,-0.6310268660545876
lung->heart,THBS1,CD47,pulmonary alveolar type 2 cell,cardiac fibroblast,0.0012378200827219,0.0003867770569,0.0014192102938069,0.0017158628541153,1.7567270032799347e-06,6.636563847588643e-07,-1.0930706185210704e-06,-0.7285989185079877
lung->heart,THBS1,CD47,pulmonary alveolar type 2 cell,cardiac endothelial cell,0.0012378200827219,0.0003867770569,0.0009602672361583,0.0014270160302153,1.1886380696966171e-06,5.51937060315896e-07,-6.367010093807211e-07,-0.4959633495120004
lung->heart,THBS1,CD47,vein endothelial cell,cardiac fibroblast,0.0049095400462266,0.0043211238876998,0.0014192102938069,0.0017158628541153,6.967669771462449e-06,7.414455966934623e-06,4.467861954721748e-07,0.0787121431207434
lung->heart,THBS1,CD47,vein endothelial cell,cardiac endothelial cell,0.0049095400462266,0.0043211238876998,0.0009602672361583,0.0014270160302153,4.714470450998612e-06,6.166313056294137e-06,1.4518426052955252e-06,0.3266112553791123
lung->heart,THBS1,CD47,lung multiciliated epithelial cell,cardiac fibroblast,0.0009723806405292,0.0063653129332131,0.0014192102938069,0.0017158628541153,1.3800126145377144e-06,1.0922004016920326e-05,9.541991402382612e-06,2.3245856392782227
lung->heart,THBS1,CD47,lung multiciliated epithelial cell,cardiac endothelial cell,0.0009723806405292,0.0063653129332131,0.0009602672361583,0.0014270160302153,9.337452701748576e-07,9.083403593032176e-06,8.149658322857319e-06,2.382513026146045
lung->heart,THBS1,CD47,smooth muscle cell,cardiac fibroblast,0.0023017310138272,0.0064094146956881,0.0014192102938069,0.0017158628541153,3.2666403483983626e-06,1.099767659295213e-05,7.731036244553768e-06,1.491582637699345
lung->heart,THBS1,CD47,smooth muscle cell,cardiac endothelial cell,0.0023017310138272,0.0064094146956881,0.0009602672361583,0.0014270160302153,2.210276879027732e-06,9.146337515044696e-06,6.936060636016964e-06,1.660189420252775
lung->heart,THBS1,CD47,endothelial cell,cardiac fibroblast,0.0043944195241454,0.0132324462927164,0.0014192102938069,0.0017158628541153,6.236605423973562e-06,2.270506306274826e-05,1.64684576387747e-05,1.7118102151866097
lung->heart,THBS1,CD47,endothelial cell,cardiac endothelial cell,0.0043944195241454,0.0132324462927164,0.0009602672361583,0.0014270160302153,4.219817090971256e-06,1.888291297866991e-05,1.4663095887698652e-05,1.9294579778556429
lung->heart,THBS1,CD47,B cell,cardiac fibroblast,0.0038091334157153,0.0,0.0014192102938069,0.0017158628541153,5.405961354067367e-06,0.0,-5.405961354067367e-06,-2.679415094637177
lung->heart,THBS1,CD47,B cell,cardiac endothelial cell,0.0038091334157153,0.0,0.0009602672361583,0.0014270160302153,3.657786017267251e-06,0.0,-3.657786017267251e-06,-2.219644362408696
lung->heart,THBS1,CD47,pulmonary alveolar type 1 cell,cardiac fibroblast,0.0,0.0026504608117926,0.0014192102938069,0.0017158628541153,0.0,4.5478272532434216e-06,4.5478272532434216e-06,2.471922866109769
lung->heart,THBS1,CD47,pulmonary alveolar type 1 cell,cardiac endothelial cell,0.0,0.0026504608117926,0.0009602672361583,0.0014270160302153,0.0,3.782250065885715e-06,3.782250065885715e-06,2.257689571158005
lung->heart,THBS1,CD47,club cell,cardiac fibroblast,0.0118273323007218,0.002157008296873,0.0014192102938069,0.0017158628541153,1.6785471749460143e-05,3.7011304126231065e-06,-1.3084341336837036e-05,-1.9196196340056733
lung->heart,THBS1,CD47,club cell,cardiac endothelial cell,0.0118273323007218,0.002157008296873,0.0009602672361583,0.0014270160302153,1.1357399699540037e-05,3.0780854169453864e-06,-8.27931428259465e-06,-1.5994112981582502
lung->heart,THBS1,CD47,neutrophil,cardiac fibroblast,0.0,0.0,0.0014192102938069,0.0017158628541153,0.0,0.0,0.0,0.0
lung->heart,THBS1,CD47,neutrophil,cardiac endothelial cell,0.0,0.0,0.0009602672361583,0.0014270160302153,0.0,0.0,0.0,0.0
lung->heart,THBS1,CD47,plasma cell,cardiac fibroblast,0.0,0.0057520633601426,0.0014192102938069,0.0017158628541153,0.0,9.869751854186556e-06,9.869751854186556e-06,3.4422471003104667
lung->heart,THBS1,CD47,plasma cell,cardiac endothelial cell,0.0,0.0057520633601426,0.0009602672361583,0.0014270160302153,0.0,8.208286621737849e-06,8.208286621737849e-06,3.2029327402169088
lung->heart,THBS1,CD47,leukocyte,cardiac fibroblast,0.0006874512552866,0.0031693469392389,0.0014192102938069,0.0017158628541153,9.756378979933513e-07,5.438164684844144e-06,4.4625267868507925e-06,1.7043309318376605
lung->heart,THBS1,CD47,leukocyte,cardiac endothelial cell,0.0006874512552866,0.0031693469392389,0.0009602672361583,0.0014270160302153,6.601369169076788e-07,4.522708887607831e-06,3.862571970700151e-06,1.7340738519933294
lung->heart,THBS1,CD47,endothelial cell of lymphatic vessel,cardiac fibroblast,0.0,0.0148790695955601,0.0014192102938069,0.0017158628541153,0.0,2.5530442822818447e-05,2.5530442822818447e-05,4.729576850851728
lung->heart,THBS1,CD47,endothelial cell of lymphatic vessel,cardiac endothelial cell,0.0,0.0148790695955601,0.0009602672361583,0.0014270160302153,0.0,2.1232670827553983e-05,2.1232670827553983e-05,4.474609365709064
lung->heart,THBS1,LRP1,"CD4-positive, alpha-beta T cell",cardiac fibroblast,0.001542811155779,0.0039516581575723,0.0,0.0,0.0,0.0,0.0,0.0
lung->heart,THBS1,LRP1,"CD4-positive, alpha-beta T cell",cardiac endothelial cell,0.001542811155779,0.0039516581575723,0.0,0.0,0.0,0.0,0.0,0.0
lung->heart,THBS1,LRP1,natural killer cell,cardiac fibroblast,0.0017058315639106,0.0034238952166359,0.0,0.0,0.0,0.0,0.0,0.0
lung->heart,THBS1,LRP1,natural killer cell,cardiac endothelial cell,0.0017058315639106,0.0034238952166359,0.0,0.0,0.0,0.0,0.0,0.0
lung->heart,THBS1,LRP1,capillary endothelial cell,cardiac fibroblast,0.0023717272589605,0.0077444843518346,0.0,0.0,0.0,0.0,0.0,0.0
lung->heart,THBS1,LRP1,capillary endothelial cell,cardiac endothelial cell,0.0023717272589605,0.0077444843518346,0.0,0.0,0.0,0.0,0.0,0.0
lung->heart,THBS1,LRP1,macrophage,cardiac fibroblast,0.0020837199935784,0.0034723494753238,0.0,0.0,0.0,0.0,0.0,0.0
lung->heart,THBS1,LRP1,macrophage,cardiac endothelial cell,0.0020837199935784,0.0034723494753238,0.0,0.0,0.0,0.0,0.0,0.0
lung->heart,THBS1,LRP1,"CD8-positive, alpha-beta T cell",cardiac fibroblast,0.0012671331878415,0.0015726177400982,0.0,0.0,0.0,0.0,0.0,0.0
lung->heart,THBS1,LRP1,"CD8-positive, alpha-beta T cell",cardiac endothelial cell,0.0012671331878415,0.0015726177400982,0.0,0.0,0.0,0.0,0.0,0.0
lung->heart,THBS1,LRP1,monocyte,cardiac fibroblast,0.0020930453789813,0.0019763459731418,0.0,0.0,0.0,0.0,0.0,0.0
lung->heart,THBS1,LRP1,monocyte,cardiac endothelial cell,0.0020930453789813,0.0019763459731418,0.0,0.0,0.0,0.0,0.0,0.0
lung->heart,THBS1,LRP1,fibroblast,cardiac fibroblast,0.0037109791707842,0.009585746944363,0.0,0.0,0.0,0.0,0.0,0.0
lung->heart,THBS1,LRP1,fibroblast,cardiac endothelial cell,0.0037109791707842,0.009585746944363,0.0,0.0,0.0,0.0,0.0,0.0
lung->heart,THBS1,LRP1,conventional dendritic cell,cardiac fibroblast,0.002573568355007,0.0018157684775427,0.0,0.0,0.0,0.0,0.0,0.0
lung->heart,THBS1,LRP1,conventional dendritic cell,cardiac endothelial cell,0.002573568355007,0.0018157684775427,0.0,0.0,0.0,0.0,0.0,0.0
lung->heart,THBS1,LRP1,mast cell,cardiac fibroblast,0.0005713689629869,0.0,0.0,0.0,0.0,0.0,0.0,0.0
lung->heart,THBS1,LRP1,mast cell,cardiac endothelial cell,0.0005713689629869,0.0,0.0,0.0,0.0,0.0,0.0,0.0
lung->heart,THBS1,LRP1,pulmonary alveolar type 2 cell,cardiac fibroblast,0.0012378200827219,0.0003867770569,0.0,0.0,0.0,0.0,0.0,0.0
lung->heart,THBS1,LRP1,pulmonary alveolar type 2 cell,cardiac endothelial cell,0.0012378200827219,0.0003867770569,0.0,0.0,0.0,0.0,0.0,0.0
lung->heart,THBS1,LRP1,vein endothelial cell,cardiac fibroblast,0.0049095400462266,0.0043211238876998,0.0,0.0,0.0,0.0,0.0,0.0
lung->heart,THBS1,LRP1,vein endothelial cell,cardiac endothelial cell,0.0049095400462266,0.0043211238876998,0.0,0.0,0.0,0.0,0.0,0.0
lung->heart,THBS1,LRP1,lung multiciliated epithelial cell,cardiac fibroblast,0.0009723806405292,0.0063653129332131,0.0,0.0,0.0,0.0,0.0,0.0
lung->heart,THBS1,LRP1,lung multiciliated epithelial cell,cardiac endothelial cell,0.0009723806405292,0.0063653129332131,0.0,0.0,0.0,0.0,0.0,0.0
lung->heart,THBS1,LRP1,smooth muscle cell,cardiac fibroblast,0.0023017310138272,0.0064094146956881,0.0,0.0,0.0,0.0,0.0,0.0
lung->heart,THBS1,LRP1,smooth muscle cell,cardiac endothelial cell,0.0023017310138272,0.0064094146956881,0.0,0.0,0.0,0.0,0.0,0.0
lung->heart,THBS1,LRP1,endothelial cell,cardiac fibroblast,0.0043944195241454,0.0132324462927164,0.0,0.0,0.0,0.0,0.0,0.0
lung->heart,THBS1,LRP1,endothelial cell,cardiac endothelial cell,0.0043944195241454,0.0132324462927164,0.0,0.0,0.0,0.0,0.0,0.0
lung->heart,THBS1,LRP1,B cell,cardiac fibroblast,0.0038091334157153,0.0,0.0,0.0,0.0,0.0,0.0,0.0
lung->heart,THBS1,LRP1,B cell,cardiac endothelial cell,0.0038091334157153,0.0,0.0,0.0,0.0,0.0,0.0,0.0
lung->heart,THBS1,LRP1,pulmonary alveolar type 1 cell,cardiac fibroblast,0.0,0.0026504608117926,0.0,0.0,0.0,0.0,0.0,0.0
lung->heart,THBS1,LRP1,pulmonary alveolar type 1 cell,cardiac endothelial cell,0.0,0.0026504608117926,0.0,0.0,0.0,0.0,0.0,0.0
lung->heart,THBS1,LRP1,club cell,cardiac fibroblast,0.0118273323007218,0.002157008296873,0.0,0.0,0.0,0.0,0.0,0.0
lung->heart,THBS1,LRP1,club cell,cardiac endothelial cell,0.0118273323007218,0.002157008296873,0.0,0.0,0.0,0.0,0.0,0.0
lung->heart,THBS1,LRP1,neutrophil,cardiac fibroblast,0.0,0.0,0.0,0.0,0.0,0.0,0.0,0.0
lung->heart,THBS1,LRP1,neutrophil,cardiac endothelial cell,0.0,0.0,0.0,0.0,0.0,0.0,0.0,0.0
lung->heart,THBS1,LRP1,plasma cell,cardiac fibroblast,0.0,0.0057520633601426,0.0,0.0,0.0,0.0,0.0,0.0
lung->heart,THBS1,LRP1,plasma cell,cardiac endothelial cell,0.0,0.0057520633601426,0.0,0.0,0.0,0.0,0.0,0.0
lung->heart,THBS1,LRP1,leukocyte,cardiac fibroblast,0.0006874512552866,0.0031693469392389,0.0,0.0,0.0,0.0,0.0,0.0
lung->heart,THBS1,LRP1,leukocyte,cardiac endothelial cell,0.0006874512552866,0.0031693469392389,0.0,0.0,0.0,0.0,0.0,0.0
lung->heart,THBS1,LRP1,endothelial cell of lymphatic vessel,cardiac fibroblast,0.0,0.0148790695955601,0.0,0.0,0.0,0.0,0.0,0.0
lung->heart,THBS1,LRP1,endothelial cell of lymphatic vessel,cardiac endothelial cell,0.0,0.0148790695955601,0.0,0.0,0.0,0.0,0.0,0.0
lung->heart,THBS1,ITGAV,"CD4-positive, alpha-beta T cell",cardiac fibroblast,0.001542811155779,0.0039516581575723,0.0,0.0,0.0,0.0,0.0,0.0
lung->heart,THBS1,ITGAV,"CD4-positive, alpha-beta T cell",cardiac endothelial cell,0.001542811155779,0.0039516581575723,0.0,0.0,0.0,0.0,0.0,0.0
lung->heart,THBS1,ITGAV,natural killer cell,cardiac fibroblast,0.0017058315639106,0.0034238952166359,0.0,0.0,0.0,0.0,0.0,0.0
lung->heart,THBS1,ITGAV,natural killer cell,cardiac endothelial cell,0.0017058315639106,0.0034238952166359,0.0,0.0,0.0,0.0,0.0,0.0
lung->heart,THBS1,ITGAV,capillary endothelial cell,cardiac fibroblast,0.0023717272589605,0.0077444843518346,0.0,0.0,0.0,0.0,0.0,0.0
lung->heart,THBS1,ITGAV,capillary endothelial cell,cardiac endothelial cell,0.0023717272589605,0.0077444843518346,0.0,0.0,0.0,0.0,0.0,0.0
lung->heart,THBS1,ITGAV,macrophage,cardiac fibroblast,0.0020837199935784,0.0034723494753238,0.0,0.0,0.0,0.0,0.0,0.0
lung->heart,THBS1,ITGAV,macrophage,cardiac endothelial cell,0.0020837199935784,0.0034723494753238,0.0,0.0,0.0,0.0,0.0,0.0
lung->heart,THBS1,ITGAV,"CD8-positive, alpha-beta T cell",cardiac fibroblast,0.0012671331878415,0.0015726177400982,0.0,0.0,0.0,0.0,0.0,0.0
lung->heart,THBS1,ITGAV,"CD8-positive, alpha-beta T cell",cardiac endothelial cell,0.0012671331878415,0.0015726177400982,0.0,0.0,0.0,0.0,0.0,0.0
lung->heart,THBS1,ITGAV,monocyte,cardiac fibroblast,0.0020930453789813,0.0019763459731418,0.0,0.0,0.0,0.0,0.0,0.0
lung->heart,THBS1,ITGAV,monocyte,cardiac endothelial cell,0.0020930453789813,0.0019763459731418,0.0,0.0,0.0,0.0,0.0,0.0
lung->heart,THBS1,ITGAV,fibroblast,cardiac fibroblast,0.0037109791707842,0.009585746944363,0.0,0.0,0.0,0.0,0.0,0.0
lung->heart,THBS1,ITGAV,fibroblast,cardiac endothelial cell,0.0037109791707842,0.009585746944363,0.0,0.0,0.0,0.0,0.0,0.0
lung->heart,THBS1,ITGAV,conventional dendritic cell,cardiac fibroblast,0.002573568355007,0.0018157684775427,0.0,0.0,0.0,0.0,0.0,0.0
lung->heart,THBS1,ITGAV,conventional dendritic cell,cardiac endothelial cell,0.002573568355007,0.0018157684775427,0.0,0.0,0.0,0.0,0.0,0.0
lung->heart,THBS1,ITGAV,mast cell,cardiac fibroblast,0.0005713689629869,0.0,0.0,0.0,0.0,0.0,0.0,0.0
lung->heart,THBS1,ITGAV,mast cell,cardiac endothelial cell,0.0005713689629869,0.0,0.0,0.0,0.0,0.0,0.0,0.0
lung->heart,THBS1,ITGAV,pulmonary alveolar type 2 cell,cardiac fibroblast,0.0012378200827219,0.0003867770569,0.0,0.0,0.0,0.0,0.0,0.0
lung->heart,THBS1,ITGAV,pulmonary alveolar type 2 cell,cardiac endothelial cell,0.0012378200827219,0.0003867770569,0.0,0.0,0.0,0.0,0.0,0.0
lung->heart,THBS1,ITGAV,vein endothelial cell,cardiac fibroblast,0.0049095400462266,0.0043211238876998,0.0,0.0,0.0,0.0,0.0,0.0
lung->heart,THBS1,ITGAV,vein endothelial cell,cardiac endothelial cell,0.0049095400462266,0.0043211238876998,0.0,0.0,0.0,0.0,0.0,0.0
lung->heart,THBS1,ITGAV,lung multiciliated epithelial cell,cardiac fibroblast,0.0009723806405292,0.0063653129332131,0.0,0.0,0.0,0.0,0.0,0.0
lung->heart,THBS1,ITGAV,lung multiciliated epithelial cell,cardiac endothelial cell,0.0009723806405292,0.0063653129332131,0.0,0.0,0.0,0.0,0.0,0.0
lung->heart,THBS1,ITGAV,smooth muscle cell,cardiac fibroblast,0.0023017310138272,0.0064094146956881,0.0,0.0,0.0,0.0,0.0,0.0
lung->heart,THBS1,ITGAV,smooth muscle cell,cardiac endothelial cell,0.0023017310138272,0.0064094146956881,0.0,0.0,0.0,0.0,0.0,0.0
lung->heart,THBS1,ITGAV,endothelial cell,cardiac fibroblast,0.0043944195241454,0.0132324462927164,0.0,0.0,0.0,0.0,0.0,0.0
lung->heart,THBS1,ITGAV,endothelial cell,cardiac endothelial cell,0.0043944195241454,0.0132324462927164,0.0,0.0,0.0,0.0,0.0,0.0
lung->heart,THBS1,ITGAV,B cell,cardiac fibroblast,0.0038091334157153,0.0,0.0,0.0,0.0,0.0,0.0,0.0
lung->heart,THBS1,ITGAV,B cell,cardiac endothelial cell,0.0038091334157153,0.0,0.0,0.0,0.0,0.0,0.0,0.0
lung->heart,THBS1,ITGAV,pulmonary alveolar type 1 cell,cardiac fibroblast,0.0,0.0026504608117926,0.0,0.0,0.0,0.0,0.0,0.0
lung->heart,THBS1,ITGAV,pulmonary alveolar type 1 cell,cardiac endothelial cell,0.0,0.0026504608117926,0.0,0.0,0.0,0.0,0.0,0.0
lung->heart,THBS1,ITGAV,club cell,cardiac fibroblast,0.0118273323007218,0.002157008296873,0.0,0.0,0.0,0.0,0.0,0.0
lung->heart,THBS1,ITGAV,club cell,cardiac endothelial cell,0.0118273323007218,0.002157008296873,0.0,0.0,0.0,0.0,0.0,0.0
lung->heart,THBS1,ITGAV,neutrophil,cardiac fibroblast,0.0,0.0,0.0,0.0,0.0,0.0,0.0,0.0
lung->heart,THBS1,ITGAV,neutrophil,cardiac endothelial cell,0.0,0.0,0.0,0.0,0.0,0.0,0.0,0.0
lung->heart,THBS1,ITGAV,plasma cell,cardiac fibroblast,0.0,0.0057520633601426,0.0,0.0,0.0,0.0,0.0,0.0
lung->heart,THBS1,ITGAV,plasma cell,cardiac endothelial cell,0.0,0.0057520633601426,0.0,0.0,0.0,0.0,0.0,0.0
lung->heart,THBS1,ITGAV,leukocyte,cardiac fibroblast,0.0006874512552866,0.0031693469392389,0.0,0.0,0.0,0.0,0.0,0.0
lung->heart,THBS1,ITGAV,leukocyte,cardiac endothelial cell,0.0006874512552866,0.0031693469392389,0.0,0.0,0.0,0.0,0.0,0.0
lung->heart,THBS1,ITGAV,endothelial cell of lymphatic vessel,cardiac fibroblast,0.0,0.0148790695955601,0.0,0.0,0.0,0.0,0.0,0.0
lung->heart,THBS1,ITGAV,endothelial cell of lymphatic vessel,cardiac endothelial cell,0.0,0.0148790695955601,0.0,0.0,0.0,0.0,0.0,0.0
lung->heart,S100A8,TLR4,"CD4-positive, alpha-beta T cell",cardiac fibroblast,0.0762616246664776,0.0790407694214591,0.0128954310997191,0.0153205854545076,0.0009834265264392,0.0012109508623115,0.0002275243358722,0.2999757685357126
lung->heart,S100A8,TLR4,"CD4-positive, alpha-beta T cell",cardiac endothelial cell,0.0762616246664776,0.0790407694214591,0.0052925910619474,0.0074566958003582,0.0004036215930793,0.000589382973402,0.0001857613803226,0.545077801819111
lung->heart,S100A8,TLR4,natural killer cell,cardiac fibroblast,0.0653614573186799,0.0788918066400406,0.0128954310997191,0.0153205854545076,0.0008428641694302,0.0012086686652892,0.0003658044958589,0.5195292369389218
lung->heart,S100A8,TLR4,natural killer cell,cardiac endothelial cell,0.0653614573186799,0.0788918066400406,0.0052925910619474,0.0074566958003582,0.0003459314648007,0.0005882722032554,0.0002423407384547,0.7642835228054744
lung->heart,S100A8,TLR4,capillary endothelial cell,cardiac fibroblast,0.0584092592991854,0.0437322936576438,0.0128954310997191,0.0153205854545076,0.0007532125788782,0.0006700043421035,-8.320823677472123e-05,-0.1686491099699979
lung->heart,S100A8,TLR4,capillary endothelial cell,cardiac endothelial cell,0.0584092592991854,0.0437322936576438,0.0052925910619474,0.0074566958003582,0.0003091363237018,0.0003260984104569,1.6962086755147477e-05,0.0768222418434974
lung->heart,S100A8,TLR4,macrophage,cardiac fibroblast,0.0854712028622509,0.08398963898634,0.0128954310997191,0.0153205854545076,0.0011021880075202,0.0012867704413834,0.0001845824338631,0.2231967619428037
lung->heart,S100A8,TLR4,macrophage,cardiac endothelial cell,0.0854712028622509,0.08398963898634,0.0052925910619474,0.0074566958003582,0.0004523641243226,0.000626285188303,0.0001739210639804,0.4684512655488549
lung->heart,S100A8,TLR4,"CD8-positive, alpha-beta T cell",cardiac fibroblast,0.0617877457384091,0.0813932246121323,0.0128954310997191,0.0153205854545076,0.0007967796179766,0.0012469918530881,0.0004502122351114,0.6455463458900627
lung->heart,S100A8,TLR4,"CD8-positive, alpha-beta T cell",cardiac endothelial cell,0.0617877457384091,0.0813932246121323,0.0052925910619474,0.0074566958003582,0.0003270172708329,0.0006069245161429,0.0002799072453099,0.8901204224809538
lung->heart,S100A8,TLR4,monocyte,cardiac fibroblast,0.0859961075111579,0.0814865962184314,0.0128954310997191,0.0153205854545076,0.0011089568792541,0.0012484223607614,0.0001394654815072,0.170757624622338
lung->heart,S100A8,TLR4,monocyte,cardiac endothelial cell,0.0859961075111579,0.0814865962184314,0.0052925910619474,0.0074566958003582,0.0004551422299758,0.0006076207598074,0.0001524785298316,0.4160598023112703
lung->heart,S100A8,TLR4,fibroblast,cardiac fibroblast,0.0478070527965676,0.0460672296897643,0.0128954310997191,0.0153205854545076,0.0006164925554187,0.0007057769291144,8.928437369569258e-05,0.1948332041911274
lung->heart,S100A8,TLR4,fibroblast,cardiac endothelial cell,0.0478070527965676,0.0460672296897643,0.0052925910619474,0.0074566958003582,0.0002530231803291,0.0003435093181618,9.048613783264147e-05,0.4395828519622936
lung->heart,S100A8,TLR4,conventional dendritic cell,cardiac fibroblast,0.1201084609213191,0.0995235491796475,0.0128954310997191,0.0153205854545076,0.0015488503823041,0.0015247590399426,-2.4091342361496747e-05,-0.0226018107315055
lung->heart,S100A8,TLR4,conventional dendritic cell,cardiac endothelial cell,0.1201084609213191,0.0995235491796475,0.0052925910619474,0.0074566958003582,0.0006356849667364,0.0007421168312046,0.0001064318644681,0.2230093459278322
lung->heart,S100A8,TLR4,mast cell,cardiac fibroblast,0.0518497319953352,0.0497295086772746,0.0128954310997191,0.0153205854545076,0.0006686246464847,0.0007618851873008,9.326054081611712e-05,0.1881133213677474
lung->heart,S100A8,TLR4,mast cell,cardiac endothelial cell,0.0518497319953352,0.0497295086772746,0.0052925910619474,0.0074566958003582,0.0002744194281228,0.0003708178185077,9.639839038483176e-05,0.4329655787708407
lung->heart,S100A8,TLR4,pulmonary alveolar type 2 cell,cardiac fibroblast,0.0778315152314307,0.0649537985188036,0.0128954310997191,0.0153205854545076,0.0010036709420536,0.0009951302208022,-8.540721251453767e-06,-0.0123167971549013
lung->heart,S100A8,TLR4,pulmonary alveolar type 2 cell,cardiac endothelial cell,0.0778315152314307,0.0649537985188036,0.0052925910619474,0.0074566958003582,0.0004119303818516,0.0004843407166324,7.241033478078276e-05,0.2330993265772908
lung->heart,S100A8,TLR4,vein endothelial cell,cardiac fibroblast,0.0666806937570599,0.0655621772670998,0.0128954310997191,0.0153205854545076,0.0008598762920256,0.0010044509394041,0.0001445746473785,0.2239648453396093
lung->heart,S100A8,TLR4,vein endothelial cell,cardiac endothelial cell,0.0666806937570599,0.0655621772670998,0.0052925910619474,0.0074566958003582,0.000352913643783,0.0004888772118899,0.0001359635681068,0.4690228014791071
lung->heart,S100A8,TLR4,lung multiciliated epithelial cell,cardiac fibroblast,0.0795510577173971,0.0970268324211035,0.0128954310997191,0.0153205854545076,0.0010258451837044,0.0014865078774877,0.0004606626937832,0.5346786240704328
lung->heart,S100A8,TLR4,lung multiciliated epithelial cell,cardiac endothelial cell,0.0795510577173971,0.0970268324211035,0.0052925910619474,0.0074566958003582,0.0004210312170435,0.0007234995738365,0.0003024683567929,0.7796351242021753
lung->heart,S100A8,TLR4,smooth muscle cell,cardiac fibroblast,0.0571872954156868,0.0267767220297279,0.0128954310997191,0.0153205854545076,0.0007374548278122,0.000410235058048,-0.0003272197697642,-0.8445464118270034
lung->heart,S100A8,TLR4,smooth muscle cell,cardiac endothelial cell,0.0571872954156868,0.0267767220297279,0.0052925910619474,0.0074566958003582,0.000302668968574,0.0001996658707064,-0.0001030030978675,-0.5977042257465135
lung->heart,S100A8,TLR4,endothelial cell,cardiac fibroblast,0.0677431291612042,0.0721951110843547,0.0128954310997191,0.0153205854545076,0.0008735768545776,0.0011060713687655,0.0002324945141878,0.3400911567584356
lung->heart,S100A8,TLR4,endothelial cell,cardiac endothelial cell,0.0677431291612042,0.0721951110843547,0.0052925910619474,0.0074566958003582,0.0003585366799069,0.0005383369816291,0.0001798003017221,0.585047999125897
lung->heart,S100A8,TLR4,B cell,cardiac fibroblast,0.0836420211352063,0.0572230967550751,0.0128954310997191,0.0153205854545076,0.0010785999205903,0.0008766913438076,-0.0002019085767826,-0.298711191800855
lung->heart,S100A8,TLR4,B cell,cardiac endothelial cell,0.0836420211352063,0.0572230967550751,0.0052925910619474,0.0074566958003582,0.0004426830134634,0.000426695225257,-1.598778820634868e-05,-0.0529462189914594
lung->heart,S100A8,TLR4,pulmonary alveolar type 1 cell,cardiac fibroblast,0.0763708997543551,0.0603570320079035,0.0128954310997191,0.0153205854545076,0.0009848356758058,0.0009247050666575,-6.013060914830605e-05,-0.0907945724908874
lung->heart,S100A8,TLR4,pulmonary alveolar type 1 cell,cardiac endothelial cell,0.0763708997543551,0.0603570320079035,0.0052925910619474,0.0074566958003582,0.0004041999414327,0.0004500640270954,4.58640856626391e-05,0.1546982683481079
lung->heart,S100A8,TLR4,club cell,cardiac fibroblast,0.0520991641116947,0.0643350669711793,0.0128954310997191,0.0153205854545076,0.0006718411811553,0.0009856508912534,0.0003138097100981,0.5522736949158936
lung->heart,S100A8,TLR4,club cell,cardiac endothelial cell,0.0520991641116947,0.0643350669711793,0.0052925910619474,0.0074566958003582,0.0002757395703124,0.0004797270236997,0.0002039874533872,0.7966889596236781
lung->heart,S100A8,TLR4,neutrophil,cardiac fibroblast,0.0130547378314419,0.0220478181194556,0.0128954310997191,0.0153205854545076,0.0001683464722302,0.0003377854815845,0.0001694390093543,1.0003941169066342
lung->heart,S100A8,TLR4,neutrophil,cardiac endothelial cell,0.0130547378314419,0.0220478181194556,0.0052925910619474,0.0074566958003582,6.909338876275677e-05,0.0001644038727784,9.531048401565024e-05,1.2386427340959942
lung->heart,S100A8,TLR4,plasma cell,cardiac fibroblast,0.0683623160002944,0.0583645252662776,0.0128954310997191,0.0153205854545076,0.000881561535799,0.0008941786968537,1.2617161054752466e-05,0.020478831488032
lung->heart,S100A8,TLR4,plasma cell,cardiac endothelial cell,0.0683623160002944,0.0583645252662776,0.0052925910619474,0.0074566958003582,0.0003618137826371,0.0004352065104429,7.339272780577103e-05,0.2657820402899772
lung->heart,S100A8,TLR4,leukocyte,cardiac fibroblast,0.1746045657430361,0.1512337351729665,0.0128954310997191,0.0153205854545076,0.0022516011472357,0.0023169893633218,6.538821608610646e-05,0.0412820582025375
lung->heart,S100A8,TLR4,leukocyte,cardiac endothelial cell,0.1746045657430361,0.1512337351729665,0.0052925910619474,0.0074566958003582,0.0009241105640268,0.0011277039579367,0.0002035933939099,0.2869694346599646
lung->heart,S100A8,TLR4,endothelial cell of lymphatic vessel,cardiac fibroblast,0.0798655600035914,0.0906141749207217,0.0128954310997191,0.0153205854545076,0.0010299008262668,0.0013882622102626,0.0003583613839958,0.430413369613457
lung->heart,S100A8,TLR4,endothelial cell of lymphatic vessel,cardiac endothelial cell,0.0798655600035914,0.0906141749207217,0.0052925910619474,0.0074566958003582,0.0004226957490324,0.0006756823375842,0.0002529865885518,0.6754500784326838
lung->heart,S100A8,AGER,"CD4-positive, alpha-beta T cell",cardiac fibroblast,0.0762616246664776,0.0790407694214591,0.3317849714375372,0.2686035714377388,0.0253024609617474,0.0212306329557907,-0.0040718280059567,-0.2531193923555018
lung->heart,S100A8,AGER,"CD4-positive, alpha-beta T cell",cardiac endothelial cell,0.0762616246664776,0.0790407694214591,0.3271506360627614,0.2977782237557004,0.0249490390168177,0.0235366199226059,-0.0014124190942117,-0.0840736263543412
lung->heart,S100A8,AGER,natural killer cell,cardiac fibroblast,0.0653614573186799,0.0788918066400406,0.3317849714375372,0.2686035714377388,0.021685949249594,0.0211906210206904,-0.0004953282289035,-0.033333171543126
lung->heart,S100A8,AGER,natural killer cell,cardiac endothelial cell,0.0653614573186799,0.0788918066400406,0.3271506360627614,0.2977782237557004,0.0213830423357951,0.0234922620501494,0.0021092197143543,0.135712447201221
lung->heart,S100A8,AGER,capillary endothelial cell,cardiac fibroblast,0.0584092592991854,0.0437322936576438,0.3317849714375372,0.2686035714377388,0.0193793144282679,0.0117466502636071,-0.0076326641646608,-0.7222197560823925
lung->heart,S100A8,AGER,capillary endothelial cell,cardiac endothelial cell,0.0584092592991854,0.0437322936576438,0.3271506360627614,0.2977782237557004,0.0191086263316832,0.0130225247261358,-0.0060861016055474,-0.5531796115307666
lung->heart,S100A8,AGER,macrophage,cardiac fibroblast,0.0854712028622509,0.08398963898634,0.3317849714375372,0.2686035714377388,0.0283580606003838,0.0225599169954972,-0.0057981436048865,-0.3299840360863514
lung->heart,S100A8,AGER,macrophage,cardiac endothelial cell,0.0854712028622509,0.08398963898634,0.3271506360627614,0.2977782237557004,0.0279619583814347,0.0250102855112348,-0.0029516728701998,-0.1609377908077126
lung->heart,S100A8,AGER,"CD8-positive, alpha-beta T cell",cardiac fibroblast,0.0617877457384091,0.0813932246121323,0.3317849714375372,0.2686035714377388,0.0205002454550078,0.0218625108216528,0.0013622653666449,0.0928135297791459
lung->heart,S100A8,AGER,"CD8-positive, alpha-beta T cell",cardiac endothelial cell,0.0617877457384091,0.0813932246121323,0.3271506360627614,0.2977782237557004,0.0202139003192047,0.0242371298507495,0.0040232295315448,0.2618592989977242
lung->heart,S100A8,AGER,monocyte,cardiac fibroblast,0.0859961075111579,0.0814865962184314,0.3317849714375372,0.2686035714377388,0.0285322160743289,0.0218875907685756,-0.0066446253057532,-0.3824632931683557
lung->heart,S100A8,AGER,monocyte,cardiac endothelial cell,0.0859961075111579,0.0814865962184314,0.3271506360627614,0.2977782237557004,0.0281336812711969,0.0242649338818225,-0.0038687473893744,-0.2134172359308946
lung->heart,S100A8,AGER,fibroblast,cardiac fibroblast,0.0478070527965676,0.0460672296897643,0.3317849714375372,0.2686035714377388,0.015861661646622,0.0123738224209133,-0.0034878392257086,-0.3582270431364564
lung->heart,S100A8,AGER,fibroblast,cardiac endothelial cell,0.0478070527965676,0.0460672296897643,0.3271506360627614,0.2977782237557004,0.0156401077306831,0.0137178178303639,-0.0019222899003192,-0.1891865226305756
lung->heart,S100A8,AGER,conventional dendritic cell,cardiac fibroblast,0.1201084609213191,0.0995235491796475,0.3317849714375372,0.2686035714377388,0.0398501822761864,0.0267323807518127,-0.0131178015243736,-0.5759802307390309
lung->heart,S100A8,AGER,conventional dendritic cell,cardiac endothelial cell,0.1201084609213191,0.0995235491796475,0.3271506360627614,0.2977782237557004,0.0392935593869288,0.0296359456965785,-0.0096576136903503,-0.4069327997961791
lung->heart,S100A8,AGER,mast cell,cardiac fibroblast,0.0518497319953352,0.0497295086772746,0.3317849714375372,0.2686035714377388,0.0172029618491162,0.0133575236365599,-0.0038454382125562,-0.3649802649402858
lung->heart,S100A8,AGER,mast cell,cardiac endothelial cell,0.0518497319953352,0.0497295086772746,0.3271506360627614,0.2977782237557004,0.0169626728019576,0.0148083647621625,-0.002154308039795,-0.195938802870859
lung->heart,S100A8,AGER,pulmonary alveolar type 2 cell,cardiac fibroblast,0.0778315152314307,0.0649537985188036,0.3317849714375372,0.2686035714377388,0.0258233270580004,0.0174468222605979,-0.0083765047974025,-0.5656837766189422
lung->heart,S100A8,AGER,pulmonary alveolar type 2 cell,cardiac endothelial cell,0.0778315152314307,0.0649537985188036,0.3271506360627614,0.2977782237557004,0.025462629713691,0.0193418267491149,-0.006120802964576,-0.3966394380850224
lung->heart,S100A8,AGER,vein endothelial cell,cardiac fibroblast,0.0666806937570599,0.0655621772670998,0.3317849714375372,0.2686035714377388,0.0221236520736213,0.0176102349651771,-0.0045134171084441,-0.3291586880878806
lung->heart,S100A8,AGER,vein endothelial cell,cardiac endothelial cell,0.0666806937570599,0.0655621772670998,0.3271506360627614,0.2977782237557004,0.0218146313757283,0.0195229886921533,-0.002291642683575,-0.1601144067181653
lung->heart,S100A8,AGER,lung multiciliated epithelial cell,cardiac fibroblast,0.0795510577173971,0.0970268324211035,0.3317849714375372,0.2686035714377388,0.0263938454125924,0.0260617537135993,-0.000332091698993,-0.0182666937047305
lung->heart,S100A8,AGER,lung multiciliated epithelial cell,cardiac endothelial cell,0.0795510577173971,0.0970268324211035,0.3271506360627614,0.2977782237557004,0.0260251791317119,0.0288924778149982,0.0028672986832863,0.1507803397438595
lung->heart,S100A8,AGER,smooth muscle cell,cardiac fibroblast,0.0571872954156868,0.0267767220297279,0.3317849714375372,0.2686035714377388,0.0189738851760836,0.0071923231685805,-0.0117815620075031,-1.3993608299355416
lung->heart,S100A8,AGER,smooth muscle cell,cardiac endothelial cell,0.0571872954156868,0.0267767220297279,0.3271506360627614,0.2977782237557004,0.0187088600699509,0.0079735247240125,-0.0107353353459384,-1.2303283258229418
lung->heart,S100A8,AGER,endothelial cell,cardiac fibroblast,0.0677431291612042,0.0721951110843547,0.3317849714375372,0.2686035714377388,0.0224761521738395,0.0193918646776019,-0.0030842874962376,-0.2129333281458839
lung->heart,S100A8,AGER,endothelial cell,cardiac endothelial cell,0.0677431291612042,0.0721951110843547,0.3271506360627614,0.2977782237557004,0.0221622077939697,0.0214981319425446,-0.0006640758514251,-0.0438882949372494
lung->heart,S100A8,AGER,B cell,cardiac fibroblast,0.0836420211352063,0.0572230967550751,0.3317849714375372,0.2686035714377388,0.0277511655933223,0.0153703281571404,-0.0123808374361818,-0.8523585278760838
lung->heart,S100A8,AGER,B cell,cardiac endothelial cell,0.0836420211352063,0.0572230967550751,0.3271506360627614,0.2977782237557004,0.0273635404159576,0.0170397921095268,-0.0103237483064308,-0.6833152287475508
lung->heart,S100A8,AGER,pulmonary alveolar type 1 cell,cardiac fibroblast,0.0763708997543551,0.0603570320079035,0.3317849714375372,0.2686035714377388,0.0253387167936577,0.0162121143587048,-0.0091266024349529,-0.6442391573331727
lung->heart,S100A8,AGER,pulmonary alveolar type 1 cell,cardiac endothelial cell,0.0763708997543551,0.0603570320079035,0.3271506360627614,0.2977782237557004,0.0249847884313226,0.0179730097824794,-0.0070117786488432,-0.475195450878922
lung->heart,S100A8,AGER,club cell,cardiac fibroblast,0.0520991641116947,0.0643350669711793,0.3317849714375372,0.2686035714377388,0.0172857196767181,0.0172806287571448,-5.090919573312591e-06,-0.0004249346473196
lung->heart,S100A8,AGER,club cell,cardiac endothelial cell,0.0520991641116947,0.0643350669711793,0.3271506360627614,0.2977782237557004,0.0170442746774791,0.0191575819678818,0.0021133072904026,0.1686189351307952
lung->heart,S100A8,AGER,neutrophil,cardiac fibroblast,0.0130547378314419,0.0220478181194556,0.3317849714375372,0.2686035714377388,0.0043313658185295,0.0059221226892954,0.0015907568707659,0.4512029027608154
lung->heart,S100A8,AGER,neutrophil,cardiac endothelial cell,0.0130547378314419,0.0220478181194556,0.3271506360627614,0.2977782237557004,0.0042708657851888,0.0065653601173002,0.0022944943321114,0.6202275527610004
lung->heart,S100A8,AGER,plasma cell,cardiac fibroblast,0.0683623160002944,0.0583645252662776,0.3317849714375372,0.2686035714377388,0.0226815890615615,0.0156769199317903,-0.0070046691297712,-0.5328511608288113
lung->heart,S100A8,AGER,plasma cell,cardiac endothelial cell,0.0683623160002944,0.0583645252662776,0.3271506360627614,0.2977782237557004,0.0223647751622198,0.0173796846641368,-0.0049850904980829,-0.3638078464622587
lung->heart,S100A8,AGER,leukocyte,cardiac fibroblast,0.1746045657430361,0.1512337351729665,0.3317849714375372,0.2686035714377388,0.0579311708579168,0.0406219213893279,-0.0173092494685888,-0.5120707327868418
lung->heart,S100A8,AGER,leukocyte,cardiac endothelial cell,0.1746045657430361,0.1512337351729665,0.3271506360627614,0.2977782237557004,0.0571219947422965,0.0450341130317459,-0.0120878817105505,-0.3430213339822908
lung->heart,S100A8,AGER,endothelial cell of lymphatic vessel,cardiac fibroblast,0.0798655600035914,0.0906141749207217,0.3317849714375372,0.2686035714377388,0.0264981925446344,0.0243392910065898,-0.0021589015380446,-0.1226019834031022
lung->heart,S100A8,AGER,endothelial cell of lymphatic vessel,cardiac endothelial cell,0.0798655600035914,0.0906141749207217,0.3271506360627614,0.2977782237557004,0.0261280687546835,0.0269829280549808,0.0008548593002972,0.0464446693051889
lung->heart,S100A9,TLR4,"CD4-positive, alpha-beta T cell",cardiac fibroblast,0.0810051851489696,0.0920191158808802,0.0128954310997191,0.0153205854545076,0.0010445967838085,0.0014097867283012,0.0003651899444927,0.4321733004592331
lung->heart,S100A9,TLR4,"CD4-positive, alpha-beta T cell",cardiac endothelial cell,0.0810051851489696,0.0920191158808802,0.0052925910619474,0.0074566958003582,0.0004287273188908,0.0006861585549416,0.0002574312360508,0.6772215289307555
lung->heart,S100A9,TLR4,natural killer cell,cardiac fibroblast,0.0534815872119868,0.0680334999846783,0.0128954310997191,0.0153205854545076,0.0006896681229957,0.0010423130502845,0.0003526449272887,0.5951075649306192
lung->heart,S100A9,TLR4,natural killer cell,cardiac endothelial cell,0.0534815872119868,0.0680334999846783,0.0052925910619474,0.0074566958003582,0.0002830561704569,0.0005073051136194,0.0002242489431625,0.8395185020695847
lung->heart,S100A9,TLR4,capillary endothelial cell,cardiac fibroblast,0.0932590362649531,0.0814320306333444,0.0128954310997191,0.0153205854545076,0.0012026154765809,0.0012475863840522,4.497090747132538e-05,0.0529210756054989
lung->heart,S100A9,TLR4,capillary endothelial cell,cardiac endothelial cell,0.0932590362649531,0.0814320306333444,0.0052925910619474,0.0074566958003582,0.0004935819417817,0.0006072138808383,0.0001136319390565,0.2983691774758586
lung->heart,S100A9,TLR4,macrophage,cardiac fibroblast,0.3656448738327357,0.3546241278375149,0.0128954310997191,0.0153205854545076,0.0047151482774755,0.0054330492547649,0.0007179009772893,0.2044185644456069
lung->heart,S100A9,TLR4,macrophage,cardiac endothelial cell,0.3656448738327357,0.3546241278375149,0.0052925910619474,0.0074566958003582,0.001935208791094,0.0026443242447517,0.0007091154536576,0.4502100342872215
lung->heart,S100A9,TLR4,"CD8-positive, alpha-beta T cell",cardiac fibroblast,0.0674514748809664,0.0752804904788827,0.0128954310997191,0.0153205854545076,0.0008698158469019,0.0011533411874389,0.000283525340537,0.4066301362020645
lung->heart,S100A9,TLR4,"CD8-positive, alpha-beta T cell",cardiac endothelial cell,0.0674514748809664,0.0752804904788827,0.0052925910619474,0.0074566958003582,0.0003569930730701,0.0005613437172027,0.0002043506441326,0.6515205353338207
lung->heart,S100A9,TLR4,monocyte,cardiac fibroblast,0.3146006898484513,0.2150868693506568,0.0128954310997191,0.0153205854545076,0.0040569115198648,0.0032952567620292,-0.0007616547578355,-0.2999087827295347
lung->heart,S100A9,TLR4,monocyte,cardiac endothelial cell,0.3146006898484513,0.2150868693506568,0.0052925910619474,0.0074566958003582,0.0016650527991744,0.0016038373553992,-6.121544377516428e-05,-0.0540070294255101
lung->heart,S100A9,TLR4,fibroblast,cardiac fibroblast,0.055868089478922,0.0883289370954497,0.0128954310997191,0.0153205854545076,0.0007204430985483,0.0013532510288766,0.0006328079303282,0.908537670390592
lung->heart,S100A9,TLR4,fibroblast,cardiac endothelial cell,0.055868089478922,0.0883289370954497,0.0052925910619474,0.0074566958003582,0.0002956869510242,0.0006586420142897,0.0003629550632655,1.1527418154836797
lung->heart,S100A9,TLR4,conventional dendritic cell,cardiac fibroblast,0.4338710083293916,0.3873270159352237,0.0128954310997191,0.0153205854545076,0.0055949536940773,0.005934076646475,0.0003391229523976,0.0848826367650773
lung->heart,S100A9,TLR4,conventional dendritic cell,cardiac endothelial cell,0.4338710083293916,0.3873270159352237,0.0052925910619474,0.0074566958003582,0.0022963018207222,0.0028881797330894,0.0005918779123672,0.330719544161946
lung->heart,S100A9,TLR4,mast cell,cardiac fibroblast,0.0170581231852458,0.0138223827917505,0.0128954310997191,0.0153205854545076,0.0002199718522258,0.0002117669967459,-8.204855479928994e-06,-0.0545882231268649
lung->heart,S100A9,TLR4,mast cell,cardiac endothelial cell,0.0170581231852458,0.0138223827917505,0.0052925910619474,0.0074566958003582,9.02816703038302e-05,0.0001030693037141,1.2787633410360144e-05,0.1891474980810909
lung->heart,S100A9,TLR4,pulmonary alveolar type 2 cell,cardiac fibroblast,0.0594190229936333,0.0616776729055759,0.0128954310997191,0.0153205854545076,0.000766233917027,0.000944938058385,0.000178704141358,0.302079217730085
lung->heart,S100A9,TLR4,pulmonary alveolar type 2 cell,cardiac endothelial cell,0.0594190229936333,0.0616776729055759,0.0052925910619474,0.0074566958003582,0.0003144805900057,0.0004599116445308,0.0001454310545251,0.5469389706745696
lung->heart,S100A9,TLR4,vein endothelial cell,cardiac fibroblast,0.0603494868451116,0.0654482970428669,0.0128954310997191,0.0153205854545076,0.0007782326495145,0.0010027062276972,0.0002244735781826,0.3652110401105907
lung->heart,S100A9,TLR4,vein endothelial cell,cardiac endothelial cell,0.0603494868451116,0.0654482970428669,0.0052925910619474,0.0074566958003582,0.0003194051546695,0.0004880280417001,0.0001686228870305,0.6100198361657541
lung->heart,S100A9,TLR4,lung multiciliated epithelial cell,cardiac fibroblast,0.1338949137837938,0.1100839298232583,0.0128954310997191,0.0153205854545076,0.0017266326353017,0.0016865502540252,-4.00823812764981e-05,-0.0338660094751983
lung->heart,S100A9,TLR4,lung multiciliated epithelial cell,cardiac endothelial cell,0.1338949137837938,0.1100839298232583,0.0052925910619474,0.0074566958003582,0.0007086510239323,0.0008208623772,0.0001122113532676,0.2117870882429178
lung->heart,S100A9,TLR4,smooth muscle cell,cardiac fibroblast,0.0612719175788309,0.0558982891582751,0.0128954310997191,0.0153205854545076,0.0007901277914854,0.0008563945158101,6.62667243246474e-05,0.1160484360412569
lung->heart,S100A9,TLR4,smooth muscle cell,cardiac endothelial cell,0.0612719175788309,0.0558982891582751,0.0052925910619474,0.0074566958003582,0.000324287203326,0.0004168165380137,9.25293346876205e-05,0.3611555298632007
lung->heart,S100A9,TLR4,endothelial cell,cardiac fibroblast,0.0561884902876685,0.1047838406525633,0.0128954310997191,0.0153205854545076,0.0007245748051018,0.0016053497849691,0.0008807749798672,1.1465898103478165
lung->heart,S100A9,TLR4,endothelial cell,cardiac endothelial cell,0.0561884902876685,0.1047838406525633,0.0052925910619474,0.0074566958003582,0.0002973827014808,0.0007813412245393,0.0004839585230585,1.390634089241527
lung->heart,S100A9,TLR4,B cell,cardiac fibroblast,0.078481666251785,0.1236287480898473,0.0128954310997191,0.0153205854545076,0.001012054919741,0.0018940647997443,0.0008820098800032,0.9035347930230904
lung->heart,S100A9,TLR4,B cell,cardiac endothelial cell,0.078481666251785,0.1236287480898473,0.0052925910619474,0.0074566958003582,0.0004153713653309,0.0009218619666851,0.0005064906013541,1.1482440236767828
lung->heart,S100A9,TLR4,pulmonary alveolar type 1 cell,cardiac fibroblast,0.023671168222572,0.0529902432678397,0.0128954310997191,0.0153205854545076,0.000305249918864,0.00081184155024,0.000506591631376,1.4082646887287815
lung->heart,S100A9,TLR4,pulmonary alveolar type 1 cell,cardiac endothelial cell,0.023671168222572,0.0529902432678397,0.0052925910619474,0.0074566958003582,0.0001252818133606,0.0003951321244352,0.0002698503110746,1.6493348192222748
lung->heart,S100A9,TLR4,club cell,cardiac fibroblast,0.044808972165332,0.0730197846241938,0.0128954310997191,0.0153205854545076,0.0005778310132072,0.0011187058502047,0.0005408748369974,0.9519056548539032
lung->heart,S100A9,TLR4,club cell,cardiac endothelial cell,0.044808972165332,0.0730197846241938,0.0052925910619474,0.0074566958003582,0.0002371555655772,0.0005444863213502,0.000307330755773,1.1956387557273185
lung->heart,S100A9,TLR4,neutrophil,cardiac fibroblast,0.0337906565066855,0.0598648141068034,0.0128954310997191,0.0153205854545076,0.0004357450827962,0.0009171640002414,0.0004814189174452,1.0719604070775557
lung->heart,S100A9,TLR4,neutrophil,cardiac endothelial cell,0.0337906565066855,0.0598648141068034,0.0052925910619474,0.0074566958003582,0.0001788401266046,0.0004463937079394,0.0002675535813348,1.3148300104428077
lung->heart,S100A9,TLR4,plasma cell,cardiac fibroblast,0.1572400307396391,0.1482232292490835,0.0128954310997191,0.0153205854545076,0.0020276779825207,0.0022708666500536,0.0002431886675329,0.1633382761792765
lung->heart,S100A9,TLR4,plasma cell,cardiac endothelial cell,0.1572400307396391,0.1482232292490835,0.0052925910619474,0.0074566958003582,0.0008322071812729,0.0011052555310571,0.0002730483497842,0.4089374895099647
lung->heart,S100A9,TLR4,leukocyte,cardiac fibroblast,0.1624983506759461,0.196626740152432,0.0128954310997191,0.0153205854545076,0.0020954862849596,0.0030124367751466,0.0009169504901869,0.5234364037324571
lung->heart,S100A9,TLR4,leukocyte,cardiac endothelial cell,0.1624983506759461,0.196626740152432,0.0052925910619474,0.0074566958003582,0.0008600373183687,0.0014661857875327,0.000606148469164,0.7689038966978206
lung->heart,S100A9,TLR4,endothelial cell of lymphatic vessel,cardiac fibroblast,0.0814600240467331,0.0820741598272589,0.0128954310997191,0.0153205854545076,0.0010504621274761,0.0012574241792404,0.0002069620517643,0.2592214092385015
lung->heart,S100A9,TLR4,endothelial cell of lymphatic vessel,cardiac endothelial cell,0.0814600240467331,0.0820741598272589,0.0052925910619474,0.0074566958003582,0.0004311345951757,0.0006120020429018,0.000180867447726,0.5044111492343388
lung->heart,S100A9,AGER,"CD4-positive, alpha-beta T cell",cardiac fibroblast,0.0810051851489696,0.0920191158808802,0.3317849714375372,0.2686035714377388,0.0268763030409432,0.0247166631661475,-0.0021596398747957,-0.1208460247187937
lung->heart,S100A9,AGER,"CD4-positive, alpha-beta T cell",cardiac endothelial cell,0.0810051851489696,0.0920191158808802,0.3271506360627614,0.2977782237557004,0.0265008978458671,0.0274012888785784,0.0009003910327113,0.0482007274987025
lung->heart,S100A9,AGER,natural killer cell,cardiac fibroblast,0.0534815872119868,0.0680334999846783,0.3317849714375372,0.2686035714377388,0.0177443868855632,0.0182740410732939,0.0005296541877307,0.0424306202185291
lung->heart,S100A9,AGER,natural killer cell,cardiac endothelial cell,0.0534815872119868,0.0680334999846783,0.3271506360627614,0.2977782237557004,0.0174965352740475,0.020258894781321,0.0027623595072734,0.211474965160737
lung->heart,S100A9,AGER,capillary endothelial cell,cardiac fibroblast,0.0932590362649531,0.0814320306333444,0.3317849714375372,0.2686035714377388,0.0309419466834597,0.0218729342575436,-0.009069012425916,-0.5003978629273549
lung->heart,S100A9,AGER,capillary endothelial cell,cardiac endothelial cell,0.0932590362649531,0.0814320306333444,0.3271506360627614,0.2977782237557004,0.0305097530326795,0.0242486854388171,-0.0062610675938624,-0.3313517542378539
lung->heart,S100A9,AGER,macrophage,cardiac fibroblast,0.3656448738327357,0.3546241278375149,0.3317849714375372,0.2686035714377388,0.1213154740208761,0.0952533072551497,-0.0260621667657263,-0.3489192370810238
lung->heart,S100A9,AGER,macrophage,cardiac endothelial cell,0.3656448738327357,0.3546241278375149,0.3271506360627614,0.2977782237557004,0.1196209530474676,0.1055993428883696,-0.014021610159098,-0.1798676583588006
lung->heart,S100A9,AGER,"CD8-positive, alpha-beta T cell",cardiac fibroblast,0.0674514748809664,0.0752804904788827,0.3317849714375372,0.2686035714377388,0.0223793856668012,0.0202206086022125,-0.0021587770645886,-0.1463371312770899
lung->heart,S100A9,AGER,"CD8-positive, alpha-beta T cell",cardiac endothelial cell,0.0674514748809664,0.0752804904788827,0.3271506360627614,0.2977782237557004,0.0220667929106795,0.0224168907382596,0.00035009782758,0.0227081967119297
lung->heart,S100A9,AGER,monocyte,cardiac fibroblast,0.3146006898484513,0.2150868693506568,0.3317849714375372,0.2686035714377388,0.1043797808955979,0.0577731012769487,-0.0466066796186491,-0.8533612825431725
lung->heart,S100A9,AGER,monocyte,cardiac endothelial cell,0.3146006898484513,0.2150868693506568,0.3271506360627614,0.2977782237557004,0.1029218157897044,0.0640481859084129,-0.0388736298812914,-0.6843106938113082
lung->heart,S100A9,AGER,fibroblast,cardiac fibroblast,0.055868089478922,0.0883289370954497,0.3317849714375372,0.2686035714377388,0.0185361924720339,0.0237254679651371,0.0051892754931032,0.3560745911872486
lung->heart,S100A9,AGER,fibroblast,cardiac endothelial cell,0.055868089478922,0.0883289370954497,0.3271506360627614,0.2977782237557004,0.0182772810086406,0.026302433994512,0.0080251529858713,0.5251207624069798
lung->heart,S100A9,AGER,conventional dendritic cell,cardiac fibroblast,0.4338710083293916,0.3873270159352237,0.3317849714375372,0.2686035714377388,0.1439518801061426,0.104037419794523,-0.0399144603116196,-0.4684802616618069
lung->heart,S100A9,AGER,conventional dendritic cell,cardiac endothelial cell,0.4338710083293916,0.3873270159352237,0.3271506360627614,0.2977782237557004,0.1419411763441521,0.1153375508177867,-0.0266036255263653,-0.2994285311622554
lung->heart,S100A9,AGER,mast cell,cardiac fibroblast,0.0170581231852458,0.0138223827917505,0.3317849714375372,0.2686035714377388,0.0056596289137947,0.0037127413836437,-0.001946887530151,-0.6080889971218466
lung->heart,S100A9,AGER,mast cell,cardiac endothelial cell,0.0170581231852458,0.0138223827917505,0.3271506360627614,0.2977782237557004,0.0055805758500901,0.0041160045957988,-0.0014645712542912,-0.4390774374964955
lung->heart,S100A9,AGER,pulmonary alveolar type 2 cell,cardiac fibroblast,0.0594190229936333,0.0616776729055759,0.3317849714375372,0.2686035714377388,0.019714338846789,0.0165668432204063,-0.0031474956263826,-0.2509326995258272
lung->heart,S100A9,AGER,pulmonary alveolar type 2 cell,cardiac endothelial cell,0.0594190229936333,0.0616776729055759,0.3271506360627614,0.2977782237557004,0.019438971166595,0.0183662678832075,-0.0010727032833875,-0.0818890364922978
lung->heart,S100A9,AGER,vein endothelial cell,cardiac fibroblast,0.0603494868451116,0.0654482970428669,0.3317849714375372,0.2686035714377388,0.0200230527691754,0.017579646330232,-0.0024434064389433,-0.1877458877477185
lung->heart,S100A9,AGER,vein endothelial cell,cardiac endothelial cell,0.0603494868451116,0.0654482970428669,0.3271506360627614,0.2977782237557004,0.0197433730074395,0.0194890776412603,-0.0002542953661791,-0.0187017172435993
lung->heart,S100A9,AGER,lung multiciliated epithelial cell,cardiac fibroblast,0.1338949137837938,0.1100839298232583,0.3317849714375372,0.2686035714377388,0.0444243201453875,0.0295689367084285,-0.0148553834369589,-0.5872510173754754
lung->heart,S100A9,AGER,lung multiciliated epithelial cell,cardiac endothelial cell,0.1338949137837938,0.1100839298232583,0.3271506360627614,0.2977782237557004,0.0438038062099367,0.032780597086817,-0.0110232091231197,-0.4182030264344039
lung->heart,S100A9,AGER,smooth muscle cell,cardiac fibroblast,0.0612719175788309,0.0558982891582751,0.3317849714375372,0.2686035714377388,0.0203291014238155,0.0150144801051721,-0.0053146213186434,-0.4371668082049044
lung->heart,S100A9,AGER,smooth muscle cell,cardiac endothelial cell,0.0612719175788309,0.0558982891582751,0.3271506360627614,0.2977782237557004,0.0200451468086996,0.0166452932565336,-0.0033998535521659,-0.2681239958450494
lung->heart,S100A9,AGER,endothelial cell,cardiac fibroblast,0.0561884902876685,0.1047838406525633,0.3317849714375372,0.2686035714377388,0.0186424966452124,0.0281453138282414,0.0095028171830289,0.5942735253776081
lung->heart,S100A9,AGER,endothelial cell,cardiac endothelial cell,0.0561884902876685,0.1047838406525633,0.3271506360627614,0.2977782237557004,0.018382100337017,0.0312023459478206,0.0128202456108036,0.7633206383785673
lung->heart,S100A9,AGER,B cell,cardiac fibroblast,0.078481666251785,0.1236287480898473,0.3317849714375372,0.2686035714377388,0.0260390373957188,0.0332071232693095,0.0071680858735906,0.3508046720425375
lung->heart,S100A9,AGER,B cell,cardiac endothelial cell,0.078481666251785,0.1236287480898473,0.3271506360627614,0.2977782237557004,0.0256753270335368,0.0368139490113356,0.0111386219777988,0.5198528618820363
lung->heart,S100A9,AGER,pulmonary alveolar type 1 cell,cardiac fibroblast,0.023671168222572,0.0529902432678397,0.3317849714375372,0.2686035714377388,0.0078537378726192,0.0142333685930963,0.0063796307204771,0.8577434635687129
lung->heart,S100A9,AGER,pulmonary alveolar type 1 cell,cardiac endothelial cell,0.023671168222572,0.0529902432678397,0.3271506360627614,0.2977782237557004,0.007744037740363,0.0157793405166797,0.0080353027763166,1.0267841627643006
lung->heart,S100A9,AGER,club cell,cardiac fibroblast,0.044808972165332,0.0730197846241938,0.3317849714375372,0.2686035714377388,0.01486694355002,0.0196133749356729,0.0047464313856528,0.3997062450663575
lung->heart,S100A9,AGER,club cell,cardiac endothelial cell,0.044808972165332,0.0730197846241938,0.3271506360627614,0.2977782237557004,0.0146592837452069,0.0217437017644162,0.0070844180192092,0.568750895257553
lung->heart,S100A9,AGER,neutrophil,cardiac fibroblast,0.0337906565066855,0.0598648141068034,0.3317849714375372,0.2686035714377388,0.0112112320039262,0.0160799028725437,0.0048686708686174,0.5202749077317317
lung->heart,S100A9,AGER,neutrophil,cardiac endothelial cell,0.0337906565066855,0.0598648141068034,0.3271506360627614,0.2977782237557004,0.0110546347691404,0.0178264380101891,0.0067718032410486,0.6893175262953415
lung->heart,S100A9,AGER,plasma cell,cardiac fibroblast,0.1572400307396391,0.1482232292490835,0.3317849714375372,0.2686035714377388,0.0521698791077886,0.0398132887463385,-0.0123565903614501,-0.3899584586295951
lung->heart,S100A9,AGER,plasma cell,cardiac endothelial cell,0.1572400307396391,0.1482232292490835,0.3271506360627614,0.2977782237557004,0.0514411760710011,0.044137649925126,-0.007303526145875,-0.2209091694511823
lung->heart,S100A9,AGER,leukocyte,cardiac fibroblast,0.1624983506759461,0.196626740152432,0.3317849714375372,0.2686035714377388,0.0539145106376657,0.0528146446451034,-0.0010998659925622,-0.029735036234649
lung->heart,S100A9,AGER,leukocyte,cardiac endothelial cell,0.1624983506759461,0.196626740152432,0.3271506360627614,0.2977782237557004,0.0531614387827854,0.0585511614254648,0.0053897226426794,0.1393151395469289
lung->heart,S100A9,AGER,endothelial cell of lymphatic vessel,cardiac fibroblast,0.0814600240467331,0.0820741598272589,0.3317849714375372,0.2686035714377388,0.0270272117516464,0.0220454124523535,-0.0049817992992929,-0.293922153649083
lung->heart,S100A9,AGER,endothelial cell of lymphatic vessel,cardiac endothelial cell,0.0814600240467331,0.0820741598272589,0.3271506360627614,0.2977782237557004,0.0266496986805765,0.0244398975296026,-0.0022098011509739,-0.1248760900667703
lung->heart,S100A12,AGER,"CD4-positive, alpha-beta T cell",cardiac fibroblast,0.0,0.0,0.3317849714375372,0.2686035714377388,0.0,0.0,0.0,0.0
lung->heart,S100A12,AGER,"CD4-positive, alpha-beta T cell",cardiac endothelial cell,0.0,0.0,0.3271506360627614,0.2977782237557004,0.0,0.0,0.0,0.0
lung->heart,S100A12,AGER,natural killer cell,cardiac fibroblast,0.0,0.0,0.3317849714375372,0.2686035714377388,0.0,0.0,0.0,0.0
lung->heart,S100A12,AGER,natural killer cell,cardiac endothelial cell,0.0,0.0,0.3271506360627614,0.2977782237557004,0.0,0.0,0.0,0.0
lung->heart,S100A12,AGER,capillary endothelial cell,cardiac fibroblast,0.0,0.0,0.3317849714375372,0.2686035714377388,0.0,0.0,0.0,0.0
lung->heart,S100A12,AGER,capillary endothelial cell,cardiac endothelial cell,0.0,0.0,0.3271506360627614,0.2977782237557004,0.0,0.0,0.0,0.0
lung->heart,S100A12,AGER,macrophage,cardiac fibroblast,0.0,0.0,0.3317849714375372,0.2686035714377388,0.0,0.0,0.0,0.0
lung->heart,S100A12,AGER,macrophage,cardiac endothelial cell,0.0,0.0,0.3271506360627614,0.2977782237557004,0.0,0.0,0.0,0.0
lung->heart,S100A12,AGER,"CD8-positive, alpha-beta T cell",cardiac fibroblast,0.0,0.0,0.3317849714375372,0.2686035714377388,0.0,0.0,0.0,0.0
lung->heart,S100A12,AGER,"CD8-positive, alpha-beta T cell",cardiac endothelial cell,0.0,0.0,0.3271506360627614,0.2977782237557004,0.0,0.0,0.0,0.0
lung->heart,S100A12,AGER,monocyte,cardiac fibroblast,0.0,0.0,0.3317849714375372,0.2686035714377388,0.0,0.0,0.0,0.0
lung->heart,S100A12,AGER,monocyte,cardiac endothelial cell,0.0,0.0,0.3271506360627614,0.2977782237557004,0.0,0.0,0.0,0.0
lung->heart,S100A12,AGER,fibroblast,cardiac fibroblast,0.0,0.0,0.3317849714375372,0.2686035714377388,0.0,0.0,0.0,0.0
lung->heart,S100A12,AGER,fibroblast,cardiac endothelial cell,0.0,0.0,0.3271506360627614,0.2977782237557004,0.0,0.0,0.0,0.0
lung->heart,S100A12,AGER,conventional dendritic cell,cardiac fibroblast,0.0,0.0,0.3317849714375372,0.2686035714377388,0.0,0.0,0.0,0.0
lung->heart,S100A12,AGER,conventional dendritic cell,cardiac endothelial cell,0.0,0.0,0.3271506360627614,0.2977782237557004,0.0,0.0,0.0,0.0
lung->heart,S100A12,AGER,mast cell,cardiac fibroblast,0.0,0.0,0.3317849714375372,0.2686035714377388,0.0,0.0,0.0,0.0
lung->heart,S100A12,AGER,mast cell,cardiac endothelial cell,0.0,0.0,0.3271506360627614,0.2977782237557004,0.0,0.0,0.0,0.0
lung->heart,S100A12,AGER,pulmonary alveolar type 2 cell,cardiac fibroblast,0.0,0.0,0.3317849714375372,0.2686035714377388,0.0,0.0,0.0,0.0
lung->heart,S100A12,AGER,pulmonary alveolar type 2 cell,cardiac endothelial cell,0.0,0.0,0.3271506360627614,0.2977782237557004,0.0,0.0,0.0,0.0
lung->heart,S100A12,AGER,vein endothelial cell,cardiac fibroblast,0.0,0.0,0.3317849714375372,0.2686035714377388,0.0,0.0,0.0,0.0
lung->heart,S100A12,AGER,vein endothelial cell,cardiac endothelial cell,0.0,0.0,0.3271506360627614,0.2977782237557004,0.0,0.0,0.0,0.0
lung->heart,S100A12,AGER,lung multiciliated epithelial cell,cardiac fibroblast,0.0,0.0,0.3317849714375372,0.2686035714377388,0.0,0.0,0.0,0.0
lung->heart,S100A12,AGER,lung multiciliated epithelial cell,cardiac endothelial cell,0.0,0.0,0.3271506360627614,0.2977782237557004,0.0,0.0,0.0,0.0
lung->heart,S100A12,AGER,smooth muscle cell,cardiac fibroblast,0.0,0.0,0.3317849714375372,0.2686035714377388,0.0,0.0,0.0,0.0
lung->heart,S100A12,AGER,smooth muscle cell,cardiac endothelial cell,0.0,0.0,0.3271506360627614,0.2977782237557004,0.0,0.0,0.0,0.0
lung->heart,S100A12,AGER,endothelial cell,cardiac fibroblast,0.0,0.0,0.3317849714375372,0.2686035714377388,0.0,0.0,0.0,0.0
lung->heart,S100A12,AGER,endothelial cell,cardiac endothelial cell,0.0,0.0,0.3271506360627614,0.2977782237557004,0.0,0.0,0.0,0.0
lung->heart,S100A12,AGER,B cell,cardiac fibroblast,0.0,0.0,0.3317849714375372,0.2686035714377388,0.0,0.0,0.0,0.0
lung->heart,S100A12,AGER,B cell,cardiac endothelial cell,0.0,0.0,0.3271506360627614,0.2977782237557004,0.0,0.0,0.0,0.0
lung->heart,S100A12,AGER,pulmonary alveolar type 1 cell,cardiac fibroblast,0.0,0.0,0.3317849714375372,0.2686035714377388,0.0,0.0,0.0,0.0
lung->heart,S100A12,AGER,pulmonary alveolar type 1 cell,cardiac endothelial cell,0.0,0.0,0.3271506360627614,0.2977782237557004,0.0,0.0,0.0,0.0
lung->heart,S100A12,AGER,club cell,cardiac fibroblast,0.0,0.0,0.3317849714375372,0.2686035714377388,0.0,0.0,0.0,0.0
lung->heart,S100A12,AGER,club cell,cardiac endothelial cell,0.0,0.0,0.3271506360627614,0.2977782237557004,0.0,0.0,0.0,0.0
lung->heart,S100A12,AGER,neutrophil,cardiac fibroblast,0.0,0.0,0.3317849714375372,0.2686035714377388,0.0,0.0,0.0,0.0
lung->heart,S100A12,AGER,neutrophil,cardiac endothelial cell,0.0,0.0,0.3271506360627614,0.2977782237557004,0.0,0.0,0.0,0.0
lung->heart,S100A12,AGER,plasma cell,cardiac fibroblast,0.0,0.0,0.3317849714375372,0.2686035714377388,0.0,0.0,0.0,0.0
lung->heart,S100A12,AGER,plasma cell,cardiac endothelial cell,0.0,0.0,0.3271506360627614,0.2977782237557004,0.0,0.0,0.0,0.0
lung->heart,S100A12,AGER,leukocyte,cardiac fibroblast,0.0,0.0,0.3317849714375372,0.2686035714377388,0.0,0.0,0.0,0.0
lung->heart,S100A12,AGER,leukocyte,cardiac endothelial cell,0.0,0.0,0.3271506360627614,0.2977782237557004,0.0,0.0,0.0,0.0
lung->heart,S100A12,AGER,endothelial cell of lymphatic vessel,cardiac fibroblast,0.0,0.0,0.3317849714375372,0.2686035714377388,0.0,0.0,0.0,0.0
lung->heart,S100A12,AGER,endothelial cell of lymphatic vessel,cardiac endothelial cell,0.0,0.0,0.3271506360627614,0.2977782237557004,0.0,0.0,0.0,0.0
lung->heart,S100A12,TLR4,"CD4-positive, alpha-beta T cell",cardiac fibroblast,0.0,0.0,0.0128954310997191,0.0153205854545076,0.0,0.0,0.0,0.0
lung->heart,S100A12,TLR4,"CD4-positive, alpha-beta T cell",cardiac endothelial cell,0.0,0.0,0.0052925910619474,0.0074566958003582,0.0,0.0,0.0,0.0
lung->heart,S100A12,TLR4,natural killer cell,cardiac fibroblast,0.0,0.0,0.0128954310997191,0.0153205854545076,0.0,0.0,0.0,0.0
lung->heart,S100A12,TLR4,natural killer cell,cardiac endothelial cell,0.0,0.0,0.0052925910619474,0.0074566958003582,0.0,0.0,0.0,0.0
lung->heart,S100A12,TLR4,capillary endothelial cell,cardiac fibroblast,0.0,0.0,0.0128954310997191,0.0153205854545076,0.0,0.0,0.0,0.0
lung->heart,S100A12,TLR4,capillary endothelial cell,cardiac endothelial cell,0.0,0.0,0.0052925910619474,0.0074566958003582,0.0,0.0,0.0,0.0
lung->heart,S100A12,TLR4,macrophage,cardiac fibroblast,0.0,0.0,0.0128954310997191,0.0153205854545076,0.0,0.0,0.0,0.0
lung->heart,S100A12,TLR4,macrophage,cardiac endothelial cell,0.0,0.0,0.0052925910619474,0.0074566958003582,0.0,0.0,0.0,0.0
lung->heart,S100A12,TLR4,"CD8-positive, alpha-beta T cell",cardiac fibroblast,0.0,0.0,0.0128954310997191,0.0153205854545076,0.0,0.0,0.0,0.0
lung->heart,S100A12,TLR4,"CD8-positive, alpha-beta T cell",cardiac endothelial cell,0.0,0.0,0.0052925910619474,0.0074566958003582,0.0,0.0,0.0,0.0
lung->heart,S100A12,TLR4,monocyte,cardiac fibroblast,0.0,0.0,0.0128954310997191,0.0153205854545076,0.0,0.0,0.0,0.0
lung->heart,S100A12,TLR4,monocyte,cardiac endothelial cell,0.0,0.0,0.0052925910619474,0.0074566958003582,0.0,0.0,0.0,0.0
lung->heart,S100A12,TLR4,fibroblast,cardiac fibroblast,0.0,0.0,0.0128954310997191,0.0153205854545076,0.0,0.0,0.0,0.0
lung->heart,S100A12,TLR4,fibroblast,cardiac endothelial cell,0.0,0.0,0.0052925910619474,0.0074566958003582,0.0,0.0,0.0,0.0
lung->heart,S100A12,TLR4,conventional dendritic cell,cardiac fibroblast,0.0,0.0,0.0128954310997191,0.0153205854545076,0.0,0.0,0.0,0.0
lung->heart,S100A12,TLR4,conventional dendritic cell,cardiac endothelial cell,0.0,0.0,0.0052925910619474,0.0074566958003582,0.0,0.0,0.0,0.0
lung->heart,S100A12,TLR4,mast cell,cardiac fibroblast,0.0,0.0,0.0128954310997191,0.0153205854545076,0.0,0.0,0.0,0.0
lung->heart,S100A12,TLR4,mast cell,cardiac endothelial cell,0.0,0.0,0.0052925910619474,0.0074566958003582,0.0,0.0,0.0,0.0
lung->heart,S100A12,TLR4,pulmonary alveolar type 2 cell,cardiac fibroblast,0.0,0.0,0.0128954310997191,0.0153205854545076,0.0,0.0,0.0,0.0
lung->heart,S100A12,TLR4,pulmonary alveolar type 2 cell,cardiac endothelial cell,0.0,0.0,0.0052925910619474,0.0074566958003582,0.0,0.0,0.0,0.0
lung->heart,S100A12,TLR4,vein endothelial cell,cardiac fibroblast,0.0,0.0,0.0128954310997191,0.0153205854545076,0.0,0.0,0.0,0.0
lung->heart,S100A12,TLR4,vein endothelial cell,cardiac endothelial cell,0.0,0.0,0.0052925910619474,0.0074566958003582,0.0,0.0,0.0,0.0
lung->heart,S100A12,TLR4,lung multiciliated epithelial cell,cardiac fibroblast,0.0,0.0,0.0128954310997191,0.0153205854545076,0.0,0.0,0.0,0.0
lung->heart,S100A12,TLR4,lung multiciliated epithelial cell,cardiac endothelial cell,0.0,0.0,0.0052925910619474,0.0074566958003582,0.0,0.0,0.0,0.0
lung->heart,S100A12,TLR4,smooth muscle cell,cardiac fibroblast,0.0,0.0,0.0128954310997191,0.0153205854545076,0.0,0.0,0.0,0.0
lung->heart,S100A12,TLR4,smooth muscle cell,cardiac endothelial cell,0.0,0.0,0.0052925910619474,0.0074566958003582,0.0,0.0,0.0,0.0
lung->heart,S100A12,TLR4,endothelial cell,cardiac fibroblast,0.0,0.0,0.0128954310997191,0.0153205854545076,0.0,0.0,0.0,0.0
lung->heart,S100A12,TLR4,endothelial cell,cardiac endothelial cell,0.0,0.0,0.0052925910619474,0.0074566958003582,0.0,0.0,0.0,0.0
lung->heart,S100A12,TLR4,B cell,cardiac fibroblast,0.0,0.0,0.0128954310997191,0.0153205854545076,0.0,0.0,0.0,0.0
lung->heart,S100A12,TLR4,B cell,cardiac endothelial cell,0.0,0.0,0.0052925910619474,0.0074566958003582,0.0,0.0,0.0,0.0
lung->heart,S100A12,TLR4,pulmonary alveolar type 1 cell,cardiac fibroblast,0.0,0.0,0.0128954310997191,0.0153205854545076,0.0,0.0,0.0,0.0
lung->heart,S100A12,TLR4,pulmonary alveolar type 1 cell,cardiac endothelial cell,0.0,0.0,0.0052925910619474,0.0074566958003582,0.0,0.0,0.0,0.0
lung->heart,S100A12,TLR4,club cell,cardiac fibroblast,0.0,0.0,0.0128954310997191,0.0153205854545076,0.0,0.0,0.0,0.0
lung->heart,S100A12,TLR4,club cell,cardiac endothelial cell,0.0,0.0,0.0052925910619474,0.0074566958003582,0.0,0.0,0.0,0.0
lung->heart,S100A12,TLR4,neutrophil,cardiac fibroblast,0.0,0.0,0.0128954310997191,0.0153205854545076,0.0,0.0,0.0,0.0
lung->heart,S100A12,TLR4,neutrophil,cardiac endothelial cell,0.0,0.0,0.0052925910619474,0.0074566958003582,0.0,0.0,0.0,0.0
lung->heart,S100A12,TLR4,plasma cell,cardiac fibroblast,0.0,0.0,0.0128954310997191,0.0153205854545076,0.0,0.0,0.0,0.0
lung->heart,S100A12,TLR4,plasma cell,cardiac endothelial cell,0.0,0.0,0.0052925910619474,0.0074566958003582,0.0,0.0,0.0,0.0
lung->heart,S100A12,TLR4,leukocyte,cardiac fibroblast,0.0,0.0,0.0128954310997191,0.0153205854545076,0.0,0.0,0.0,0.0
lung->heart,S100A12,TLR4,leukocyte,cardiac endothelial cell,0.0,0.0,0.0052925910619474,0.0074566958003582,0.0,0.0,0.0,0.0
lung->heart,S100A12,TLR4,endothelial cell of lymphatic vessel,cardiac fibroblast,0.0,0.0,0.0128954310997191,0.0153205854545076,0.0,0.0,0.0,0.0
lung->heart,S100A12,TLR4,endothelial cell of lymphatic vessel,cardiac endothelial cell,0.0,0.0,0.0052925910619474,0.0074566958003582,0.0,0.0,0.0,0.0
lung->heart,SPP1,ITGAV,"CD4-positive, alpha-beta T cell",cardiac fibroblast,0.0864112881401566,0.0695370624604523,0.0,0.0,0.0,0.0,0.0,0.0
lung->heart,SPP1,ITGAV,"CD4-positive, alpha-beta T cell",cardiac endothelial cell,0.0864112881401566,0.0695370624604523,0.0,0.0,0.0,0.0,0.0,0.0
lung->heart,SPP1,ITGAV,natural killer cell,cardiac fibroblast,0.064577949266557,0.0512992146618307,0.0,0.0,0.0,0.0,0.0,0.0
lung->heart,SPP1,ITGAV,natural killer cell,cardiac endothelial cell,0.064577949266557,0.0512992146618307,0.0,0.0,0.0,0.0,0.0,0.0
lung->heart,SPP1,ITGAV,capillary endothelial cell,cardiac fibroblast,0.1595442797953107,0.1547143814821846,0.0,0.0,0.0,0.0,0.0,0.0
lung->heart,SPP1,ITGAV,capillary endothelial cell,cardiac endothelial cell,0.1595442797953107,0.1547143814821846,0.0,0.0,0.0,0.0,0.0,0.0
lung->heart,SPP1,ITGAV,macrophage,cardiac fibroblast,0.0578585796925489,0.0570554832470296,0.0,0.0,0.0,0.0,0.0,0.0
lung->heart,SPP1,ITGAV,macrophage,cardiac endothelial cell,0.0578585796925489,0.0570554832470296,0.0,0.0,0.0,0.0,0.0,0.0
lung->heart,SPP1,ITGAV,"CD8-positive, alpha-beta T cell",cardiac fibroblast,0.0674941168329529,0.0710680846944952,0.0,0.0,0.0,0.0,0.0,0.0
lung->heart,SPP1,ITGAV,"CD8-positive, alpha-beta T cell",cardiac endothelial cell,0.0674941168329529,0.0710680846944952,0.0,0.0,0.0,0.0,0.0,0.0
lung->heart,SPP1,ITGAV,monocyte,cardiac fibroblast,0.0916367472697436,0.0761614671503201,0.0,0.0,0.0,0.0,0.0,0.0
lung->heart,SPP1,ITGAV,monocyte,cardiac endothelial cell,0.0916367472697436,0.0761614671503201,0.0,0.0,0.0,0.0,0.0,0.0
lung->heart,SPP1,ITGAV,fibroblast,cardiac fibroblast,0.2427204186028786,0.2858098769680536,0.0,0.0,0.0,0.0,0.0,0.0
lung->heart,SPP1,ITGAV,fibroblast,cardiac endothelial cell,0.2427204186028786,0.2858098769680536,0.0,0.0,0.0,0.0,0.0,0.0
lung->heart,SPP1,ITGAV,conventional dendritic cell,cardiac fibroblast,0.1037405489262988,0.0789452276208194,0.0,0.0,0.0,0.0,0.0,0.0
lung->heart,SPP1,ITGAV,conventional dendritic cell,cardiac endothelial cell,0.1037405489262988,0.0789452276208194,0.0,0.0,0.0,0.0,0.0,0.0
lung->heart,SPP1,ITGAV,mast cell,cardiac fibroblast,0.1081725631499643,0.0983970639043303,0.0,0.0,0.0,0.0,0.0,0.0
lung->heart,SPP1,ITGAV,mast cell,cardiac endothelial cell,0.1081725631499643,0.0983970639043303,0.0,0.0,0.0,0.0,0.0,0.0
lung->heart,SPP1,ITGAV,pulmonary alveolar type 2 cell,cardiac fibroblast,0.138814051327078,0.1872841362568346,0.0,0.0,0.0,0.0,0.0,0.0
lung->heart,SPP1,ITGAV,pulmonary alveolar type 2 cell,cardiac endothelial cell,0.138814051327078,0.1872841362568346,0.0,0.0,0.0,0.0,0.0,0.0
lung->heart,SPP1,ITGAV,vein endothelial cell,cardiac fibroblast,0.2559046622981315,0.2762076656352465,0.0,0.0,0.0,0.0,0.0,0.0
lung->heart,SPP1,ITGAV,vein endothelial cell,cardiac endothelial cell,0.2559046622981315,0.2762076656352465,0.0,0.0,0.0,0.0,0.0,0.0
lung->heart,SPP1,ITGAV,lung multiciliated epithelial cell,cardiac fibroblast,0.0573654161234017,0.0537815013296081,0.0,0.0,0.0,0.0,0.0,0.0
lung->heart,SPP1,ITGAV,lung multiciliated epithelial cell,cardiac endothelial cell,0.0573654161234017,0.0537815013296081,0.0,0.0,0.0,0.0,0.0,0.0
lung->heart,SPP1,ITGAV,smooth muscle cell,cardiac fibroblast,0.1671759359910053,0.1857800279478262,0.0,0.0,0.0,0.0,0.0,0.0
lung->heart,SPP1,ITGAV,smooth muscle cell,cardiac endothelial cell,0.1671759359910053,0.1857800279478262,0.0,0.0,0.0,0.0,0.0,0.0
lung->heart,SPP1,ITGAV,endothelial cell,cardiac fibroblast,0.2139741754941878,0.2166699216252446,0.0,0.0,0.0,0.0,0.0,0.0
lung->heart,SPP1,ITGAV,endothelial cell,cardiac endothelial cell,0.2139741754941878,0.2166699216252446,0.0,0.0,0.0,0.0,0.0,0.0
lung->heart,SPP1,ITGAV,B cell,cardiac fibroblast,0.079774534640635,0.1048032505902243,0.0,0.0,0.0,0.0,0.0,0.0
lung->heart,SPP1,ITGAV,B cell,cardiac endothelial cell,0.079774534640635,0.1048032505902243,0.0,0.0,0.0,0.0,0.0,0.0
lung->heart,SPP1,ITGAV,pulmonary alveolar type 1 cell,cardiac fibroblast,0.1641159054708863,0.1426073660451987,0.0,0.0,0.0,0.0,0.0,0.0
lung->heart,SPP1,ITGAV,pulmonary alveolar type 1 cell,cardiac endothelial cell,0.1641159054708863,0.1426073660451987,0.0,0.0,0.0,0.0,0.0,0.0
lung->heart,SPP1,ITGAV,club cell,cardiac fibroblast,0.1169670762307912,0.1277992757437628,0.0,0.0,0.0,0.0,0.0,0.0
lung->heart,SPP1,ITGAV,club cell,cardiac endothelial cell,0.1169670762307912,0.1277992757437628,0.0,0.0,0.0,0.0,0.0,0.0
lung->heart,SPP1,ITGAV,neutrophil,cardiac fibroblast,0.0576788233505075,0.0037944357995311,0.0,0.0,0.0,0.0,0.0,0.0
lung->heart,SPP1,ITGAV,neutrophil,cardiac endothelial cell,0.0576788233505075,0.0037944357995311,0.0,0.0,0.0,0.0,0.0,0.0
lung->heart,SPP1,ITGAV,plasma cell,cardiac fibroblast,0.2195873258944079,0.1391328243036971,0.0,0.0,0.0,0.0,0.0,0.0
lung->heart,SPP1,ITGAV,plasma cell,cardiac endothelial cell,0.2195873258944079,0.1391328243036971,0.0,0.0,0.0,0.0,0.0,0.0
lung->heart,SPP1,ITGAV,leukocyte,cardiac fibroblast,0.0825236222035777,0.0565891978923222,0.0,0.0,0.0,0.0,0.0,0.0
lung->heart,SPP1,ITGAV,leukocyte,cardiac endothelial cell,0.0825236222035777,0.0565891978923222,0.0,0.0,0.0,0.0,0.0,0.0
lung->heart,SPP1,ITGAV,endothelial cell of lymphatic vessel,cardiac fibroblast,0.196255302895905,0.3072792769504271,0.0,0.0,0.0,0.0,0.0,0.0
lung->heart,SPP1,ITGAV,endothelial cell of lymphatic vessel,cardiac endothelial cell,0.196255302895905,0.3072792769504271,0.0,0.0,0.0,0.0,0.0,0.0
lung->heart,SPP1,CD44,"CD4-positive, alpha-beta T cell",cardiac fibroblast,0.0864112881401566,0.0695370624604523,0.0806142750968525,0.1111883765154381,0.0069659833536039,0.0077317130826303,0.0007657297290263,0.1504405675378163
lung->heart,SPP1,CD44,"CD4-positive, alpha-beta T cell",cardiac endothelial cell,0.0864112881401566,0.0695370624604523,0.0526917735115475,0.0476525903914434,0.0045531640235222,0.0033136211544521,-0.00123954286907,-0.4583422662237105
lung->heart,SPP1,CD44,"CD4-positive, alpha-beta T cell",cardiac macrophage,0.0864112881401566,0.0695370624604523,0.0446116005808486,0.0081917152870085,0.0038549458721852,0.0005696278175709,-0.0032853180546143,-2.756462816111072
lung->heart,SPP1,CD44,natural killer cell,cardiac fibroblast,0.064577949266557,0.0512992146618307,0.0806142750968525,0.1111883765154381,0.0052059045673648,0.0057038763947659,0.0004979718274011,0.1317696634460543
lung->heart,SPP1,CD44,natural killer cell,cardiac endothelial cell,0.064577949266557,0.0512992146618307,0.0526917735115475,0.0476525903914434,0.0034027266765936,0.0024445404636829,-0.0009581862129106,-0.476961855932587
lung->heart,SPP1,CD44,natural killer cell,cardiac macrophage,0.064577949266557,0.0512992146618307,0.0446116005808486,0.0081917152870085,0.0028809256790099,0.0004202285609568,-0.002460697118053,-2.774357965622832
lung->heart,SPP1,CD44,capillary endothelial cell,cardiac fibroblast,0.1595442797953107,0.1547143814821846,0.0806142750968525,0.1111883765154381,0.0128615464615483,0.0172024409005942,0.0043408944390458,0.4195208622391956
lung->heart,SPP1,CD44,capillary endothelial cell,cardiac endothelial cell,0.1595442797953107,0.1547143814821846,0.0526917735115475,0.0476525903914434,0.0084066710560374,0.007372541048436,-0.0010341300076014,-0.1893486045088548
lung->heart,SPP1,CD44,capillary endothelial cell,cardiac macrophage,0.1595442797953107,0.1547143814821846,0.0446116005808486,0.0081917152870085,0.0071175256851875,0.0012673761639076,-0.0058501495212798,-2.488595805364775
lung->heart,SPP1,CD44,macrophage,cardiac fibroblast,0.0578585796925489,0.0570554832470296,0.0806142750968525,0.1111883765154381,0.0046642274600483,0.006343906553541,0.0016796790934926,0.4436514929942251
lung->heart,SPP1,CD44,macrophage,cardiac endothelial cell,0.0578585796925489,0.0570554832470296,0.0526917735115475,0.0476525903914434,0.0030486711768596,0.0027188415727565,-0.000329829604103,-0.1651310772809471
lung->heart,SPP1,CD44,macrophage,cardiac macrophage,0.0578585796925489,0.0570554832470296,0.0446116005808486,0.0081917152870085,0.0025811638474191,0.0004673822743223,-0.0021137815730968,-2.4628221636875565
lung->heart,SPP1,CD44,"CD8-positive, alpha-beta T cell",cardiac fibroblast,0.0674941168329529,0.0710680846944952,0.0806142750968525,0.1111883765154381,0.0054409893017907,0.0079019449592425,0.0024609556574518,0.5382562399780431
lung->heart,SPP1,CD44,"CD8-positive, alpha-beta T cell",cardiac endothelial cell,0.0674941168329529,0.0710680846944952,0.0526917735115475,0.0476525903914434,0.0035563847175238,0.0033865783298511,-0.0001698063876726,-0.0705626989650904
lung->heart,SPP1,CD44,"CD8-positive, alpha-beta T cell",cardiac macrophage,0.0674941168329529,0.0710680846944952,0.0446116005808486,0.0081917152870085,0.0030110205817088,0.0005821695158103,-0.0024288510658985,-2.3687444159217086
lung->heart,SPP1,CD44,monocyte,cardiac fibroblast,0.0916367472697436,0.0761614671503201,0.0806142750968525,0.1111883765154381,0.0073872299533838,0.0084682698854779,0.001081039932094,0.1970088339232279
lung->heart,SPP1,CD44,monocyte,cardiac endothelial cell,0.0916367472697436,0.0761614671503201,0.0526917735115475,0.0476525903914434,0.0048285027324722,0.0036292911977255,-0.0011992115347466,-0.4117893740487419
lung->heart,SPP1,CD44,monocyte,cardiac macrophage,0.0916367472697436,0.0761614671503201,0.0446116005808486,0.0081917152870085,0.0040880619677259,0.0006238930547362,-0.0034641689129896,-2.71008871564308
lung->heart,SPP1,CD44,fibroblast,cardiac fibroblast,0.2427204186028786,0.2858098769680536,0.0806142750968525,0.1111883765154381,0.0195667305968756,0.0317787362121549,0.0122120056152793,0.6996307031526025
lung->heart,SPP1,CD44,fibroblast,cardiac endothelial cell,0.2427204186028786,0.2858098769680536,0.0526917735115475,0.0476525903914434,0.0127893693236509,0.0136195809969875,0.0008302116733366,0.0907303211595507
lung->heart,SPP1,CD44,fibroblast,cardiac macrophage,0.2427204186028786,0.2858098769680536,0.0446116005808486,0.0081917152870085,0.010828146367528,0.0023412731383372,-0.0084868732291907,-2.208938296615891
lung->heart,SPP1,CD44,conventional dendritic cell,cardiac fibroblast,0.1037405489262988,0.0789452276208194,0.0806142750968525,0.1111883765154381,0.0083629691498431,0.0087777916928006,0.0004148225429574,0.0698346411986739
lung->heart,SPP1,CD44,conventional dendritic cell,cardiac endothelial cell,0.1037405489262988,0.0789452276208194,0.0526917735115475,0.0476525903914434,0.0054662735079881,0.0037619445951741,-0.0017043289128139,-0.5389595025601285
lung->heart,SPP1,CD44,conventional dendritic cell,cardiac macrophage,0.1037405489262988,0.0789452276208194,0.0446116005808486,0.0081917152870085,0.004628031932738,0.0006466968279378,-0.0039813351048001,-2.83731993121062
lung->heart,SPP1,CD44,mast cell,cardiac fibroblast,0.1081725631499643,0.0983970639043303,0.0806142750968525,0.1111883765154381,0.0087202527637028,0.0109406097894083,0.0022203570257054,0.327217720100336
lung->heart,SPP1,CD44,mast cell,cardiac endothelial cell,0.1081725631499643,0.0983970639043303,0.0526917735115475,0.0476525903914434,0.0056998041976614,0.0046888749819537,-0.0010109292157077,-0.2816159855644387
lung->heart,SPP1,CD44,mast cell,cardiac macrophage,0.1081725631499643,0.0983970639043303,0.0446116005808486,0.0081917152870085,0.0048257511810528,0.0008060407325818,-0.0040197104484709,-2.5803390623110927
lung->heart,SPP1,CD44,pulmonary alveolar type 2 cell,cardiac fibroblast,0.138814051327078,0.1872841362568346,0.0806142750968525,0.1111883765154381,0.0111903941209896,0.0208238190574935,0.0096334249365038,0.8959141951756093
lung->heart,SPP1,CD44,pulmonary alveolar type 2 cell,cardiac endothelial cell,0.138814051327078,0.1872841362568346,0.0526917735115475,0.0476525903914434,0.0073143585527467,0.0089245742318622,0.0016102156791154,0.2870164108180851
lung->heart,SPP1,CD44,pulmonary alveolar type 2 cell,cardiac macrophage,0.138814051327078,0.1872841362568346,0.0446116005808486,0.0081917152870085,0.006192717012813,0.0015341783219893,-0.0046585386908237,-2.012399223932987
lung->heart,SPP1,CD44,vein endothelial cell,cardiac fibroblast,0.2559046622981315,0.2762076656352465,0.0806142750968525,0.1111883765154381,0.0206295688450687,0.030711081923102,0.0100815130780333,0.5740227125361177
lung->heart,SPP1,CD44,vein endothelial cell,cardiac endothelial cell,0.2559046622981315,0.2762076656352465,0.0526917735115475,0.0476525903914434,0.0134840705063622,0.0131620107534931,-0.000322059752869,-0.0348735526414471
lung->heart,SPP1,CD44,vein endothelial cell,cardiac macrophage,0.2559046622981315,0.2762076656352465,0.0446116005808486,0.0081917152870085,0.0114163165812211,0.0022626145569732,-0.0091537020242479,-2.33452338762268
lung->heart,SPP1,CD44,lung multiciliated epithelial cell,cardiac fibroblast,0.0573654161234017,0.0537815013296081,0.0806142750968525,0.1111883765154381,0.0046244714364173,0.005979877819402,0.0013554063829846,0.3707568305422686
lung->heart,SPP1,CD44,lung multiciliated epithelial cell,cardiac endothelial cell,0.0573654161234017,0.0537815013296081,0.0526917735115475,0.0476525903914434,0.0030226855137699,0.0025628278534966,-0.0004598576602732,-0.2380086997168823
lung->heart,SPP1,CD44,lung multiciliated epithelial cell,cardiac macrophage,0.0573654161234017,0.0537815013296081,0.0446116005808486,0.0081917152870085,0.0025591630312513,0.0004405627466,-0.0021186002846513,-2.535545317747066
lung->heart,SPP1,CD44,smooth muscle cell,cardiac fibroblast,0.1671759359910053,0.1857800279478262,0.0806142750968525,0.1111883765154381,0.0134767668935527,0.0206565796965115,0.0071798128029588,0.6160897548332681
lung->heart,SPP1,CD44,smooth muscle cell,cardiac endothelial cell,0.1671759359910053,0.1857800279478262,0.0526917735115475,0.0476525903914434,0.008808796555819,0.0088528995747086,4.410301888964872e-05,0.0072043063229809
lung->heart,SPP1,CD44,smooth muscle cell,cardiac macrophage,0.1671759359910053,0.1857800279478262,0.0446116005808486,0.0081917152870085,0.0074579860831602,0.001521857094961,-0.0059361289881991,-2.292198969457852
lung->heart,SPP1,CD44,endothelial cell,cardiac fibroblast,0.2139741754941878,0.2166699216252446,0.0806142750968525,0.1111883765154381,0.0172493730469106,0.0240911768252381,0.0068418037783275,0.4819371916314701
lung->heart,SPP1,CD44,endothelial cell,cardiac endothelial cell,0.2139741754941878,0.2166699216252446,0.0526917735115475,0.0476525903914434,0.0112746787924598,0.0103248830253539,-0.0009497957671059,-0.1269491258710499
lung->heart,SPP1,CD44,endothelial cell,cardiac macrophage,0.2139741754941878,0.2166699216252446,0.0446116005808486,0.0081917152870085,0.0095457304517631,0.0017748983092124,-0.0077708321425506,-2.426457752938928
lung->heart,SPP1,CD44,B cell,cardiac fibroblast,0.079774534640635,0.1048032505902243,0.0806142750968525,0.1111883765154381,0.0064309662812435,0.0116529032866676,0.0052219370054241,0.8574814947138866
lung->heart,SPP1,CD44,B cell,cardiac endothelial cell,0.079774534640635,0.1048032505902243,0.0526917735115475,0.0476525903914434,0.0042034617112734,0.0049941463720677,0.0007906846607943,0.2486058467499974
lung->heart,SPP1,CD44,B cell,cardiac macrophage,0.079774534640635,0.1048032505902243,0.0446116005808486,0.0081917152870085,0.003558869675911,0.0008585183899881,-0.0027003512859229,-2.0502240136028136
lung->heart,SPP1,CD44,pulmonary alveolar type 1 cell,cardiac fibroblast,0.1641159054708863,0.1426073660451987,0.0806142750968525,0.1111883765154381,0.013230084751399,0.0158562815097084,0.0026261967583093,0.2612141181487352
lung->heart,SPP1,CD44,pulmonary alveolar type 1 cell,cardiac endothelial cell,0.1641159054708863,0.1426073660451987,0.0526917735115475,0.0476525903914434,0.0086475581207144,0.0067956104009544,-0.0018519477197599,-0.3476442018435657
lung->heart,SPP1,CD44,pulmonary alveolar type 1 cell,cardiac macrophage,0.1641159054708863,0.1426073660451987,0.0446116005808486,0.0081917152870085,0.0073214732238314,0.0011681989404724,-0.006153274283359,-2.6468105857077937
lung->heart,SPP1,CD44,club cell,cardiac fibroblast,0.1169670762307912,0.1277992757437628,0.0806142750968525,0.1111883765154381,0.0094292160605435,0.0142097939897977,0.0047805779292542,0.5916244328063188
lung->heart,SPP1,CD44,club cell,cardiac endothelial cell,0.1169670762307912,0.1277992757437628,0.0526917735115475,0.0476525903914434,0.0061632026890607,0.0060899665393406,-7.323614972011214e-05,-0.0172431217902653
lung->heart,SPP1,CD44,club cell,cardiac macrophage,0.1169670762307912,0.1277992757437628,0.0446116005808486,0.0081917152870085,0.0052180884859177,0.0010468952807788,-0.0041711932051389,-2.316303310659864
lung->heart,SPP1,CD44,neutrophil,cardiac fibroblast,0.0576788233505075,0.0037944357995311,0.0806142750968525,0.1111883765154381,0.0046497365328405,0.0004218971563419,-0.0042278393764986,-3.4590804480954183
lung->heart,SPP1,CD44,neutrophil,cardiac endothelial cell,0.0576788233505075,0.0037944357995311,0.0526917735115475,0.0476525903914434,0.0030391994963975,0.0001808146949216,-0.0028583848014758,-4.063625282523114
lung->heart,SPP1,CD44,neutrophil,cardiac macrophage,0.0576788233505075,0.0037944357995311,0.0446116005808486,0.0081917152870085,0.0025731446292861,3.1082937744591585e-05,-0.0025420616915415,-6.326143052596798
lung->heart,SPP1,CD44,plasma cell,cardiac fibroblast,0.2195873258944079,0.1391328243036971,0.0806142750968525,0.1111883765154381,0.017701873097434,0.0154699528543357,-0.0022319202430982,-0.1944214673311486
lung->heart,SPP1,CD44,plasma cell,cardiac endothelial cell,0.2195873258944079,0.1391328243036971,0.0526917735115475,0.0476525903914434,0.0115704456420345,0.0066300394865487,-0.0049404061554857,-0.8032621631586176
lung->heart,SPP1,CD44,plasma cell,cardiac macrophage,0.2195873258944079,0.1391328243036971,0.0446116005808486,0.0081917152870085,0.0097961420754179,0.0011397364837732,-0.0086564055916446,-3.102395402142637
lung->heart,SPP1,CD44,leukocyte,cardiac fibroblast,0.0825236222035777,0.0565891978923222,0.0806142750968525,0.1111883765154381,0.0066525819823079,0.0062920610419581,-0.0003605209403497,-0.0803692934118923
lung->heart,SPP1,CD44,leukocyte,cardiac endothelial cell,0.0825236222035777,0.0565891978923222,0.0526917735115475,0.0476525903914434,0.0043483160105034,0.0026966218677431,-0.0016516941427602,-0.6891003988854495
lung->heart,SPP1,CD44,leukocyte,cardiac macrophage,0.0825236222035777,0.0565891978923222,0.0446116005808486,0.0081917152870085,0.0036815108722308,0.000463562597454,-0.0032179482747767,-2.986744874015524
lung->heart,SPP1,CD44,endothelial cell of lymphatic vessel,cardiac fibroblast,0.196255302895905,0.3072792769504271,0.0806142750968525,0.1111883765154381,0.0158209789768666,0.0341658839409556,0.018344904964089,1.110668618236773
lung->heart,SPP1,CD44,endothelial cell of lymphatic vessel,cardiac endothelial cell,0.196255302895905,0.3072792769504271,0.0526917735115475,0.0476525903914434,0.0103410399706311,0.0146426535202976,0.0043016135496664,0.5017547581520501
lung->heart,SPP1,CD44,endothelial cell of lymphatic vessel,cardiac macrophage,0.196255302895905,0.3072792769504271,0.0446116005808486,0.0081917152870085,0.0087552631846655,0.0025171443503757,-0.0062381188342898,-1.7979543312382904
lung->heart,SPP1,ITGB1,"CD4-positive, alpha-beta T cell",cardiac fibroblast,0.0864112881401566,0.0695370624604523,0.0033796110976818,0.0039300875846291,0.0002920365483634,0.0002732867458474,-1.874980251605679e-05,-0.0953957033553371
lung->heart,SPP1,ITGB1,"CD4-positive, alpha-beta T cell",cardiac endothelial cell,0.0864112881401566,0.0695370624604523,0.0057863978026984,0.0050084366136919,0.0005000100878225,0.0003482719696355,-0.000151738118187,-0.5204887865552709
lung->heart,SPP1,ITGB1,natural killer cell,cardiac fibroblast,0.064577949266557,0.0512992146618307,0.0033796110976818,0.0039300875846291,0.0002182483540067,0.0002016104066436,-1.663794736310876e-05,-0.1138577348276037
lung->heart,SPP1,ITGB1,natural killer cell,cardiac endothelial cell,0.064577949266557,0.0512992146618307,0.0057863978026984,0.0050084366136919,0.0003736737037387,0.0002569288649659,-0.0001167448387728,-0.5386614915031744
lung->heart,SPP1,ITGB1,capillary endothelial cell,cardiac fibroblast,0.1595442797953107,0.1547143814821846,0.0033796110976818,0.0039300875846291,0.0005391976185678,0.0006080410698267,6.884345125881164e-05,0.1730522377024519
lung->heart,SPP1,ITGB1,capillary endothelial cell,cardiac endothelial cell,0.1595442797953107,0.1547143814821846,0.0057863978026984,0.0050084366136919,0.0009231866700406,0.00077487717288,-0.0001483094971606,-0.2523559998695414
lung->heart,SPP1,ITGB1,macrophage,cardiac fibroblast,0.0578585796925489,0.0570554832470296,0.0033796110976818,0.0039300875846291,0.000195539498025,0.0002242330463441,2.8693548319115902e-05,0.1965992398931176
lung->heart,SPP1,ITGB1,macrophage,cardiac endothelial cell,0.0578585796925489,0.0570554832470296,0.0057863978026984,0.0050084366136919,0.0003347927584002,0.0002857587713063,-4.903398709390404e-05,-0.2277335021934135
lung->heart,SPP1,ITGB1,"CD8-positive, alpha-beta T cell",cardiac fibroblast,0.0674941168329529,0.0710680846944952,0.0033796110976818,0.0039300875846291,0.0002281038662768,0.0002793037973212,5.119993104432127e-05,0.2909894836615404
lung->heart,SPP1,ITGB1,"CD8-positive, alpha-beta T cell",cardiac endothelial cell,0.0674941168329529,0.0710680846944952,0.0057863978026984,0.0050084366136919,0.0003905478093372,0.0003559399974488,-3.4607811888396874e-05,-0.1335069024992587
lung->heart,SPP1,ITGB1,monocyte,cardiac fibroblast,0.0916367472697436,0.0761614671503201,0.0033796110976818,0.0039300875846291,0.0003096965680282,0.0002993212364746,-1.0375331553684106e-05,-0.0489998103381619
lung->heart,SPP1,ITGB1,monocyte,cardiac endothelial cell,0.0916367472697436,0.0761614671503201,0.0057863978026984,0.0050084366136919,0.000530246673048,0.0003814498806281,-0.0001487967924199,-0.4741112036436627
lung->heart,SPP1,ITGB1,fibroblast,cardiac fibroblast,0.2427204186028786,0.2858098769680536,0.0033796110976818,0.0039300875846291,0.0008203006203442,0.0011232578490365,0.0003029572286922,0.452990663372121
lung->heart,SPP1,ITGB1,fibroblast,cardiac endothelial cell,0.2427204186028786,0.2858098769680536,0.0057863978026984,0.0050084366136919,0.0014044768968737,0.0014314606523615,2.6983755487861028e-05,0.0274357717662972
lung->heart,SPP1,ITGB1,conventional dendritic cell,cardiac fibroblast,0.1037405489262988,0.0789452276208194,0.0033796110976818,0.0039300875846291,0.0003506027104309,0.0003102616589383,-4.034105149262792e-05,-0.1758183146862173
lung->heart,SPP1,ITGB1,conventional dendritic cell,cardiac endothelial cell,0.1037405489262988,0.0789452276208194,0.0057863978026984,0.0050084366136919,0.0006002840843578,0.0003953921684923,-0.0002048919158655,-0.6011183122103064
lung->heart,SPP1,ITGB1,mast cell,cardiac fibroblast,0.1081725631499643,0.0983970639043303,0.0033796110976818,0.0039300875846291,0.0003655811948863,0.0003867090792143,2.1127884328052917e-05,0.08084174043898
lung->heart,SPP1,ITGB1,mast cell,cardiac endothelial cell,0.1081725631499643,0.0983970639043303,0.0057863978026984,0.0050084366136919,0.0006259294817232,0.0004928154575382,-0.0001331140241849,-0.3443311781434908
lung->heart,SPP1,ITGB1,pulmonary alveolar type 2 cell,cardiac fibroblast,0.138814051327078,0.1872841362568346,0.0033796110976818,0.0039300875846291,0.0004691375083791,0.0007360430587009,0.0002669055503217,0.6486661194746393
lung->heart,SPP1,ITGB1,pulmonary alveolar type 2 cell,cardiac endothelial cell,0.138814051327078,0.1872841362568346,0.0057863978026984,0.0050084366136919,0.0008032333215826,0.0009380007251924,0.0001347674036097,0.2235121599043582
lung->heart,SPP1,ITGB1,vein endothelial cell,cardiac fibroblast,0.2559046622981315,0.2762076656352465,0.0033796110976818,0.0039300875846291,0.0008648582366513,0.0010855203174924,0.0002206620808411,0.3275124096155054
lung->heart,SPP1,ITGB1,vein endothelial cell,cardiac endothelial cell,0.2559046622981315,0.2762076656352465,0.0057863978026984,0.0050084366136919,0.0014807661756221,0.0013833685855499,-9.73975900722293e-05,-0.0980896977173082
lung->heart,SPP1,ITGB1,lung multiciliated epithelial cell,cardiac fibroblast,0.0573654161234017,0.0537815013296081,0.0033796110976818,0.0039300875846291,0.0001938727969537,0.0002113660106582,1.7493213704419737e-05,0.1240201668985415
lung->heart,SPP1,ITGB1,lung multiciliated epithelial cell,cardiac endothelial cell,0.0573654161234017,0.0537815013296081,0.0057863978026984,0.0050084366136919,0.0003319391178073,0.0002693612403985,-6.257787740879896e-05,-0.3003700476953645
lung->heart,SPP1,ITGB1,smooth muscle cell,cardiac fibroblast,0.1671759359910053,0.1857800279478262,0.0033796110976818,0.0039300875846291,0.0005649896485405,0.0007301317813098,0.0001651421327692,0.3693557974896052
lung->heart,SPP1,ITGB1,smooth muscle cell,cardiac endothelial cell,0.1671759359910053,0.1857800279478262,0.0057863978026984,0.0050084366136919,0.0009673464686824,0.0009304674940666,-3.6878974615793406e-05,-0.0560179041604086
lung->heart,SPP1,ITGB1,endothelial cell,cardiac fibroblast,0.2139741754941878,0.2166699216252446,0.0033796110976818,0.0039300875846291,0.0007231494981174,0.0008515317689419,0.0001283822708244,0.2354660286869999
lung->heart,SPP1,ITGB1,endothelial cell,cardiac endothelial cell,0.2139741754941878,0.2166699216252446,0.0057863978026984,0.0050084366136919,0.0012381396989137,0.0010851775685536,-0.0001529621303601,-0.1900788695786652
lung->heart,SPP1,ITGB1,B cell,cardiac fibroblast,0.079774534640635,0.1048032505902243,0.0033796110976818,0.0039300875846291,0.0002696069025838,0.0004118859539734,0.0001422790513895,0.6095447003538691
lung->heart,SPP1,ITGB1,B cell,cardiac endothelial cell,0.079774534640635,0.1048032505902243,0.0057863978026984,0.0050084366136919,0.0004616071919558,0.00052490043749,6.329324553415558e-05,0.185002001868832
lung->heart,SPP1,ITGB1,pulmonary alveolar type 1 cell,cardiac fibroblast,0.1641159054708863,0.1426073660451987,0.0033796110976818,0.0039300875846291,0.0005546479354355,0.0005604594387708,5.811503335377598e-06,0.0150107373255991
lung->heart,SPP1,ITGB1,pulmonary alveolar type 1 cell,cardiac endothelial cell,0.1641159054708863,0.1426073660451987,0.0057863978026984,0.0050084366136919,0.0009496399148045,0.0007142399534829,-0.0002353999613216,-0.4104716497049208
lung->heart,SPP1,ITGB1,club cell,cardiac fibroblast,0.1169670762307912,0.1277992757437628,0.0033796110976818,0.0039300875846291,0.0003953032288929,0.0005022623469251,0.0001069591180321,0.3447059405793779
lung->heart,SPP1,ITGB1,club cell,cardiac endothelial cell,0.1169670762307912,0.1277992757437628,0.0057863978026984,0.0050084366136919,0.0006768180328899,0.0006400745718383,-3.674346105153061e-05,-0.0804058337645568
lung->heart,SPP1,ITGB1,neutrophil,cardiac fibroblast,0.0576788233505075,0.0037944357995311,0.0033796110976818,0.0039300875846291,0.0001949319914966,1.4912465026409504e-05,-0.0001800195264701,-3.622123729649771
lung->heart,SPP1,ITGB1,neutrophil,cardiac endothelial cell,0.0576788233505075,0.0037944357995311,0.0057863978026984,0.0050084366136919,0.0003337526166976,1.900419118667512e-05,-0.0003147484255109,-4.064721129216119
lung->heart,SPP1,ITGB1,plasma cell,cardiac fibroblast,0.2195873258944079,0.1391328243036971,0.0033796110976818,0.0039300875846291,0.000742119763503,0.0005468041854103,-0.0001953155780926,-0.4399344499761292
lung->heart,SPP1,ITGB1,plasma cell,cardiac endothelial cell,0.2195873258944079,0.1391328243036971,0.0057863978026984,0.0050084366136919,0.0012706196200558,0.000696837931409,-0.0005737816886468,-0.8657032580200432
lung->heart,SPP1,ITGB1,leukocyte,cardiac fibroblast,0.0825236222035777,0.0565891978923222,0.0033796110976818,0.0039300875846291,0.0002788977494201,0.0002224005040607,-5.64972453593826e-05,-0.3252674456564866
lung->heart,SPP1,ITGB1,leukocyte,cardiac endothelial cell,0.0825236222035777,0.0565891978923222,0.0057863978026984,0.0050084366136919,0.0004775145061894,0.0002834234106633,-0.0001940910955261,-0.7505224438223402
lung->heart,SPP1,ITGB1,endothelial cell of lymphatic vessel,cardiac fibroblast,0.196255302895905,0.3072792769504271,0.0033796110976818,0.0039300875846291,0.0006632665996459,0.0012076344713566,0.0005443678717107,0.8635437143040019
lung->heart,SPP1,ITGB1,endothelial cell of lymphatic vessel,cardiac endothelial cell,0.196255302895905,0.3072792769504271,0.0057863978026984,0.0050084366136919,0.0011356112534447,0.0015389887813073,0.0004033775278625,0.4381809365283644
lung->heart,FN1,ITGAV,"CD4-positive, alpha-beta T cell",cardiac fibroblast,0.0,0.0,0.0,0.0,0.0,0.0,0.0,0.0
lung->heart,FN1,ITGAV,"CD4-positive, alpha-beta T cell",cardiac endothelial cell,0.0,0.0,0.0,0.0,0.0,0.0,0.0,0.0
lung->heart,FN1,ITGAV,natural killer cell,cardiac fibroblast,0.0,0.0,0.0,0.0,0.0,0.0,0.0,0.0
lung->heart,FN1,ITGAV,natural killer cell,cardiac endothelial cell,0.0,0.0,0.0,0.0,0.0,0.0,0.0,0.0
lung->heart,FN1,ITGAV,capillary endothelial cell,cardiac fibroblast,0.0,0.0,0.0,0.0,0.0,0.0,0.0,0.0
lung->heart,FN1,ITGAV,capillary endothelial cell,cardiac endothelial cell,0.0,0.0,0.0,0.0,0.0,0.0,0.0,0.0
lung->heart,FN1,ITGAV,macrophage,cardiac fibroblast,0.0,0.0,0.0,0.0,0.0,0.0,0.0,0.0
lung->heart,FN1,ITGAV,macrophage,cardiac endothelial cell,0.0,0.0,0.0,0.0,0.0,0.0,0.0,0.0
lung->heart,FN1,ITGAV,"CD8-positive, alpha-beta T cell",cardiac fibroblast,0.0,0.0,0.0,0.0,0.0,0.0,0.0,0.0
lung->heart,FN1,ITGAV,"CD8-positive, alpha-beta T cell",cardiac endothelial cell,0.0,0.0,0.0,0.0,0.0,0.0,0.0,0.0
lung->heart,FN1,ITGAV,monocyte,cardiac fibroblast,0.0,0.0,0.0,0.0,0.0,0.0,0.0,0.0
lung->heart,FN1,ITGAV,monocyte,cardiac endothelial cell,0.0,0.0,0.0,0.0,0.0,0.0,0.0,0.0
lung->heart,FN1,ITGAV,fibroblast,cardiac fibroblast,0.0,0.0,0.0,0.0,0.0,0.0,0.0,0.0
lung->heart,FN1,ITGAV,fibroblast,cardiac endothelial cell,0.0,0.0,0.0,0.0,0.0,0.0,0.0,0.0
lung->heart,FN1,ITGAV,conventional dendritic cell,cardiac fibroblast,0.0,0.0,0.0,0.0,0.0,0.0,0.0,0.0
lung->heart,FN1,ITGAV,conventional dendritic cell,cardiac endothelial cell,0.0,0.0,0.0,0.0,0.0,0.0,0.0,0.0
lung->heart,FN1,ITGAV,mast cell,cardiac fibroblast,0.0,0.0,0.0,0.0,0.0,0.0,0.0,0.0
lung->heart,FN1,ITGAV,mast cell,cardiac endothelial cell,0.0,0.0,0.0,0.0,0.0,0.0,0.0,0.0
lung->heart,FN1,ITGAV,pulmonary alveolar type 2 cell,cardiac fibroblast,0.0,0.0,0.0,0.0,0.0,0.0,0.0,0.0
lung->heart,FN1,ITGAV,pulmonary alveolar type 2 cell,cardiac endothelial cell,0.0,0.0,0.0,0.0,0.0,0.0,0.0,0.0
lung->heart,FN1,ITGAV,vein endothelial cell,cardiac fibroblast,0.0,0.0,0.0,0.0,0.0,0.0,0.0,0.0
lung->heart,FN1,ITGAV,vein endothelial cell,cardiac endothelial cell,0.0,0.0,0.0,0.0,0.0,0.0,0.0,0.0
lung->heart,FN1,ITGAV,lung multiciliated epithelial cell,cardiac fibroblast,0.0024182688561558,0.0,0.0,0.0,0.0,0.0,0.0,0.0
lung->heart,FN1,ITGAV,lung multiciliated epithelial cell,cardiac endothelial cell,0.0024182688561558,0.0,0.0,0.0,0.0,0.0,0.0,0.0
lung->heart,FN1,ITGAV,smooth muscle cell,cardiac fibroblast,0.0,0.0,0.0,0.0,0.0,0.0,0.0,0.0
lung->heart,FN1,ITGAV,smooth muscle cell,cardiac endothelial cell,0.0,0.0,0.0,0.0,0.0,0.0,0.0,0.0
lung->heart,FN1,ITGAV,endothelial cell,cardiac fibroblast,0.0,0.0,0.0,0.0,0.0,0.0,0.0,0.0
lung->heart,FN1,ITGAV,endothelial cell,cardiac endothelial cell,0.0,0.0,0.0,0.0,0.0,0.0,0.0,0.0
lung->heart,FN1,ITGAV,B cell,cardiac fibroblast,0.0,0.0,0.0,0.0,0.0,0.0,0.0,0.0
lung->heart,FN1,ITGAV,B cell,cardiac endothelial cell,0.0,0.0,0.0,0.0,0.0,0.0,0.0,0.0
lung->heart,FN1,ITGAV,pulmonary alveolar type 1 cell,cardiac fibroblast,0.0,0.0,0.0,0.0,0.0,0.0,0.0,0.0
lung->heart,FN1,ITGAV,pulmonary alveolar type 1 cell,cardiac endothelial cell,0.0,0.0,0.0,0.0,0.0,0.0,0.0,0.0
lung->heart,FN1,ITGAV,club cell,cardiac fibroblast,0.0,0.0,0.0,0.0,0.0,0.0,0.0,0.0
lung->heart,FN1,ITGAV,club cell,cardiac endothelial cell,0.0,0.0,0.0,0.0,0.0,0.0,0.0,0.0
lung->heart,FN1,ITGAV,neutrophil,cardiac fibroblast,0.0,0.0,0.0,0.0,0.0,0.0,0.0,0.0
lung->heart,FN1,ITGAV,neutrophil,cardiac endothelial cell,0.0,0.0,0.0,0.0,0.0,0.0,0.0,0.0
lung->heart,FN1,ITGAV,plasma cell,cardiac fibroblast,0.0,0.0,0.0,0.0,0.0,0.0,0.0,0.0
lung->heart,FN1,ITGAV,plasma cell,cardiac endothelial cell,0.0,0.0,0.0,0.0,0.0,0.0,0.0,0.0
lung->heart,FN1,ITGAV,leukocyte,cardiac fibroblast,0.0,0.0,0.0,0.0,0.0,0.0,0.0,0.0
lung->heart,FN1,ITGAV,leukocyte,cardiac endothelial cell,0.0,0.0,0.0,0.0,0.0,0.0,0.0,0.0
lung->heart,FN1,ITGAV,endothelial cell of lymphatic vessel,cardiac fibroblast,0.0,0.0,0.0,0.0,0.0,0.0,0.0,0.0
lung->heart,FN1,ITGAV,endothelial cell of lymphatic vessel,cardiac endothelial cell,0.0,0.0,0.0,0.0,0.0,0.0,0.0,0.0
lung->heart,FN1,ITGA5,"CD4-positive, alpha-beta T cell",cardiac fibroblast,0.0,0.0,0.0,2.1629239733507157e-05,0.0,0.0,0.0,0.0
lung->heart,FN1,ITGA5,"CD4-positive, alpha-beta T cell",cardiac endothelial cell,0.0,0.0,0.0,4.3628614368984895e-05,0.0,0.0,0.0,0.0
lung->heart,FN1,ITGA5,"CD4-positive, alpha-beta T cell",cardiac macrophage,0.0,0.0,0.0269241613029681,0.0286732449561816,0.0,0.0,0.0,0.0
lung->heart,FN1,ITGA5,natural killer cell,cardiac fibroblast,0.0,0.0,0.0,2.1629239733507157e-05,0.0,0.0,0.0,0.0
lung->heart,FN1,ITGA5,natural killer cell,cardiac endothelial cell,0.0,0.0,0.0,4.3628614368984895e-05,0.0,0.0,0.0,0.0
lung->heart,FN1,ITGA5,natural killer cell,cardiac macrophage,0.0,0.0,0.0269241613029681,0.0286732449561816,0.0,0.0,0.0,0.0
lung->heart,FN1,ITGA5,capillary endothelial cell,cardiac fibroblast,0.0,0.0,0.0,2.1629239733507157e-05,0.0,0.0,0.0,0.0
lung->heart,FN1,ITGA5,capillary endothelial cell,cardiac endothelial cell,0.0,0.0,0.0,4.3628614368984895e-05,0.0,0.0,0.0,0.0
lung->heart,FN1,ITGA5,capillary endothelial cell,cardiac macrophage,0.0,0.0,0.0269241613029681,0.0286732449561816,0.0,0.0,0.0,0.0
lung->heart,FN1,ITGA5,macrophage,cardiac fibroblast,0.0,0.0,0.0,2.1629239733507157e-05,0.0,0.0,0.0,0.0
lung->heart,FN1,ITGA5,macrophage,cardiac endothelial cell,0.0,0.0,0.0,4.3628614368984895e-05,0.0,0.0,0.0,0.0
lung->heart,FN1,ITGA5,macrophage,cardiac macrophage,0.0,0.0,0.0269241613029681,0.0286732449561816,0.0,0.0,0.0,0.0
lung->heart,FN1,ITGA5,"CD8-positive, alpha-beta T cell",cardiac fibroblast,0.0,0.0,0.0,2.1629239733507157e-05,0.0,0.0,0.0,0.0
lung->heart,FN1,ITGA5,"CD8-positive, alpha-beta T cell",cardiac endothelial cell,0.0,0.0,0.0,4.3628614368984895e-05,0.0,0.0,0.0,0.0
lung->heart,FN1,ITGA5,"CD8-positive, alpha-beta T cell",cardiac macrophage,0.0,0.0,0.0269241613029681,0.0286732449561816,0.0,0.0,0.0,0.0
lung->heart,FN1,ITGA5,monocyte,cardiac fibroblast,0.0,0.0,0.0,2.1629239733507157e-05,0.0,0.0,0.0,0.0
lung->heart,FN1,ITGA5,monocyte,cardiac endothelial cell,0.0,0.0,0.0,4.3628614368984895e-05,0.0,0.0,0.0,0.0
lung->heart,FN1,ITGA5,monocyte,cardiac macrophage,0.0,0.0,0.0269241613029681,0.0286732449561816,0.0,0.0,0.0,0.0
lung->heart,FN1,ITGA5,fibroblast,cardiac fibroblast,0.0,0.0,0.0,2.1629239733507157e-05,0.0,0.0,0.0,0.0
lung->heart,FN1,ITGA5,fibroblast,cardiac endothelial cell,0.0,0.0,0.0,4.3628614368984895e-05,0.0,0.0,0.0,0.0
lung->heart,FN1,ITGA5,fibroblast,cardiac macrophage,0.0,0.0,0.0269241613029681,0.0286732449561816,0.0,0.0,0.0,0.0
lung->heart,FN1,ITGA5,conventional dendritic cell,cardiac fibroblast,0.0,0.0,0.0,2.1629239733507157e-05,0.0,0.0,0.0,0.0
lung->heart,FN1,ITGA5,conventional dendritic cell,cardiac endothelial cell,0.0,0.0,0.0,4.3628614368984895e-05,0.0,0.0,0.0,0.0
lung->heart,FN1,ITGA5,conventional dendritic cell,cardiac macrophage,0.0,0.0,0.0269241613029681,0.0286732449561816,0.0,0.0,0.0,0.0
lung->heart,FN1,ITGA5,mast cell,cardiac fibroblast,0.0,0.0,0.0,2.1629239733507157e-05,0.0,0.0,0.0,0.0
lung->heart,FN1,ITGA5,mast cell,cardiac endothelial cell,0.0,0.0,0.0,4.3628614368984895e-05,0.0,0.0,0.0,0.0
lung->heart,FN1,ITGA5,mast cell,cardiac macrophage,0.0,0.0,0.0269241613029681,0.0286732449561816,0.0,0.0,0.0,0.0
lung->heart,FN1,ITGA5,pulmonary alveolar type 2 cell,cardiac fibroblast,0.0,0.0,0.0,2.1629239733507157e-05,0.0,0.0,0.0,0.0
lung->heart,FN1,ITGA5,pulmonary alveolar type 2 cell,cardiac endothelial cell,0.0,0.0,0.0,4.3628614368984895e-05,0.0,0.0,0.0,0.0
lung->heart,FN1,ITGA5,pulmonary alveolar type 2 cell,cardiac macrophage,0.0,0.0,0.0269241613029681,0.0286732449561816,0.0,0.0,0.0,0.0
lung->heart,FN1,ITGA5,vein endothelial cell,cardiac fibroblast,0.0,0.0,0.0,2.1629239733507157e-05,0.0,0.0,0.0,0.0
lung->heart,FN1,ITGA5,vein endothelial cell,cardiac endothelial cell,0.0,0.0,0.0,4.3628614368984895e-05,0.0,0.0,0.0,0.0
lung->heart,FN1,ITGA5,vein endothelial cell,cardiac macrophage,0.0,0.0,0.0269241613029681,0.0286732449561816,0.0,0.0,0.0,0.0
lung->heart,FN1,ITGA5,lung multiciliated epithelial cell,cardiac fibroblast,0.0024182688561558,0.0,0.0,2.1629239733507157e-05,0.0,0.0,0.0,0.0
lung->heart,FN1,ITGA5,lung multiciliated epithelial cell,cardiac endothelial cell,0.0024182688561558,0.0,0.0,4.3628614368984895e-05,0.0,0.0,0.0,0.0
lung->heart,FN1,ITGA5,lung multiciliated epithelial cell,cardiac macrophage,0.0024182688561558,0.0,0.0269241613029681,0.0286732449561816,6.510986075708466e-05,0.0,-6.510986075708466e-05,-6.04679357092189
lung->heart,FN1,ITGA5,smooth muscle cell,cardiac fibroblast,0.0,0.0,0.0,2.1629239733507157e-05,0.0,0.0,0.0,0.0
lung->heart,FN1,ITGA5,smooth muscle cell,cardiac endothelial cell,0.0,0.0,0.0,4.3628614368984895e-05,0.0,0.0,0.0,0.0
lung->heart,FN1,ITGA5,smooth muscle cell,cardiac macrophage,0.0,0.0,0.0269241613029681,0.0286732449561816,0.0,0.0,0.0,0.0
lung->heart,FN1,ITGA5,endothelial cell,cardiac fibroblast,0.0,0.0,0.0,2.1629239733507157e-05,0.0,0.0,0.0,0.0
lung->heart,FN1,ITGA5,endothelial cell,cardiac endothelial cell,0.0,0.0,0.0,4.3628614368984895e-05,0.0,0.0,0.0,0.0
lung->heart,FN1,ITGA5,endothelial cell,cardiac macrophage,0.0,0.0,0.0269241613029681,0.0286732449561816,0.0,0.0,0.0,0.0
lung->heart,FN1,ITGA5,B cell,cardiac fibroblast,0.0,0.0,0.0,2.1629239733507157e-05,0.0,0.0,0.0,0.0
lung->heart,FN1,ITGA5,B cell,cardiac endothelial cell,0.0,0.0,0.0,4.3628614368984895e-05,0.0,0.0,0.0,0.0
lung->heart,FN1,ITGA5,B cell,cardiac macrophage,0.0,0.0,0.0269241613029681,0.0286732449561816,0.0,0.0,0.0,0.0
lung->heart,FN1,ITGA5,pulmonary alveolar type 1 cell,cardiac fibroblast,0.0,0.0,0.0,2.1629239733507157e-05,0.0,0.0,0.0,0.0
lung->heart,FN1,ITGA5,pulmonary alveolar type 1 cell,cardiac endothelial cell,0.0,0.0,0.0,4.3628614368984895e-05,0.0,0.0,0.0,0.0
lung->heart,FN1,ITGA5,pulmonary alveolar type 1 cell,cardiac macrophage,0.0,0.0,0.0269241613029681,0.0286732449561816,0.0,0.0,0.0,0.0
lung->heart,FN1,ITGA5,club cell,cardiac fibroblast,0.0,0.0,0.0,2.1629239733507157e-05,0.0,0.0,0.0,0.0
lung->heart,FN1,ITGA5,club cell,cardiac endothelial cell,0.0,0.0,0.0,4.3628614368984895e-05,0.0,0.0,0.0,0.0
lung->heart,FN1,ITGA5,club cell,cardiac macrophage,0.0,0.0,0.0269241613029681,0.0286732449561816,0.0,0.0,0.0,0.0
lung->heart,FN1,ITGA5,neutrophil,cardiac fibroblast,0.0,0.0,0.0,2.1629239733507157e-05,0.0,0.0,0.0,0.0
lung->heart,FN1,ITGA5,neutrophil,cardiac endothelial cell,0.0,0.0,0.0,4.3628614368984895e-05,0.0,0.0,0.0,0.0
lung->heart,FN1,ITGA5,neutrophil,cardiac macrophage,0.0,0.0,0.0269241613029681,0.0286732449561816,0.0,0.0,0.0,0.0
lung->heart,FN1,ITGA5,plasma cell,cardiac fibroblast,0.0,0.0,0.0,2.1629239733507157e-05,0.0,0.0,0.0,0.0
lung->heart,FN1,ITGA5,plasma cell,cardiac endothelial cell,0.0,0.0,0.0,4.3628614368984895e-05,0.0,0.0,0.0,0.0
lung->heart,FN1,ITGA5,plasma cell,cardiac macrophage,0.0,0.0,0.0269241613029681,0.0286732449561816,0.0,0.0,0.0,0.0
lung->heart,FN1,ITGA5,leukocyte,cardiac fibroblast,0.0,0.0,0.0,2.1629239733507157e-05,0.0,0.0,0.0,0.0
lung->heart,FN1,ITGA5,leukocyte,cardiac endothelial cell,0.0,0.0,0.0,4.3628614368984895e-05,0.0,0.0,0.0,0.0
lung->heart,FN1,ITGA5,leukocyte,cardiac macrophage,0.0,0.0,0.0269241613029681,0.0286732449561816,0.0,0.0,0.0,0.0
lung->heart,FN1,ITGA5,endothelial cell of lymphatic vessel,cardiac fibroblast,0.0,0.0,0.0,2.1629239733507157e-05,0.0,0.0,0.0,0.0
lung->heart,FN1,ITGA5,endothelial cell of lymphatic vessel,cardiac endothelial cell,0.0,0.0,0.0,4.3628614368984895e-05,0.0,0.0,0.0,0.0
lung->heart,FN1,ITGA5,endothelial cell of lymphatic vessel,cardiac macrophage,0.0,0.0,0.0269241613029681,0.0286732449561816,0.0,0.0,0.0,0.0
lung->heart,FN1,ITGB1,"CD4-positive, alpha-beta T cell",cardiac fibroblast,0.0,0.0,0.0033796110976818,0.0039300875846291,0.0,0.0,0.0,0.0
lung->heart,FN1,ITGB1,"CD4-positive, alpha-beta T cell",cardiac endothelial cell,0.0,0.0,0.0057863978026984,0.0050084366136919,0.0,0.0,0.0,0.0
lung->heart,FN1,ITGB1,natural killer cell,cardiac fibroblast,0.0,0.0,0.0033796110976818,0.0039300875846291,0.0,0.0,0.0,0.0
lung->heart,FN1,ITGB1,natural killer cell,cardiac endothelial cell,0.0,0.0,0.0057863978026984,0.0050084366136919,0.0,0.0,0.0,0.0
lung->heart,FN1,ITGB1,capillary endothelial cell,cardiac fibroblast,0.0,0.0,0.0033796110976818,0.0039300875846291,0.0,0.0,0.0,0.0
lung->heart,FN1,ITGB1,capillary endothelial cell,cardiac endothelial cell,0.0,0.0,0.0057863978026984,0.0050084366136919,0.0,0.0,0.0,0.0
lung->heart,FN1,ITGB1,macrophage,cardiac fibroblast,0.0,0.0,0.0033796110976818,0.0039300875846291,0.0,0.0,0.0,0.0
lung->heart,FN1,ITGB1,macrophage,cardiac endothelial cell,0.0,0.0,0.0057863978026984,0.0050084366136919,0.0,0.0,0.0,0.0
lung->heart,FN1,ITGB1,"CD8-positive, alpha-beta T cell",cardiac fibroblast,0.0,0.0,0.0033796110976818,0.0039300875846291,0.0,0.0,0.0,0.0
lung->heart,FN1,ITGB1,"CD8-positive, alpha-beta T cell",cardiac endothelial cell,0.0,0.0,0.0057863978026984,0.0050084366136919,0.0,0.0,0.0,0.0
lung->heart,FN1,ITGB1,monocyte,cardiac fibroblast,0.0,0.0,0.0033796110976818,0.0039300875846291,0.0,0.0,0.0,0.0
lung->heart,FN1,ITGB1,monocyte,cardiac endothelial cell,0.0,0.0,0.0057863978026984,0.0050084366136919,0.0,0.0,0.0,0.0
lung->heart,FN1,ITGB1,fibroblast,cardiac fibroblast,0.0,0.0,0.0033796110976818,0.0039300875846291,0.0,0.0,0.0,0.0
lung->heart,FN1,ITGB1,fibroblast,cardiac endothelial cell,0.0,0.0,0.0057863978026984,0.0050084366136919,0.0,0.0,0.0,0.0
lung->heart,FN1,ITGB1,conventional dendritic cell,cardiac fibroblast,0.0,0.0,0.0033796110976818,0.0039300875846291,0.0,0.0,0.0,0.0
lung->heart,FN1,ITGB1,conventional dendritic cell,cardiac endothelial cell,0.0,0.0,0.0057863978026984,0.0050084366136919,0.0,0.0,0.0,0.0
lung->heart,FN1,ITGB1,mast cell,cardiac fibroblast,0.0,0.0,0.0033796110976818,0.0039300875846291,0.0,0.0,0.0,0.0
lung->heart,FN1,ITGB1,mast cell,cardiac endothelial cell,0.0,0.0,0.0057863978026984,0.0050084366136919,0.0,0.0,0.0,0.0
lung->heart,FN1,ITGB1,pulmonary alveolar type 2 cell,cardiac fibroblast,0.0,0.0,0.0033796110976818,0.0039300875846291,0.0,0.0,0.0,0.0
lung->heart,FN1,ITGB1,pulmonary alveolar type 2 cell,cardiac endothelial cell,0.0,0.0,0.0057863978026984,0.0050084366136919,0.0,0.0,0.0,0.0
lung->heart,FN1,ITGB1,vein endothelial cell,cardiac fibroblast,0.0,0.0,0.0033796110976818,0.0039300875846291,0.0,0.0,0.0,0.0
lung->heart,FN1,ITGB1,vein endothelial cell,cardiac endothelial cell,0.0,0.0,0.0057863978026984,0.0050084366136919,0.0,0.0,0.0,0.0
lung->heart,FN1,ITGB1,lung multiciliated epithelial cell,cardiac fibroblast,0.0024182688561558,0.0,0.0033796110976818,0.0039300875846291,8.172808263442831e-06,0.0,-8.172808263442831e-06,-3.197363483820215
lung->heart,FN1,ITGB1,lung multiciliated epithelial cell,cardiac endothelial cell,0.0024182688561558,0.0,0.0057863978026984,0.0050084366136919,1.399306559559423e-05,0.0,-1.399306559559423e-05,-3.906223492674736
lung->heart,FN1,ITGB1,smooth muscle cell,cardiac fibroblast,0.0,0.0,0.0033796110976818,0.0039300875846291,0.0,0.0,0.0,0.0
lung->heart,FN1,ITGB1,smooth muscle cell,cardiac endothelial cell,0.0,0.0,0.0057863978026984,0.0050084366136919,0.0,0.0,0.0,0.0
lung->heart,FN1,ITGB1,endothelial cell,cardiac fibroblast,0.0,0.0,0.0033796110976818,0.0039300875846291,0.0,0.0,0.0,0.0
lung->heart,FN1,ITGB1,endothelial cell,cardiac endothelial cell,0.0,0.0,0.0057863978026984,0.0050084366136919,0.0,0.0,0.0,0.0
lung->heart,FN1,ITGB1,B cell,cardiac fibroblast,0.0,0.0,0.0033796110976818,0.0039300875846291,0.0,0.0,0.0,0.0
lung->heart,FN1,ITGB1,B cell,cardiac endothelial cell,0.0,0.0,0.0057863978026984,0.0050084366136919,0.0,0.0,0.0,0.0
lung->heart,FN1,ITGB1,pulmonary alveolar type 1 cell,cardiac fibroblast,0.0,0.0,0.0033796110976818,0.0039300875846291,0.0,0.0,0.0,0.0
lung->heart,FN1,ITGB1,pulmonary alveolar type 1 cell,cardiac endothelial cell,0.0,0.0,0.0057863978026984,0.0050084366136919,0.0,0.0,0.0,0.0
lung->heart,FN1,ITGB1,club cell,cardiac fibroblast,0.0,0.0,0.0033796110976818,0.0039300875846291,0.0,0.0,0.0,0.0
lung->heart,FN1,ITGB1,club cell,cardiac endothelial cell,0.0,0.0,0.0057863978026984,0.0050084366136919,0.0,0.0,0.0,0.0
lung->heart,FN1,ITGB1,neutrophil,cardiac fibroblast,0.0,0.0,0.0033796110976818,0.0039300875846291,0.0,0.0,0.0,0.0
lung->heart,FN1,ITGB1,neutrophil,cardiac endothelial cell,0.0,0.0,0.0057863978026984,0.0050084366136919,0.0,0.0,0.0,0.0
lung->heart,FN1,ITGB1,plasma cell,cardiac fibroblast,0.0,0.0,0.0033796110976818,0.0039300875846291,0.0,0.0,0.0,0.0
lung->heart,FN1,ITGB1,plasma cell,cardiac endothelial cell,0.0,0.0,0.0057863978026984,0.0050084366136919,0.0,0.0,0.0,0.0
lung->heart,FN1,ITGB1,leukocyte,cardiac fibroblast,0.0,0.0,0.0033796110976818,0.0039300875846291,0.0,0.0,0.0,0.0
lung->heart,FN1,ITGB1,leukocyte,cardiac endothelial cell,0.0,0.0,0.0057863978026984,0.0050084366136919,0.0,0.0,0.0,0.0
lung->heart,FN1,ITGB1,endothelial cell of lymphatic vessel,cardiac fibroblast,0.0,0.0,0.0033796110976818,0.0039300875846291,0.0,0.0,0.0,0.0
lung->heart,FN1,ITGB1,endothelial cell of lymphatic vessel,cardiac endothelial cell,0.0,0.0,0.0057863978026984,0.0050084366136919,0.0,0.0,0.0,0.0
lung->heart,TGFB1,TGFBR1,"CD4-positive, alpha-beta T cell",cardiac fibroblast,0.0,0.0,0.0100369205063434,0.0061265582483724,0.0,0.0,0.0,0.0
lung->heart,TGFB1,TGFBR1,"CD4-positive, alpha-beta T cell",cardiac endothelial cell,0.0,0.0,0.0065444236561946,0.0057636062637512,0.0,0.0,0.0,0.0
lung->heart,TGFB1,TGFBR1,natural killer cell,cardiac fibroblast,0.0,0.0,0.0100369205063434,0.0061265582483724,0.0,0.0,0.0,0.0
lung->heart,TGFB1,TGFBR1,natural killer cell,cardiac endothelial cell,0.0,0.0,0.0065444236561946,0.0057636062637512,0.0,0.0,0.0,0.0
lung->heart,TGFB1,TGFBR1,capillary endothelial cell,cardiac fibroblast,0.0002214079652648,0.0,0.0100369205063434,0.0061265582483724,2.222254146834676e-06,0.0,-2.222254146834676e-06,-1.6880702873151632
lung->heart,TGFB1,TGFBR1,capillary endothelial cell,cardiac endothelial cell,0.0002214079652648,0.0,0.0065444236561946,0.0057636062637512,1.448987525549288e-06,0.0,-1.448987525549288e-06,-1.2921854252395737
lung->heart,TGFB1,TGFBR1,macrophage,cardiac fibroblast,0.0,0.0,0.0100369205063434,0.0061265582483724,0.0,0.0,0.0,0.0
lung->heart,TGFB1,TGFBR1,macrophage,cardiac endothelial cell,0.0,0.0,0.0065444236561946,0.0057636062637512,0.0,0.0,0.0,0.0
lung->heart,TGFB1,TGFBR1,"CD8-positive, alpha-beta T cell",cardiac fibroblast,0.0,0.0,0.0100369205063434,0.0061265582483724,0.0,0.0,0.0,0.0
lung->heart,TGFB1,TGFBR1,"CD8-positive, alpha-beta T cell",cardiac endothelial cell,0.0,0.0,0.0065444236561946,0.0057636062637512,0.0,0.0,0.0,0.0
lung->heart,TGFB1,TGFBR1,monocyte,cardiac fibroblast,0.0,0.0,0.0100369205063434,0.0061265582483724,0.0,0.0,0.0,0.0
lung->heart,TGFB1,TGFBR1,monocyte,cardiac endothelial cell,0.0,0.0,0.0065444236561946,0.0057636062637512,0.0,0.0,0.0,0.0
lung->heart,TGFB1,TGFBR1,fibroblast,cardiac fibroblast,0.0,0.0,0.0100369205063434,0.0061265582483724,0.0,0.0,0.0,0.0
lung->heart,TGFB1,TGFBR1,fibroblast,cardiac endothelial cell,0.0,0.0,0.0065444236561946,0.0057636062637512,0.0,0.0,0.0,0.0
lung->heart,TGFB1,TGFBR1,conventional dendritic cell,cardiac fibroblast,0.0,0.0,0.0100369205063434,0.0061265582483724,0.0,0.0,0.0,0.0
lung->heart,TGFB1,TGFBR1,conventional dendritic cell,cardiac endothelial cell,0.0,0.0,0.0065444236561946,0.0057636062637512,0.0,0.0,0.0,0.0
lung->heart,TGFB1,TGFBR1,mast cell,cardiac fibroblast,0.0,0.0,0.0100369205063434,0.0061265582483724,0.0,0.0,0.0,0.0
lung->heart,TGFB1,TGFBR1,mast cell,cardiac endothelial cell,0.0,0.0,0.0065444236561946,0.0057636062637512,0.0,0.0,0.0,0.0
lung->heart,TGFB1,TGFBR1,pulmonary alveolar type 2 cell,cardiac fibroblast,0.0,0.0,0.0100369205063434,0.0061265582483724,0.0,0.0,0.0,0.0
lung->heart,TGFB1,TGFBR1,pulmonary alveolar type 2 cell,cardiac endothelial cell,0.0,0.0,0.0065444236561946,0.0057636062637512,0.0,0.0,0.0,0.0
lung->heart,TGFB1,TGFBR1,vein endothelial cell,cardiac fibroblast,0.0,0.0005385339676141,0.0100369205063434,0.0061265582483724,0.0,3.2993597213153563e-06,3.2993597213153563e-06,2.104121823614189
lung->heart,TGFB1,TGFBR1,vein endothelial cell,cardiac endothelial cell,0.0,0.0005385339676141,0.0065444236561946,0.0057636062637512,0.0,3.1038977489838617e-06,3.1038977489838617e-06,2.0369947858008075
lung->heart,TGFB1,TGFBR1,lung multiciliated epithelial cell,cardiac fibroblast,0.0,0.0,0.0100369205063434,0.0061265582483724,0.0,0.0,0.0,0.0
lung->heart,TGFB1,TGFBR1,lung multiciliated epithelial cell,cardiac endothelial cell,0.0,0.0,0.0065444236561946,0.0057636062637512,0.0,0.0,0.0,0.0
lung->heart,TGFB1,TGFBR1,smooth muscle cell,cardiac fibroblast,0.0,0.0,0.0100369205063434,0.0061265582483724,0.0,0.0,0.0,0.0
lung->heart,TGFB1,TGFBR1,smooth muscle cell,cardiac endothelial cell,0.0,0.0,0.0065444236561946,0.0057636062637512,0.0,0.0,0.0,0.0
lung->heart,TGFB1,TGFBR1,endothelial cell,cardiac fibroblast,0.0,0.0,0.0100369205063434,0.0061265582483724,0.0,0.0,0.0,0.0
lung->heart,TGFB1,TGFBR1,endothelial cell,cardiac endothelial cell,0.0,0.0,0.0065444236561946,0.0057636062637512,0.0,0.0,0.0,0.0
lung->heart,TGFB1,TGFBR1,B cell,cardiac fibroblast,0.0,0.0,0.0100369205063434,0.0061265582483724,0.0,0.0,0.0,0.0
lung->heart,TGFB1,TGFBR1,B cell,cardiac endothelial cell,0.0,0.0,0.0065444236561946,0.0057636062637512,0.0,0.0,0.0,0.0
lung->heart,TGFB1,TGFBR1,pulmonary alveolar type 1 cell,cardiac fibroblast,0.0,0.0,0.0100369205063434,0.0061265582483724,0.0,0.0,0.0,0.0
lung->heart,TGFB1,TGFBR1,pulmonary alveolar type 1 cell,cardiac endothelial cell,0.0,0.0,0.0065444236561946,0.0057636062637512,0.0,0.0,0.0,0.0
lung->heart,TGFB1,TGFBR1,club cell,cardiac fibroblast,0.0,0.0,0.0100369205063434,0.0061265582483724,0.0,0.0,0.0,0.0
lung->heart,TGFB1,TGFBR1,club cell,cardiac endothelial cell,0.0,0.0,0.0065444236561946,0.0057636062637512,0.0,0.0,0.0,0.0
lung->heart,TGFB1,TGFBR1,neutrophil,cardiac fibroblast,0.0,0.0,0.0100369205063434,0.0061265582483724,0.0,0.0,0.0,0.0
lung->heart,TGFB1,TGFBR1,neutrophil,cardiac endothelial cell,0.0,0.0,0.0065444236561946,0.0057636062637512,0.0,0.0,0.0,0.0
lung->heart,TGFB1,TGFBR1,plasma cell,cardiac fibroblast,0.0,0.0,0.0100369205063434,0.0061265582483724,0.0,0.0,0.0,0.0
lung->heart,TGFB1,TGFBR1,plasma cell,cardiac endothelial cell,0.0,0.0,0.0065444236561946,0.0057636062637512,0.0,0.0,0.0,0.0
lung->heart,TGFB1,TGFBR1,leukocyte,cardiac fibroblast,0.0,0.0,0.0100369205063434,0.0061265582483724,0.0,0.0,0.0,0.0
lung->heart,TGFB1,TGFBR1,leukocyte,cardiac endothelial cell,0.0,0.0,0.0065444236561946,0.0057636062637512,0.0,0.0,0.0,0.0
lung->heart,TGFB1,TGFBR1,endothelial cell of lymphatic vessel,cardiac fibroblast,0.0,0.0,0.0100369205063434,0.0061265582483724,0.0,0.0,0.0,0.0
lung->heart,TGFB1,TGFBR1,endothelial cell of lymphatic vessel,cardiac endothelial cell,0.0,0.0,0.0065444236561946,0.0057636062637512,0.0,0.0,0.0,0.0
lung->heart,TGFB1,TGFBR2,"CD4-positive, alpha-beta T cell",cardiac fibroblast,0.0,0.0,0.0165377170448056,0.0155897105842706,0.0,0.0,0.0,0.0
lung->heart,TGFB1,TGFBR2,"CD4-positive, alpha-beta T cell",cardiac endothelial cell,0.0,0.0,0.0095411347017225,0.0115165118249447,0.0,0.0,0.0,0.0
lung->heart,TGFB1,TGFBR2,natural killer cell,cardiac fibroblast,0.0,0.0,0.0165377170448056,0.0155897105842706,0.0,0.0,0.0,0.0
lung->heart,TGFB1,TGFBR2,natural killer cell,cardiac endothelial cell,0.0,0.0,0.0095411347017225,0.0115165118249447,0.0,0.0,0.0,0.0
lung->heart,TGFB1,TGFBR2,capillary endothelial cell,cardiac fibroblast,0.0002214079652648,0.0,0.0165377170448056,0.0155897105842706,3.661582281016453e-06,0.0,-3.661582281016453e-06,-2.2208197320287213
lung->heart,TGFB1,TGFBR2,capillary endothelial cell,cardiac endothelial cell,0.0002214079652648,0.0,0.0095411347017225,0.0115165118249447,2.1124832206263536e-06,0.0,-2.1124832206263536e-06,-1.638066059643562
lung->heart,TGFB1,TGFBR2,macrophage,cardiac fibroblast,0.0,0.0,0.0165377170448056,0.0155897105842706,0.0,0.0,0.0,0.0
lung->heart,TGFB1,TGFBR2,macrophage,cardiac endothelial cell,0.0,0.0,0.0095411347017225,0.0115165118249447,0.0,0.0,0.0,0.0
lung->heart,TGFB1,TGFBR2,"CD8-positive, alpha-beta T cell",cardiac fibroblast,0.0,0.0,0.0165377170448056,0.0155897105842706,0.0,0.0,0.0,0.0
lung->heart,TGFB1,TGFBR2,"CD8-positive, alpha-beta T cell",cardiac endothelial cell,0.0,0.0,0.0095411347017225,0.0115165118249447,0.0,0.0,0.0,0.0
lung->heart,TGFB1,TGFBR2,monocyte,cardiac fibroblast,0.0,0.0,0.0165377170448056,0.0155897105842706,0.0,0.0,0.0,0.0
lung->heart,TGFB1,TGFBR2,monocyte,cardiac endothelial cell,0.0,0.0,0.0095411347017225,0.0115165118249447,0.0,0.0,0.0,0.0
lung->heart,TGFB1,TGFBR2,fibroblast,cardiac fibroblast,0.0,0.0,0.0165377170448056,0.0155897105842706,0.0,0.0,0.0,0.0
lung->heart,TGFB1,TGFBR2,fibroblast,cardiac endothelial cell,0.0,0.0,0.0095411347017225,0.0115165118249447,0.0,0.0,0.0,0.0
lung->heart,TGFB1,TGFBR2,conventional dendritic cell,cardiac fibroblast,0.0,0.0,0.0165377170448056,0.0155897105842706,0.0,0.0,0.0,0.0
lung->heart,TGFB1,TGFBR2,conventional dendritic cell,cardiac endothelial cell,0.0,0.0,0.0095411347017225,0.0115165118249447,0.0,0.0,0.0,0.0
lung->heart,TGFB1,TGFBR2,mast cell,cardiac fibroblast,0.0,0.0,0.0165377170448056,0.0155897105842706,0.0,0.0,0.0,0.0
lung->heart,TGFB1,TGFBR2,mast cell,cardiac endothelial cell,0.0,0.0,0.0095411347017225,0.0115165118249447,0.0,0.0,0.0,0.0
lung->heart,TGFB1,TGFBR2,pulmonary alveolar type 2 cell,cardiac fibroblast,0.0,0.0,0.0165377170448056,0.0155897105842706,0.0,0.0,0.0,0.0
lung->heart,TGFB1,TGFBR2,pulmonary alveolar type 2 cell,cardiac endothelial cell,0.0,0.0,0.0095411347017225,0.0115165118249447,0.0,0.0,0.0,0.0
lung->heart,TGFB1,TGFBR2,vein endothelial cell,cardiac fibroblast,0.0,0.0005385339676141,0.0165377170448056,0.0155897105842706,0.0,8.395588694903914e-06,8.395588694903914e-06,3.2319835587300143
lung->heart,TGFB1,TGFBR2,vein endothelial cell,cardiac endothelial cell,0.0,0.0005385339676141,0.0095411347017225,0.0115165118249447,0.0,6.202032806163017e-06,6.202032806163017e-06,2.8484041712000763
lung->heart,TGFB1,TGFBR2,lung multiciliated epithelial cell,cardiac fibroblast,0.0,0.0,0.0165377170448056,0.0155897105842706,0.0,0.0,0.0,0.0
lung->heart,TGFB1,TGFBR2,lung multiciliated epithelial cell,cardiac endothelial cell,0.0,0.0,0.0095411347017225,0.0115165118249447,0.0,0.0,0.0,0.0
lung->heart,TGFB1,TGFBR2,smooth muscle cell,cardiac fibroblast,0.0,0.0,0.0165377170448056,0.0155897105842706,0.0,0.0,0.0,0.0
lung->heart,TGFB1,TGFBR2,smooth muscle cell,cardiac endothelial cell,0.0,0.0,0.0095411347017225,0.0115165118249447,0.0,0.0,0.0,0.0
lung->heart,TGFB1,TGFBR2,endothelial cell,cardiac fibroblast,0.0,0.0,0.0165377170448056,0.0155897105842706,0.0,0.0,0.0,0.0
lung->heart,TGFB1,TGFBR2,endothelial cell,cardiac endothelial cell,0.0,0.0,0.0095411347017225,0.0115165118249447,0.0,0.0,0.0,0.0
lung->heart,TGFB1,TGFBR2,B cell,cardiac fibroblast,0.0,0.0,0.0165377170448056,0.0155897105842706,0.0,0.0,0.0,0.0
lung->heart,TGFB1,TGFBR2,B cell,cardiac endothelial cell,0.0,0.0,0.0095411347017225,0.0115165118249447,0.0,0.0,0.0,0.0
lung->heart,TGFB1,TGFBR2,pulmonary alveolar type 1 cell,cardiac fibroblast,0.0,0.0,0.0165377170448056,0.0155897105842706,0.0,0.0,0.0,0.0
lung->heart,TGFB1,TGFBR2,pulmonary alveolar type 1 cell,cardiac endothelial cell,0.0,0.0,0.0095411347017225,0.0115165118249447,0.0,0.0,0.0,0.0
lung->heart,TGFB1,TGFBR2,club cell,cardiac fibroblast,0.0,0.0,0.0165377170448056,0.0155897105842706,0.0,0.0,0.0,0.0
lung->heart,TGFB1,TGFBR2,club cell,cardiac endothelial cell,0.0,0.0,0.0095411347017225,0.0115165118249447,0.0,0.0,0.0,0.0
lung->heart,TGFB1,TGFBR2,neutrophil,cardiac fibroblast,0.0,0.0,0.0165377170448056,0.0155897105842706,0.0,0.0,0.0,0.0
lung->heart,TGFB1,TGFBR2,neutrophil,cardiac endothelial cell,0.0,0.0,0.0095411347017225,0.0115165118249447,0.0,0.0,0.0,0.0
lung->heart,TGFB1,TGFBR2,plasma cell,cardiac fibroblast,0.0,0.0,0.0165377170448056,0.0155897105842706,0.0,0.0,0.0,0.0
lung->heart,TGFB1,TGFBR2,plasma cell,cardiac endothelial cell,0.0,0.0,0.0095411347017225,0.0115165118249447,0.0,0.0,0.0,0.0
lung->heart,TGFB1,TGFBR2,leukocyte,cardiac fibroblast,0.0,0.0,0.0165377170448056,0.0155897105842706,0.0,0.0,0.0,0.0
lung->heart,TGFB1,TGFBR2,leukocyte,cardiac endothelial cell,0.0,0.0,0.0095411347017225,0.0115165118249447,0.0,0.0,0.0,0.0
lung->heart,TGFB1,TGFBR2,endothelial cell of lymphatic vessel,cardiac fibroblast,0.0,0.0,0.0165377170448056,0.0155897105842706,0.0,0.0,0.0,0.0
lung->heart,TGFB1,TGFBR2,endothelial cell of lymphatic vessel,cardiac endothelial cell,0.0,0.0,0.0095411347017225,0.0115165118249447,0.0,0.0,0.0,0.0
lung->heart,AREG,EGFR,"CD4-positive, alpha-beta T cell",cardiac fibroblast,0.0004045626797039,0.0005478205015342,0.0284308908992903,0.0329241850875013,1.1502077408587504e-05,1.8036543587240506e-05,6.534466178653e-06,0.6066037159291968
lung->heart,AREG,EGFR,"CD4-positive, alpha-beta T cell",cardiac endothelial cell,0.0004045626797039,0.0005478205015342,0.0267650765932643,0.0270529068938042,1.0828151109052448e-05,1.482013702252243e-05,3.991985913469982e-06,0.4195375157830148
lung->heart,AREG,EGFR,"CD4-positive, alpha-beta T cell",cardiac macrophage,0.0004045626797039,0.0005478205015342,0.0234561369275018,0.0208633598395337,9.489477610892886e-06,1.1429376250982288e-05,1.939898640089401e-06,0.2448110671019572
lung->heart,AREG,EGFR,natural killer cell,cardiac fibroblast,0.0009913098029125,0.0015164404732496,0.0284308908992903,0.0329241850875013,2.8183820854003443e-05,4.992756681544838e-05,2.174374596144494e-05,0.8032780121217001
lung->heart,AREG,EGFR,natural killer cell,cardiac endothelial cell,0.0009913098029125,0.0015164404732496,0.0267650765932643,0.0270529068938042,2.653248280260791e-05,4.102412293281825e-05,1.4491640130210338e-05,0.610082995895313
lung->heart,AREG,EGFR,natural killer cell,cardiac macrophage,0.0009913098029125,0.0015164404732496,0.0234561369275018,0.0208633598395337,2.3252298474691405e-05,3.163804326863949e-05,8.385744793948085e-06,0.4284330837616839
lung->heart,AREG,EGFR,capillary endothelial cell,cardiac fibroblast,0.0001800261495961,0.0,0.0284308908992903,0.0329241850875013,5.118303818187846e-06,0.0,-5.118303818187846e-06,-2.613131748953969
lung->heart,AREG,EGFR,capillary endothelial cell,cardiac endothelial cell,0.0001800261495961,0.0,0.0267650765932643,0.0270529068938042,4.81841368273178e-06,0.0,-4.81841368273178e-06,-2.540625874095247
lung->heart,AREG,EGFR,capillary endothelial cell,cardiac macrophage,0.0001800261495961,0.0,0.0234561369275018,0.0208633598395337,4.222718015458541e-06,0.0,-4.222718015458541e-06,-2.3848008119464703
lung->heart,AREG,EGFR,macrophage,cardiac fibroblast,0.0001607098408464,0.0008402272786242,0.0284308908992903,0.0329241850875013,4.56912395154904e-06,2.7663798436991317e-05,2.3094674485442276e-05,2.363707495653066
lung->heart,AREG,EGFR,macrophage,cardiac endothelial cell,0.0001607098408464,0.0008402272786242,0.0267650765932643,0.0270529068938042,4.301411199547784e-06,2.2730590338255497e-05,1.8429179138707712e-05,2.1622996389347784
lung->heart,AREG,EGFR,macrophage,cardiac macrophage,0.0001607098408464,0.0008402272786242,0.0234561369275018,0.0208633598395337,3.769632032492436e-06,1.7529964060929223e-05,1.3760332028436789e-05,1.957910208625845
lung->heart,AREG,EGFR,"CD8-positive, alpha-beta T cell",cardiac fibroblast,0.0,0.0,0.0284308908992903,0.0329241850875013,0.0,0.0,0.0,0.0
lung->heart,AREG,EGFR,"CD8-positive, alpha-beta T cell",cardiac endothelial cell,0.0,0.0,0.0267650765932643,0.0270529068938042,0.0,0.0,0.0,0.0
lung->heart,AREG,EGFR,"CD8-positive, alpha-beta T cell",cardiac macrophage,0.0,0.0,0.0234561369275018,0.0208633598395337,0.0,0.0,0.0,0.0
lung->heart,AREG,EGFR,monocyte,cardiac fibroblast,0.0004311203842698,0.0016707201214931,0.0284308908992903,0.0329241850875013,1.2257136609635743e-05,5.500709850945248e-05,4.274996189981674e-05,2.078840486885363
lung->heart,AREG,EGFR,monocyte,cardiac endothelial cell,0.0004311203842698,0.0016707201214931,0.0267650765932643,0.0270529068938042,1.1538970105899624e-05,4.519783589235894e-05,3.365886578645931e-05,1.8814064145286704
lung->heart,AREG,EGFR,monocyte,cardiac macrophage,0.0004311203842698,0.0016707201214931,0.0234561369275018,0.0208633598395337,1.0112418765670407e-05,3.485683508586064e-05,2.4744416320190228e-05,1.6900752812599216
lung->heart,AREG,EGFR,fibroblast,cardiac fibroblast,0.0013975090612931,0.0,0.0284308908992903,0.0329241850875013,3.973242765239407e-05,0.0,-3.973242765239407e-05,-5.348105896405157
lung->heart,AREG,EGFR,fibroblast,cardiac endothelial cell,0.0013975090612931,0.0,0.0267650765932643,0.0270529068938042,3.740443706529103e-05,0.0,-3.740443706529103e-05,-5.2632010975600325
lung->heart,AREG,EGFR,fibroblast,cardiac macrophage,0.0013975090612931,0.0,0.0234561369275018,0.0208633598395337,3.278016389911575e-05,0.0,-3.278016389911575e-05,-5.078104422904336
lung->heart,AREG,EGFR,conventional dendritic cell,cardiac fibroblast,0.0003040816278524,0.0003336577967899,0.0284308908992903,0.0329241850875013,8.645311585951376e-06,1.098541105739904e-05,2.340099471447663e-06,0.3133796396660909
lung->heart,AREG,EGFR,conventional dendritic cell,cardiac endothelial cell,0.0003040816278524,0.0003336577967899,0.0267650765932643,0.0270529068938042,8.138768060075102e-06,9.026413310949404e-06,8.876452508743009e-07,0.133734008695834
lung->heart,AREG,EGFR,conventional dendritic cell,cardiac macrophage,0.0003040816278524,0.0003336577967899,0.0234561369275018,0.0208633598395337,7.132580300044529e-06,6.961222677693996e-06,-1.7135762235053315e-07,-0.0307231466791991
lung->heart,AREG,EGFR,mast cell,cardiac fibroblast,0.0006679582205569,0.001031752101631,0.0284308908992903,0.0329241850875013,1.899064729394006e-05,3.3969597158519654e-05,1.4978949864579594e-05,0.8067759895540892
lung->heart,AREG,EGFR,mast cell,cardiac endothelial cell,0.0006679582205569,0.001031752101631,0.0267650765932643,0.0270529068938042,1.7877952934308538e-05,2.791189354291205e-05,1.0033940608603508e-05,0.6149607672674237
lung->heart,AREG,EGFR,mast cell,cardiac macrophage,0.0006679582205569,0.001031752101631,0.0234561369275018,0.0208633598395337,1.5667719483235364e-05,2.152581536152406e-05,5.858095878288697e-06,0.4345226029870851
lung->heart,AREG,EGFR,pulmonary alveolar type 2 cell,cardiac fibroblast,0.0011583786402199,0.0013910339144239,0.0284308908992903,0.0329241850875013,3.2933736740163096e-05,4.579865806148649e-05,1.2864921321323395e-05,0.4637468549728893
lung->heart,AREG,EGFR,pulmonary alveolar type 2 cell,cardiac endothelial cell,0.0011583786402199,0.0013910339144239,0.0267650765932643,0.0270529068938042,3.1004093029489667e-05,3.76315109730359e-05,6.627417943546236e-06,0.2715216816565126
lung->heart,AREG,EGFR,pulmonary alveolar type 2 cell,cardiac macrophage,0.0011583786402199,0.0013910339144239,0.0234561369275018,0.0208633598395337,2.717108799889369e-05,2.902164110562257e-05,1.8505531067288857e-06,0.0917875594392271
lung->heart,AREG,EGFR,vein endothelial cell,cardiac fibroblast,0.0,0.0,0.0284308908992903,0.0329241850875013,0.0,0.0,0.0,0.0
lung->heart,AREG,EGFR,vein endothelial cell,cardiac endothelial cell,0.0,0.0,0.0267650765932643,0.0270529068938042,0.0,0.0,0.0,0.0
lung->heart,AREG,EGFR,vein endothelial cell,cardiac macrophage,0.0,0.0,0.0234561369275018,0.0208633598395337,0.0,0.0,0.0,0.0
lung->heart,AREG,EGFR,lung multiciliated epithelial cell,cardiac fibroblast,0.0014455654878549,0.0024725057369591,0.0284308908992903,0.0329241850875013,4.10987146729821e-05,8.140523651355054e-05,4.0306521840568434e-05,0.9689598309929958
lung->heart,AREG,EGFR,lung multiciliated epithelial cell,cardiac endothelial cell,0.0014455654878549,0.0024725057369591,0.0267650765932643,0.0270529068938042,3.869067100301594e-05,6.68884674963516e-05,2.8197796493335657e-05,0.774366566046481
lung->heart,AREG,EGFR,lung multiciliated epithelial cell,cardiac macrophage,0.0014455654878549,0.0024725057369591,0.0234561369275018,0.0208633598395337,3.390738202079555e-05,5.158477689548936e-05,1.767739487469381e-05,0.5911130430186915
lung->heart,AREG,EGFR,smooth muscle cell,cardiac fibroblast,0.0,0.0,0.0284308908992903,0.0329241850875013,0.0,0.0,0.0,0.0
lung->heart,AREG,EGFR,smooth muscle cell,cardiac endothelial cell,0.0,0.0,0.0267650765932643,0.0270529068938042,0.0,0.0,0.0,0.0
lung->heart,AREG,EGFR,smooth muscle cell,cardiac macrophage,0.0,0.0,0.0234561369275018,0.0208633598395337,0.0,0.0,0.0,0.0
lung->heart,AREG,EGFR,endothelial cell,cardiac fibroblast,0.0,0.0024041452277332,0.0284308908992903,0.0329241850875013,0.0,7.915452245512251e-05,7.915452245512251e-05,6.324712016883057
lung->heart,AREG,EGFR,endothelial cell,cardiac endothelial cell,0.0,0.0024041452277332,0.0267650765932643,0.0270529068938042,0.0,6.503911700505138e-05,6.503911700505138e-05,6.0452489252998
lung->heart,AREG,EGFR,endothelial cell,cardiac macrophage,0.0,0.0024041452277332,0.0234561369275018,0.0208633598395337,0.0,5.01585469926965e-05,5.01585469926965e-05,5.676903384200742
lung->heart,AREG,EGFR,B cell,cardiac fibroblast,0.0011860653626656,0.0,0.0284308908992903,0.0329241850875013,3.37208949253743e-05,0.0,-3.37208949253743e-05,-5.117732228377137
lung->heart,AREG,EGFR,B cell,cardiac endothelial cell,0.0011860653626656,0.0,0.0267650765932643,0.0270529068938042,3.174513027636394e-05,0.0,-3.174513027636394e-05,-5.03320846570483
lung->heart,AREG,EGFR,B cell,cardiac macrophage,0.0011860653626656,0.0,0.0234561369275018,0.0208633598395337,2.7820511551652595e-05,0.0,-2.7820511551652595e-05,-4.849024037842168
lung->heart,AREG,EGFR,pulmonary alveolar type 1 cell,cardiac fibroblast,0.0,0.0065185960061332,0.0284308908992903,0.0329241850875013,0.0,0.0002146194614165,0.0002146194614165,7.7523435887467
lung->heart,AREG,EGFR,pulmonary alveolar type 1 cell,cardiac endothelial cell,0.0,0.0065185960061332,0.0267650765932643,0.0270529068938042,0.0,0.0001763469708322,0.0001763469708322,7.470430878364054
lung->heart,AREG,EGFR,pulmonary alveolar type 1 cell,cardiac macrophage,0.0,0.0065185960061332,0.0234561369275018,0.0208633598395337,0.0,0.0001359998141245,0.0001359998141245,7.098030125574861
lung->heart,AREG,EGFR,club cell,cardiac fibroblast,0.0,0.0077512959917726,0.0284308908992903,0.0329241850875013,0.0,0.0002552051039011,0.0002552051039011,8.001155405889504
lung->heart,AREG,EGFR,club cell,cardiac endothelial cell,0.0,0.0077512959917726,0.0267650765932643,0.0270529068938042,0.0,0.0002096950887717,0.0002096950887717,7.719012875608964
lung->heart,AREG,EGFR,club cell,cardiac macrophage,0.0,0.0077512959917726,0.0234561369275018,0.0208633598395337,0.0,0.000161718077499,0.000161718077499,7.346230728858355
lung->heart,AREG,EGFR,neutrophil,cardiac fibroblast,0.0,0.0,0.0284308908992903,0.0329241850875013,0.0,0.0,0.0,0.0
lung->heart,AREG,EGFR,neutrophil,cardiac endothelial cell,0.0,0.0,0.0267650765932643,0.0270529068938042,0.0,0.0,0.0,0.0
lung->heart,AREG,EGFR,neutrophil,cardiac macrophage,0.0,0.0,0.0234561369275018,0.0208633598395337,0.0,0.0,0.0,0.0
lung->heart,AREG,EGFR,plasma cell,cardiac fibroblast,0.0,0.0,0.0284308908992903,0.0329241850875013,0.0,0.0,0.0,0.0
lung->heart,AREG,EGFR,plasma cell,cardiac endothelial cell,0.0,0.0,0.0267650765932643,0.0270529068938042,0.0,0.0,0.0,0.0
lung->heart,AREG,EGFR,plasma cell,cardiac macrophage,0.0,0.0,0.0234561369275018,0.0208633598395337,0.0,0.0,0.0,0.0
lung->heart,AREG,EGFR,leukocyte,cardiac fibroblast,0.0,0.0,0.0284308908992903,0.0329241850875013,0.0,0.0,0.0,0.0
lung->heart,AREG,EGFR,leukocyte,cardiac endothelial cell,0.0,0.0,0.0267650765932643,0.0270529068938042,0.0,0.0,0.0,0.0
lung->heart,AREG,EGFR,leukocyte,cardiac macrophage,0.0,0.0,0.0234561369275018,0.0208633598395337,0.0,0.0,0.0,0.0
lung->heart,AREG,EGFR,endothelial cell of lymphatic vessel,cardiac fibroblast,0.0,0.0,0.0284308908992903,0.0329241850875013,0.0,0.0,0.0,0.0
lung->heart,AREG,EGFR,endothelial cell of lymphatic vessel,cardiac endothelial cell,0.0,0.0,0.0267650765932643,0.0270529068938042,0.0,0.0,0.0,0.0
lung->heart,AREG,EGFR,endothelial cell of lymphatic vessel,cardiac macrophage,0.0,0.0,0.0234561369275018,0.0208633598395337,0.0,0.0,0.0,0.0
lung->heart,IL6,IL6R,"CD4-positive, alpha-beta T cell",cardiac fibroblast,0.0008813852755558,0.0001646214134251,0.0288170933152481,0.0325634518666592,2.539896173237868e-05,5.36064147228992e-06,-2.003832026008876e-05,-2.0532370155805846
lung->heart,IL6,IL6R,"CD4-positive, alpha-beta T cell",cardiac endothelial cell,0.0008813852755558,0.0001646214134251,0.0030738171698342,0.0032492686896365,2.7092171932426337e-06,5.348992042859122e-07,-2.1743179889567213e-06,-1.2729708293616988
lung->heart,IL6,IL6R,natural killer cell,cardiac fibroblast,0.0002617730353757,0.0,0.0288170933152481,0.0325634518666592,7.543537987838803e-06,0.0,-7.543537987838803e-06,-3.094833631965085
lung->heart,IL6,IL6R,natural killer cell,cardiac endothelial cell,0.0002617730353757,0.0,0.0030738171698342,0.0032492686896365,8.046424507376052e-07,0.0,-8.046424507376052e-07,-0.8517130278909196
lung->heart,IL6,IL6R,capillary endothelial cell,cardiac fibroblast,0.0008099543539883,0.0003963164365763,0.0288170933152481,0.0325634518666592,2.3340530199973782e-05,1.290543120641965e-05,-1.0435098993554135e-05,-0.8077121107918654
lung->heart,IL6,IL6R,capillary endothelial cell,cardiac endothelial cell,0.0008099543539883,0.0003963164365763,0.0030738171698342,0.0032492686896365,2.489651600071363e-06,1.287738588555827e-06,-1.2019130115155362e-06,-0.6091607977020495
lung->heart,IL6,IL6R,macrophage,cardiac fibroblast,0.0004137242889858,6.531804000876681e-05,0.0288170933152481,0.0325634518666592,1.1922331442488535e-05,2.126980851849998e-06,-9.795350590638538e-06,-2.0470240940253133
lung->heart,IL6,IL6R,macrophage,cardiac endothelial cell,0.0004137242889858,6.531804000876681e-05,0.0030738171698342,0.0032492686896365,1.2717128230620075e-06,2.12235862268911e-07,-1.0594769607930965e-06,-0.90611004075083
lung->heart,IL6,IL6R,"CD8-positive, alpha-beta T cell",cardiac fibroblast,0.0008701182734033,0.000964673240546,0.0288170933152481,0.0325634518666592,2.5074279479965992e-05,3.141309063557552e-05,6.338811155609528e-06,0.3139492035158988
lung->heart,IL6,IL6R,"CD8-positive, alpha-beta T cell",cardiac endothelial cell,0.0008701182734033,0.000964673240546,0.0030738171698342,0.0032492686896365,2.674584488573614e-06,3.134482556236478e-06,4.5989806766286417e-07,0.1701256594055343
lung->heart,IL6,IL6R,monocyte,cardiac fibroblast,0.0004785656369661,0.0003358989480958,0.0288170933152481,0.0325634518666592,1.3790870617925478e-05,1.0938029228381486e-05,-2.8528413895439926e-06,-0.3091422835115002
lung->heart,IL6,IL6R,monocyte,cardiac endothelial cell,0.0004785656369661,0.0003358989480958,0.0030738171698342,0.0032492686896365,1.471023271799279e-06,1.0914259349297668e-06,-3.795973368695122e-07,-0.2406216900997662
lung->heart,IL6,IL6R,fibroblast,cardiac fibroblast,0.0005791639407024,0.0005304689590517,0.0288170933152481,0.0325634518666592,1.6689821324048407e-05,1.727390041483867e-05,5.840790907902625e-07,0.0468651221418653
lung->heart,IL6,IL6R,fibroblast,cardiac endothelial cell,0.0005791639407024,0.0005304689590517,0.0030738171698342,0.0032492686896365,1.780244065079933e-06,1.723636179470944e-06,-5.6607885608989094e-08,-0.0296775336998164
lung->heart,IL6,IL6R,conventional dendritic cell,cardiac fibroblast,0.0001437509390262,0.0,0.0288170933152481,0.0325634518666592,4.14248422407476e-06,0.0,-4.14248422407476e-06,-2.362465462909855
lung->heart,IL6,IL6R,conventional dendritic cell,cardiac endothelial cell,0.0001437509390262,0.0,0.0030738171698342,0.0032492686896365,4.418641045587598e-07,0.0,-4.418641045587598e-07,-0.5279351972292393
lung->heart,IL6,IL6R,mast cell,cardiac fibroblast,0.0158619587580424,0.0343391028591768,0.0288170933152481,0.0325634518666592,0.0004570955456931,0.001118199723099,0.0006611041774059,1.2887470707337034
lung->heart,IL6,IL6R,mast cell,cardiac endothelial cell,0.0158619587580424,0.0343391028591768,0.0030738171698342,0.0032492686896365,4.8756761177673015e-05,0.0001115769717505,6.282021057285795e-05,1.1779472621239926
lung->heart,IL6,IL6R,pulmonary alveolar type 2 cell,cardiac fibroblast,0.0015487079914492,0.0,0.0288170933152481,0.0325634518666592,4.462926270766348e-05,0.0,-4.462926270766348e-05,-5.511887437327705
lung->heart,IL6,IL6R,pulmonary alveolar type 2 cell,cardiac endothelial cell,0.0015487079914492,0.0,0.0030738171698342,0.0032492686896365,4.7604452151761485e-06,0.0,-4.7604452151761485e-06,-2.5261803194635246
lung->heart,IL6,IL6R,vein endothelial cell,cardiac fibroblast,0.0012355078149576,0.0,0.0288170933152481,0.0325634518666592,3.5603743995352886e-05,0.0,-3.5603743995352886e-05,-5.19391931627311
lung->heart,IL6,IL6R,vein endothelial cell,cardiac endothelial cell,0.0012355078149576,0.0,0.0030738171698342,0.0032492686896365,3.7977251350811672e-06,0.0,-3.7977251350811672e-06,-2.2623505070239487
lung->heart,IL6,IL6R,lung multiciliated epithelial cell,cardiac fibroblast,0.0296125995457238,0.0207611167264017,0.0288170933152481,0.0325634518666592,0.0008533490444161,0.0006760536252182,-0.0001772954191979,-0.3355554982809606
lung->heart,IL6,IL6R,lung multiciliated epithelial cell,cardiac endothelial cell,0.0296125995457238,0.0207611167264017,0.0030738171698342,0.0032492686896365,9.10237169270706e-05,6.745844654098605e-05,-2.356527038608456e-05,-0.4267771743837898
lung->heart,IL6,IL6R,smooth muscle cell,cardiac fibroblast,0.0,0.0,0.0288170933152481,0.0325634518666592,0.0,0.0,0.0,0.0
lung->heart,IL6,IL6R,smooth muscle cell,cardiac endothelial cell,0.0,0.0,0.0030738171698342,0.0032492686896365,0.0,0.0,0.0,0.0
lung->heart,IL6,IL6R,endothelial cell,cardiac fibroblast,0.0,0.0010430942545388,0.0288170933152481,0.0325634518666592,0.0,3.3966749550066044e-05,3.3966749550066044e-05,5.127911786663531
lung->heart,IL6,IL6R,endothelial cell,cardiac endothelial cell,0.0,0.0010430942545388,0.0030738171698342,0.0032492686896365,0.0,3.3892935016129668e-06,3.3892935016129668e-06,2.1339887430078126
lung->heart,IL6,IL6R,B cell,cardiac fibroblast,0.0,0.0,0.0288170933152481,0.0325634518666592,0.0,0.0,0.0,0.0
lung->heart,IL6,IL6R,B cell,cardiac endothelial cell,0.0,0.0,0.0030738171698342,0.0032492686896365,0.0,0.0,0.0,0.0
lung->heart,IL6,IL6R,pulmonary alveolar type 1 cell,cardiac fibroblast,0.0,0.0,0.0288170933152481,0.0325634518666592,0.0,0.0,0.0,0.0
lung->heart,IL6,IL6R,pulmonary alveolar type 1 cell,cardiac endothelial cell,0.0,0.0,0.0030738171698342,0.0032492686896365,0.0,0.0,0.0,0.0
lung->heart,IL6,IL6R,club cell,cardiac fibroblast,0.002193526655271,0.0,0.0288170933152481,0.0325634518666592,6.32110623144304e-05,0.0,-6.32110623144304e-05,-6.004749961881844
lung->heart,IL6,IL6R,club cell,cardiac endothelial cell,0.002193526655271,0.0,0.0030738171698342,0.0032492686896365,6.742499895461203e-06,0.0,-6.742499895461203e-06,-2.952799458420752
lung->heart,IL6,IL6R,neutrophil,cardiac fibroblast,0.0,0.0,0.0288170933152481,0.0325634518666592,0.0,0.0,0.0,0.0
lung->heart,IL6,IL6R,neutrophil,cardiac endothelial cell,0.0,0.0,0.0030738171698342,0.0032492686896365,0.0,0.0,0.0,0.0
lung->heart,IL6,IL6R,plasma cell,cardiac fibroblast,0.0046805383896172,0.0011571591059422,0.0288170933152481,0.0325634518666592,0.0001348795115392,3.768109484841595e-05,-9.7198416690787e-05,-1.8126274018834787
lung->heart,IL6,IL6R,plasma cell,cardiac endothelial cell,0.0046805383896172,0.0011571591059422,0.0030738171698342,0.0032492686896365,1.4387119266073816e-05,3.7599208518658415e-06,-1.0627198414207971e-05,-1.6927136699091003
lung->heart,IL6,IL6R,leukocyte,cardiac fibroblast,0.0,0.0,0.0288170933152481,0.0325634518666592,0.0,0.0,0.0,0.0
lung->heart,IL6,IL6R,leukocyte,cardiac endothelial cell,0.0,0.0,0.0030738171698342,0.0032492686896365,0.0,0.0,0.0,0.0
lung->heart,IL6,IL6R,endothelial cell of lymphatic vessel,cardiac fibroblast,0.0,0.0,0.0288170933152481,0.0325634518666592,0.0,0.0,0.0,0.0
lung->heart,IL6,IL6R,endothelial cell of lymphatic vessel,cardiac endothelial cell,0.0,0.0,0.0030738171698342,0.0032492686896365,0.0,0.0,0.0,0.0
lung->heart,IL6,IL6ST,"CD4-positive, alpha-beta T cell",cardiac fibroblast,0.0008813852755558,0.0001646214134251,0.0028381720137231,0.0034668051438991,2.501523022390292e-06,5.707103628581096e-07,-1.9308126595321824e-06,-1.1565653992880691
lung->heart,IL6,IL6ST,"CD4-positive, alpha-beta T cell",cardiac endothelial cell,0.0008813852755558,0.0001646214134251,0.0017093929692247,0.001281038802316,1.506633793213352e-06,2.1088641828968242e-07,-1.2957473749236696e-06,-1.049687695052547
lung->heart,IL6,IL6ST,natural killer cell,cardiac fibroblast,0.0002617730353757,0.0,0.0028381720137231,0.0034668051438991,7.42956902950822e-07,0.0,-7.42956902950822e-07,-0.8015368972502803
lung->heart,IL6,IL6ST,natural killer cell,cardiac endothelial cell,0.0002617730353757,0.0,0.0017093929692247,0.001281038802316,4.474729862039207e-07,0.0,-4.474729862039207e-07,-0.5335364238391717
lung->heart,IL6,IL6ST,capillary endothelial cell,cardiac fibroblast,0.0008099543539883,0.0003963164365763,0.0028381720137231,0.0034668051438991,2.298789779882952e-06,1.3739518609346375e-06,-9.248379189483144e-07,-0.4746461627542702
lung->heart,IL6,IL6ST,capillary endothelial cell,cardiac endothelial cell,0.0008099543539883,0.0003963164365763,0.0017093929692247,0.001281038802316,1.3845302781006218e-06,5.076967332499389e-07,-8.768335448506829e-07,-0.6613588359374876
lung->heart,IL6,IL6ST,macrophage,cardiac fibroblast,0.0004137242889858,6.531804000876681e-05,0.0028381720137231,0.0034668051438991,1.174220698397014e-06,2.2644491709180146e-07,-9.477757813052126e-07,-0.8260159512222692
lung->heart,IL6,IL6ST,macrophage,cardiac endothelial cell,0.0004137242889858,6.531804000876681e-05,0.0017093929692247,0.001281038802316,7.072173907898192e-07,8.3674943742465e-08,-6.235424470473542e-07,-0.6557147029392404
lung->heart,IL6,IL6ST,"CD8-positive, alpha-beta T cell",cardiac fibroblast,0.0008701182734033,0.000964673240546,0.0028381720137231,0.0034668051438991,2.46954533220241e-06,3.3443341525068888e-06,8.747888203044789e-07,0.3243884582638408
lung->heart,IL6,IL6ST,"CD8-positive, alpha-beta T cell",cardiac endothelial cell,0.0008701182734033,0.000964673240546,0.0017093929692247,0.001281038802316,1.48737405894957e-06,1.2357838526954945e-06,-2.515902062540755e-07,-0.153842760272586
lung->heart,IL6,IL6ST,monocyte,cardiac fibroblast,0.0004785656369661,0.0003358989480958,0.0028381720137231,0.0034668051438991,1.358251597566999e-06,1.164496201089084e-06,-1.9375539647791498e-07,-0.1236863765587057
lung->heart,IL6,IL6ST,monocyte,cardiac endothelial cell,0.0004785656369661,0.0003358989480958,0.0017093929692247,0.001281038802316,8.180567351425248e-07,4.302995861679738e-07,-3.87757148974551e-07,-0.3460798605244894
lung->heart,IL6,IL6ST,fibroblast,cardiac fibroblast,0.0005791639407024,0.0005304689590517,0.0028381720137231,0.0034668051438991,1.6437668878592195e-06,1.839032515919441e-06,1.952656280602214e-07,0.1028043986749858
lung->heart,IL6,IL6ST,fibroblast,cardiac endothelial cell,0.0005791639407024,0.0005304689590517,0.0017093929692247,0.001281038802316,9.900187682651865e-07,6.795513199695238e-07,-3.104674482956625e-07,-0.2447061582872161
lung->heart,IL6,IL6ST,conventional dendritic cell,cardiac fibroblast,0.0001437509390262,0.0,0.0028381720137231,0.0034668051438991,4.0798989209080243e-07,0.0,-4.0798989209080243e-07,-0.4936369769561641
lung->heart,IL6,IL6ST,conventional dendritic cell,cardiac endothelial cell,0.0001437509390262,0.0,0.0017093929692247,0.001281038802316,2.457268444909665e-07,0.0,-2.457268444909665e-07,-0.3169877575265406
lung->heart,IL6,IL6ST,mast cell,cardiac fibroblast,0.0158619587580424,0.0343391028591768,0.0028381720137231,0.0034668051438991,4.501896742990703e-05,0.000119046978429,7.402801099916835e-05,1.3832985735734609
lung->heart,IL6,IL6ST,mast cell,cardiac endothelial cell,0.0158619587580424,0.0343391028591768,0.0017093929692247,0.001281038802316,2.711432077913e-05,4.398972319932888e-05,1.6875402420198883e-05,0.6782902978468277
lung->heart,IL6,IL6ST,pulmonary alveolar type 2 cell,cardiac fibroblast,0.0015487079914492,0.0,0.0028381720137231,0.0034668051438991,4.395499678760656e-06,0.0,-4.395499678760656e-06,-2.431756574298717
lung->heart,IL6,IL6ST,pulmonary alveolar type 2 cell,cardiac endothelial cell,0.0015487079914492,0.0,0.0017093929692247,0.001281038802316,2.6473505519654568e-06,0.0,-2.6473505519654568e-06,-1.8668488657770388
lung->heart,IL6,IL6ST,vein endothelial cell,cardiac fibroblast,0.0012355078149576,0.0,0.0028381720137231,0.0034668051438991,3.5065837031490468e-06,0.0,-3.5065837031490468e-06,-2.1720341868756914
lung->heart,IL6,IL6ST,vein endothelial cell,cardiac endothelial cell,0.0012355078149576,0.0,0.0017093929692247,0.001281038802316,2.1119683723107814e-06,0.0,-2.1119683723107814e-06,-1.6378273979390603
lung->heart,IL6,IL6ST,lung multiciliated epithelial cell,cardiac fibroblast,0.0296125995457238,0.0207611167264017,0.0028381720137231,0.0034668051438991,8.404565128426443e-05,7.197474626017967e-05,-1.2070905024084764e-05,-0.2208401777977248
lung->heart,IL6,IL6ST,lung multiciliated epithelial cell,cardiac endothelial cell,0.0296125995457238,0.0207611167264017,0.0017093929692247,0.001281038802316,5.061956946392699e-05,2.65957961059342e-05,-2.4023773357992788e-05,-0.9034696024307312
lung->heart,IL6,IL6ST,smooth muscle cell,cardiac fibroblast,0.0,0.0,0.0028381720137231,0.0034668051438991,0.0,0.0,0.0,0.0
lung->heart,IL6,IL6ST,smooth muscle cell,cardiac endothelial cell,0.0,0.0,0.0017093929692247,0.001281038802316,0.0,0.0,0.0,0.0
lung->heart,IL6,IL6ST,endothelial cell,cardiac fibroblast,0.0,0.0010430942545388,0.0028381720137231,0.0034668051438991,0.0,3.6162045272070583e-06,3.6162045272070583e-06,2.2067071459614085
lung->heart,IL6,IL6ST,endothelial cell,cardiac endothelial cell,0.0,0.0010430942545388,0.0017093929692247,0.001281038802316,0.0,1.336244214537298e-06,1.336244214537298e-06,1.2241910912925589
lung->heart,IL6,IL6ST,B cell,cardiac fibroblast,0.0,0.0,0.0028381720137231,0.0034668051438991,0.0,0.0,0.0,0.0
lung->heart,IL6,IL6ST,B cell,cardiac endothelial cell,0.0,0.0,0.0017093929692247,0.001281038802316,0.0,0.0,0.0,0.0
lung->heart,IL6,IL6ST,pulmonary alveolar type 1 cell,cardiac fibroblast,0.0,0.0,0.0028381720137231,0.0034668051438991,0.0,0.0,0.0,0.0
lung->heart,IL6,IL6ST,pulmonary alveolar type 1 cell,cardiac endothelial cell,0.0,0.0,0.0017093929692247,0.001281038802316,0.0,0.0,0.0,0.0
lung->heart,IL6,IL6ST,club cell,cardiac fibroblast,0.002193526655271,0.0,0.0028381720137231,0.0034668051438991,6.225605964346099e-06,0.0,-6.225605964346099e-06,-2.8531185820906058
lung->heart,IL6,IL6ST,club cell,cardiac endothelial cell,0.002193526655271,0.0,0.0017093929692247,0.001281038802316,3.74959904232734e-06,0.0,-3.74959904232734e-06,-2.247805727325304
lung->heart,IL6,IL6ST,neutrophil,cardiac fibroblast,0.0,0.0,0.0028381720137231,0.0034668051438991,0.0,0.0,0.0,0.0
lung->heart,IL6,IL6ST,neutrophil,cardiac endothelial cell,0.0,0.0,0.0017093929692247,0.001281038802316,0.0,0.0,0.0,0.0
lung->heart,IL6,IL6ST,plasma cell,cardiac fibroblast,0.0046805383896172,0.0011571591059422,0.0028381720137231,0.0034668051438991,1.3284173066568672e-05,4.011645140790206e-06,-9.272527925778468e-06,-1.5110613482067992
lung->heart,IL6,IL6ST,plasma cell,cardiac endothelial cell,0.0046805383896172,0.0011571591059422,0.0017093929692247,0.001281038802316,8.000879415398131e-06,1.4823657151653802e-06,-6.518513700232751e-06,-1.858350287816016
lung->heart,IL6,IL6ST,leukocyte,cardiac fibroblast,0.0,0.0,0.0028381720137231,0.0034668051438991,0.0,0.0,0.0,0.0
lung->heart,IL6,IL6ST,leukocyte,cardiac endothelial cell,0.0,0.0,0.0017093929692247,0.001281038802316,0.0,0.0,0.0,0.0
lung->heart,IL6,IL6ST,endothelial cell of lymphatic vessel,cardiac fibroblast,0.0,0.0,0.0028381720137231,0.0034668051438991,0.0,0.0,0.0,0.0
lung->heart,IL6,IL6ST,endothelial cell of lymphatic vessel,cardiac endothelial cell,0.0,0.0,0.0017093929692247,0.001281038802316,0.0,0.0,0.0,0.0
lung->heart,CCL2,CCR2,"CD4-positive, alpha-beta T cell",cardiac fibroblast,0.0,0.0,0.0861052494644583,0.0782930414940857,0.0,0.0,0.0,0.0
lung->heart,CCL2,CCR2,"CD4-positive, alpha-beta T cell",cardiac endothelial cell,0.0,0.0,0.0621067020452313,0.0638661073208372,0.0,0.0,0.0,0.0
lung->heart,CCL2,CCR2,"CD4-positive, alpha-beta T cell",cardiac macrophage,0.0,0.0,0.0136910619532242,0.0132557443034377,0.0,0.0,0.0,0.0
lung->heart,CCL2,CCR2,natural killer cell,cardiac fibroblast,0.000179480183735,0.0,0.0861052494644583,0.0782930414940857,1.545418599443697e-05,0.0,-1.545418599443697e-05,-4.040382751502344
lung->heart,CCL2,CCR2,natural killer cell,cardiac endothelial cell,0.000179480183735,0.0,0.0621067020452313,0.0638661073208372,1.114692229425877e-05,0.0,-1.114692229425877e-05,-3.602518914621663
lung->heart,CCL2,CCR2,natural killer cell,cardiac macrophage,0.000179480183735,0.0,0.0136910619532242,0.0132557443034377,2.457274314893232e-06,0.0,-2.457274314893232e-06,-1.7896350777210344
lung->heart,CCL2,CCR2,capillary endothelial cell,cardiac fibroblast,0.0,0.0,0.0861052494644583,0.0782930414940857,0.0,0.0,0.0,0.0
lung->heart,CCL2,CCR2,capillary endothelial cell,cardiac endothelial cell,0.0,0.0,0.0621067020452313,0.0638661073208372,0.0,0.0,0.0,0.0
lung->heart,CCL2,CCR2,capillary endothelial cell,cardiac macrophage,0.0,0.0,0.0136910619532242,0.0132557443034377,0.0,0.0,0.0,0.0
lung->heart,CCL2,CCR2,macrophage,cardiac fibroblast,0.0,0.0,0.0861052494644583,0.0782930414940857,0.0,0.0,0.0,0.0
lung->heart,CCL2,CCR2,macrophage,cardiac endothelial cell,0.0,0.0,0.0621067020452313,0.0638661073208372,0.0,0.0,0.0,0.0
lung->heart,CCL2,CCR2,macrophage,cardiac macrophage,0.0,0.0,0.0136910619532242,0.0132557443034377,0.0,0.0,0.0,0.0
lung->heart,CCL2,CCR2,"CD8-positive, alpha-beta T cell",cardiac fibroblast,0.0,0.0,0.0861052494644583,0.0782930414940857,0.0,0.0,0.0,0.0
lung->heart,CCL2,CCR2,"CD8-positive, alpha-beta T cell",cardiac endothelial cell,0.0,0.0,0.0621067020452313,0.0638661073208372,0.0,0.0,0.0,0.0
lung->heart,CCL2,CCR2,"CD8-positive, alpha-beta T cell",cardiac macrophage,0.0,0.0,0.0136910619532242,0.0132557443034377,0.0,0.0,0.0,0.0
lung->heart,CCL2,CCR2,monocyte,cardiac fibroblast,0.0,0.0,0.0861052494644583,0.0782930414940857,0.0,0.0,0.0,0.0
lung->heart,CCL2,CCR2,monocyte,cardiac endothelial cell,0.0,0.0,0.0621067020452313,0.0638661073208372,0.0,0.0,0.0,0.0
lung->heart,CCL2,CCR2,monocyte,cardiac macrophage,0.0,0.0,0.0136910619532242,0.0132557443034377,0.0,0.0,0.0,0.0
lung->heart,CCL2,CCR2,fibroblast,cardiac fibroblast,0.0,0.0,0.0861052494644583,0.0782930414940857,0.0,0.0,0.0,0.0
lung->heart,CCL2,CCR2,fibroblast,cardiac endothelial cell,0.0,0.0,0.0621067020452313,0.0638661073208372,0.0,0.0,0.0,0.0
lung->heart,CCL2,CCR2,fibroblast,cardiac macrophage,0.0,0.0,0.0136910619532242,0.0132557443034377,0.0,0.0,0.0,0.0
lung->heart,CCL2,CCR2,conventional dendritic cell,cardiac fibroblast,0.0,0.0,0.0861052494644583,0.0782930414940857,0.0,0.0,0.0,0.0
lung->heart,CCL2,CCR2,conventional dendritic cell,cardiac endothelial cell,0.0,0.0,0.0621067020452313,0.0638661073208372,0.0,0.0,0.0,0.0
lung->heart,CCL2,CCR2,conventional dendritic cell,cardiac macrophage,0.0,0.0,0.0136910619532242,0.0132557443034377,0.0,0.0,0.0,0.0
lung->heart,CCL2,CCR2,mast cell,cardiac fibroblast,0.0,0.0,0.0861052494644583,0.0782930414940857,0.0,0.0,0.0,0.0
lung->heart,CCL2,CCR2,mast cell,cardiac endothelial cell,0.0,0.0,0.0621067020452313,0.0638661073208372,0.0,0.0,0.0,0.0
lung->heart,CCL2,CCR2,mast cell,cardiac macrophage,0.0,0.0,0.0136910619532242,0.0132557443034377,0.0,0.0,0.0,0.0
lung->heart,CCL2,CCR2,pulmonary alveolar type 2 cell,cardiac fibroblast,0.0,0.0,0.0861052494644583,0.0782930414940857,0.0,0.0,0.0,0.0
lung->heart,CCL2,CCR2,pulmonary alveolar type 2 cell,cardiac endothelial cell,0.0,0.0,0.0621067020452313,0.0638661073208372,0.0,0.0,0.0,0.0
lung->heart,CCL2,CCR2,pulmonary alveolar type 2 cell,cardiac macrophage,0.0,0.0,0.0136910619532242,0.0132557443034377,0.0,0.0,0.0,0.0
lung->heart,CCL2,CCR2,vein endothelial cell,cardiac fibroblast,0.0,0.0,0.0861052494644583,0.0782930414940857,0.0,0.0,0.0,0.0
lung->heart,CCL2,CCR2,vein endothelial cell,cardiac endothelial cell,0.0,0.0,0.0621067020452313,0.0638661073208372,0.0,0.0,0.0,0.0
lung->heart,CCL2,CCR2,vein endothelial cell,cardiac macrophage,0.0,0.0,0.0136910619532242,0.0132557443034377,0.0,0.0,0.0,0.0
lung->heart,CCL2,CCR2,lung multiciliated epithelial cell,cardiac fibroblast,0.0,0.0032316755985905,0.0861052494644583,0.0782930414940857,0.0,0.0002530177117358,0.0002530177117358,7.988785284184139
lung->heart,CCL2,CCR2,lung multiciliated epithelial cell,cardiac endothelial cell,0.0,0.0032316755985905,0.0621067020452313,0.0638661073208372,0.0,0.0002063945406057,0.0002063945406057,7.6962341073360445
lung->heart,CCL2,CCR2,lung multiciliated epithelial cell,cardiac macrophage,0.0,0.0032316755985905,0.0136910619532242,0.0132557443034377,0.0,4.2838265406575154e-05,4.2838265406575154e-05,5.454118809726847
lung->heart,CCL2,CCR2,smooth muscle cell,cardiac fibroblast,0.0,0.0,0.0861052494644583,0.0782930414940857,0.0,0.0,0.0,0.0
lung->heart,CCL2,CCR2,smooth muscle cell,cardiac endothelial cell,0.0,0.0,0.0621067020452313,0.0638661073208372,0.0,0.0,0.0,0.0
lung->heart,CCL2,CCR2,smooth muscle cell,cardiac macrophage,0.0,0.0,0.0136910619532242,0.0132557443034377,0.0,0.0,0.0,0.0
lung->heart,CCL2,CCR2,endothelial cell,cardiac fibroblast,0.0,0.0,0.0861052494644583,0.0782930414940857,0.0,0.0,0.0,0.0
lung->heart,CCL2,CCR2,endothelial cell,cardiac endothelial cell,0.0,0.0,0.0621067020452313,0.0638661073208372,0.0,0.0,0.0,0.0
lung->heart,CCL2,CCR2,endothelial cell,cardiac macrophage,0.0,0.0,0.0136910619532242,0.0132557443034377,0.0,0.0,0.0,0.0
lung->heart,CCL2,CCR2,B cell,cardiac fibroblast,0.0,0.0065638174009773,0.0861052494644583,0.0782930414940857,0.0,0.0005139012281343,0.0005139012281343,9.008151901007745
lung->heart,CCL2,CCR2,B cell,cardiac endothelial cell,0.0,0.0065638174009773,0.0621067020452313,0.0638661073208372,0.0,0.0004192054665651,0.0004192054665651,8.714951120313055
lung->heart,CCL2,CCR2,B cell,cardiac macrophage,0.0,0.0065638174009773,0.0136910619532242,0.0132557443034377,0.0,8.700828512181084e-05,8.700828512181084e-05,6.459567440699881
lung->heart,CCL2,CCR2,pulmonary alveolar type 1 cell,cardiac fibroblast,0.0,0.0,0.0861052494644583,0.0782930414940857,0.0,0.0,0.0,0.0
lung->heart,CCL2,CCR2,pulmonary alveolar type 1 cell,cardiac endothelial cell,0.0,0.0,0.0621067020452313,0.0638661073208372,0.0,0.0,0.0,0.0
lung->heart,CCL2,CCR2,pulmonary alveolar type 1 cell,cardiac macrophage,0.0,0.0,0.0136910619532242,0.0132557443034377,0.0,0.0,0.0,0.0
lung->heart,CCL2,CCR2,club cell,cardiac fibroblast,0.0,0.0,0.0861052494644583,0.0782930414940857,0.0,0.0,0.0,0.0
lung->heart,CCL2,CCR2,club cell,cardiac endothelial cell,0.0,0.0,0.0621067020452313,0.0638661073208372,0.0,0.0,0.0,0.0
lung->heart,CCL2,CCR2,club cell,cardiac macrophage,0.0,0.0,0.0136910619532242,0.0132557443034377,0.0,0.0,0.0,0.0
lung->heart,CCL2,CCR2,neutrophil,cardiac fibroblast,0.0,0.0,0.0861052494644583,0.0782930414940857,0.0,0.0,0.0,0.0
lung->heart,CCL2,CCR2,neutrophil,cardiac endothelial cell,0.0,0.0,0.0621067020452313,0.0638661073208372,0.0,0.0,0.0,0.0
lung->heart,CCL2,CCR2,neutrophil,cardiac macrophage,0.0,0.0,0.0136910619532242,0.0132557443034377,0.0,0.0,0.0,0.0
lung->heart,CCL2,CCR2,plasma cell,cardiac fibroblast,0.0115332046392378,0.00916930283078,0.0861052494644583,0.0782930414940857,0.0009930694625862,0.000717892607002,-0.0002751768555841,-0.4675703992009708
lung->heart,CCL2,CCR2,plasma cell,cardiac endothelial cell,0.0115332046392378,0.00916930283078,0.0621067020452313,0.0638661073208372,0.0007162893041558,0.0005856076786478,-0.0001306816255079,-0.2901591622329298
lung->heart,CCL2,CCR2,plasma cell,cardiac macrophage,0.0115332046392378,0.00916930283078,0.0136910619532242,0.0132557443034377,0.000157901819235,0.0001215459337656,-3.63558854694117e-05,-0.3748130274165966
lung->heart,CCL2,CCR2,leukocyte,cardiac fibroblast,0.0,0.0,0.0861052494644583,0.0782930414940857,0.0,0.0,0.0,0.0
lung->heart,CCL2,CCR2,leukocyte,cardiac endothelial cell,0.0,0.0,0.0621067020452313,0.0638661073208372,0.0,0.0,0.0,0.0
lung->heart,CCL2,CCR2,leukocyte,cardiac macrophage,0.0,0.0,0.0136910619532242,0.0132557443034377,0.0,0.0,0.0,0.0
lung->heart,CCL2,CCR2,endothelial cell of lymphatic vessel,cardiac fibroblast,0.0,0.0,0.0861052494644583,0.0782930414940857,0.0,0.0,0.0,0.0
lung->heart,CCL2,CCR2,endothelial cell of lymphatic vessel,cardiac endothelial cell,0.0,0.0,0.0621067020452313,0.0638661073208372,0.0,0.0,0.0,0.0
lung->heart,CCL2,CCR2,endothelial cell of lymphatic vessel,cardiac macrophage,0.0,0.0,0.0136910619532242,0.0132557443034377,0.0,0.0,0.0,0.0
lung->heart,CXCL8,CXCR1,"CD4-positive, alpha-beta T cell",cardiac fibroblast,0.0069010946847153,0.0122844659749503,0.000462732745203,0.0004911057166432,3.1933624883644326e-06,6.032971466208145e-06,2.8396089778437123e-06,0.7460268171043721
lung->heart,CXCL8,CXCR1,"CD4-positive, alpha-beta T cell",cardiac endothelial cell,0.0069010946847153,0.0122844659749503,0.000726590019252,0.0007830603640388,5.014266519827225e-06,9.619478398366854e-06,4.605211878539629e-06,0.820252199491994
lung->heart,CXCL8,CXCR1,natural killer cell,cardiac fibroblast,0.0264276183037138,0.0259320473374092,0.000462732745203,0.0004911057166432,1.2228924366855582e-05,1.2735376691666228e-05,5.064523248106465e-07,0.0542007147406658
lung->heart,CXCL8,CXCR1,natural killer cell,cardiac endothelial cell,0.0264276183037138,0.0259320473374092,0.000726590019252,0.0007830603640388,1.9202043692080044e-05,2.030635842830312e-05,1.1043147362230778e-06,0.0767827890762755
lung->heart,CXCL8,CXCR1,capillary endothelial cell,cardiac fibroblast,0.0311077049756767,0.0275776571211382,0.000462732745203,0.0004911057166432,1.4394553720361122e-05,1.354354506381968e-05,-8.510086565414438e-07,-0.0820410686019579
lung->heart,CXCL8,CXCR1,capillary endothelial cell,cardiac endothelial cell,0.0311077049756767,0.0275776571211382,0.000726590019252,0.0007830603640388,2.2602547957162607e-05,2.159497022461577e-05,-1.0075777325468364e-06,-0.062940954876562
lung->heart,CXCL8,CXCR1,macrophage,cardiac fibroblast,0.0003512065751287,0.0015315779686354,0.000462732745203,0.0004911057166432,1.625147826426978e-07,7.521666958817746e-07,5.896519132390768e-07,0.5918909733681802
lung->heart,CXCL8,CXCR1,macrophage,cardiac endothelial cell,0.0003512065751287,0.0015315779686354,0.000726590019252,0.0007830603640388,2.551831921842508e-07,1.1993180016734508e-06,9.441348094892e-07,0.8091582812369473
lung->heart,CXCL8,CXCR1,"CD8-positive, alpha-beta T cell",cardiac fibroblast,0.0128084382933411,0.013328372477119,0.000462732745203,0.0004911057166432,5.92688381324146e-06,6.545639917064318e-06,6.187561038228582e-07,0.1234367801602964
lung->heart,CXCL8,CXCR1,"CD8-positive, alpha-beta T cell",cardiac endothelial cell,0.0128084382933411,0.013328372477119,0.000726590019252,0.0007830603640388,9.306483426146824e-06,1.0436920203977576e-05,1.130436777830754e-06,0.15014643877737
lung->heart,CXCL8,CXCR1,monocyte,cardiac fibroblast,0.0026976920816675,0.0039307227446242,0.000462732745203,0.0004911057166432,1.2483104626625375e-06,1.930400410424768e-06,6.820899477622302e-07,0.3822565413361876
lung->heart,CXCL8,CXCR1,monocyte,cardiac endothelial cell,0.0026976920816675,0.0039307227446242,0.000726590019252,0.0007830603640388,1.960116141554821e-06,3.0779931833410218e-06,1.1178770417862005e-06,0.4622055820019762
lung->heart,CXCL8,CXCR1,fibroblast,cardiac fibroblast,0.026098443700651,0.0229789277447403,0.000462732745203,0.0004911057166432,1.2076604499129224e-05,1.1285082777775196e-05,-7.91521721354027e-07,-0.0900803972716956
lung->heart,CXCL8,CXCR1,fibroblast,cardiac endothelial cell,0.026098443700651,0.0229789277447403,0.000726590019252,0.0007830603640388,1.8962868710903392e-05,1.799388752501767e-05,-9.689811858857222e-07,-0.0717838386210849
lung->heart,CXCL8,CXCR1,conventional dendritic cell,cardiac fibroblast,0.0140506584862248,0.0137354841034577,0.000462732745203,0.0004911057166432,6.501699773241215e-06,6.745574764071205e-06,2.438749908299894e-07,0.0461547730414698
lung->heart,CXCL8,CXCR1,conventional dendritic cell,cardiac endothelial cell,0.0140506584862248,0.0137354841034577,0.000726590019252,0.0007830603640388,1.0209068220009469e-05,1.0755713182302791e-05,5.466449622933227e-07,0.0686957097049632
lung->heart,CXCL8,CXCR1,mast cell,cardiac fibroblast,0.0185670859876945,0.0134439168815298,0.000462732745203,0.0004911057166432,8.591598669506792e-06,6.6023844345966286e-06,-1.9892142349101637e-06,-0.3353193142264674
lung->heart,CXCL8,CXCR1,mast cell,cardiac endothelial cell,0.0185670859876945,0.0134439168815298,0.000726590019252,0.0007830603640388,1.3490659365252618e-05,1.0527398447358176e-05,-2.963260917894441e-06,-0.3300562868898528
lung->heart,CXCL8,CXCR1,pulmonary alveolar type 2 cell,cardiac fibroblast,0.031672374849805,0.0343039951506132,0.000462732745203,0.0004911057166432,1.4655844961349949e-05,1.6846888122170005e-05,2.1910431608200564e-06,0.1889711659953057
lung->heart,CXCL8,CXCR1,pulmonary alveolar type 2 cell,cardiac endothelial cell,0.031672374849805,0.0343039951506132,0.000726590019252,0.0007830603640388,2.3012831451876488e-05,2.6862098930624423e-05,3.849267478747935e-06,0.2144984166122198
lung->heart,CXCL8,CXCR1,vein endothelial cell,cardiac fibroblast,0.0448266172921085,0.0366531867080072,0.000462732745203,0.0004911057166432,2.074274367774338e-05,1.8000589525496376e-05,-2.7421541522470027e-06,-0.1944898216369031
lung->heart,CXCL8,CXCR1,vein endothelial cell,cardiac endothelial cell,0.0448266172921085,0.0366531867080072,0.000726590019252,0.0007830603640388,3.257057272127532e-05,2.8701657726754268e-05,-3.868914994521053e-06,-0.1766536961017424
lung->heart,CXCL8,CXCR1,lung multiciliated epithelial cell,cardiac fibroblast,0.0362076876063782,0.029582030508311,0.000462732745203,0.0004911057166432,1.675448268355346e-05,1.4527904292547892e-05,-2.2265783910055668e-06,-0.1933201938060278
lung->heart,CXCL8,CXCR1,lung multiciliated epithelial cell,cardiac endothelial cell,0.0362076876063782,0.029582030508311,0.000726590019252,0.0007830603640388,2.6308144434988915e-05,2.316451557884493e-05,-3.143628856143984e-06,-0.1764412139020305
lung->heart,CXCL8,CXCR1,smooth muscle cell,cardiac fibroblast,0.0220386938445197,0.0304621500796861,0.000462732745203,0.0004911057166432,1.019802530336392e-05,1.4960136045379856e-05,4.762110742015936e-06,0.5112286041315267
lung->heart,CXCL8,CXCR1,smooth muscle cell,cardiac endothelial cell,0.0220386938445197,0.0304621500796861,0.000726590019252,0.0007830603640388,1.6013094984778595e-05,2.38537023308036e-05,7.840607346025007e-06,0.546815162025352
lung->heart,CXCL8,CXCR1,endothelial cell,cardiac fibroblast,0.0369534279598316,0.0827383792533821,0.000462732745203,0.0004911057166432,1.7099561164515636e-05,4.063329103713697e-05,2.3533729872621336e-05,1.201782886781772
lung->heart,CXCL8,CXCR1,endothelial cell,cardiac endothelial cell,0.0369534279598316,0.0827383792533821,0.000726590019252,0.0007830603640388,2.6849991932761624e-05,6.478914537813381e-05,3.793915344537219e-05,1.2401726621247382
lung->heart,CXCL8,CXCR1,B cell,cardiac fibroblast,0.0301271513213256,0.0241227890798439,0.000462732745203,0.0004911057166432,1.394081943606439e-05,1.184683961849182e-05,-2.0939798175725703e-06,-0.2178457821001357
lung->heart,CXCL8,CXCR1,B cell,cardiac endothelial cell,0.0301271513213256,0.0241227890798439,0.000726590019252,0.0007830603640388,2.189008745857005e-05,1.8889599998493822e-05,-3.000487460076229e-06,-0.2027087128654179
lung->heart,CXCL8,CXCR1,pulmonary alveolar type 1 cell,cardiac fibroblast,0.0319309467366976,0.0865815928551411,0.000462732745203,0.0004911057166432,1.4775494640404088e-05,4.252071520724208e-05,2.7745220566837997e-05,1.4640170240302597
lung->heart,CXCL8,CXCR1,pulmonary alveolar type 1 cell,cardiac endothelial cell,0.0319309467366976,0.0865815928551411,0.000726590019252,0.0007830603640388,2.32007072041518e-05,6.779861362020608e-05,4.459790641605428e-05,1.5073302858643098
lung->heart,CXCL8,CXCR1,club cell,cardiac fibroblast,0.0505028577250164,0.052777361426316,0.000462732745203,0.0004911057166432,2.336932599569536e-05,2.5919263905813147e-05,2.549937910117788e-06,0.1435726109905247
lung->heart,CXCL8,CXCR1,club cell,cardiac endothelial cell,0.0505028577250164,0.052777361426316,0.000726590019252,0.0007830603640388,3.669487236670092e-05,4.132785985149844e-05,4.632987484797524e-06,0.1672392590284004
lung->heart,CXCL8,CXCR1,neutrophil,cardiac fibroblast,0.0,0.010884900883004,0.000462732745203,0.0004911057166432,0.0,5.345637048738913e-06,5.345637048738913e-06,2.6657650058191917
lung->heart,CXCL8,CXCR1,neutrophil,cardiac endothelial cell,0.0,0.010884900883004,0.000726590019252,0.0007830603640388,0.0,8.523534447971379e-06,8.523534447971379e-06,3.2514970970866925
lung->heart,CXCL8,CXCR1,plasma cell,cardiac fibroblast,0.0012280446109087,0.0,0.000462732745203,0.0004911057166432,5.682564540376244e-07,0.0,-5.682564540376244e-07,-0.6491614999602473
lung->heart,CXCL8,CXCR1,plasma cell,cardiac endothelial cell,0.0012280446109087,0.0,0.000726590019252,0.0007830603640388,8.922849574825407e-07,0.0,-8.922849574825407e-07,-0.9201293591800962
lung->heart,CXCL8,CXCR1,leukocyte,cardiac fibroblast,0.0167488811250419,0.0172473751890331,0.000462732745203,0.0004911057166432,7.750255742069996e-06,8.470284552425888e-06,7.200288103558919e-07,0.1140825918815409
lung->heart,CXCL8,CXCR1,leukocyte,cardiac endothelial cell,0.0167488811250419,0.0172473751890331,0.000726590019252,0.0007830603640388,1.216956985909371e-05,1.3505735894238049e-05,1.336166035144337e-06,0.1394152616764207
lung->heart,CXCL8,CXCR1,endothelial cell of lymphatic vessel,cardiac fibroblast,0.0189780593189431,0.0208651908016192,0.000462732745203,0.0004911057166432,8.781769487280687e-06,1.0247014481528302e-05,1.4652449942476152e-06,0.2013747167633176
lung->heart,CXCL8,CXCR1,endothelial cell of lymphatic vessel,cardiac endothelial cell,0.0189780593189431,0.0208651908016192,0.000726590019252,0.0007830603640388,1.3789268485916587e-05,1.6338703904855002e-05,2.549435418938415e-06,0.2294453639781584
lung->heart,CXCL8,CXCR2,"CD4-positive, alpha-beta T cell",cardiac fibroblast,0.0069010946847153,0.0122844659749503,0.0008907238622092,0.000650972431155,6.146969711041664e-06,7.996848681155196e-06,1.849878970113532e-06,0.3320880841838122
lung->heart,CXCL8,CXCR2,"CD4-positive, alpha-beta T cell",cardiac endothelial cell,0.0069010946847153,0.0122844659749503,0.000308367622344,0.0004708761865119,2.1280741594968856e-06,5.78446249162019e-06,3.656388332123304e-06,1.116959804614717
lung->heart,CXCL8,CXCR2,natural killer cell,cardiac fibroblast,0.0264276183037138,0.0259320473374092,0.0008907238622092,0.000650972431155,2.3539710244476943e-05,1.6881047900061792e-05,-6.65866234441515e-06,-0.4566869276807574
lung->heart,CXCL8,CXCR2,natural killer cell,cardiac endothelial cell,0.0264276183037138,0.0259320473374092,0.000308367622344,0.0004708761865119,8.149421820532533e-06,1.2210783558686188e-05,4.061361738153655e-06,0.5299635551727893
lung->heart,CXCL8,CXCR2,capillary endothelial cell,cardiac fibroblast,0.0311077049756767,0.0275776571211382,0.0008907238622092,0.000650972431155,2.7708375120401954e-05,1.7952294501708438e-05,-9.756080618693515e-06,-0.5990991549861128
lung->heart,CXCL8,CXCR2,capillary endothelial cell,cardiac endothelial cell,0.0311077049756767,0.0275776571211382,0.000308367622344,0.0004708761865119,9.592609019929843e-06,1.2985662018135227e-05,3.393052998205384e-06,0.4008905689998577
lung->heart,CXCL8,CXCR2,macrophage,cardiac fibroblast,0.0003512065751287,0.0015315779686354,0.0008907238622092,0.000650972431155,3.128280770320047e-07,9.970150337461428e-07,6.841869567141381e-07,0.6051671948385644
lung->heart,CXCL8,CXCR2,macrophage,cardiac endothelial cell,0.0003512065751287,0.0015315779686354,0.000308367622344,0.0004708761865119,1.0830073652406161e-07,7.211835932167335e-07,6.128828566926718e-07,0.6350515846460395
lung->heart,CXCL8,CXCR2,"CD8-positive, alpha-beta T cell",cardiac fibroblast,0.0128084382933411,0.013328372477119,0.0008907238622092,0.000650972431155,1.1408781625514178e-05,8.676403034770569e-06,-2.7323785907436093e-06,-0.3588187034796254
lung->heart,CXCL8,CXCR2,"CD8-positive, alpha-beta T cell",cardiac endothelial cell,0.0128084382933411,0.013328372477119,0.000308367622344,0.0004708761865119,3.949707662458179e-06,6.276013204436415e-06,2.3263055419782355e-06,0.5558048413166945
lung->heart,CXCL8,CXCR2,monocyte,cardiac fibroblast,0.0026976920816675,0.0039307227446242,0.0008907238622092,0.000650972431155,2.4028987100343646e-06,2.558792141264564e-06,1.5589343123019905e-07,0.0646234626864822
lung->heart,CXCL8,CXCR2,monocyte,cardiac endothelial cell,0.0026976920816675,0.0039307227446242,0.000308367622344,0.0004708761865119,8.318808930402214e-07,1.85088373622436e-06,1.0190028431841388e-06,0.6380835009974241
lung->heart,CXCL8,CXCR2,fibroblast,cardiac fibroblast,0.026098443700651,0.0229789277447403,0.0008907238622092,0.000650972431155,2.3246506570695656e-05,1.495864845933041e-05,-8.287858111365247e-06,-0.6034384245655032
lung->heart,CXCL8,CXCR2,fibroblast,cardiac endothelial cell,0.026098443700651,0.0229789277447403,0.000308367622344,0.0004708761865119,8.047915030850016e-06,1.0820229866576568e-05,2.7723148357265504e-06,0.3856008055775594
lung->heart,CXCL8,CXCR2,conventional dendritic cell,cardiac fibroblast,0.0140506584862248,0.0137354841034577,0.0008907238622092,0.000650972431155,1.251525679343398e-05,8.941421479919772e-06,-3.5738353135142075e-06,-0.4430648674811224
lung->heart,CXCL8,CXCR2,conventional dendritic cell,cardiac endothelial cell,0.0140506584862248,0.0137354841034577,0.000308367622344,0.0004708761865119,4.332768149765524e-06,6.467712374531455e-06,2.1349442247659312e-06,0.4857817559582961
lung->heart,CXCL8,CXCR2,mast cell,cardiac fibroblast,0.0185670859876945,0.0134439168815298,0.0008907238622092,0.000650972431155,1.6538146540931333e-05,8.751619256616261e-06,-7.786527284315072e-06,-0.8467825861311342
lung->heart,CXCL8,CXCR2,mast cell,cardiac endothelial cell,0.0185670859876945,0.0134439168815298,0.000308367622344,0.0004708761865119,5.725488159883048e-06,6.330420312958185e-06,6.049321530751369e-07,0.1242569348245233
lung->heart,CXCL8,CXCR2,pulmonary alveolar type 2 cell,cardiac fibroblast,0.031672374849805,0.0343039951506132,0.0008907238622092,0.000650972431155,2.8211340051558717e-05,2.2330955121526555e-05,-5.880384930032159e-06,-0.3242831728865478
lung->heart,CXCL8,CXCR2,pulmonary alveolar type 2 cell,cardiac endothelial cell,0.031672374849805,0.0343039951506132,0.000308367622344,0.0004708761865119,9.766734926424094e-06,1.615293441864456e-05,6.386199492220465e-06,0.6718745941825419
lung->heart,CXCL8,CXCR2,vein endothelial cell,cardiac fibroblast,0.0448266172921085,0.0366531867080072,0.0008907238622092,0.000650972431155,3.992813768420468e-05,2.386021406089232e-05,-1.6067923623312358e-05,-0.7192543037484816
lung->heart,CXCL8,CXCR2,vein endothelial cell,cardiac endothelial cell,0.0448266172921085,0.0366531867080072,0.000308367622344,0.0004708761865119,1.3823077392094516e-05,1.7259112780576285e-05,3.4360353884817693e-06,0.3007716717232182
lung->heart,CXCL8,CXCR2,lung multiciliated epithelial cell,cardiac fibroblast,0.0362076876063782,0.029582030508311,0.0008907238622092,0.000650972431155,3.225105134642072e-05,1.92570863184988e-05,-1.2993965027921918e-05,-0.7149732783322407
lung->heart,CXCL8,CXCR2,lung multiciliated epithelial cell,cardiac endothelial cell,0.0362076876063782,0.029582030508311,0.000308367622344,0.0004708761865119,1.1165278537755266e-05,1.3929473715033127e-05,2.764195177277861e-06,0.2953939565550031
lung->heart,CXCL8,CXCR2,smooth muscle cell,cardiac fibroblast,0.0220386938445197,0.0304621500796861,0.0008907238622092,0.000650972431155,1.963039049923873e-05,1.983001989558402e-05,1.9962939634529306e-07,0.0138930880362817
lung->heart,CXCL8,CXCR2,smooth muscle cell,cardiac endothelial cell,0.0220386938445197,0.0304621500796861,0.000308367622344,0.0004708761865119,6.796019620403162e-06,1.4343901062476757e-05,7.547881442073595e-06,0.976855696423088
lung->heart,CXCL8,CXCR2,endothelial cell,cardiac fibroblast,0.0369534279598316,0.0827383792533821,0.0008907238622092,0.000650972431155,3.291530007425406e-05,5.386040389240477e-05,2.0945103818150708e-05,0.6938289861332535
lung->heart,CXCL8,CXCR2,endothelial cell,cardiac endothelial cell,0.0369534279598316,0.0827383792533821,0.000308367622344,0.0004708761865119,1.139524071743571e-05,3.8959532501010576e-05,2.7564291783574864e-05,1.688753415640433
lung->heart,CXCL8,CXCR2,B cell,cardiac fibroblast,0.0301271513213256,0.0241227890798439,0.0008907238622092,0.000650972431155,2.6834972582294958e-05,1.570327065354711e-05,-1.1131701928747844e-05,-0.7367680388590669
lung->heart,CXCL8,CXCR2,B cell,cardiac endothelial cell,0.0301271513213256,0.0241227890798439,0.000308367622344,0.0004708761865119,9.290238020956834e-06,1.1358846929948612e-05,2.0686089089917787e-06,0.2642677940430425
lung->heart,CXCL8,CXCR2,pulmonary alveolar type 1 cell,cardiac fibroblast,0.0319309467366976,0.0865815928551411,0.0008907238622092,0.000650972431155,2.844165620131043e-05,5.636222999419008e-05,2.7920573792879645e-05,0.9622422802696164
lung->heart,CXCL8,CXCR2,pulmonary alveolar type 1 cell,cardiac endothelial cell,0.0319309467366976,0.0865815928551411,0.000308367622344,0.0004708761865119,9.84647012439018e-06,4.076921026575764e-05,3.0922740141367465e-05,1.9452142582644192
lung->heart,CXCL8,CXCR2,club cell,cardiac fibroblast,0.0505028577250164,0.052777361426316,0.0008907238622092,0.000650972431155,4.4984100485432985e-05,3.435660727763903e-05,-1.0627493207793954e-05,-0.379155275178885
lung->heart,CXCL8,CXCR2,club cell,cardiac endothelial cell,0.0505028577250164,0.052777361426316,0.000308367622344,0.0004708761865119,1.5573446158243547e-05,2.4851602682585675e-05,9.278156524342127e-06,0.641380106936675
lung->heart,CXCL8,CXCR2,neutrophil,cardiac fibroblast,0.0,0.010884900883004,0.0008907238622092,0.000650972431155,0.0,7.085770390691132e-06,7.085770390691132e-06,3.015385236392876
lung->heart,CXCL8,CXCR2,neutrophil,cardiac endothelial cell,0.0,0.010884900883004,0.000308367622344,0.0004708761865119,0.0,5.125440618349289e-06,5.125440618349289e-06,2.6148136245305453
lung->heart,CXCL8,CXCR2,plasma cell,cardiac fibroblast,0.0012280446109087,0.0,0.0008907238622092,0.000650972431155,1.0938486387939878e-06,0.0,-1.0938486387939878e-06,-1.0661571557578056
lung->heart,CXCL8,CXCR2,plasma cell,cardiac endothelial cell,0.0012280446109087,0.0,0.000308367622344,0.0004708761865119,3.7868919679837843e-07,0.0,-3.7868919679837843e-07,-0.4632972612206444
lung->heart,CXCL8,CXCR2,leukocyte,cardiac fibroblast,0.0167488811250419,0.0172473751890331,0.0008907238622092,0.000650972431155,1.491862808338161e-05,1.1227565757848594e-05,-3.691062325533016e-06,-0.380578782042432
lung->heart,CXCL8,CXCR2,leukocyte,cardiac endothelial cell,0.0167488811250419,0.0172473751890331,0.000308367622344,0.0004708761865119,5.164812649452433e-06,8.121378256352427e-06,2.9565656068999943e-06,0.5651947832786658
lung->heart,CXCL8,CXCR2,endothelial cell of lymphatic vessel,cardiac fibroblast,0.0189780593189431,0.0208651908016192,0.0008907238622092,0.000650972431155,1.6904210293806087e-05,1.3582663982644574e-05,-3.3215463111615134e-06,-0.2960445892865245
lung->heart,CXCL8,CXCR2,endothelial cell of lymphatic vessel,cardiac endothelial cell,0.0189780593189431,0.0208651908016192,0.000308367622344,0.0004708761865119,5.852219028886991e-06,9.824921475510316e-06,3.9727024466233255e-06,0.6597133870767226
lung->heart,IL33,IL1RL1,"CD4-positive, alpha-beta T cell",cardiac fibroblast,0.0051101841896638,0.003187034207312,0.0009487745535415,0.0009897663888398,4.848412723063534e-06,3.154419338480308e-06,-1.6939933845832255e-06,-0.4933982798337397
lung->heart,IL33,IL1RL1,"CD4-positive, alpha-beta T cell",cardiac endothelial cell,0.0051101841896638,0.003187034207312,0.0012324116816741,0.0009281749175726,6.297850690848308e-06,2.9581252126732485e-06,-3.339725478175059e-06,-0.8826543828364644
lung->heart,IL33,IL1RL1,natural killer cell,cardiac fibroblast,0.0068285156098998,0.0061724892198574,0.0009487745535415,0.0009897663888398,6.478721849134457e-06,6.109322365291154e-06,-3.693994838433028e-07,-0.0730796734395451
lung->heart,IL33,IL1RL1,natural killer cell,cardiac endothelial cell,0.0068285156098998,0.0061724892198574,0.0012324116816741,0.0009281749175726,8.415542406134964e-06,5.729149672859561e-06,-2.686392733275402e-06,-0.4846199967376787
lung->heart,IL33,IL1RL1,capillary endothelial cell,cardiac fibroblast,0.0044887947783563,0.0036490358806344,0.0009487745535415,0.0009897663888398,4.258854261774865e-06,3.6116930663225935e-06,-6.471611954522706e-07,-0.1894520192240831
lung->heart,IL33,IL1RL1,capillary endothelial cell,cardiac endothelial cell,0.0044887947783563,0.0036490358806344,0.0012324116816741,0.0009281749175726,5.532043121484404e-06,3.386943577727726e-06,-2.1450995437566784e-06,-0.5743181635403338
lung->heart,IL33,IL1RL1,macrophage,cardiac fibroblast,0.0016708704380774,0.0011364318293199,0.0009487745535415,0.0009897663888398,1.585279353912715e-06,1.12480202786865e-06,-4.604773260440648e-07,-0.2829917515645884
lung->heart,IL33,IL1RL1,macrophage,cardiac endothelial cell,0.0016708704380774,0.0011364318293199,0.0012324116816741,0.0009281749175726,2.05920024645062e-06,1.0548075195060256e-06,-1.004392726944594e-06,-0.5741512863494223
lung->heart,IL33,IL1RL1,"CD8-positive, alpha-beta T cell",cardiac fibroblast,0.0044611509032791,0.0040685435878979,0.0009487745535415,0.0009897663888398,4.232626456540292e-06,4.026907694831209e-06,-2.057187617090828e-07,-0.0578640742212774
lung->heart,IL33,IL1RL1,"CD8-positive, alpha-beta T cell",cardiac endothelial cell,0.0044611509032791,0.0040685435878979,0.0012324116816741,0.0009281749175726,5.497974486912465e-06,3.77632010933808e-06,-1.7216543775743849e-06,-0.444090549830301
lung->heart,IL33,IL1RL1,monocyte,cardiac fibroblast,0.0046691349116549,0.0044506414665124,0.0009487745535415,0.0009897663888398,4.429956391230877e-06,4.405095332330862e-06,-2.4861058900015227e-08,-0.006620547874617
lung->heart,IL33,IL1RL1,monocyte,cardiac endothelial cell,0.0046691349116549,0.0044506414665124,0.0012324116816741,0.0009281749175726,5.754296408436279e-06,4.130973776325811e-06,-1.6233226321104685e-06,-0.3965728404418199
lung->heart,IL33,IL1RL1,fibroblast,cardiac fibroblast,0.0274110211878463,0.0125785561436313,0.0009487745535415,0.0009897663888398,2.6006879389617764e-05,1.2449832091101107e-05,-1.3557047298516656e-05,-1.0057387857486395
lung->heart,IL33,IL1RL1,fibroblast,cardiac endothelial cell,0.0274110211878463,0.0125785561436313,0.0012324116816741,0.0009281749175726,3.378166271851989e-05,1.1675100311798513e-05,-2.210656240672137e-05,-1.456329736664512
lung->heart,IL33,IL1RL1,conventional dendritic cell,cardiac fibroblast,0.0079624856335324,0.0043987051275205,0.0009487745535415,0.0009897663888398,7.554603752036001e-06,4.35369048963732e-06,-3.2009132623986816e-06,-0.6761672952970583
lung->heart,IL33,IL1RL1,conventional dendritic cell,cardiac endothelial cell,0.0079624856335324,0.0043987051275205,0.0012324116816741,0.0009281749175726,9.813060309928091e-06,4.082767769163007e-06,-5.730292540765085e-06,-1.0890886711918824
lung->heart,IL33,IL1RL1,mast cell,cardiac fibroblast,0.0052688920286593,0.0008240297366842,0.0009487745535415,0.0009897663888398,4.99899068215003e-06,8.155969367746282e-07,-4.183393745375402e-06,-1.724275831348499
lung->heart,IL33,IL1RL1,mast cell,cardiac endothelial cell,0.0052688920286593,0.0008240297366842,0.0012324116816741,0.0009281749175726,6.493444085599612e-06,7.648437329243689e-07,-5.728600352675244e-06,-2.0860885062071017
lung->heart,IL33,IL1RL1,pulmonary alveolar type 2 cell,cardiac fibroblast,0.0069885427837581,0.0,0.0009487745535415,0.0009897663888398,6.630551559566386e-06,0.0,-6.630551559566386e-06,-2.931787343231694
lung->heart,IL33,IL1RL1,pulmonary alveolar type 2 cell,cardiac endothelial cell,0.0069885427837581,0.0,0.0012324116816741,0.0009281749175726,8.612761764583234e-06,0.0,-8.612761764583234e-06,-3.264950979558129
lung->heart,IL33,IL1RL1,vein endothelial cell,cardiac fibroblast,0.0049238945546321,0.0048044937613643,0.0009487745535415,0.0009897663888398,4.671665857756898e-06,4.755326440389139e-06,8.366058263224073e-08,0.0211252202004721
lung->heart,IL33,IL1RL1,vein endothelial cell,cardiac endothelial cell,0.0049238945546321,0.0048044937613643,0.0012324116816741,0.0009281749175726,6.0682651684604105e-06,4.459410600932904e-06,-1.6088545675275067e-06,-0.3726109582128181
lung->heart,IL33,IL1RL1,lung multiciliated epithelial cell,cardiac fibroblast,0.0761458336549251,0.0205165336310286,0.0009487745535415,0.0009897663888398,7.224522933000308e-05,2.0306575403494253e-05,-5.1938653926508825e-05,-1.78143606775214
lung->heart,IL33,IL1RL1,lung multiciliated epithelial cell,cardiac endothelial cell,0.0761458336549251,0.0205165336310286,0.0012324116816741,0.0009281749175726,9.38430149071474e-05,1.9042931911857407e-05,-7.480008299528998e-05,-2.242447960819405
lung->heart,IL33,IL1RL1,smooth muscle cell,cardiac fibroblast,0.0023940664130717,0.0030230950144009,0.0009487745535415,0.0009897663888398,2.271429292211011e-06,2.9921578355233545e-06,7.207285433123434e-07,0.2872476717457843
lung->heart,IL33,IL1RL1,smooth muscle cell,cardiac endothelial cell,0.0023940664130717,0.0030230950144009,0.0012324116816741,0.0009281749175726,2.9504754141733456e-06,2.8059609658060387e-06,-1.445144483673069e-07,-0.0537655174480598
lung->heart,IL33,IL1RL1,endothelial cell,cardiac fibroblast,0.0027279057953248,0.0056926753407767,0.0009487745535415,0.0009897663888398,2.5881676030628447e-06,5.63441871487823e-06,3.046251111815385e-06,0.886722787100159
lung->heart,IL33,IL1RL1,endothelial cell,cardiac endothelial cell,0.0027279057953248,0.0056926753407767,0.0012324116816741,0.0009281749175726,3.3619029686650192e-06,5.2837984651936105e-06,1.9218954965285917e-06,0.5266792337513164
lung->heart,IL33,IL1RL1,B cell,cardiac fibroblast,0.0082824789271607,0.0055929327240257,0.0009487745535415,0.0009897663888398,7.858205246334509e-06,5.535696825283167e-06,-2.3225084210513422e-06,-0.4386733631327525
lung->heart,IL33,IL1RL1,B cell,cardiac endothelial cell,0.0082824789271607,0.0055929327240257,0.0012324116816741,0.0009281749175726,1.0207423783053025e-05,5.191219870112276e-06,-5.016203912940747e-06,-0.8561590882231265
lung->heart,IL33,IL1RL1,pulmonary alveolar type 1 cell,cardiac fibroblast,0.0096227826633477,0.0054934994306963,0.0009487745535415,0.0009897663888398,9.12985132524538e-06,5.4372810936139925e-06,-3.6925702316313887e-06,-0.6540896272157022
lung->heart,IL33,IL1RL1,pulmonary alveolar type 1 cell,cardiac endothelial cell,0.0096227826633477,0.0054934994306963,0.0012324116816741,0.0009281749175726,1.1859229764521327e-05,5.098928381272202e-06,-6.760301383249126e-06,-1.076176551672227
lung->heart,IL33,IL1RL1,club cell,cardiac fibroblast,0.0,0.0036579027502966,0.0009487745535415,0.0009897663888398,0.0,3.6204691958884313e-06,3.6204691958884313e-06,2.2080393607779745
lung->heart,IL33,IL1RL1,club cell,cardiac endothelial cell,0.0,0.0036579027502966,0.0012324116816741,0.0009281749175726,0.0,3.395173583745536e-06,3.395173583745536e-06,2.135920144541277
lung->heart,IL33,IL1RL1,neutrophil,cardiac fibroblast,0.0,0.0,0.0009487745535415,0.0009897663888398,0.0,0.0,0.0,0.0
lung->heart,IL33,IL1RL1,neutrophil,cardiac endothelial cell,0.0,0.0,0.0012324116816741,0.0009281749175726,0.0,0.0,0.0,0.0
lung->heart,IL33,IL1RL1,plasma cell,cardiac fibroblast,0.0045126589334443,0.0,0.0009487745535415,0.0009897663888398,4.2814959648640725e-06,0.0,-4.2814959648640725e-06,-2.4009466256836665
lung->heart,IL33,IL1RL1,plasma cell,cardiac endothelial cell,0.0045126589334443,0.0,0.0012324116816741,0.0009281749175726,5.561453584988065e-06,0.0,-5.561453584988065e-06,-2.7140154562380854
lung->heart,IL33,IL1RL1,leukocyte,cardiac fibroblast,0.007738678845667,0.0057676682296161,0.0009487745535415,0.0009897663888398,7.3422615667994734e-06,5.708644155653447e-06,-1.6336174111460264e-06,-0.3144173264735702
lung->heart,IL33,IL1RL1,leukocyte,cardiac endothelial cell,0.007738678845667,0.0057676682296161,0.0012324116816741,0.0009281749175726,9.537238210124855e-06,5.3534049836106365e-06,-4.183833226514221e-06,-0.7298949003677653
lung->heart,IL33,IL1RL1,endothelial cell of lymphatic vessel,cardiac fibroblast,0.0291927863307682,0.020185426354783,0.0009487745535415,0.0009897663888398,2.769737281760936e-05,1.9978856550366108e-05,-7.71851626724325e-06,-0.4519826211694843
lung->heart,IL33,IL1RL1,endothelial cell of lymphatic vessel,cardiac endothelial cell,0.0291927863307682,0.020185426354783,0.0012324116816741,0.0009281749175726,3.597753089465656e-05,1.873560644302048e-05,-1.7241924451636074e-05,-0.9058480431204952
lung->heart,IL33,IL1RAP,"CD4-positive, alpha-beta T cell",cardiac fibroblast,0.0051101841896638,0.003187034207312,0.0,0.0,0.0,0.0,0.0,0.0
lung->heart,IL33,IL1RAP,"CD4-positive, alpha-beta T cell",cardiac endothelial cell,0.0051101841896638,0.003187034207312,0.0,0.0,0.0,0.0,0.0,0.0
lung->heart,IL33,IL1RAP,"CD4-positive, alpha-beta T cell",cardiac macrophage,0.0051101841896638,0.003187034207312,0.2388511592347732,0.437273525009528,0.0012205734176044,0.0013936056821572,0.0001730322645528,0.1911166914276215
lung->heart,IL33,IL1RAP,natural killer cell,cardiac fibroblast,0.0068285156098998,0.0061724892198574,0.0,0.0,0.0,0.0,0.0,0.0
lung->heart,IL33,IL1RAP,natural killer cell,cardiac endothelial cell,0.0068285156098998,0.0061724892198574,0.0,0.0,0.0,0.0,0.0,0.0
lung->heart,IL33,IL1RAP,natural killer cell,cardiac macrophage,0.0068285156098998,0.0061724892198574,0.2388511592347732,0.437273525009528,0.0016309988692773,0.0026990661192503,0.001068067249973,0.7263546786962022
lung->heart,IL33,IL1RAP,capillary endothelial cell,cardiac fibroblast,0.0044887947783563,0.0036490358806344,0.0,0.0,0.0,0.0,0.0,0.0
lung->heart,IL33,IL1RAP,capillary endothelial cell,cardiac endothelial cell,0.0044887947783563,0.0036490358806344,0.0,0.0,0.0,0.0,0.0,0.0
lung->heart,IL33,IL1RAP,capillary endothelial cell,cardiac macrophage,0.0044887947783563,0.0036490358806344,0.2388511592347732,0.437273525009528,0.0010721538363774,0.0015956267824112,0.0005234729460338,0.5731702157493866
lung->heart,IL33,IL1RAP,macrophage,cardiac fibroblast,0.0016708704380774,0.0011364318293199,0.0,0.0,0.0,0.0,0.0,0.0
lung->heart,IL33,IL1RAP,macrophage,cardiac endothelial cell,0.0016708704380774,0.0011364318293199,0.0,0.0,0.0,0.0,0.0,0.0
lung->heart,IL33,IL1RAP,macrophage,cardiac macrophage,0.0016708704380774,0.0011364318293199,0.2388511592347732,0.437273525009528,0.0003990893410659,0.0004969315519397,9.78422108738563e-05,0.3156252423388962
lung->heart,IL33,IL1RAP,"CD8-positive, alpha-beta T cell",cardiac fibroblast,0.0044611509032791,0.0040685435878979,0.0,0.0,0.0,0.0,0.0,0.0
lung->heart,IL33,IL1RAP,"CD8-positive, alpha-beta T cell",cardiac endothelial cell,0.0044611509032791,0.0040685435878979,0.0,0.0,0.0,0.0,0.0,0.0
lung->heart,IL33,IL1RAP,"CD8-positive, alpha-beta T cell",cardiac macrophage,0.0044611509032791,0.0040685435878979,0.2388511592347732,0.437273525009528,0.0010655510647694,0.001779066396335,0.0007135153315655,0.738978013328395
lung->heart,IL33,IL1RAP,monocyte,cardiac fibroblast,0.0046691349116549,0.0044506414665124,0.0,0.0,0.0,0.0,0.0,0.0
lung->heart,IL33,IL1RAP,monocyte,cardiac endothelial cell,0.0046691349116549,0.0044506414665124,0.0,0.0,0.0,0.0,0.0,0.0
lung->heart,IL33,IL1RAP,monocyte,cardiac macrophage,0.0046691349116549,0.0044506414665124,0.2388511592347732,0.437273525009528,0.0011152282862723,0.0019461476826154,0.0008309193963431,0.8027301990916957
lung->heart,IL33,IL1RAP,fibroblast,cardiac fibroblast,0.0274110211878463,0.0125785561436313,0.0,0.0,0.0,0.0,0.0,0.0
lung->heart,IL33,IL1RAP,fibroblast,cardiac endothelial cell,0.0274110211878463,0.0125785561436313,0.0,0.0,0.0,0.0,0.0,0.0
lung->heart,IL33,IL1RAP,fibroblast,cardiac macrophage,0.0274110211878463,0.0125785561436313,0.2388511592347732,0.437273525009528,0.006547154186526,0.0055002695844559,-0.0010468846020701,-0.2513236901153204
lung->heart,IL33,IL1RAP,conventional dendritic cell,cardiac fibroblast,0.0079624856335324,0.0043987051275205,0.0,0.0,0.0,0.0,0.0,0.0
lung->heart,IL33,IL1RAP,conventional dendritic cell,cardiac endothelial cell,0.0079624856335324,0.0043987051275205,0.0,0.0,0.0,0.0,0.0,0.0
lung->heart,IL33,IL1RAP,conventional dendritic cell,cardiac macrophage,0.0079624856335324,0.0043987051275205,0.2388511592347732,0.437273525009528,0.0019018489239594,0.0019234372965884,2.1588372628956022e-05,0.0162756410998975
lung->heart,IL33,IL1RAP,mast cell,cardiac fibroblast,0.0052688920286593,0.0008240297366842,0.0,0.0,0.0,0.0,0.0,0.0
lung->heart,IL33,IL1RAP,mast cell,cardiac endothelial cell,0.0052688920286593,0.0008240297366842,0.0,0.0,0.0,0.0,0.0,0.0
lung->heart,IL33,IL1RAP,mast cell,cardiac macrophage,0.0052688920286593,0.0008240297366842,0.2388511592347732,0.437273525009528,0.0012584809689281,0.0003603263876726,-0.0008981545812555,-1.80145479897938
lung->heart,IL33,IL1RAP,pulmonary alveolar type 2 cell,cardiac fibroblast,0.0069885427837581,0.0,0.0,0.0,0.0,0.0,0.0,0.0
lung->heart,IL33,IL1RAP,pulmonary alveolar type 2 cell,cardiac endothelial cell,0.0069885427837581,0.0,0.0,0.0,0.0,0.0,0.0,0.0
lung->heart,IL33,IL1RAP,pulmonary alveolar type 2 cell,cardiac macrophage,0.0069885427837581,0.0,0.2388511592347732,0.437273525009528,0.0016692215452624,0.0,-0.0016692215452624,-10.705823765237165
lung->heart,IL33,IL1RAP,vein endothelial cell,cardiac fibroblast,0.0049238945546321,0.0048044937613643,0.0,0.0,0.0,0.0,0.0,0.0
lung->heart,IL33,IL1RAP,vein endothelial cell,cardiac endothelial cell,0.0049238945546321,0.0048044937613643,0.0,0.0,0.0,0.0,0.0,0.0
lung->heart,IL33,IL1RAP,vein endothelial cell,cardiac macrophage,0.0049238945546321,0.0048044937613643,0.2388511592347732,0.437273525009528,0.0011760779223236,0.002100877922918,0.0009248000005944,0.8364690503353208
lung->heart,IL33,IL1RAP,lung multiciliated epithelial cell,cardiac fibroblast,0.0761458336549251,0.0205165336310286,0.0,0.0,0.0,0.0,0.0,0.0
lung->heart,IL33,IL1RAP,lung multiciliated epithelial cell,cardiac endothelial cell,0.0761458336549251,0.0205165336310286,0.0,0.0,0.0,0.0,0.0,0.0
lung->heart,IL33,IL1RAP,lung multiciliated epithelial cell,cardiac macrophage,0.0761458336549251,0.0205165336310286,0.2388511592347732,0.437273525009528,0.018187520639377,0.0089713369818164,-0.0092161836575606,-1.01947249527518
lung->heart,IL33,IL1RAP,smooth muscle cell,cardiac fibroblast,0.0023940664130717,0.0030230950144009,0.0,0.0,0.0,0.0,0.0,0.0
lung->heart,IL33,IL1RAP,smooth muscle cell,cardiac endothelial cell,0.0023940664130717,0.0030230950144009,0.0,0.0,0.0,0.0,0.0,0.0
lung->heart,IL33,IL1RAP,smooth muscle cell,cardiac macrophage,0.0023940664130717,0.0030230950144009,0.2388511592347732,0.437273525009528,0.0005718255380472,0.0013219194133858,0.0007500938753386,1.2075574632252326
lung->heart,IL33,IL1RAP,endothelial cell,cardiac fibroblast,0.0027279057953248,0.0056926753407767,0.0,0.0,0.0,0.0,0.0,0.0
lung->heart,IL33,IL1RAP,endothelial cell,cardiac endothelial cell,0.0027279057953248,0.0056926753407767,0.0,0.0,0.0,0.0,0.0,0.0
lung->heart,IL33,IL1RAP,endothelial cell,cardiac macrophage,0.0027279057953248,0.0056926753407767,0.2388511592347732,0.437273525009528,0.0006515634614966,0.0024892562129962,0.0018376927514996,1.9321040682916768
lung->heart,IL33,IL1RAP,B cell,cardiac fibroblast,0.0082824789271607,0.0055929327240257,0.0,0.0,0.0,0.0,0.0,0.0
lung->heart,IL33,IL1RAP,B cell,cardiac endothelial cell,0.0082824789271607,0.0055929327240257,0.0,0.0,0.0,0.0,0.0,0.0
lung->heart,IL33,IL1RAP,B cell,cardiac macrophage,0.0082824789271607,0.0055929327240257,0.2388511592347732,0.437273525009528,0.0019782796930899,0.0024456414073759,0.0004673617142859,0.305827173131374
lung->heart,IL33,IL1RAP,pulmonary alveolar type 1 cell,cardiac fibroblast,0.0096227826633477,0.0054934994306963,0.0,0.0,0.0,0.0,0.0,0.0
lung->heart,IL33,IL1RAP,pulmonary alveolar type 1 cell,cardiac endothelial cell,0.0096227826633477,0.0054934994306963,0.0,0.0,0.0,0.0,0.0,0.0
lung->heart,IL33,IL1RAP,pulmonary alveolar type 1 cell,cardiac macrophage,0.0096227826633477,0.0054934994306963,0.2388511592347732,0.437273525009528,0.0022984127942048,0.0024021618606984,0.0001037490664935,0.0636683377106248
lung->heart,IL33,IL1RAP,club cell,cardiac fibroblast,0.0,0.0036579027502966,0.0,0.0,0.0,0.0,0.0,0.0
lung->heart,IL33,IL1RAP,club cell,cardiac endothelial cell,0.0,0.0036579027502966,0.0,0.0,0.0,0.0,0.0,0.0
lung->heart,IL33,IL1RAP,club cell,cardiac macrophage,0.0,0.0036579027502966,0.2388511592347732,0.437273525009528,0.0,0.0015995040297642,0.0015995040297642,10.644310593981448
lung->heart,IL33,IL1RAP,neutrophil,cardiac fibroblast,0.0,0.0,0.0,0.0,0.0,0.0,0.0,0.0
lung->heart,IL33,IL1RAP,neutrophil,cardiac endothelial cell,0.0,0.0,0.0,0.0,0.0,0.0,0.0,0.0
lung->heart,IL33,IL1RAP,neutrophil,cardiac macrophage,0.0,0.0,0.2388511592347732,0.437273525009528,0.0,0.0,0.0,0.0
lung->heart,IL33,IL1RAP,plasma cell,cardiac fibroblast,0.0045126589334443,0.0,0.0,0.0,0.0,0.0,0.0,0.0
lung->heart,IL33,IL1RAP,plasma cell,cardiac endothelial cell,0.0045126589334443,0.0,0.0,0.0,0.0,0.0,0.0,0.0
lung->heart,IL33,IL1RAP,plasma cell,cardiac macrophage,0.0045126589334443,0.0,0.2388511592347732,0.437273525009528,0.0010778538174843,0.0,-0.0010778538174843,-10.075283680463166
lung->heart,IL33,IL1RAP,leukocyte,cardiac fibroblast,0.007738678845667,0.0057676682296161,0.0,0.0,0.0,0.0,0.0,0.0
lung->heart,IL33,IL1RAP,leukocyte,cardiac endothelial cell,0.007738678845667,0.0057676682296161,0.0,0.0,0.0,0.0,0.0,0.0
lung->heart,IL33,IL1RAP,leukocyte,cardiac macrophage,0.007738678845667,0.0057676682296161,0.2388511592347732,0.437273525009528,0.0018483924132332,0.0025220486178497,0.0006736562046165,0.4481166311778859
lung->heart,IL33,IL1RAP,endothelial cell of lymphatic vessel,cardiac fibroblast,0.0291927863307682,0.020185426354783,0.0,0.0,0.0,0.0,0.0,0.0
lung->heart,IL33,IL1RAP,endothelial cell of lymphatic vessel,cardiac endothelial cell,0.0291927863307682,0.020185426354783,0.0,0.0,0.0,0.0,0.0,0.0
lung->heart,IL33,IL1RAP,endothelial cell of lymphatic vessel,cardiac macrophage,0.0291927863307682,0.020185426354783,0.2388511592347732,0.437273525009528,0.006972730856397,0.0088265525359762,0.0018538216795791,0.340082816079751
