"SNP","COPD","SMOK","BMI","SBP","COPD.1","SMOK.1","BMI.1","SBP.1","outcome_beta","outcome_se","palindromic","COPD.2","SMOK.2","BMI.2","SBP.2","HF"
"rs2076328",-0.0101,0.000628608,0.0108775,-0.0203119,0.0114,0.00137405,0.00191234,0.00204071,-0.0101,0.008,FALSE,0.471125265254394,0.498563,0.498548,0.498573,NA
"rs4648450",-0.0033,-9.29745e-05,-0.0140325,0.00065489,0.0114,0.00138323,0.00192484,0.00205518,-0.0044,0.008,FALSE,0.466978103786394,0.466611,0.466683,0.466616,NA
"rs2493296",0.0026,-0.00250565,-0.00299195,0.027463,0.0192,0.0019908,0.00277017,0.00295556,0.0257,0.0117,FALSE,0.0958814104112906,0.138539,0.138564,0.138489,NA
"rs9661802",-0.0194,-0.00222145,0.0106906,0.0136107,0.012,0.00145292,0.0020219,0.0021576,0.0063,0.0083,FALSE,0.661925275232046,0.662226,0.662191,0.66199,NA
"rs2708630",-0.0316,-0.00825596,-0.00537752,-0.0152665,0.0126,0.00144902,0.00201643,0.00215239,0.0066,0.0083,FALSE,0.711522489948644,0.660524,0.660587,0.660644,NA
"rs2791643",-0.0204,-0.000755563,-0.0150464,0.0106252,0.0145,0.00161081,0.00224164,0.0023919,-0.02,0.0092,FALSE,0.811365746317926,0.761989,0.762026,0.761894,NA
"rs55857306",0.0265,0.00390539,0.0103645,-0.0552207,0.0161,0.00186079,0.00258959,0.00276401,0.0164,0.0107,FALSE,0.143046121282467,0.162375,0.162347,0.162231,NA
"rs76193741",-0.0075,0.000113081,-0.0124637,0.000694741,0.013,0.0016136,0.00224551,0.00239656,0.0185,0.0093,FALSE,0.342096656119472,0.237499,0.2375,0.237564,NA
"rs10799778",0.0378,-3.31636e-05,0.0181364,2.16615e-05,0.0205,0.00184572,0.00256859,0.00273947,0.0018,0.0107,FALSE,0.164234509891109,0.165814,0.165819,0.16585,NA
"rs11249244",0.0121,-0.0016254,0.000230643,0.0154834,0.0117,0.00143049,0.00199068,0.00212465,0.0106,0.0082,FALSE,0.62303894000431,0.625261,0.625293,0.625332,NA
"rs143167197",0.0419,0.00461393,-0.00304503,-0.022165,0.0221,0.00268728,0.00373935,0.00399268,-0.0164,0.0149,FALSE,0.927996984736781,0.929538,0.929524,0.929579,NA
"rs4949465",-0.0431,-0.0113073,-0.0139665,-0.000122977,0.0165,0.00203942,0.00283867,0.00302861,0.0017,0.0113,FALSE,0.863941329247189,0.869702,0.869741,0.869799,NA
"rs3737992",-0.0506,-0.00337736,-0.0171377,0.00439804,0.0151,0.00183042,0.0025474,0.00271917,0.0082,0.0104,FALSE,0.167275224644547,0.168832,0.168855,0.168768,NA
"rs10914684",0.0057,-0.008634,-0.0122153,0.00772348,0.0127,0.00146411,0.0020374,0.00217382,0,0.0085,FALSE,0.279618388106218,0.325089,0.325098,0.325141,NA
"rs12031634",-0.0197,0.00140229,-0.0135054,0.00292861,0.0128,0.00150793,0.00209872,0.0022399,-0.0074,0.0088,FALSE,0.272089291310493,0.296913,0.296912,0.296934,NA
"rs2251804",0.0029,0.00380833,-0.00531003,-0.0182982,0.0124,0.00139059,0.00193538,0.00206464,-0.0068,0.008,FALSE,0.663967837771818,0.574655,0.574735,0.574555,NA
"rs653953",-0.0159,-0.0110005,-0.00151109,0.00624043,0.0119,0.00146267,0.00203547,0.00217259,-0.0019,0.0086,FALSE,0.651757601091234,0.675063,0.67505,0.675437,NA
"rs12144626",0.0041,0.00204725,0.0163986,0.00287233,0.0129,0.00139491,0.00194104,0.00207097,0.0066,0.0079,FALSE,0.555761949235312,0.417281,0.41734,0.417203,NA
"rs4926923",-0.0091,-0.00298472,-0.00383161,0.0200383,0.0198,0.00241334,0.00335836,0.00358226,0.013,0.0144,FALSE,0.910971707631388,0.910609,0.910605,0.910584,NA
"rs1167311",-0.0147,-0.0076805,-0.0187351,-0.00170862,0.0119,0.00148216,0.00206281,0.00220097,-8e-04,0.0084,FALSE,0.583755087914953,0.681232,0.681205,0.681349,NA
"rs17535443",0.0159,-0.00023554,-0.00128213,-0.0232892,0.0136,0.0015421,0.00214618,0.00229076,0.0095,0.0088,FALSE,0.227099119654472,0.273583,0.273534,0.273315,NA
"rs12140153",-0.0164,-0.00534274,-0.0358966,-0.00193842,0.0229,0.0024056,0.00334767,0.00357011,-0.0081,0.0138,FALSE,0.090792676533923,0.094505,0.094533,0.094658,NA
"rs2613499",0.017,0.00555138,0.0321891,-0.00556542,0.0166,0.00174489,0.00242841,0.00259101,0.013,0.0101,FALSE,0.865664984105066,0.808561,0.808579,0.808545,NA
"rs10749820",0.0334,0.0102589,-0.00257764,0.00324635,0.0133,0.00141568,0.00197025,0.00210202,0.0079,0.008,TRUE,0.369405691717705,0.374817,0.374825,0.374883,NA
"rs6604866",-0.0177,-0.00896798,-0.0172952,0.00689822,0.0124,0.00138303,0.00192477,0.00205354,-0.0018,0.0078,TRUE,0.423782691418769,0.565306,0.565305,0.565273,NA
"rs1514174",-0.0177,-0.00897612,-0.0172832,0.00691609,0.0124,0.0013832,0.001925,0.0020538,-0.002,0.0079,FALSE,0.423775810173961,0.565343,0.565342,0.565312,NA
"rs6683704",0.0153,0.00133672,-0.00403291,0.0132634,0.0117,0.00143462,0.00199659,0.00213081,-0.0105,0.0082,FALSE,0.38240430523893,0.353702,0.353735,0.353568,NA
"rs651533",-0.0105,-0.00196118,-0.0141756,-0.00476942,0.0142,0.00159831,0.00222433,0.00237384,-0.0123,0.009,TRUE,0.7965253663028,0.75592,0.755935,0.756023,NA
"rs12035750",0.0134,6.3777e-05,-0.00523706,-0.0201059,0.0156,0.00141306,0.00196677,0.00209811,-0.0152,0.0082,FALSE,0.613976552262792,0.616453,0.616462,0.616545,NA
"rs12089815",-0.0318,-0.00918949,-0.0106551,0.00285625,0.0115,0.00138137,0.00192239,0.00205223,-0.0095,0.008,FALSE,0.534197960805307,0.548627,0.548573,0.548666,NA
"rs10922907",0.0322,0.00927367,0.0105532,-0.00284997,0.0115,0.0013813,0.00192227,0.00205211,0.011,0.0079,TRUE,0.465727049370695,0.451122,0.451177,0.451088,NA
"rs2181375",-0.0157,-0.0049392,-0.0196627,-0.00268771,0.0118,0.00139745,0.00194481,0.00207596,0.0044,0.0079,FALSE,0.366361285134978,0.403095,0.403073,0.403172,NA
"rs114904431",0.2119,0.00788858,0.0183176,-0.0149404,0.0368,0.00421023,0.00585789,0.00625572,0.0904,0.0235,FALSE,0.031823033015964,0.027494,0.0275,0.027463,NA
"rs75641275",-0.0584,-0.00530541,-0.019534,0.00742541,0.0169,0.00196004,0.00272764,0.00291212,-0.0071,0.0107,FALSE,0.870016780741285,0.856776,0.856762,0.856894,NA
"rs41279738",-0.0496,-0.00937565,-0.0672871,0.0198983,0.0353,0.0043239,0.00601767,0.0064174,-0.029,0.0222,FALSE,0.964993191087899,0.973953,0.973953,0.973906,NA
"rs2618039",-0.0197,-0.00452637,-0.0145444,0.00455699,0.0115,0.00141319,0.00196654,0.00209832,0.0024,0.0082,TRUE,0.587687532453253,0.618692,0.618663,0.618539,NA
"rs10776752",0.0093,0.00149107,0.00324896,0.0468051,0.0165,0.00263686,0.00366945,0.00391169,0.0077,0.014,FALSE,0.153140233113357,0.073152,0.073157,0.073335,NA
"rs145339349",-0.0391,0.00390016,0.0044927,0.0736123,0.0512,0.00523346,0.00728476,0.00778951,0.0154,0.0306,FALSE,0.0162664119494869,0.017641,0.017634,0.017568,NA
"rs35479618",-0.0539,-0.00103743,-0.000885258,0.0765212,0.0522,0.00525442,0.00731496,0.00780293,0.0747,0.0371,FALSE,0.0153293155024281,0.017283,0.01727,0.017284,NA
"rs11802893",-0.0066,-0.0143063,0.00344829,0.00557267,0.0147,0.00210811,0.00293352,0.00313139,-0.012,0.012,TRUE,0.204712279521162,0.120901,0.120908,0.120846,NA
"rs61813324",0.0044,0.00158609,0.028448,-0.000134901,0.0187,0.00203098,0.00282604,0.0030143,0.0012,0.0126,FALSE,0.1421318507506,0.135759,0.135797,0.135996,NA
"rs12731646",-0.0018,-0.00164282,0.000444984,-0.0134309,0.0124,0.00139974,0.00194801,0.00207904,0.0017,0.0081,FALSE,0.335558898037518,0.408796,0.408788,0.40869,NA
"rs61828641",-0.0069,-0.000541047,0.0226429,-0.00823511,0.0172,0.00220006,0.00306166,0.00326806,0.0067,0.0128,FALSE,0.129042393095045,0.109108,0.109101,0.109098,NA
"rs539515",-0.0155,-0.00526795,-0.0463952,0.00539134,0.014,0.00169941,0.00236489,0.0025238,0.0016,0.0098,FALSE,0.795245573394619,0.794771,0.79476,0.794782,NA
"rs7546227",-0.0035,-0.00402508,-0.00225692,0.01221,0.0117,0.00137609,0.00191506,0.00204332,-0.0026,0.0078,TRUE,0.585896173586423,0.533833,0.533834,0.533898,NA
"rs1969684",-0.0084,-0.000333195,0.00310085,-0.013642,0.0114,0.001396,0.00194271,0.00207264,0.0054,0.0079,TRUE,0.563457944094593,0.587219,0.587146,0.587101,NA
"rs815163",0.0306,0.00246805,0.015407,0.00229286,0.0114,0.00138172,0.00192281,0.00205131,0.0135,0.0079,FALSE,0.437578407221818,0.437024,0.437067,0.437172,NA
"rs672313",-0.0139,1.67516e-05,-0.0171507,0.000563529,0.0139,0.00168315,0.00234245,0.00249963,0.0054,0.0095,FALSE,0.206808038985692,0.212128,0.212128,0.212239,NA
"rs10429910",0.0184,-0.00203307,-0.00449835,-0.0186671,0.0169,0.00200876,0.00279579,0.00298278,0.0233,0.0113,FALSE,0.681975231499813,0.859137,0.859151,0.859089,NA
"rs2678204",-0.0316,-0.00430827,-0.0240227,-0.00384158,0.0129,0.00145028,0.00201823,0.00215416,-0.012,0.0083,FALSE,0.73079655267231,0.659422,0.65942,0.659429,NA
"rs1204708",8e-04,-0.000304649,0.00278628,-0.0114861,0.0124,0.00140762,0.00195887,0.00209088,-0.003,0.0079,TRUE,0.324737297109393,0.391379,0.391386,0.391437,NA
"rs7545279",-0.014,-0.0101887,0.00245958,-0.0135493,0.0135,0.0016866,0.00234763,0.0025051,-0.0091,0.0096,TRUE,0.226874890677283,0.210296,0.210254,0.210491,NA
"rs2494180",-0.0304,-0.0041709,-0.00226133,-0.0124568,0.0119,0.00139068,0.00193554,0.00206572,0.0036,0.008,FALSE,0.521568000933556,0.422798,0.422757,0.422932,NA
"rs11117781",0.013,-0.00163705,-0.00265776,0.0120963,0.0122,0.0014472,0.00201395,0.00214865,0.0045,0.0083,FALSE,0.327836983693239,0.342719,0.34272,0.342827,NA
"rs7518221",-0.0127,-0.00125405,0.0122934,0.00572187,0.012,0.00143636,0.00199897,0.00213417,-0.0182,0.0083,FALSE,0.462284316692235,0.352767,0.35277,0.352761,NA
"rs11809905",-0.0175,-0.0155534,-0.0111844,-0.00463599,0.0241,0.00263568,0.00366867,0.00391344,-0.0134,0.0155,FALSE,0.922781374586926,0.926789,0.926808,0.9267,NA
"rs2478539",0.0074,-0.000919878,0.000155677,0.0236916,0.012,0.00139764,0.00194489,0.00207537,0.0039,0.008,FALSE,0.515838750743809,0.402865,0.402924,0.403275,NA
"rs4658403",-0.025,0.00217095,-0.0176739,0.00345961,0.0144,0.0018446,0.00256699,0.00273961,-0.0138,0.0105,FALSE,0.803264986630353,0.833969,0.833927,0.833986,NA
"rs4335411",-0.0018,-0.00251035,-0.00268933,0.0196167,0.0141,0.00171723,0.00239005,0.0025502,0.012,0.0108,FALSE,0.761930365253954,0.762425,0.762442,0.762411,NA
"rs7567570",-0.0481,-0.0124169,-0.0556425,-0.00308634,0.0157,0.00180875,0.00251472,0.00268924,-0.0291,0.0104,FALSE,0.151289101407907,0.173482,0.173457,0.173122,NA
"rs6744646",-0.0493,-0.0121099,-0.0566218,-0.00248807,0.0157,0.00181852,0.00252825,0.00270386,-0.0318,0.0105,FALSE,0.150109211473864,0.17157,0.171547,0.171196,NA
"rs56190546",-0.0258,0.00295884,-0.00157492,-0.0124387,0.0147,0.00159554,0.00221796,0.00237165,-0.0088,0.0092,FALSE,0.191383228223742,0.254345,0.254333,0.254131,NA
"rs4133529",0.0429,0.00376673,0.0175437,-0.00430672,0.0226,0.00219416,0.00305079,0.00325869,-0.0179,0.0132,FALSE,0.0904818020975395,0.110164,0.110127,0.110191,NA
"rs4600603",-0.009,-0.000161488,-0.000211029,-0.0194511,0.0121,0.00138899,0.00193082,0.00206304,0.0015,0.0079,TRUE,0.642334895101134,0.57567,0.575661,0.575904,NA
"rs2339515",0.0492,0.00872773,0.00659145,0.00256753,0.0117,0.00141417,0.00196559,0.00210059,0.0218,0.0081,FALSE,0.471563273922817,0.380673,0.38066,0.380533,NA
"rs6752378",0.0127,0.00526714,0.0338571,-0.0164403,0.0113,0.00137333,0.00190891,0.00204036,-0.0076,0.0077,FALSE,0.469041564780868,0.486254,0.486186,0.486244,NA
"rs1275985",-0.0061,8.34405e-06,-0.00637352,-0.0295226,0.0119,0.00141265,0.00196367,0.00209737,-0.0146,0.008,FALSE,0.498461956184471,0.61727,0.617312,0.617358,NA
"rs6543913",-0.0037,-0.00139888,0.0116702,-0.00381654,0.0129,0.00138246,0.00192198,0.00205331,0.0258,0.0079,TRUE,0.319347118525815,0.439219,0.439221,0.439195,NA
"rs13419498",-0.0033,0.00192827,0.00563817,-0.0209451,0.013,0.00166418,0.0023132,0.00247023,-0.0081,0.0095,FALSE,0.300094990327202,0.217785,0.2178,0.217967,NA
"rs76326501",-0.0284,0.00236391,0.000751335,0.0300431,0.0227,0.00239596,0.0033307,0.00356014,0.0206,0.0141,FALSE,0.911156290414149,0.907999,0.90801,0.908162,NA
"rs786420",-0.0106,-0.00355203,0.0135224,0.00382702,0.0125,0.00161744,0.00224857,0.0024017,-0.0013,0.009,FALSE,0.661791952141855,0.763018,0.763094,0.762958,NA
"rs1004787",0.0214,0.0122217,0.00017141,0.00509093,0.0127,0.00138119,0.00192005,0.00205177,0.0039,0.008,FALSE,0.662252192824886,0.532383,0.532378,0.532429,NA
"rs35809007",-0.0018,0.00180592,-0.0167517,-0.00107118,0.0116,0.00143073,0.00198894,0.00212597,0.0037,0.0082,FALSE,0.417723250361699,0.363303,0.363322,0.363206,NA
"rs1421567",0.0234,0.00563713,0.0215526,0.00608869,0.0157,0.00186282,0.00258969,0.0027679,0.0153,0.0106,FALSE,0.15070362771879,0.161838,0.161826,0.16169,NA
"rs72804575",-0.075,-0.020149,-0.0124011,-0.0160389,0.0253,0.00314847,0.00437769,0.00467874,-0.0029,0.016,FALSE,0.928322085925442,0.949904,0.949921,0.949938,NA
"rs4671328",0.0076,-0.00230683,0.0210575,0.00411275,0.0154,0.00138967,0.00193182,0.00206387,0.0222,0.0092,FALSE,0.449611548065502,0.448593,0.448635,0.448544,NA
"rs6545966",-0.0085,-0.00431444,0.0131538,-0.00403546,0.0117,0.00137582,0.0019124,0.00204371,0.0099,0.0079,FALSE,0.579648266137798,0.519511,0.519494,0.519341,NA
"rs2249105",-0.0049,-0.000737971,0.00175355,0.0201747,0.0119,0.00142289,0.00197788,0.00211308,0.0039,0.0081,FALSE,0.659246683272416,0.635901,0.635807,0.635779,NA
"rs4453725",-0.0073,-0.00255025,0.0109845,0.0097622,0.012,0.00139182,0.00193495,0.00206758,0.0075,0.008,TRUE,0.65113569009022,0.587602,0.587642,0.5877,NA
"rs1492546",-3e-04,-0.0082586,-0.00357921,-0.0012487,0.0114,0.00138242,0.00192157,0.00205291,-0.0115,0.0079,TRUE,0.505815660009088,0.447075,0.447069,0.446903,NA
"rs2241432",-0.0057,0.00371011,0.00330684,-0.0155771,0.0117,0.00144619,0.00201038,0.00214682,-0.0088,0.0083,FALSE,0.387369802325519,0.347719,0.347685,0.347893,NA
"rs4832298",0.0091,0.00377735,-0.0162453,0.00203067,0.0139,0.00147699,0.002053,0.00219371,-0.0424,0.0098,FALSE,0.688691056567565,0.686151,0.686079,0.68606,NA
"rs71427097",0.0686,0.000367556,0.0088489,0.033387,0.0384,0.00413231,0.00574533,0.00614616,0.0276,0.027,FALSE,0.0298406439040322,0.029464,0.029455,0.0293679999999999,NA
"rs6542924",-0.0277,-0.00425286,-0.0179702,0.00153307,0.014,0.00148329,0.00206183,0.00220292,0.0021,0.0084,FALSE,0.777750680275421,0.682843,0.682785,0.682633,NA
"rs264974",-0.0262,-0.0114146,-0.0123652,0.00843302,0.0124,0.00137322,0.00190897,0.00203982,-0.0132,0.0078,TRUE,0.605822552305872,0.486565,0.486581,0.486674,NA
"rs1451533",0.0085,-0.00137162,0.0178122,-0.00147015,0.0122,0.00154985,0.0021545,0.00230254,0.0056,0.0087,FALSE,0.354367830251509,0.273803,0.273791,0.273711,NA
"rs67802835",-0.0351,-0.00278376,-0.0154408,0.00623217,0.0175,0.00190038,0.00264127,0.00282074,0.0012,0.0107,FALSE,0.882315059013085,0.845916,0.845881,0.845711,NA
"rs13020428",-0.0077,0.00104394,-0.002408,0.0180392,0.016,0.00175876,0.00244467,0.00261247,0.0062,0.0098,FALSE,0.852002345038089,0.813141,0.813121,0.813227,NA
"rs13033310",0.0143,-0.00143595,0.01334,-0.00163402,0.0128,0.00158887,0.0022083,0.00235963,0.0023,0.009,FALSE,0.266594802588684,0.252808,0.252819,0.252829,NA
"rs2381474",-0.0379,-0.003065,0.000895487,-0.0165048,0.0228,0.0020559,0.0028582,0.00305493,-0.0261,0.0115,TRUE,0.871909891475406,0.871295,0.871324,0.871336,NA
"rs6430078",-0.021,-0.000637416,0.00228252,0.0132053,0.013,0.0014267,0.00198342,0.00211987,-0.007,0.0081,FALSE,0.724671977740451,0.638937,0.638988,0.639154,NA
"rs10193706",-0.0381,-0.0140516,-0.00415013,0.00900334,0.0115,0.00138048,0.00191903,0.00205091,-0.0034,0.0081,FALSE,0.432006864166721,0.476575,0.476501,0.476498,NA
"rs778094",-0.016,0.000243837,-0.0175127,-0.00634688,0.0137,0.00138957,0.00193177,0.0020635,-0.0154,0.0079,FALSE,0.444197743681154,0.576592,0.576606,0.576552,NA
"rs10803762",-4e-04,0.00412171,0.0131741,0.0015459,0.0127,0.00147291,0.00204747,0.00218689,0.0012,0.0085,FALSE,0.726582205119445,0.677746,0.677736,0.677626,NA
"rs72873624",0.0069,-0.000831464,-0.0126745,-0.0226275,0.0185,0.00234565,0.00326105,0.00348391,-0.0409,0.0139,FALSE,0.103069119378175,0.094369,0.09436,0.094325,NA
"rs11693702",-0.0087,0.00934372,-0.00457844,0.000217889,0.0125,0.00137838,0.00191609,0.00204738,4e-04,0.0079,TRUE,0.342839393616919,0.463851,0.463861,0.463492,NA
"rs268263",-0.0233,-0.00265482,-0.00567535,0.0370551,0.0129,0.00160128,0.00222645,0.00237815,0.0217,0.0094,TRUE,0.722764144892657,0.75213,0.752155,0.752006,NA
"rs34234296",-0.0082,0.00061655,-0.0164511,-0.00906264,0.0124,0.00141945,0.00197338,0.00210876,-0.0089,0.0083,FALSE,0.318244355868094,0.392574,0.39262,0.392672,NA
"rs4894132",-0.0019,0.00148364,0.0051457,0.0138518,0.0136,0.00154289,0.00214466,0.00229113,-0.006,0.0089,FALSE,0.771383304445371,0.728512,0.728443,0.728368,NA
"rs1019612",0.034,0.00193493,0.0171431,0.00195999,0.0124,0.00145044,0.00201654,0.00215422,0.0043,0.0084,FALSE,0.708840457465402,0.662126,0.662155,0.662151,NA
"rs1401130",-0.0191,-0.00625729,-0.00664247,-0.0120584,0.0118,0.00144653,0.00201076,0.00214917,-0.0064,0.0082,TRUE,0.354648704833337,0.338383,0.338374,0.338331,NA
"rs6433901",0.0242,0.00935277,0.00389148,0.00688279,0.0134,0.00158368,0.0022016,0.00235269,0.0074,0.0091,FALSE,0.770624478869192,0.749606,0.749671,0.749725,NA
"rs4666814",0.0127,-0.000462464,0.00202154,0.0188822,0.014,0.00170041,0.00236418,0.00252588,0.011,0.01,FALSE,0.792820479529231,0.793032,0.793141,0.793261,NA
"rs1064213",0.026,0.000648722,0.0142337,-0.00333322,0.0116,0.00137268,0.00190816,0.00203899,0.0057,0.0079,FALSE,0.406478063792443,0.478149,0.47814,0.477922,NA
"rs10210512",-0.032,-0.00752678,-0.000889821,-0.0034466,0.0114,0.00139035,0.00193274,0.00206487,4e-04,0.0078,FALSE,0.534442491640405,0.579737,0.579742,0.579586,NA
"rs12693982",-0.0317,0.00160113,-0.0115518,0.0150356,0.0116,0.00140092,0.00194744,0.00208119,0.0142,0.008,FALSE,0.505578134750455,0.397873,0.397845,0.397541,NA
"rs56059523",-0.0423,-0.0120486,0.00637376,-0.0092981,0.0191,0.00210148,0.00292177,0.00312153,-0.0025,0.012,FALSE,0.904208303029154,0.878931,0.878977,0.87895,NA
"rs4482463",0.0085,-0.00234767,-0.0334898,-0.00405512,0.0173,0.00258431,0.0035915,0.00383658,-0.0123,0.0146,FALSE,0.847296834908323,0.9232256,0.9231982,0.9231988,NA
"rs1263629",0.0142,0.0047591,-0.0186022,-0.00717319,0.0158,0.00196496,0.00273141,0.00291698,-0.0259,0.0115,FALSE,0.844684578298103,0.856139,0.856147,0.856045,NA
"rs1271272",-0.016,-0.00817255,0.0123407,0.00207305,0.0121,0.00148506,0.00206434,0.00220503,0.0118,0.0085,FALSE,0.324869369677662,0.311957,0.311963,0.311882,NA
"rs13427822",0.0126,0.00092289,0.0178913,-0.00788704,0.0141,0.00155958,0.00216803,0.00231599,0.0114,0.0088,FALSE,0.783129562263012,0.728614,0.728623,0.728449,NA
"rs1250259",-0.0137,0.00136144,0.0061103,-0.0225608,0.0143,0.00155961,0.00216819,0.00231588,-0.0034,0.0087,TRUE,0.8004484428027,0.736186,0.736248,0.736148,NA
"rs2571445",0.0226,-0.000480531,-0.00633539,0.0159286,0.0114,0.00140035,0.00194646,0.00207932,0.0199,0.0081,FALSE,0.421195196088464,0.395,0.395,0.39486,NA
"rs6725931",0.0555,0.00421914,0.019811,-0.00145092,0.0185,0.00191563,0.00266267,0.00284415,0.0371,0.0114,FALSE,0.896047037046806,0.84827,0.848244,0.848227,NA
"rs7572027",0.0159,0.0109217,0.00022734,0.00336915,0.0137,0.00175786,0.00244394,0.00261081,-0.0036,0.01,FALSE,0.760696022050856,0.812684,0.81275,0.812786,NA
"rs4605363",-0.0144,0.0019418,-0.0172107,0.00143922,0.0118,0.00144627,0.00201044,0.00214714,-0.015,0.0083,FALSE,0.630368492795893,0.658495,0.658537,0.658408,NA
"rs62190394",0.0098,0.000657731,0.0171349,0.000251048,0.0124,0.00147547,0.00205116,0.00219125,8e-04,0.0084,FALSE,0.293097162071535,0.31696,0.316877,0.316759,NA
"rs7568228",-0.0058,-0.00117235,-0.0123935,0.0019528,0.0113,0.00137327,0.00190911,0.0020393,-7e-04,0.0079,TRUE,0.498935152075119,0.526933,0.526971,0.526942,NA
"rs79349366",-0.0415,-0.0042181,0.0013101,-0.0353446,0.0347,0.00394894,0.00548876,0.00586224,0.0155,0.022,FALSE,0.0369617617044794,0.032049,0.0320510000000001,0.032083,NA
"rs4479577",0.0257,0.00795989,0.00292622,0.00159757,0.0121,0.00138046,0.00192341,0.002054,-0.0082,0.0079,FALSE,0.587687469642153,0.481053,0.481012,0.481085,NA
"rs62246311",0.0666,0.00655434,0.0228787,0.00207067,0.0224,0.00226316,0.00315315,0.00336423,0.0213,0.0147,FALSE,0.0665736927559708,0.102325,0.102357,0.102498,NA
"rs904475",0.0081,-0.000960219,-0.00657987,0.0193289,0.0117,0.00141999,0.00197827,0.00211314,0.0061,0.0082,FALSE,0.624934809858922,0.627503,0.62751,0.627416,NA
"rs2920503",0.0144,-0.0011454,-0.0141505,0.00472688,0.0122,0.00152751,0.0021283,0.00227301,-0.0132,0.0087,FALSE,0.329056597080881,0.285449,0.285439,0.285453,NA
"rs34991912",-6e-04,-0.00013405,-0.0013728,0.01847,0.0119,0.00139524,0.00194407,0.00207592,0.0158,0.008,FALSE,0.513185996490836,0.415823,0.415853,0.415912,NA
"rs189267552",-0.0168,-0.0152784,0.0295271,-0.0570006,0.0515,0.00622188,0.00866885,0.00924,0.0084,0.0354,TRUE,0.0161874224506099,0.012532,0.012533,0.012567,NA
"rs7619139",0.0069,0.00447824,0.0148354,-0.00421262,0.0115,0.00139795,0.0019476,0.00207857,0.02,0.008,TRUE,0.590651831449953,0.588844,0.58888,0.588846,NA
"rs2643826",-0.004,0.000511756,-0.00187563,0.0273944,0.0117,0.00138279,0.00192669,0.00205756,0.008,0.0079,FALSE,0.421673618069893,0.451994,0.452043,0.452155,NA
"rs12487411",-0.0291,-0.00815432,-0.000564547,0.00478592,0.0114,0.00137589,0.00191712,0.00204751,-0.0089,0.0078,FALSE,0.509640854861149,0.470894,0.470905,0.471048,NA
"rs9860326",-0.0302,-0.00344355,-0.0138233,-0.00148335,0.0128,0.00146258,0.0020379,0.00217577,-0.0218,0.0083,TRUE,0.728287600030807,0.671546,0.671532,0.671558,NA
"rs6768542",-0.0027,-0.00478226,0.00511548,-0.0179685,0.0156,0.00188921,0.00263267,0.00281002,0.0086,0.0109,FALSE,0.155756219668282,0.158344,0.158288,0.158445,NA
"rs1554654",-0.0015,-0.00372165,-0.0126177,0.0030013,0.0116,0.00137762,0.00191942,0.00204996,-0.0118,0.0079,FALSE,0.509266172112306,0.470331,0.470292,0.470263,NA
"rs9852062",-0.0171,-0.00105532,-0.0135908,0.00102653,0.0116,0.00138735,0.00193279,0.00206327,0.0053,0.0079,TRUE,0.599048747318628,0.556563,0.556562,0.556792,NA
"rs34687996",-0.0067,-0.00341623,-0.00562236,0.0213688,0.0142,0.00145062,0.00202142,0.00215821,0.0152,0.0085,FALSE,0.694286163879682,0.659016,0.659055,0.659221,NA
"rs73074830",0.0342,0.00774479,0.0200568,0.0163714,0.0175,0.00196528,0.00273839,0.00292509,0.0023,0.0116,FALSE,0.876456650222992,0.857836,0.857856,0.857878,NA
"rs62260755",-0.0368,-0.0100816,-0.0212322,0.00396332,0.0171,0.00165962,0.00231281,0.00246908,-0.0185,0.0098,TRUE,0.794681453811828,0.777854,0.777891,0.777875,NA
"rs9843653",-0.0227,-0.00472529,-0.0276498,-0.00523321,0.0122,0.0013754,0.00191651,0.00204705,-0.0159,0.0078,FALSE,0.604349264838258,0.487902,0.487898,0.487846,NA
"rs6445818",0.0116,0.00383243,0.00371332,-0.0156562,0.012,0.00147063,0.0020492,0.00218853,-2e-04,0.0085,FALSE,0.333496225197308,0.322512,0.32252,0.322326,NA
"rs17668356",0.0058,0.00176181,0.0235749,-0.00137385,0.0157,0.00194188,0.00270554,0.00288868,0.0139,0.0113,TRUE,0.847520158419896,0.853876,0.853874,0.853787,NA
"rs7626079",0.0075,-0.000488172,0.0112357,-0.0110989,0.0121,0.00144954,0.00201953,0.00215656,-0.0026,0.0081,FALSE,0.43122625628639,0.338901,0.338913,0.338732,NA
"rs2306272",0.0084,0.000785489,-0.0108591,0.0131524,0.0125,0.00151587,0.00211207,0.00225538,0.0049,0.0087,FALSE,0.6151226850006,0.713483,0.713486,0.713551,NA
"rs76267866",-0.001,0.00325203,-0.016358,0.00480134,0.0156,0.00169609,0.00236351,0.00252313,-0.001,0.0096,TRUE,0.842838969702616,0.793452,0.793479,0.793398,NA
"rs4676964",0.0268,0.00844482,-0.00573413,-0.000378711,0.0129,0.00138393,0.00192817,0.00205899,-0.0153,0.0079,FALSE,0.369855855221574,0.510871,0.510846,0.510583,NA
"rs67102420",0.0234,0.00998128,0.00466407,-0.00267367,0.0138,0.00174099,0.00242593,0.0025901,-0.0115,0.0101,FALSE,0.233672100312421,0.195034,0.195037,0.195066,NA
"rs76508707",0.0026,-0.00738997,-0.0117991,0.0164326,0.0131,0.00138304,0.00192686,0.00205819,-0.0174,0.008,FALSE,0.522269858625589,0.486387,0.486326,0.486322,NA
"rs34495106",0.0137,0.0127238,0.0160329,-0.0149171,0.0126,0.00143289,0.00199641,0.00213232,0.0238,0.0082,FALSE,0.296496092585919,0.373068,0.37313,0.373179,NA
"rs9876664",-0.0139,-0.0112256,-0.0180472,0.00606463,0.0121,0.00141916,0.00197744,0.00211197,-0.0089,0.008,FALSE,0.508213030459761,0.375437,0.375387,0.375354,NA
"rs9851777",-0.0049,-0.00789164,-0.0246851,0.0149181,0.0188,0.00214976,0.00299504,0.00320066,-0.023,0.0122,FALSE,0.097565615423003,0.115105,0.11511,0.114987,NA
"rs1454687",0.0036,0.00565978,0.0220363,6.14291e-05,0.0117,0.00137255,0.00191237,0.00204223,0.0054,0.0078,TRUE,0.426034885731684,0.48449,0.484535,0.484591,NA
"rs9830592",0.0209,0.00423482,0.015486,0.000479248,0.0115,0.00139164,0.00193894,0.0020695,0.0186,0.008,FALSE,0.532942287848738,0.582494,0.582486,0.582422,NA
"rs17619973",0.0059,-0.0032801,0.0224514,-0.00198387,0.0259,0.0026095,0.00363658,0.00388016,0.0024,0.0152,FALSE,0.934530548994077,0.925164,0.925184,0.925138,NA
"rs705219",0.0162,0.0163562,0.00881744,-0.00681228,0.0186,0.00217397,0.00302947,0.00323405,0.0086,0.0118,TRUE,0.895189030332583,0.887062,0.887094,0.887105,NA
"rs1870931",-0.0101,-0.00131337,0.0145388,0.00169436,0.0134,0.00181437,0.00252805,0.00269847,0.0054,0.0101,TRUE,0.733497081033964,0.826908,0.826918,0.826768,NA
"rs11928547",-0.0068,0.00233602,-0.000840681,0.018043,0.0115,0.0013984,0.00194832,0.00208092,0.0122,0.0079,FALSE,0.526444310270981,0.591419,0.591502,0.591184,NA
"rs76594121",0.0113,0.000319013,0.0282007,0.0139131,0.0295,0.00334011,0.00465328,0.00497127,0.0186,0.0192,FALSE,0.947143890038679,0.95301,0.953002,0.953086,NA
"rs11709402",0.0029,0.000320059,-0.0234542,-0.00165456,0.0132,0.00153579,0.00213983,0.00228511,-0.0029,0.0087,FALSE,0.75771480695391,0.721056,0.721058,0.721054,NA
"rs11915143",0.0024,-0.000601227,-0.00511705,0.0199987,0.0114,0.00140764,0.00196115,0.00209425,0.0063,0.008,FALSE,0.431874453346255,0.396868,0.396873,0.397049,NA
"rs6807945",0.0238,0.00139873,0.0114299,-0.0185794,0.0146,0.00187815,0.00261718,0.00279633,-0.0129,0.0108,FALSE,0.808687024957557,0.837844,0.83784,0.838007,NA
"rs3821709",-0.0226,-0.00243841,-0.0334,-0.000741892,0.0184,0.0027554,0.00383886,0.00410126,-0.0108,0.016,FALSE,0.876754442396741,0.933506,0.933493,0.933565,NA
"rs9844972",0.0804,0.0028903,0.00114503,0.0272876,0.0261,0.00271262,0.00377928,0.00403699,0.0109,0.0158,TRUE,0.0663464896249692,0.071339,0.071345,0.071312,NA
"rs355748",-0.0032,0.00280744,0.0155831,-0.00204549,0.0115,0.00141966,0.0019781,0.00211187,0.0018,0.0081,FALSE,0.427784254520236,0.377451,0.377487,0.377202,NA
"rs9842947",0.0125,0.00885378,-0.00368982,-0.00311676,0.0123,0.00146744,0.0020448,0.00218247,-1e-04,0.0084,FALSE,0.69743776504331,0.673441,0.673499,0.673314,NA
"rs12636560",-0.0071,2.62339e-05,-0.00974351,-0.0115862,0.0115,0.00137617,0.00191736,0.0020471,-0.0086,0.0078,TRUE,0.561664500398991,0.499337,0.499391,0.499582,NA
"rs2555502",0.0245,0.00273673,0.0113038,0.00179366,0.0122,0.00141731,0.00197497,0.00210875,0.006,0.0081,FALSE,0.319959206517458,0.375472,0.375438,0.375346,NA
"rs1290790",-0.0069,0.00109886,-0.00389095,-0.0224448,0.0121,0.00138265,0.00192634,0.00205728,0.0027,0.0079,TRUE,0.641143508882269,0.553295,0.553248,0.553308,NA
"rs529200",-0.0201,-0.00538957,-0.0163907,-0.00275866,0.0114,0.00137582,0.00191699,0.00204707,-0.0143,0.0078,FALSE,0.450067290498261,0.472276,0.472271,0.472576,NA
"rs263017",0.008,-0.0022137,0.00772315,0.0137206,0.0115,0.0013729,0.00191299,0.00204354,-0.0107,0.0078,FALSE,0.472204503415076,0.494183,0.494207,0.493805,NA
"rs2606228",0.0053,-0.00261069,0.0129081,0.0107993,0.0133,0.00145046,0.00202086,0.0021587,-0.013,0.0083,FALSE,0.280734390859348,0.354236,0.354259,0.354061,NA
"rs4687477",-0.0062,0.00337946,0.0079153,-0.0147299,0.0116,0.00141627,0.00197338,0.00210695,-0.0076,0.0082,FALSE,0.585355692723552,0.613179,0.613147,0.613135,NA
"rs869400",-0.021,-0.0031011,-0.0300953,0.00486997,0.0166,0.00177024,0.00246649,0.00263573,-0.0084,0.0101,FALSE,0.135563847946407,0.185023,0.185059,0.184895,NA
"rs6583310",-1e-04,0.00110876,0.0132039,-0.0104714,0.0124,0.0013877,0.00193354,0.00206391,-0.0029,0.008,TRUE,0.536084210741435,0.438512,0.43855,0.438716,NA
"rs6775484",-0.0101,-0.00280892,-0.0121925,0.0142847,0.0135,0.00142653,0.00198752,0.00212127,0.0013,0.0082,FALSE,0.641202294026622,0.632868,0.632847,0.632576,NA
"rs231708",0.0332,0.00392026,0.00198482,-0.0163492,0.0122,0.0014804,0.00206699,0.0022029,-0.0038,0.0085,TRUE,0.692567288050177,0.687362,0.687329,0.687345,NA
"rs2051559",-0.0378,-0.00180436,-0.0192056,-0.00308795,0.0162,0.00203,0.00283481,0.00301955,-0.0064,0.0115,FALSE,0.855656687213159,0.867295,0.867354,0.867292,NA
"rs4488938",-0.1045,-0.00169888,-0.000996606,0.00849541,0.0183,0.0034394,0.00480095,0.00511652,-0.0293,0.0191,FALSE,0.825249181361219,0.958371,0.958355,0.958354,NA
"rs62290561",0.015,-0.0027754,0.00583543,-0.0119819,0.0127,0.00138607,0.00193537,0.00206232,0.0054,0.0079,FALSE,0.67389429684344,0.563952,0.563915,0.56404,NA
"rs10032729",0.0096,-0.00238923,-0.00155264,0.0134387,0.012,0.00138174,0.00192902,0.00205609,0.004,0.008,FALSE,0.597061652477387,0.510814,0.510838,0.510811,NA
"rs979532",0.0097,-0.00238204,0.00254049,0.0161445,0.0123,0.00156576,0.00218654,0.00233067,0.0119,0.0089,FALSE,0.664299069272256,0.739299,0.739339,0.73966,NA
"rs34811474",0.0012,-0.00383591,-0.0270893,-0.000403909,0.0153,0.00162834,0.00227383,0.00242198,-0.0209,0.0103,FALSE,0.231517282672501,0.231159,0.231142,0.231168,NA
"rs55924432",0.0076,0.00250321,0.00219306,0.0145759,0.0116,0.00140411,0.00196059,0.00208895,0.0216,0.0082,FALSE,0.439839810288811,0.402618,0.402583,0.402573,NA
"rs10461104",-0.0024,0.00784813,0.00467288,-0.00179586,0.0116,0.00143127,0.00199846,0.00212927,0.0053,0.0081,FALSE,0.615099217004489,0.633766,0.633681,0.633746,NA
"rs58400863",-0.0148,-0.00903879,0.0026838,-0.00755343,0.0132,0.00145555,0.0020322,0.00216553,0.0016,0.0082,FALSE,0.267463557128123,0.340905,0.340932,0.340924,NA
"rs11721984",-0.0178,0.000556822,-0.00545714,-0.015892,0.0128,0.0013819,0.00192943,0.00205516,-0.0163,0.0079,FALSE,0.325580104243612,0.458251,0.458301,0.458191,NA
"rs12507026",0.0088,0.0030045,-0.0294215,-0.000754387,0.0116,0.00138613,0.00193542,0.00206187,-0.0379,0.008,TRUE,0.592338188182751,0.565098,0.565106,0.564949,NA
"rs776601",0.0059,-0.000246511,0.00391942,0.0138034,0.013,0.00137556,0.00192062,0.00204634,0.0102,0.0078,FALSE,0.478743884607472,0.533899,0.533942,0.533938,NA
"rs17083718",-0.0265,0.0016305,-0.00312117,0.02596,0.0181,0.00235197,0.00328378,0.00349837,0.0171,0.0134,FALSE,0.886170491198328,0.904574,0.904553,0.904522,NA
"rs13106834",0.0229,-0.00137867,0.0141504,0.00248508,0.0114,0.00137176,0.0019152,0.00204003,0.0034,0.0078,FALSE,0.558245642910938,0.512075,0.512079,0.512312,NA
"rs9917946",-0.0056,-0.00413352,0.012387,-0.00801028,0.0116,0.00140462,0.00196112,0.00208989,0.0056,0.0082,FALSE,0.566067750915004,0.59532,0.595223,0.595546,NA
"rs923994",0.0524,0.00727377,0.0131556,-0.0016272,0.0149,0.0016706,0.00233261,0.00248491,0.0284,0.0095,FALSE,0.176761321168129,0.217011,0.217031,0.217038,NA
"rs6600888",0.0048,-0.00158667,0.000848737,0.0117105,0.0116,0.0013766,0.00192215,0.00204835,0.0275,0.0078,FALSE,0.546463842429674,0.456025,0.455991,0.456186,NA
"rs11097236",1e-04,0.00306353,0.0134151,-0.00140788,0.0135,0.00171573,0.00239565,0.00255117,-0.0101,0.0095,FALSE,0.230281466338008,0.200747,0.20079,0.201047,NA
"rs7675258",-0.0054,-0.00443981,-0.00229918,-0.0132779,0.0114,0.00137549,0.00192065,0.00204688,-0.0175,0.009,FALSE,0.480107892732225,0.536067,0.536034,0.535876,NA
"rs17003752",0.0318,0.0112034,-0.00314448,0.00707795,0.0193,0.00200348,0.0027972,0.00298094,-0.001,0.0117,FALSE,0.870260034375224,0.860143,0.860132,0.86016,NA
"rs13125101",0.0225,0.00217686,-0.00595594,0.0511434,0.0122,0.00151298,0.0021126,0.00225113,0.0185,0.0085,FALSE,0.315449572320909,0.292106,0.292085,0.292278,NA
"rs17010961",-0.0087,-0.00114345,-0.00236373,0.0295605,0.0155,0.00199157,0.00278092,0.00296325,-0.0017,0.0115,TRUE,0.160618243232708,0.139529,0.139511,0.139427,NA
"rs4148155",-0.0146,-0.00227391,0.0203776,0.00461602,0.0163,0.00216213,0.00301768,0.00321904,0.0114,0.0128,FALSE,0.846503838863411,0.886582,0.886533,0.886729,NA
"rs1246642",0.0751,-0.000885251,-0.00292011,0.0104175,0.0127,0.00167785,0.0023426,0.00249454,0.0192,0.0094,FALSE,0.714509183701916,0.787669,0.787626,0.787291,NA
"rs72886316",-0.0109,-0.0122164,0.00111217,-0.00193576,0.0195,0.00200061,0.00279298,0.00297551,-0.0121,0.0117,FALSE,0.9085792318833,0.863894,0.86386,0.863768,NA
"rs1229984",0.0379,0.00295909,-0.0431133,-0.0463281,0.0247,0.00432691,0.00604223,0.00642657,-0.039,0.0279,FALSE,0.211174707872115,0.0265347,0.0265288,0.026635,NA
"rs13107325",0.0643,-0.00840626,0.0460332,-0.0491041,0.0277,0.00261042,0.00364343,0.00388172,0.0701,0.017,FALSE,0.0569911678104488,0.074924,0.074967,0.075039,NA
"rs7668764",-0.0183,0.00354799,0.00278261,-0.011568,0.0117,0.00142587,0.00199089,0.00212075,-0.0072,0.0081,FALSE,0.538479790302643,0.632463,0.632469,0.63249,NA
"rs72678864",-0.0913,-0.0125028,-0.000141384,0.00166432,0.0174,0.00182198,0.00254363,0.00271099,-0.0281,0.0112,FALSE,0.164114897570227,0.171565,0.171607,0.171613,NA
"rs9991259",0.0199,7.91308e-05,0.012775,0.00225432,0.0135,0.00142416,0.0019883,0.00211838,6e-04,0.0081,FALSE,0.650816797037534,0.633021,0.633001,0.632756,NA
"rs111346133",0.0216,0.000648033,0.00332773,-0.0127374,0.0121,0.00147674,0.00206198,0.00219802,-0.0065,0.0085,FALSE,0.678670647903627,0.681066,0.681012,0.680968,NA
"rs1296328",0.0219,0.00266696,0.0190974,0.00176374,0.0127,0.00138886,0.00193929,0.00206609,0.01,0.008,FALSE,0.592212060374037,0.440781,0.440794,0.440926,NA
"rs4690774",0.0127,-0.00232524,0.00927408,0.0156928,0.012,0.00137469,0.00191927,0.00204531,0.0117,0.0078,TRUE,0.43425475041906,0.515192,0.5152,0.515347,NA
"rs1512281",0.0774,0.000122841,-0.00306508,-0.00268832,0.0116,0.00140246,0.00195805,0.00208651,-4e-04,0.0079,FALSE,0.585593679300348,0.597668,0.597652,0.597646,NA
"rs4835266",0.0028,0.00116414,-0.00170171,0.0172828,0.0121,0.00139566,0.00194854,0.00207621,0.0064,0.008,FALSE,0.443205269990079,0.516275,0.516299,0.516481,NA
"rs113079574",0.0039,-0.00316107,-0.0168026,-0.000817236,0.0136,0.00175089,0.00244452,0.00260538,-0.0117,0.0101,FALSE,0.232402239791148,0.192409,0.192408,0.192388,NA
"rs7668995",-0.0167,-0.0120681,-0.00396644,0.00494101,0.0124,0.00151153,0.00211047,0.00224883,-0.0021,0.0085,TRUE,0.291433065446385,0.290282,0.290291,0.29049,NA
"rs6823767",-0.0066,-0.00108458,0.00172856,-0.0135819,0.0123,0.00153649,0.00214522,0.0022851,0.009,0.0088,FALSE,0.690379711960178,0.72253,0.722543,0.722302,NA
"rs10029530",0.0022,0.00131629,-0.00361784,0.025006,0.0118,0.00144945,0.00202355,0.00215713,0.0121,0.0083,TRUE,0.445434508877772,0.340484,0.340569,0.340392,NA
"rs17035181",-0.0218,0.000576286,0.00060108,0.0214801,0.0175,0.00195348,0.00272709,0.00290602,0.008,0.011,FALSE,0.882747040735957,0.855401,0.855376,0.855311,NA
"rs6536575",-0.0023,-0.00427667,-0.0131888,0.00271468,0.0115,0.00137413,0.00191862,0.00204533,-6e-04,0.0078,FALSE,0.527741634775711,0.480935,0.480982,0.480813,NA
"rs13129779",0.0084,-0.000405159,0.00050697,-0.0142308,0.012,0.00138856,0.00193883,0.00206566,-0.012,0.0079,FALSE,0.588229372147385,0.500991,0.500962,0.500697,NA
"rs1037702",-0.0096,0.0039479,-0.0136161,0.00232033,0.0118,0.00141977,0.00198227,0.00211204,-0.0023,0.0079,FALSE,0.634515697601254,0.621766,0.621777,0.621599,NA
"rs10069690",0.0103,0.00123836,-0.000107787,0.0162396,0.0131,0.00156765,0.00218744,0.00233141,-0.0216,0.0095,FALSE,0.261370113219404,0.258116,0.2581,0.258295,NA
"rs698147",0.0044,0.0036404,0.0125664,-0.00247692,0.0113,0.00137967,0.00192515,0.00205163,-0.0041,0.0079,FALSE,0.474230157566307,0.456446,0.456497,0.456453,NA
"rs72740698",0.0127,0.000751097,0.0129824,0.00107212,0.0137,0.00153395,0.00214042,0.00228007,-0.0033,0.0087,FALSE,0.778076712049202,0.718306,0.718336,0.718129,NA
"rs12517438",-0.0276,-0.00747291,0.000783013,0.0019674,0.0124,0.0013808,0.00192677,0.00205352,-0.0104,0.0078,FALSE,0.589752244432681,0.458612,0.458561,0.45857,NA
"rs13176429",-0.0083,-0.00601361,-0.0159856,-0.00572603,0.0123,0.00148126,0.00206677,0.00220327,-0.0227,0.0084,FALSE,0.313615668721005,0.312667,0.312685,0.312564,NA
"rs1559278",0.0194,0.00820016,-0.00583534,0.00960919,0.012,0.00143153,0.00199761,0.00212925,0.0051,0.0082,FALSE,0.649287088219318,0.639076,0.639013,0.638865,NA
"rs1694068",-0.0074,-0.00198391,-0.00777172,0.0175059,0.0139,0.00141528,0.00197481,0.00210455,-0.0146,0.008,TRUE,0.682443336188308,0.618175,0.618179,0.618539,NA
"rs34642",-0.0245,-0.00954395,0.00380954,0.00470418,0.0147,0.00156965,0.00219047,0.00233557,-0.013,0.009,FALSE,0.745449973344885,0.741974,0.741972,0.742107,NA
"rs13163533",-1e-04,0.000482015,-9.41515e-05,-0.0281521,0.0205,0.00255673,0.00356775,0.00380098,-2e-04,0.0139,TRUE,0.9164792418097,0.920657,0.920653,0.920658,NA
"rs1503526",-0.0259,-0.00358437,-0.0143412,-0.00306002,0.012,0.00137384,0.00191707,0.00204373,-0.0115,0.0079,FALSE,0.401601643404262,0.519907,0.519883,0.51996,NA
"rs16892892",0.0016,0.00172664,0.00736577,-0.0130535,0.0121,0.00149016,0.00207929,0.00221573,0.0039,0.0084,FALSE,0.684536467531953,0.694014,0.694007,0.693936,NA
"rs9291822",-0.0242,-0.00132513,-0.0142736,0.00844303,0.0153,0.00138633,0.00193462,0.00206154,-0.0093,0.0079,FALSE,0.516574868214052,0.514971,0.51497,0.515021,NA
"rs2307111",0.0093,0.00304905,0.0281271,-0.00269725,0.0115,0.00140582,0.00196174,0.00208984,0.0121,0.0081,FALSE,0.555489348323889,0.605462,0.605436,0.605392,NA
"rs252749",-0.0034,-0.00287922,-0.0123859,0.00572504,0.0143,0.00159173,0.00222117,0.00236631,-0.0257,0.0094,FALSE,0.193535796788103,0.246054,0.246028,0.245907,NA
"rs6453400",-0.0014,0.000237845,-0.0014807,-0.0152785,0.0121,0.00138545,0.00193318,0.00206042,-0.0091,0.0079,FALSE,0.364233049578443,0.453594,0.453659,0.453597,NA
"rs73123076",-0.0124,-0.00869916,-0.00233884,0.00217594,0.0131,0.00142928,0.00199439,0.00212512,-0.0026,0.0083,FALSE,0.405580274699877,0.371532,0.371496,0.371639,NA
"rs1477290",-0.0222,-0.00141233,-0.0351045,-0.00792362,0.0149,0.00201511,0.00281205,0.00299955,-0.0221,0.0114,FALSE,0.801177903807384,0.863207,0.86324,0.863391,NA
"rs11744148",-0.0102,0.000772037,-0.00351716,0.0143606,0.0153,0.00164629,0.00229714,0.00244683,0.0015,0.0097,FALSE,0.168715667995529,0.224181,0.22416,0.224531,NA
"rs2009416",-0.0091,-0.00388327,-0.0127741,0.00330898,0.0119,0.00143234,0.00199876,0.00212986,-0.0044,0.0081,FALSE,0.472789082912826,0.358162,0.358125,0.358311,NA
"rs27003",-0.0271,-0.0091065,-0.00674596,-0.00217088,0.0121,0.00149734,0.0020895,0.00222588,-0.0082,0.0085,FALSE,0.446820471101312,0.304809,0.304814,0.30492,NA
"rs6235",-0.0239,-0.00442617,-0.0173218,0.00364736,0.0129,0.00154874,0.0021612,0.00230338,-0.0171,0.0088,TRUE,0.74140668180911,0.731947,0.731976,0.731799,NA
"rs709668",0.0289,-0.00220039,-0.00538695,-0.0174578,0.0134,0.00171517,0.00239375,0.00254981,-0.0049,0.0099,FALSE,0.24532094043061,0.203126,0.203062,0.203222,NA
"rs4957528",-0.0244,-0.0099082,0.0052722,-0.00267381,0.0166,0.00170798,0.00238338,0.00254009,-0.0188,0.01,FALSE,0.189601008855387,0.208478,0.208447,0.208544,NA
"rs40071",0.0078,0.00703122,0.0255212,0.00796972,0.0135,0.0017935,0.00250248,0.0026673,0.0117,0.0102,FALSE,0.72649866394875,0.820465,0.820434,0.820439,NA
"rs62361338",0.0019,-0.00128229,-0.00753048,-0.0152879,0.015,0.00161793,0.00225766,0.00240715,-0.0047,0.0094,FALSE,0.17513312361127,0.235405,0.235391,0.235224,NA
"rs3797737",-0.0249,0.00219292,-0.000173207,-0.0134966,0.0135,0.0014723,0.00205438,0.00218935,-0.0062,0.0084,TRUE,0.251633123898357,0.334866,0.334834,0.334823,NA
"rs4434411",-0.0429,-0.00299948,0.0121473,0.000992853,0.0125,0.00138222,0.00192862,0.00205548,0.0053,0.0078,FALSE,0.354691719726193,0.454203,0.454246,0.454099,NA
"rs1624823",7e-04,0.00154007,-0.000719791,0.0197481,0.0116,0.00141834,0.00197908,0.00211006,0.0096,0.0081,FALSE,0.447481912350109,0.38463,0.384699,0.384255,NA
"rs1582931",0.0109,0.0013028,-0.0139465,0.00578251,0.0114,0.00138655,0.001935,0.00206136,4e-04,0.0079,FALSE,0.493969526408887,0.473102,0.473151,0.473311,NA
"rs17677603",-0.0093,0.000998004,0.00221394,-0.0214557,0.0119,0.00141342,0.00197225,0.0021023,-0.0221,0.0081,FALSE,0.646565930867431,0.607583,0.607629,0.607744,NA
"rs329120",-0.0351,-0.00794186,-0.0154183,0.00141297,0.0115,0.00139301,0.00194389,0.00207185,0.0099,0.008,FALSE,0.406997568583621,0.419284,0.419305,0.419357,NA
"rs329124",0.0352,0.00794296,0.0154652,-0.00136145,0.0115,0.00139306,0.00194395,0.0020719,-0.0088,0.0079,FALSE,0.590184325499865,0.579358,0.579337,0.579298,NA
"rs778593",0.0149,0.00216031,0.00768375,-0.0154456,0.0114,0.00139304,0.00194395,0.00207148,-5e-04,0.0078,FALSE,0.541873709875419,0.58166,0.581673,0.581787,NA
"rs10063055",0.0037,0.00255303,0.0121658,-1.25911e-05,0.0133,0.00157904,0.00220305,0.00234812,0.0095,0.0091,FALSE,0.230275708887844,0.253559,0.253639,0.253552,NA
"rs2579040",-0.0135,0.00041872,-0.0146771,-0.00251826,0.0142,0.00153334,0.00213917,0.00227932,-0.0057,0.0088,TRUE,0.794380219622533,0.72103,0.720992,0.720901,NA
"rs4958702",0.0032,-0.00201532,0.0161113,-0.00303403,0.015,0.00138676,0.00193507,0.00206244,0.0161,0.0079,FALSE,0.609105911762334,0.42751,0.427545,0.427434,NA
"rs7701003",0.0318,-0.00560525,-0.00158627,0.0250129,0.0134,0.00142126,0.00198324,0.00211297,0.0182,0.0081,FALSE,0.6379755437679,0.629411,0.629358,0.629131,NA
"rs17056301",-0.0152,-0.00199335,-0.0129589,-0.0171172,0.013,0.00157842,0.00220255,0.0023459,-0.0238,0.0089,FALSE,0.743537263156937,0.743776,0.743814,0.743775,NA
"rs986391",-0.0337,-0.0123179,-0.0045555,0.00623133,0.0118,0.00142548,0.00198913,0.00211943,-0.0039,0.0081,FALSE,0.561693067314108,0.633545,0.633498,0.633459,NA
"rs779655",0.0105,0.00761746,0.0183994,-0.0048784,0.0136,0.00154389,0.00215432,0.00229658,0.0195,0.0088,TRUE,0.770109421665177,0.728852,0.728901,0.728948,NA
"rs72812818",-0.0124,0.00613159,-0.0106729,-0.0148809,0.0129,0.00149648,0.00208813,0.00222517,-0.0274,0.0085,TRUE,0.273585779341129,0.301299,0.301317,0.301252,NA
"rs6556301",0.0067,7.13858e-05,-0.0110147,0.00238593,0.0116,0.00143228,0.00199854,0.00213014,-0.0024,0.0083,FALSE,0.424364242014224,0.370847,0.370898,0.370927,NA
"rs2569882",-0.0072,-0.000524826,0.00384032,0.0138347,0.012,0.00139583,0.00194774,0.00207693,0.0086,0.0082,FALSE,0.488454538048205,0.565053,0.565125,0.564947,NA
"rs9378999",-0.0044,-0.000836427,-0.0121518,0.00377824,0.0121,0.00145566,0.00203118,0.00216645,-1e-04,0.0084,FALSE,0.442242036601488,0.340783,0.340781,0.340549,NA
"rs3812163",-0.0152,-0.00186749,0.00224229,-0.01211,0.0118,0.00137938,0.00192475,0.00205281,0.0018,0.0081,TRUE,0.602360109179948,0.531362,0.531415,0.531483,NA
"rs10947793",0.0255,0.00123227,0.0141429,0.00228178,0.0119,0.00143011,0.00199562,0.00212689,0.0015,0.0082,FALSE,0.649947543409523,0.627865,0.627902,0.62778,NA
"rs9349379",-0.0125,-0.00159925,0.00659488,0.0142906,0.0117,0.00139913,0.00195232,0.00208157,-0.0255,0.0081,FALSE,0.520164433657959,0.594334,0.594311,0.594098,NA
"rs9463511",0.0053,-0.000533961,-0.0148031,0.00397339,0.0119,0.00150793,0.00210396,0.00224216,-0.0167,0.0085,FALSE,0.360596180751685,0.295144,0.295199,0.295367,NA
"rs7451008",0.0112,-0.00157975,0.00817544,-0.0145538,0.0122,0.0015623,0.00217996,0.00232329,0.0012,0.0089,FALSE,0.667120993103466,0.737092,0.737075,0.737009,NA
"rs111663960",-0.032,-0.00181628,-0.00552426,-0.031919,0.0193,0.00213195,0.00297485,0.00317101,-0.0176,0.0122,FALSE,0.906258657663322,0.876355,0.876356,0.876268,NA
"rs2183947",-0.0356,-0.00430577,-0.015297,-0.00371624,0.0141,0.00179459,0.0025041,0.00267011,0.0027,0.0093,FALSE,0.201182080621084,0.225156,0.225127,0.225154,NA
"rs4484511",-0.0115,-0.00531427,-0.0268469,0.019497,0.0131,0.00255128,0.00355982,0.00379499,-0.0156,0.0116,FALSE,0.28311411187705,0.220522,0.220517,0.22055,NA
"rs3130826",0.0174,0.00569338,0.0153756,-0.0245132,0.0131,0.00256108,0.00357366,0.00381033,0.0066,0.0097,FALSE,0.717104136918557,0.783388,0.783391,0.783345,NA
"rs9277990",-0.0417,-0.00636207,-0.0193448,0.00438703,0.0195,0.00184125,0.00256927,0.00274059,-0.0065,0.0107,FALSE,0.814888245067489,0.813662,0.813637,0.813896,NA
"rs9366863",0.0409,0.0047558,0.0285762,-0.00210476,0.0138,0.00146423,0.00204334,0.00217946,0.0143,0.0083,FALSE,0.325137694718678,0.327748,0.327722,0.327533,NA
"rs2395622",-0.0167,8.75316e-05,-0.00209595,-0.0173591,0.0152,0.00176662,0.00246555,0.00262835,0.0136,0.0106,FALSE,0.830069029381745,0.812915,0.812997,0.812906,NA
"rs3818987",-0.0076,-0.0085845,-0.00211499,0.00305196,0.012,0.00138624,0.00193411,0.00206341,-0.0037,0.0079,FALSE,0.375458927152505,0.475743,0.47572,0.475855,NA
"rs145211473",0.0539,0.0049503,-0.00885378,0.0462569,0.0427,0.00473712,0.00661139,0.00704784,-0.0383,0.0308,FALSE,0.982163790625559,0.977519,0.977524,0.977523,NA
"rs7764523",0.0089,0.00350834,0.0078247,0.0189143,0.012,0.00147099,0.00205264,0.00218873,0.0192,0.0083,FALSE,0.323641243279481,0.321391,0.321434,0.32127,NA
"rs72892910",0.0068,0.00127995,0.0390886,0.00120618,0.0144,0.00182403,0.00254546,0.00271374,0.0196,0.0102,FALSE,0.18850423447232,0.172256,0.172221,0.172163,NA
"rs1925148",-0.007,0.000264128,0.000893849,0.0149258,0.0117,0.0013867,0.0019348,0.0020636,0.0107,0.008,FALSE,0.396237908070706,0.439818,0.439837,0.439699,NA
"rs9476307",0.0035,0.000935552,0.00119075,0.0131619,0.015,0.0013993,0.00195272,0.0020817,6e-04,0.0096,FALSE,0.673725634652359,0.589503,0.589515,0.589321,NA
"rs12213996",0.0199,0.0078532,0.00493341,-0.00437914,0.0119,0.00141087,0.00196876,0.00209917,0.0053,0.0081,FALSE,0.344895005948157,0.386351,0.38638,0.386419,NA
"rs7761673",-0.0067,-0.00390185,-0.0152658,-0.00478083,0.0155,0.00166391,0.00232179,0.00247554,-0.0018,0.0097,TRUE,0.160844286215941,0.219708,0.219727,0.219739,NA
"rs7776021",-0.0107,0.00162155,0.0119457,0.00312381,0.0127,0.0015187,0.00211901,0.00225914,0.0075,0.0086,FALSE,0.424260407598758,0.287416,0.287456,0.287427,NA
"rs2152951",-0.0091,0.00123515,0.00612148,0.0159345,0.0114,0.00137615,0.00192018,0.00204754,0.0303,0.0078,FALSE,0.520354907051508,0.48814,0.488163,0.488018,NA
"rs9294260",-0.0098,-0.000196431,0.0145811,-0.00306852,0.0118,0.00138367,0.00193069,0.00205855,0.0049,0.0077,FALSE,0.411414049624912,0.476688,0.476668,0.476533,NA
"rs34941491",-0.0056,-0.00107109,-0.00532705,-0.0182452,0.0202,0.00221167,0.00308621,0.0032897,0.0069,0.0126,FALSE,0.0839805795020707,0.108822,0.108814,0.108806,NA
"rs11153071",0.0025,0.000540815,0.00862691,0.0207752,0.0155,0.00177233,0.00247281,0.00263729,-0.0059,0.0102,FALSE,0.156511668458009,0.186282,0.186338,0.186191,NA
"rs6938973",-0.019,0.000866081,-0.0181625,-0.009562,0.0116,0.00140463,0.00195995,0.00208918,-3e-04,0.008,FALSE,0.375890997217094,0.39871,0.39877,0.398622,NA
"rs4839955",0.0108,-0.00817729,0.0019149,0.00046387,0.0129,0.00137545,0.00191921,0.00204637,-0.0023,0.008,FALSE,0.509431111585463,0.520247,0.520262,0.520217,NA
"rs2253310",0.0122,-0.00364411,-0.0180543,0.0113189,0.0118,0.0014204,0.00198188,0.0021137,0.0014,0.008,TRUE,0.355041815963254,0.373486,0.37346,0.373171,NA
"rs9487626",-0.0157,-0.0165404,-0.0119691,0.00297477,0.0133,0.00177636,0.00247859,0.00264223,-0.0116,0.0099,FALSE,0.672458422206817,0.817088,0.817091,0.81707,NA
"rs9285425",0.019,-0.00104208,0.0029942,-0.0138253,0.0117,0.00137538,0.00191899,0.00204599,-0.0181,0.0078,FALSE,0.457916961768338,0.497433,0.497436,0.497541,NA
"rs13218383",-0.0013,0.00104454,0.0130984,0.00244654,0.0118,0.00145599,0.00203141,0.0021665,0.0116,0.0082,TRUE,0.64438054369243,0.664933,0.664889,0.664785,NA
"rs1159974",-0.0036,0.00204526,-0.0129451,-0.00338074,0.0115,0.00137541,0.00191934,0.0020463,0.0015,0.0079,FALSE,0.468579186441741,0.475257,0.475236,0.475236,NA
"rs9375463",-0.0217,-0.000867791,0.00392457,-0.0315581,0.0114,0.00138329,0.0019304,0.00205837,-0.0176,0.0079,FALSE,0.549097437278062,0.562572,0.562596,0.562633,NA
"rs9375702",-0.0017,0.00288413,-0.0114904,0.00378297,0.0138,0.00148795,0.00207613,0.0022142,-0.0157,0.0085,FALSE,0.687487101497799,0.691232,0.691191,0.691278,NA
"rs9376273",-0.0042,-0.00161885,0.00280547,0.0139147,0.0116,0.00144021,0.00200959,0.00214314,0.012,0.0082,FALSE,0.405697514104764,0.366566,0.366568,0.366648,NA
"rs113803678",0.0723,-0.00374915,0.0225833,0.0050786,0.0295,0.00295699,0.0041264,0.00439884,0.0011,0.0172,FALSE,0.0499176143218075,0.057581,0.057579,0.05762,NA
"rs765875",-0.0271,-0.00168434,-0.0124348,0.00100274,0.0113,0.00137476,0.00191838,0.00204587,-0.0075,0.0079,FALSE,0.52581320118503,0.489592,0.489544,0.489025,NA
"rs17080102",0.0115,-0.00513801,0.00362851,-0.049273,0.0234,0.00267923,0.00373855,0.00398329,-0.0288,0.0155,TRUE,0.0604587736991985,0.0707989999999999,0.070786,0.070832,NA
"rs7749708",0.0018,0.00501106,0.0147625,-0.00911825,0.012,0.00151302,0.00211125,0.00225033,-0.0017,0.0085,FALSE,0.376170722313052,0.293405,0.293367,0.293588,NA
"rs3778148",-0.0151,0.00534149,0.0150299,-0.00285094,0.0165,0.0018433,0.00257213,0.00274404,0.0034,0.0104,FALSE,0.136192864201612,0.166646,0.166633,0.166521,NA
"rs434578",0.0032,-0.00124295,-0.00106442,-0.0236458,0.0188,0.00198389,0.00276832,0.00295279,-0.0083,0.0116,FALSE,0.899711263961804,0.860732,0.86074,0.860806,NA
"rs375771",0.015,-0.00123891,-0.00269296,0.0155289,0.0141,0.00175008,0.00244218,0.00260363,-0.0026,0.01,FALSE,0.205438648053014,0.190091,0.190082,0.19014,NA
"rs36007635",-0.032,-0.00172354,-0.0208323,-0.00769495,0.0194,0.00199516,0.00278385,0.00296637,-0.0431,0.0116,FALSE,0.0923757386145701,0.137716,0.1377,0.137863,NA
"rs73033340",-0.0482,8.47892e-05,0.00964188,0.0510825,0.0306,0.00392507,0.0054847,0.00583136,-0.0121,0.0212,FALSE,0.95184184031165,0.968396,0.968409,0.968302,NA
"rs6963853",0.0158,0.00875409,0.00765591,0.00893361,0.0114,0.0013919,0.00194484,0.00207089,3e-04,0.0081,FALSE,0.442776762539478,0.429274,0.429261,0.429334,NA
"rs4721089",0.0144,0.00249043,0.0175773,0.0043618,0.014,0.00166992,0.0023334,0.00248367,0.0203,0.0095,FALSE,0.794474055413318,0.783033,0.783091,0.78289,NA
"rs2705608",0.0352,0.00966231,0.000398012,0.00172063,0.0119,0.00143293,0.00200206,0.00213278,-0.0175,0.0082,FALSE,0.341446346143905,0.357126,0.357121,0.356992,NA
"rs35761891",-0.0023,-0.00534217,0.0123043,-0.0359007,0.0323,0.00344549,0.00481437,0.00512995,-0.0286,0.0218,FALSE,0.954690523164834,0.95424,0.954247,0.954295,NA
"rs9638713",0.0183,0.00363716,0.0355542,0.0108573,0.0453,0.00441543,0.00617066,0.0065644,-0.0175,0.0275,FALSE,0.020808011292376,0.0251952,0.0251821,0.0252442,NA
"rs10263780",0.0089,-0.00249423,-0.0175223,-0.00108596,0.0151,0.00200441,0.0028007,0.00298383,0.0021,0.0114,FALSE,0.26728690066296,0.136811,0.136795,0.136615,NA
"rs2299098",-0.0303,-0.00283097,-0.00647798,-0.0159778,0.0136,0.00173721,0.00242697,0.002586,-0.0217,0.0098,TRUE,0.238969591850173,0.195905,0.195921,0.19579,NA
"rs2023843",-0.0292,-0.00365372,-0.0105209,0.0521943,0.0168,0.00262216,0.00366327,0.00390184,0.039,0.0148,FALSE,0.835790147835627,0.9260077,0.9259981,0.9260007,NA
"rs215634",0.0458,0.00467295,0.0161456,-0.0068053,0.0119,0.00141443,0.00197618,0.00210522,0.009,0.0082,FALSE,0.439063180156942,0.387597,0.387612,0.387601,NA
"rs2237403",0.0125,-0.00356234,-0.0130193,0.00522493,0.0117,0.00144933,0.00202499,0.00215598,-0.0258,0.0082,FALSE,0.387727414530483,0.338225,0.338182,0.338305,NA
"rs799449",0.0109,0.00264977,0.0148436,0.00302203,0.0124,0.00138659,0.00193733,0.00206412,0.012,0.008,FALSE,0.621435573232552,0.55742,0.557398,0.557665,NA
"rs10260816",0.0055,0.00102558,7.82693e-05,0.0185747,0.0119,0.00138653,0.00193696,0.00206361,-0.0189,0.0092,TRUE,0.498328966172456,0.560496,0.560527,0.560559,NA
"rs12668436",-0.0146,-0.00169353,0.0015832,-0.0144903,0.0126,0.00159105,0.00222287,0.00236612,0.0015,0.0091,FALSE,0.70879534325264,0.752216,0.752209,0.752083,NA
"rs35844144",-0.0107,-0.00328471,-0.000531003,-0.0131585,0.0128,0.00156937,0.00219259,0.00233576,-5e-04,0.0091,FALSE,0.724819789089384,0.742049,0.742073,0.742062,NA
"rs12538435",0.0267,0.00185683,0.0165005,0.0096567,0.013,0.00156261,0.00218333,0.00232529,-0.0128,0.0089,FALSE,0.585605465992866,0.738543,0.738575,0.738556,NA
"rs58862095",-0.0412,-0.0041892,-0.0225517,-0.00989601,0.013,0.00139396,0.00194762,0.00207413,-0.0352,0.0086,FALSE,0.447273518778594,0.419805,0.419731,0.41974,NA
"rs848492",0.0128,-0.000648918,-0.00926745,0.0127843,0.0129,0.00153786,0.00214863,0.00228828,-3e-04,0.0088,FALSE,0.745819541488072,0.723833,0.723847,0.723911,NA
"rs42038",0.0015,0.00165333,0.0024008,-0.0234244,0.014,0.00150153,0.00209799,0.00223528,-0.0219,0.0086,FALSE,0.221000555846518,0.29884,0.298792,0.298829,NA
"rs16868443",0.0018,0.000859308,0.012566,-0.00407024,0.0121,0.00142965,0.00199771,0.00212819,0.0137,0.0082,TRUE,0.318672847314951,0.360649,0.360635,0.360599,NA
"rs2240294",-0.0099,-0.00964858,-0.00394762,-0.00149206,0.0116,0.00138022,0.00192834,0.00205402,0.0026,0.0082,TRUE,0.441711950332778,0.44479,0.444779,0.444689,NA
"rs3901286",-0.0284,-0.0109991,-0.0240784,-0.00327732,0.0141,0.00191463,0.0026752,0.00284979,-0.0424,0.0109,FALSE,0.208998872821845,0.152227,0.152218,0.152252,NA
"rs12333760",0.0475,0.0110037,0.0216805,0.00318147,0.0167,0.00185366,0.0025901,0.00275958,0.0426,0.0106,FALSE,0.817141031511303,0.835014,0.835036,0.83502,NA
"rs62481856",-0.015,0.00285893,-0.0016404,0.0470311,0.017,0.00172309,0.00240703,0.00256611,0.0147,0.0094,FALSE,0.167846704693966,0.197621,0.197653,0.197231,NA
"rs2103123",-0.0293,-0.000867021,-0.0106046,-0.00304132,0.0116,0.00139696,0.00195178,0.00207898,-0.0138,0.0081,TRUE,0.498658356938378,0.528533,0.528474,0.528435,NA
"rs1524445",0.0063,0.00106296,-0.0184608,-0.0029177,0.0117,0.00140129,0.00195755,0.00208578,1e-04,0.008,FALSE,0.473337511332536,0.421288,0.421341,0.42081,NA
"rs10233018",-0.0146,-0.0106936,-0.00303301,-0.00384603,0.0113,0.00137433,0.00192008,0.00204512,-0.0067,0.0078,FALSE,0.471933863809682,0.495924,0.495912,0.495804,NA
"rs10248298",-0.0017,0.00706656,0.0120267,-0.00284024,0.0116,0.00142379,0.00198902,0.00211898,0.016,0.0081,FALSE,0.382155909101504,0.365832,0.365869,0.365442,NA
"rs34990159",-0.0081,-0.00259472,0.0029847,0.0191372,0.0115,0.00140179,0.0019585,0.00208568,-0.0012,0.008,FALSE,0.591168335067539,0.595571,0.595566,0.595462,NA
"rs706159",-0.007,0.00217486,0.00125346,-0.0149629,0.0115,0.00139358,0.001947,0.00207411,-0.0043,0.008,FALSE,0.410996937361367,0.433406,0.433384,0.433379,NA
"rs7802342",-0.0224,-0.00148924,-0.0122593,0.00152254,0.0127,0.00151529,0.00211699,0.00225544,-0.0249,0.0087,FALSE,0.722350175206297,0.711681,0.711645,0.711641,NA
"rs11525873",-0.0162,0.00200647,0.0235895,-0.00501512,0.0156,0.0023156,0.00323551,0.00344765,-0.0075,0.0134,FALSE,0.823027956648476,0.902229,0.902226,0.902245,NA
"rs7810028",0.0114,-0.000990945,0.00072252,0.0182751,0.0135,0.00174221,0.00243425,0.00259441,0.0136,0.01,TRUE,0.768553959563665,0.807673,0.807708,0.80792,NA
"rs2710082",0.0034,-0.00402369,0.010864,-0.00508381,0.012,0.00137277,0.0019178,0.00204385,-0.0082,0.0078,FALSE,0.389388407445636,0.500365,0.50043,0.50043,NA
"rs1805123",0.0073,0.00625603,0.0162508,0.00234297,0.0169,0.00159492,0.00222824,0.00237383,-0.0019,0.0109,FALSE,0.822513802530864,0.754465,0.754502,0.75458,NA
"rs17173238",-0.0028,-0.00116574,0.00252201,-0.024893,0.0146,0.0015178,0.00212035,0.00225881,0.0041,0.0087,FALSE,0.73336710294667,0.712713,0.712653,0.712655,NA
"rs6951574",-0.0303,-0.00907501,-0.0055339,-0.0050868,0.0153,0.00138879,0.00194015,0.00206597,0.0117,0.0083,FALSE,0.532344672982499,0.532077,0.532008,0.532048,NA
"rs17878615",-0.0361,-0.00446457,-0.002945,-0.0158871,0.0149,0.00189052,0.00264148,0.00281496,0.012,0.011,FALSE,0.815747116864941,0.842648,0.842641,0.842849,NA
"rs56211164",0.0018,0.00154887,-0.0121209,0.000771538,0.0141,0.00160748,0.00224608,0.00239216,-0.0067,0.0094,FALSE,0.205470452116882,0.239794,0.239774,0.239917,NA
"rs896777",0.0032,0.00766271,0.00213894,0.00302618,0.0115,0.00139453,0.00194822,0.00207425,0.0028,0.0081,FALSE,0.513678039348464,0.561504,0.561581,0.56161,NA
"rs1658820",0.0133,0.00240086,0.0147004,-0.00184542,0.0149,0.00160706,0.00224628,0.00239362,0,0.0092,FALSE,0.253376987543002,0.245464,0.245455,0.245365,NA
"rs76020419",-0.0357,0.000527418,-0.00907389,-0.0328741,0.0325,0.00370601,0.00517762,0.00551979,-0.045,0.0243,FALSE,0.0417865895085117,0.035558,0.035577,0.035537,NA
"rs34944514",0.0763,-0.00253288,-0.00292931,-0.00181617,0.0136,0.00212498,0.00296973,0.00316408,-3e-04,0.0087,FALSE,0.467060158298466,0.43138,0.431387,0.431432,NA
"rs28447194",0.0291,-0.000638515,0.00470955,-0.0207122,0.0194,0.0023405,0.00327009,0.00348686,0.0025,0.0137,FALSE,0.0948281133976034,0.097569,0.097626,0.097558,NA
"rs13263601",-0.0183,0.00179987,-0.0153821,0.000627003,0.0126,0.00143933,0.00201137,0.00214186,-0.008,0.0082,FALSE,0.718251577538498,0.651442,0.651404,0.651257,NA
"rs13278290",0.0028,0.00156509,0.0132725,-0.000729408,0.0119,0.00144088,0.00201385,0.0021449,0.0125,0.0081,FALSE,0.566435076548068,0.645955,0.645969,0.646038,NA
"rs7842144",0.0165,-0.00112555,0.0115642,-0.0150857,0.0128,0.00160612,0.00224455,0.00239193,0.0143,0.0091,FALSE,0.64674009210495,0.758117,0.758105,0.758243,NA
"rs73563812",0.0331,-0.000696215,0.00014695,-0.0281324,0.0126,0.00161921,0.00226285,0.00241135,-0.0192,0.0093,FALSE,0.284014122302472,0.235941,0.236006,0.235765,NA
"rs117176448",-0.0106,-0.00124936,-0.0224302,0.00861354,0.0223,0.00232885,0.00325492,0.00346771,-0.0011,0.0138,TRUE,0.908209589113613,0.903897,0.903917,0.903944,NA
"rs1565735",-0.0544,-0.018805,0.00258073,0.000498872,0.0138,0.00172142,0.00240574,0.00256241,-0.0147,0.0098,TRUE,0.225745318214341,0.202934,0.202941,0.203115,NA
"rs10954772",0.023,0.00308986,0.0153055,0.0068957,0.0135,0.00148957,0.00208173,0.00221728,0.0141,0.0085,FALSE,0.24033480603704,0.314471,0.314489,0.314447,NA
"rs2466103",0.0145,-0.000593954,-0.0130602,0.00549771,0.0142,0.00149248,0.00208578,0.00222171,0.0081,0.0086,FALSE,0.790796857533998,0.69654,0.696522,0.696566,NA
"rs145151767",-0.0228,-0.00365396,-0.0045442,0.0180189,0.0131,0.00159954,0.00223518,0.00238124,0.01,0.0109,FALSE,0.254369866883948,0.24694,0.247001,0.246779,NA
"rs2978456",-0.004,-0.00134105,0.00341289,-0.0145439,0.0115,0.0013804,0.0019292,0.00205423,0.0043,0.0081,FALSE,0.531242164859977,0.549109,0.549072,0.54892,NA
"rs4873492",0.0272,0.00218365,-0.00181166,0.0223608,0.0147,0.00183111,0.00255881,0.00272745,-0.0132,0.0104,FALSE,0.18370663428251,0.17176,0.171803,0.171644,NA
"rs13263909",-0.0031,-0.0080711,0.000155027,0.00220674,0.0137,0.00147531,0.00206189,0.00219709,-0.0135,0.0084,FALSE,0.660127170633958,0.681362,0.681401,0.681474,NA
"rs7004274",-0.0411,-0.00789151,-0.00680128,-0.00132678,0.0128,0.00138342,0.00193338,0.00205905,3e-04,0.0078,TRUE,0.512981364331169,0.483542,0.483575,0.48375,NA
"rs34391115",-5e-04,-0.0043531,0.003825,-0.0158476,0.0139,0.00143628,0.00200733,0.00213756,0.0218,0.0081,FALSE,0.239433270797046,0.359588,0.359713,0.359737,NA
"rs13264909",-0.0072,-0.004656,0.0126211,-0.00848811,0.0116,0.00138988,0.00194242,0.00206929,0.0146,0.0079,TRUE,0.479527957608573,0.57095,0.571015,0.571418,NA
"rs7006340",-0.0031,0.00264357,0.00128184,-0.0120861,0.0128,0.00149928,0.00209533,0.00223228,-0.0047,0.0085,FALSE,0.733798518720234,0.698766,0.698774,0.698909,NA
"rs1808629",0.0039,0.00313393,-0.021082,0.00194248,0.0123,0.00148544,0.00207613,0.00221216,-0.0138,0.0084,FALSE,0.698354817536655,0.685918,0.685937,0.685722,NA
"rs10217047",0.0096,0.00186092,0.0194062,-0.0157475,0.0179,0.0023702,0.00331268,0.00352912,-0.0021,0.0139,FALSE,0.131312972060154,0.09595,0.095958,0.095838,NA
"rs10096453",-0.0055,0.00531519,-0.0138858,-0.014497,0.0117,0.00137671,0.0019242,0.00204932,-0.0161,0.0078,FALSE,0.549649817557482,0.483967,0.483964,0.483946,NA
"rs10102172",-0.0023,0.00574654,-0.0210695,-0.0113179,0.0119,0.00138692,0.00193841,0.00206421,-0.0083,0.0079,FALSE,0.542248377892403,0.433814,0.433717,0.433942,NA
"rs2677580",0.0154,0.00994387,0.00567257,-0.0120435,0.0123,0.00157306,0.00219858,0.00234214,0.0037,0.0087,FALSE,0.352014174259112,0.259124,0.259105,0.259046,NA
"rs1899896",0.0107,0.00893893,0.00782404,-0.00912626,0.0131,0.00150882,0.00210853,0.00224573,-0.0049,0.0085,FALSE,0.251082380534077,0.297174,0.297179,0.297422,NA
"rs76290733",-0.0268,0.00383075,0.0140506,-0.0128796,0.0144,0.0018597,0.00259914,0.00276939,0.011,0.0107,FALSE,0.802712965620483,0.836449,0.836458,0.836582,NA
"rs2607073",0.0064,-0.00166979,0.000648274,0.0187933,0.0159,0.00179125,0.0025041,0.00266709,-0.0067,0.0102,FALSE,0.147514752669571,0.179817,0.179741,0.179713,NA
"rs12680855",0.0058,0.00619971,0.0137678,-0.0094582,0.0118,0.00147733,0.00206486,0.00219957,-0.0078,0.0083,FALSE,0.615208799398745,0.682297,0.68237,0.682446,NA
"rs1693567",-0.0018,0.00100535,-0.000871641,0.0164186,0.0113,0.0013805,0.00192938,0.00205481,0.0028,0.008,FALSE,0.54990572058041,0.538526,0.538527,0.538625,NA
"rs28459406",0.0152,0.000908424,0.00604403,-0.0161923,0.0164,0.00180415,0.00252141,0.00268833,0.0092,0.0104,FALSE,0.14239358712438,0.177686,0.177695,0.177577,NA
"rs17210179",0.0374,-0.00566095,-0.00578298,0.0183269,0.0173,0.00190186,0.00265751,0.00283012,0.0182,0.0111,FALSE,0.120929368939835,0.155387,0.155455,0.155549,NA
"rs3110054",-0.0196,-0.00208196,-0.00777759,-0.0113666,0.0115,0.00140592,0.00196495,0.00209301,-0.0032,0.008,FALSE,0.603730231802866,0.606044,0.606081,0.605994,NA
"rs2694047",-0.0057,-0.00360285,-0.0213461,0.0029809,0.0125,0.00159451,0.00222862,0.00237369,-0.023,0.009,FALSE,0.306023413903166,0.247289,0.247242,0.247093,NA
"rs2469997",-0.0097,0.00317243,-0.00168997,-0.0224326,0.0171,0.00176621,0.00246856,0.00263167,-0.0051,0.0101,TRUE,0.874579732532898,0.814249,0.814242,0.814591,NA
"rs2954021",-0.0259,-0.000756664,-0.0118064,0.00952162,0.0113,0.00137388,0.00192021,0.00204539,0.0281,0.0078,FALSE,0.476262519520401,0.495135,0.495121,0.495264,NA
"rs894347",0.0122,0.00144428,0.00613908,-0.015461,0.0114,0.00140452,0.00196296,0.00209098,-0.0042,0.008,FALSE,0.548642389326251,0.605576,0.60561,0.605103,NA
"rs16906845",0.0202,0.00193953,-0.0231641,0.00173525,0.0207,0.00297032,0.00415179,0.00441889,-0.0164,0.0159,FALSE,0.0861199362189713,0.056736,0.056712,0.056824,NA
"rs11782074",0.0231,-0.000278991,0.0131166,0.00148905,0.0125,0.00143534,0.00200603,0.00213703,0.0014,0.0081,FALSE,0.315271998597128,0.384199,0.384209,0.384137,NA
"rs3802230",0.0078,0.0020282,-0.00159608,-0.0181984,0.0114,0.00137976,0.00192845,0.00205403,-0.0101,0.0078,FALSE,0.494903356871266,0.540879,0.540963,0.540617,NA
"rs4543592",-0.0261,-0.00920674,0.00278728,-0.00491691,0.0122,0.00137693,0.00192473,0.0020527,-0.0073,0.0079,FALSE,0.627775257988879,0.52016,0.520175,0.520278,NA
"rs2151325",0.0062,-0.00089918,-0.00177823,0.0146028,0.0119,0.00144239,0.00201643,0.00214947,0.0015,0.0083,FALSE,0.341711920825862,0.351543,0.351478,0.351468,NA
"rs12375985",-0.0049,-0.00434148,-0.0147559,0.00307993,0.0136,0.00143652,0.00200775,0.00214108,-0.0031,0.0082,FALSE,0.337352538953595,0.354596,0.354645,0.354616,NA
"rs10962547",0.0199,0.00684173,0.0229269,-0.000163006,0.0142,0.00182648,0.0025532,0.00272216,0.0236,0.0107,TRUE,0.214382865397874,0.171927,0.171887,0.171936,NA
"rs1333045",0.0203,0.00159842,0.00504084,-0.0124523,0.0113,0.00137755,0.00192561,0.00205315,-0.0571,0.0079,FALSE,0.501768626277897,0.484026,0.484042,0.484516,NA
"rs1934102",0.0157,-0.000491608,-0.0135577,0.00161594,0.0124,0.00146099,0.00204205,0.0021775,-0.0091,0.0083,FALSE,0.301962764124074,0.347216,0.347288,0.347201,NA
"rs1412239",0.0225,0.0012741,-0.024347,-0.00263453,0.0123,0.00146757,0.00205133,0.00218783,-0.0246,0.01,TRUE,0.698688148066864,0.676495,0.676444,0.67654,NA
"rs1490320",-0.012,-0.0129529,-0.00846509,0.00600989,0.0186,0.0022387,0.00312961,0.00333648,-0.0108,0.0128,FALSE,0.103381794172981,0.105382,0.105353,0.105393,NA
"rs2275003",0.0174,-0.00079086,0.0116943,0.00358439,0.0116,0.00137368,0.00192023,0.00204785,0.0063,0.0079,FALSE,0.548658575563822,0.478911,0.478864,0.478747,NA
"rs76452347",-0.0045,-0.00113259,0.00524645,-0.0178616,0.0167,0.00176681,0.00246979,0.00263535,-0.0069,0.0104,FALSE,0.196754023327632,0.204513,0.204486,0.204271,NA
"rs7034554",-0.0021,-0.00251409,0.0143124,0.0085092,0.0123,0.00141845,0.00198271,0.00211428,0.0186,0.0082,FALSE,0.691331460856779,0.626301,0.626314,0.626309,NA
"rs1928244",0.0199,0.00047576,-0.00122951,0.0170188,0.0146,0.00194084,0.0027129,0.00289266,-0.0117,0.0114,FALSE,0.198054903035112,0.149023,0.149037,0.149127,NA
"rs7038966",0.0152,0.00090556,0.0135059,0.003119,0.0114,0.00140272,0.00196051,0.00209172,0.0048,0.008,FALSE,0.447669865645944,0.411459,0.411405,0.411283,NA
"rs55962158",-0.0025,0.000286522,0.00127315,-0.0151825,0.0148,0.00160433,0.0022424,0.00239083,-0.0036,0.0108,TRUE,0.186182286416298,0.247042,0.247076,0.247261,NA
"rs10780248",0.0038,-0.00394718,-0.0135155,0.000945086,0.0114,0.00138509,0.00193605,0.00206512,-0.0065,0.0079,FALSE,0.530476730288085,0.55989,0.559887,0.559928,NA
"rs2378662",0.0014,0.00841445,0.00606486,0.000674183,0.0114,0.00138476,0.00193564,0.00206401,0.0143,0.008,FALSE,0.544114075615565,0.543261,0.543215,0.543407,NA
"rs10820852",-0.0173,-5.51868e-05,-0.0153833,-0.00233181,0.0129,0.00153967,0.0021522,0.00229622,0.0033,0.0091,FALSE,0.261269601318472,0.275842,0.27587,0.275718,NA
"rs7873003",0.0052,-0.00256306,0.0159945,-0.00613131,0.0119,0.00147991,0.00206875,0.00220542,0.0022,0.0101,FALSE,0.348115849920943,0.319878,0.319911,0.319845,NA
"rs2417084",-0.0144,-0.000969562,-0.0169484,0.00274154,0.0132,0.00147802,0.00206584,0.0022033,-0.0015,0.0085,FALSE,0.507408141836997,0.68467,0.684625,0.684579,NA
"rs7024334",0.0365,0.00768149,0.0127382,-0.00527905,0.013,0.00165553,0.00231432,0.00246763,0.0112,0.0094,FALSE,0.311943329352464,0.2209,0.220802,0.220961,NA
"rs10817007",0.008,-0.00189031,-0.00540739,-0.0268382,0.0153,0.00205192,0.00286857,0.00305865,-0.0052,0.0122,FALSE,0.811256568637798,0.871057,0.87109,0.871094,NA
"rs10982007",0.011,0.000907892,0.00245763,-0.0138657,0.0117,0.00138481,0.00193575,0.00206387,0.0108,0.0079,FALSE,0.469010059947712,0.552111,0.552071,0.552103,NA
"rs7038943",0.0245,0.00430448,0.013402,-0.00231216,0.0117,0.0014508,0.00202798,0.0021622,0.0209,0.0082,FALSE,0.624276733788903,0.661522,0.661512,0.661534,NA
"rs4837631",-0.0201,-0.00821026,0.00280239,0.00218471,0.0114,0.0013792,0.00192785,0.00205619,-0.0086,0.0079,FALSE,0.422013338359208,0.450494,0.45053,0.450607,NA
"rs6478585",0.0107,-0.00155925,-0.00514427,-0.0175617,0.0153,0.00209168,0.00292372,0.00311546,-0.0039,0.0117,TRUE,0.290368728400621,0.123372,0.123343,0.123554,NA
"rs10760277",0.0037,0.00450712,0.013193,0.00344467,0.0117,0.00141537,0.0019781,0.00211024,0.0118,0.008,FALSE,0.374569029872589,0.38519,0.385223,0.38477,NA
"rs10733682",0.0187,-0.00063015,0.0137195,0.00542624,0.0117,0.00139682,0.00195223,0.00208159,0.0213,0.0079,FALSE,0.558935796510248,0.473251,0.473273,0.47327,NA
"rs113132247",-0.0021,0.00386411,0.0186388,0.00402185,0.015,0.00191468,0.00267628,0.00285212,0.0329,0.0109,FALSE,0.174563077673019,0.152938,0.152898,0.15302,NA
"rs3025316",-0.0769,-0.016286,0.00954599,0.00731215,0.0224,0.00216123,0.00302157,0.00322254,-2e-04,0.0129,FALSE,0.908391642424269,0.885397,0.885445,0.885399,NA
"rs6271",0.0048,9.70836e-05,-0.00993932,-0.0347216,0.0248,0.00262012,0.00366288,0.00390593,-0.0038,0.0174,FALSE,0.0718830823416404,0.074026,0.074013,0.074026,NA
"rs11103667",0.0103,0.0102629,0.0101947,-0.0028511,0.0148,0.00175703,0.00245602,0.00261929,0.0145,0.0102,FALSE,0.180926561805575,0.192107,0.192092,0.192088,NA
"rs11145807",-0.0028,-0.00259577,-0.0018212,0.0143551,0.0125,0.00140659,0.00196614,0.002097,-0.0062,0.0082,FALSE,0.520173429615332,0.407651,0.407645,0.407667,NA
"rs11252344",-0.0416,-0.0013484,0.00317895,-0.0252613,0.0238,0.00260492,0.00363955,0.00387446,0.017,0.0149,FALSE,0.059293009548074,0.0751270000000001,0.075174,0.075166,NA
"rs11255908",-0.0402,-0.0105858,-0.000593987,0.00325204,0.0135,0.00157668,0.0022037,0.00234602,-0.0025,0.0092,FALSE,0.630666175835385,0.744026,0.744066,0.744169,NA
"rs12770479",-0.0124,-0.007904,-0.00541,-0.00143314,0.0125,0.00140059,0.0019577,0.00208406,-0.0038,0.0082,FALSE,0.313498536369416,0.40369,0.403758,0.403718,NA
"rs7893571",0.027,0.00256353,0.0139566,0.00229757,0.013,0.00145957,0.00204009,0.00217075,0.0039,0.0084,FALSE,0.731091618251759,0.66565,0.665628,0.665514,NA
"rs73601548",-0.0153,-0.000943032,0.0180319,-0.0123916,0.0207,0.00216451,0.00302615,0.00322165,0.0124,0.0124,FALSE,0.0805563977507565,0.114512,0.114465,0.114428,NA
"rs12258967",-0.0066,0.000320484,-0.00820959,0.03988,0.0143,0.00150221,0.00209951,0.00223484,0.0287,0.0089,TRUE,0.793267078275658,0.700884,0.700901,0.700852,NA
"rs7100317",0.0125,0.00351103,0.00760971,0.0128335,0.0117,0.00139861,0.0019548,0.00208063,-0.0012,0.0081,FALSE,0.4991857471483,0.533031,0.533045,0.533269,NA
"rs11012732",-0.0529,-0.00761014,-0.0212449,-0.00628563,0.0137,0.00146059,0.00204152,0.00217411,-0.0093,0.0084,FALSE,0.758556796315952,0.668522,0.668527,0.668588,NA
"rs11012750",-0.0453,-0.00829398,-0.0206502,-0.00784715,0.0165,0.00148851,0.00208055,0.0022155,-0.0129,0.0085,FALSE,0.693090594247769,0.691702,0.691701,0.691657,NA
"rs12779675",-0.0178,-0.00107675,-0.00580627,0.0157247,0.0115,0.00137801,0.001926,0.00204989,-0.0042,0.0078,TRUE,0.41039398566238,0.459855,0.459838,0.459809,NA
"rs12762034",-0.0602,-0.00485797,-0.0277533,0.0022921,0.0193,0.00257671,0.00360092,0.00383204,0.0132,0.0147,FALSE,0.903959283351541,0.923117,0.923083,0.923067,NA
"rs4948643",0.0011,0.00166019,-0.000311037,0.0144999,0.0122,0.0015585,0.00217813,0.0023182,-0.0023,0.0087,FALSE,0.376711336731948,0.278045,0.278045,0.278021,NA
"rs2125068",-0.0077,4.01054e-06,-0.000410162,-0.0158014,0.0309,0.00163102,0.00227932,0.00242674,0.004,0.011,FALSE,0.7907,0.764265,0.764242,0.764335,NA
"rs4595495",-0.0053,-0.00201731,-0.012465,0.00896015,0.0126,0.00139432,0.00194885,0.00207458,-0.0022,0.0079,FALSE,0.670037971196675,0.580332,0.580347,0.58036,NA
"rs7070670",-0.0345,-0.00411264,-0.0116127,-0.000188741,0.013,0.00147108,0.00205632,0.00218801,0.0138,0.0085,FALSE,0.26458198505544,0.328139,0.328147,0.3284,NA
"rs72831343",0.0223,-0.000317752,-0.00791587,0.0430508,0.019,0.00194699,0.00272133,0.00289556,0.0073,0.0114,FALSE,0.867250682563053,0.854707,0.854684,0.854575,NA
"rs2588978",0.0244,0.0106321,0.00470433,-0.000287166,0.0115,0.00137266,0.00191865,0.00204225,0.0123,0.0078,FALSE,0.448830704330441,0.480623,0.480627,0.480395,NA
"rs10995311",-0.0148,-0.0032831,0.00407775,0.0191333,0.0119,0.00138796,0.00194018,0.00206481,-0.0036,0.008,TRUE,0.633294204315548,0.554529,0.5546,0.554896,NA
"rs7924036",-0.0074,-0.00376017,-0.0132044,-0.00687111,0.0115,0.00137392,0.00192036,0.00204426,0.0151,0.0078,FALSE,0.554259347269642,0.503437,0.503449,0.503558,NA
"rs2177843",0.0214,0.00386531,-0.00533183,0.0252361,0.0155,0.00194682,0.00272103,0.00289738,-0.062,0.0114,FALSE,0.159426534913458,0.148922,0.148961,0.148772,NA
"rs10824211",0.0339,0.00408929,0.019386,0.00361903,0.0177,0.00199116,0.00278373,0.00296202,0.0095,0.0117,FALSE,0.115498013105809,0.139326,0.139286,0.139366,NA
"rs11001963",0.0089,0.00485294,0.0114997,0.000527317,0.0116,0.00140252,0.00196036,0.00208602,-4e-04,0.008,FALSE,0.519498885852675,0.581454,0.581445,0.581176,NA
"rs2175207",-0.0305,-0.0116369,-0.00490403,-0.00516542,0.016,0.00187485,0.00262026,0.00278944,-0.0138,0.0103,FALSE,0.85409324092893,0.840305,0.840315,0.840281,NA
"rs17399739",-0.0559,-0.00752996,-0.02694,-0.00455065,0.0216,0.00271609,0.00379661,0.00404468,-0.0311,0.0147,FALSE,0.926095482128451,0.931075,0.931091,0.931209,NA
"rs117472357",-0.0043,0.00299838,0.00271668,0.0306547,0.0316,0.00352106,0.00492082,0.00523382,-0.0104,0.0208,FALSE,0.0451312172340942,0.041444,0.041455,0.041519,NA
"rs2450445",-1e-04,-0.00139402,-0.0125251,-0.00175128,0.0133,0.00146555,0.00204852,0.00218028,0.0052,0.0084,FALSE,0.250844734636014,0.324102,0.324138,0.324079,NA
"rs11187838",0.0322,0.000270908,0.00362566,-0.0289632,0.0115,0.0013863,0.00193769,0.00206213,0.018,0.0079,FALSE,0.418297333580919,0.434669,0.434711,0.434965,NA
"rs2439823",-0.0285,-0.00404213,-0.0189092,-0.00243175,0.0116,0.00138305,0.00193329,0.0020572,-0.0227,0.0079,FALSE,0.533136444829116,0.454321,0.454352,0.454088,NA
"rs10883543",-0.0145,-0.000284114,-0.0134209,0.0424198,0.0219,0.0021975,0.00307067,0.0032677,-0.027,0.013,FALSE,0.90274480981156,0.889085,0.889012,0.889093,NA
"rs1926030",-0.0022,-0.0137447,-0.00670508,0.0149196,0.0115,0.0014077,0.00196755,0.00209302,0.0163,0.0081,FALSE,0.595438867431694,0.609696,0.609711,0.609453,NA
"rs11191580",0.0039,-0.00632517,-0.0247238,0.0606134,0.0177,0.00255852,0.0035763,0.00380469,0.031,0.0144,FALSE,0.873348600588502,0.922092,0.922079,0.922031,NA
"rs3896224",0.0178,0.0086884,0.00879445,-0.00432351,0.0114,0.00140752,0.0019674,0.0020939,0.0125,0.0092,FALSE,0.548400935225691,0.58557,0.585592,0.585219,NA
"rs35198068",-0.0135,0.000536579,0.0163559,-0.0138661,0.0142,0.00151154,0.00211271,0.00224883,-0.0043,0.0087,FALSE,0.792933840946314,0.70873,0.708726,0.708979,NA
"rs4575195",-0.0013,-0.000391724,-0.0156919,0.0138562,0.014,0.00148197,0.00207142,0.00220531,0.0027,0.0086,FALSE,0.217645153833171,0.313035,0.313043,0.312751,NA
"rs1801253",0.0065,-0.000947342,-0.00184848,0.0279953,0.0149,0.00156671,0.00218979,0.00233073,0.0027,0.0091,TRUE,0.759699915096681,0.73633,0.736298,0.736354,NA
"rs12414412",-0.0107,-0.00125626,-0.0187503,0.00820675,0.0174,0.00246734,0.0034487,0.00366988,-0.0033,0.0133,TRUE,0.866552888630808,0.914642,0.914609,0.914575,NA
"rs7095308",0.0286,0.00162337,0.0050665,-0.0133315,0.0139,0.00154278,0.00215664,0.0022952,-0.0468,0.0088,FALSE,0.215995309355787,0.274323,0.274365,0.274445,NA
"rs10749409",-0.0011,-0.00164089,-0.00542735,0.0151056,0.0125,0.00147919,0.0020676,0.00219969,-0.0025,0.0084,TRUE,0.286697900028699,0.315714,0.315638,0.31553,NA
"rs845084",0.0086,-0.00216938,0.0164274,-0.00330695,0.0126,0.00157526,0.00220195,0.00234274,0.0123,0.0089,FALSE,0.281300332395918,0.258377,0.258328,0.258592,NA
"rs9423279",-0.004,0.00990201,-0.00371235,-0.000665118,0.0126,0.00147373,0.00205992,0.00219213,-0.0049,0.0088,TRUE,0.308461375196226,0.343235,0.343278,0.343065,NA
"rs72828935",0.0133,0.00057145,0.0173133,0.00594291,0.0149,0.00152947,0.00213786,0.00227471,-9e-04,0.0092,TRUE,0.253486120133225,0.282819,0.282798,0.282799,NA
"rs2542615",0.001,-0.000900131,-0.0129949,-0.00377689,0.0118,0.0014603,0.00204088,0.00217224,-0.0054,0.0082,FALSE,0.646646333900282,0.657873,0.657924,0.657889,NA
"rs11017772",0.0128,-0.00105293,-0.0131679,0.00127792,0.0164,0.00170208,0.00237873,0.00253187,-0.0199,0.0098,FALSE,0.138984831593955,0.206185,0.20621,0.206245,NA
"rs1133400",-0.0093,-0.00427483,-0.0102827,-0.0163967,0.0135,0.00165651,0.00231548,0.00246411,0.0055,0.0098,FALSE,0.769389366831317,0.779876,0.779897,0.779852,NA
"rs7952102",0.0057,0.00364075,0.0141685,0.00473202,0.0118,0.00140792,0.00196737,0.00209308,0.0051,0.0095,FALSE,0.549152856286141,0.612335,0.612398,0.612184,NA
"rs4980379",-0.0161,0.000334563,0.00162677,0.0328257,0.0117,0.00143154,0.00200027,0.00212919,0.0195,0.0082,FALSE,0.44059166800726,0.36413,0.36412,0.364208,NA
"rs1470260",-0.0062,0.00193236,-0.000755258,-0.0309365,0.0152,0.00176924,0.00247199,0.00263248,-0.022,0.0101,FALSE,0.831884841370942,0.815605,0.815616,0.815605,NA
"rs2054117",-0.0114,0.000663143,-0.0113377,-0.00240904,0.0114,0.00138339,0.00193293,0.00205749,-0.0074,0.0079,FALSE,0.562920530704816,0.556359,0.556455,0.556455,NA
"rs900144",-0.0089,-0.00380948,0.0168892,0.0112127,0.0118,0.00138534,0.00193549,0.00206028,0.0072,0.0079,FALSE,0.463923090225315,0.566656,0.566605,0.567018,NA
"rs56213534",0.0586,0.00942094,0.00931082,-0.0191645,0.0123,0.0014963,0.00209069,0.00222546,-0.0029,0.0085,FALSE,0.694633148305331,0.698629,0.698587,0.698776,NA
"rs1557765",-0.0543,-0.00508906,-0.0109937,0.0211277,0.0116,0.00141763,0.00198083,0.00210943,0.0139,0.008,FALSE,0.391187922554046,0.377312,0.377343,0.377224,NA
"rs35891966",-0.0748,-0.0150536,-0.000113145,-0.00583574,0.0246,0.00266558,0.00372443,0.00396364,-0.0236,0.0176,FALSE,0.0755055995730829,0.071374,0.071399,0.071389,NA
"rs11026585",0.0047,0.00737663,-0.0050864,0.0285443,0.0243,0.00279463,0.00390535,0.00416006,0.0366,0.0149,TRUE,0.0767769126985837,0.065396,0.065391,0.065298,NA
"rs17309741",0.0163,-0.000113014,-0.00546528,0.0170643,0.0135,0.00146698,0.00204998,0.00218126,0.0092,0.0084,FALSE,0.757000648040999,0.67136,0.671407,0.671205,NA
"rs6265",-0.0216,-0.0139395,-0.0403447,0.00927706,0.0137,0.00175498,0.00245205,0.00260878,-0.0105,0.0103,FALSE,0.238455609410789,0.188634,0.188647,0.18892,NA
"rs7927974",0.0103,-0.00113436,-0.00546799,-0.0155144,0.0122,0.00153759,0.00214858,0.0022864,-0.0044,0.0086,FALSE,0.610889584076753,0.723725,0.723695,0.723818,NA
"rs7942037",-0.0139,-0.00247123,-0.0174234,-0.00851599,0.0118,0.0014292,0.00199698,0.00212604,-0.0139,0.0095,TRUE,0.34433574691838,0.360346,0.360347,0.360035,NA
"rs2956781",0.0107,0.00956969,0.000274452,-0.00254181,0.0115,0.00138067,0.00192915,0.00205325,-3e-04,0.0078,FALSE,0.461206417950876,0.517748,0.517748,0.517915,NA
"rs59227842",-0.0268,0.00258532,-0.0229843,-0.00223608,0.0129,0.00149577,0.00208999,0.00222409,-0.0274,0.0085,FALSE,0.731854755648585,0.688558,0.688597,0.688845,NA
"rs7124681",0.0235,-0.00414533,0.0257954,-0.00985632,0.0121,0.00140043,0.0019568,0.0020822,0.0121,0.0081,FALSE,0.378734186805266,0.408396,0.408423,0.408478,NA
"rs7107356",-0.0027,-0.00287769,0.0171238,-0.031716,0.0123,0.0013795,0.00192747,0.0020515,-0.0034,0.0079,FALSE,0.579392685313946,0.493263,0.493259,0.493286,NA
"rs10896636",-0.0303,-0.00308739,-0.00511367,0.0176634,0.0129,0.00145658,0.00203517,0.00216591,0.0076,0.0082,TRUE,0.710931030447136,0.655294,0.655222,0.655519,NA
"rs34292685",-0.0137,0.0042495,-0.0193086,0.00830971,0.0156,0.00186223,0.00260199,0.00277312,-2e-04,0.0108,FALSE,0.152255099612115,0.161876,0.161894,0.161563,NA
"rs2306363",-0.0153,-0.00351748,0.00137609,-0.0251987,0.0138,0.00169659,0.00237063,0.00252296,-0.0236,0.0115,FALSE,0.214539874689723,0.206843,0.206861,0.206926,NA
"rs2234458",0.0134,-0.00352546,-0.0189865,-0.00120309,0.0117,0.00142768,0.00199492,0.0021233,0.0024,0.0082,FALSE,0.604535600742093,0.639452,0.639363,0.639177,NA
"rs10160382",-0.0144,-0.00264781,0.00226014,-0.0150038,0.0123,0.00144749,0.00202251,0.00215342,-0.0094,0.0083,FALSE,0.692648734371141,0.653881,0.653874,0.653721,NA
"rs10160769",-0.0108,-0.00296359,-0.0151329,-0.00794496,0.0139,0.00168586,0.00235573,0.00250656,-0.011,0.0094,TRUE,0.208433421462029,0.216955,0.217001,0.217099,NA
"rs349071",0.0167,-0.00123493,-0.0137451,-0.000835522,0.0114,0.00137633,0.00192323,0.00204676,-0.0057,0.0078,FALSE,0.502260592154414,0.500508,0.500484,0.500862,NA
"rs2289125",-0.0156,0.00188272,0.00203262,-0.0150808,0.0129,0.00168652,0.00235642,0.00250785,-0.0086,0.0097,FALSE,0.300314844684989,0.213688,0.213707,0.213764,NA
"rs61903695",-0.0194,-0.00334912,-0.014945,0.00252996,0.0137,0.00157726,0.00220365,0.0023458,0.0147,0.0092,FALSE,0.783571259142772,0.74491,0.744835,0.744927,NA
"rs604723",-0.0275,-0.0012502,0.000942434,-0.043851,0.0124,0.00154759,0.00216245,0.00230144,-0.0203,0.0088,FALSE,0.342607343841064,0.275113,0.275103,0.275152,NA
"rs680071",-0.0201,-0.00126463,-0.0169141,-0.00579332,0.0179,0.00211814,0.00295936,0.00314886,0.0235,0.0127,FALSE,0.115337646148115,0.119312,0.119344,0.119383,NA
"rs3867466",0.0014,-0.00163193,0.00168097,-0.015666,0.013,0.00152954,0.00213736,0.00227571,-0.0012,0.0089,FALSE,0.751489812315515,0.719925,0.719964,0.720205,NA
"rs2155646",-0.0296,-0.0194943,0.00525688,0.0131169,0.012,0.00141021,0.00197015,0.00209631,-0.0112,0.0082,FALSE,0.456257328221642,0.611985,0.611891,0.612239,NA
"rs1245112",0.0235,0.0169425,-0.00681731,-0.0134755,0.012,0.00139393,0.00194783,0.00207268,-0.0014,0.0081,TRUE,0.558564717644378,0.414514,0.41455,0.414598,NA
"rs1048932",-0.0101,0.00034289,-0.016143,0.00489575,0.0114,0.00139402,0.0019478,0.00207338,-0.0124,0.008,FALSE,0.456261042179808,0.413193,0.413264,0.413249,NA
"rs17119370",0.0113,0.0018461,-0.00283769,0.0151885,0.0125,0.00149948,0.00209541,0.00223044,-8e-04,0.0085,TRUE,0.711048663762005,0.697878,0.697901,0.698143,NA
"rs10892501",-0.0064,-0.0020951,-0.0123428,-0.0048788,0.0117,0.00141631,0.00197886,0.00210592,-0.0045,0.0081,FALSE,0.619493845768431,0.607143,0.60711,0.607055,NA
"rs476636",-0.0178,-0.003264,0.00809748,0.0163532,0.0181,0.00195029,0.00272498,0.00290071,-0.012,0.0113,FALSE,0.891189082480617,0.854386,0.854348,0.854354,NA
"rs568599",0.01,0.00883147,-0.00436155,0.00448068,0.0113,0.00137738,0.00192466,0.00204799,0.0095,0.0077,TRUE,0.532509858792477,0.541875,0.541869,0.542007,NA
"rs4427576",-0.0203,0.000600147,-0.00042475,-0.0114535,0.0121,0.0013801,0.00192822,0.00205281,-0.0144,0.0079,TRUE,0.630835682684174,0.533708,0.533681,0.533116,NA
"rs11222084",-0.028,-0.00255638,-0.00277351,-0.0219744,0.0128,0.00142145,0.00198612,0.00211409,0.0114,0.0082,TRUE,0.713178107719434,0.630208,0.630213,0.630258,NA
"rs7944782",0.0041,-0.00198265,-0.0154735,0.0023096,0.0114,0.00138069,0.00192924,0.00205327,-5e-04,0.0079,FALSE,0.474980649087539,0.489918,0.48996,0.489826,NA
"rs2010921",0.0198,0.00955444,-0.00412016,-0.00455185,0.0134,0.00148446,0.00207419,0.00220716,-0.0051,0.0087,FALSE,0.252122412127913,0.315882,0.315806,0.315871,NA
"rs4936175",-0.0047,-0.0030988,-0.0127025,-7.51594e-05,0.0127,0.00138156,0.00193037,0.00205377,-0.0031,0.0079,FALSE,0.677244020141152,0.556864,0.556886,0.557107,NA
"rs12364470",-0.0052,0.00340544,-0.0196763,-0.00465852,0.0167,0.00185113,0.00258654,0.00275315,-6e-04,0.0105,FALSE,0.81725465777256,0.835212,0.835222,0.835286,NA
"rs55726687",0.0199,0.00180246,0.0249288,-0.00942464,0.0148,0.00168538,0.00235487,0.00250748,-0.0081,0.0098,FALSE,0.180485104654967,0.210083,0.210044,0.210052,NA
"rs76895963",-0.0579,-0.0154413,-0.0429128,0.0521444,0.0454,0.00531948,0.00743323,0.00792385,-0.0451,0.0341,FALSE,0.976112836918366,0.979278,0.979286,0.979317,NA
"rs4763297",-0.008,0.00151944,0.00359486,-0.0158257,0.0154,0.00139209,0.00194502,0.00207105,0.0014,0.0081,FALSE,0.56749703249315,0.566838,0.566846,0.566879,NA
"rs10505836",-0.0084,-0.00590874,-0.0184643,0.00862154,0.0147,0.00199753,0.00279097,0.00297349,-0.011,0.0112,FALSE,0.260453082367014,0.139548,0.139534,0.139454,NA
"rs60691990",0.0221,0.00108891,-0.00167702,0.0244057,0.0138,0.00145407,0.00203169,0.00216294,-0.0049,0.0084,FALSE,0.764808233673368,0.657333,0.657404,0.657679,NA
"rs10842240",0.0026,0.00796597,0.0219599,-0.00413632,0.0155,0.00214384,0.00299548,0.00318967,0.0141,0.0121,TRUE,0.282719866499531,0.116572,0.116572,0.116512,NA
"rs4963979",-3e-04,-0.00546008,-0.00358822,0.0162069,0.0128,0.00161914,0.00226217,0.00240869,-0.0092,0.0089,FALSE,0.361342840830391,0.236064,0.236029,0.23612,NA
"rs10771962",0.0025,-0.00197335,0.00206572,0.0121607,0.0131,0.00144493,0.00201884,0.00214987,0.0088,0.0082,FALSE,0.265933678235278,0.34922,0.349201,0.349307,NA
"rs1458156",-0.0021,0.00287865,0.0151943,-0.0053341,0.0113,0.00137484,0.00192087,0.00204502,0.0139,0.0078,FALSE,0.462789597089064,0.488269,0.488349,0.488412,NA
"rs7132908",-0.0107,-0.00236001,0.0293526,-0.00658744,0.0118,0.00141244,0.00197356,0.00210207,0.031,0.0081,FALSE,0.35855876309856,0.384623,0.384578,0.384445,NA
"rs7972842",0.023,0.0016534,0.0040847,-0.0202932,0.0129,0.00142051,0.00198442,0.002114,0.0169,0.0081,FALSE,0.710974028459457,0.628443,0.628353,0.628184,NA
"rs10876531",4e-04,0.000631732,-0.0020328,0.0236871,0.012,0.00152331,0.00212824,0.00226742,0.0148,0.0086,FALSE,0.605729849651415,0.710881,0.710857,0.711145,NA
"rs2292238",-0.0046,0.0030944,0.016157,0.00631639,0.0116,0.00139905,0.00195478,0.00208091,0.005,0.008,FALSE,0.612906128027892,0.592017,0.59203,0.5921,NA
"rs9669278",-0.0358,-0.00145662,0.00298623,-0.0153254,0.0122,0.00138305,0.00193247,0.00205815,-0.0076,0.0079,FALSE,0.396424689418603,0.48172,0.481705,0.481785,NA
"rs7969559",0.0218,0.00989636,0.0146075,0.00534464,0.0124,0.00153174,0.00214005,0.00227907,0.0082,0.0087,FALSE,0.294250995716742,0.279478,0.279504,0.279753,NA
"rs317656",-0.0212,-0.00970707,-0.0151836,-0.0059381,0.0124,0.00153951,0.00215085,0.00229049,-0.0086,0.0088,TRUE,0.707295965414102,0.724631,0.724606,0.724342,NA
"rs6539344",0.0206,0.00065046,-0.00381456,0.0147303,0.0121,0.00139337,0.00194672,0.0020741,0.0136,0.008,FALSE,0.64335032154306,0.570496,0.570442,0.570401,NA
"rs11115160",0.0078,-0.00340227,-0.0127384,-0.00151948,0.0136,0.00162201,0.0022662,0.00241294,-4e-04,0.0091,FALSE,0.219977588011012,0.237956,0.23799,0.237994,NA
"rs704061",-0.0336,-0.00618038,-0.0152705,0.0100814,0.0113,0.00137977,0.00192761,0.00205301,-0.012,0.0079,FALSE,0.555065785237554,0.54524,0.545225,0.545194,NA
"rs11105352",-0.0072,-0.000681339,0.00711418,-0.0484616,0.0147,0.00184344,0.00257523,0.00274309,-0.0027,0.0106,FALSE,0.202993657681118,0.169357,0.169372,0.169337,NA
"rs4294611",-0.0173,-0.0019529,0.0121611,0.00177023,0.0156,0.00140724,0.00196612,0.00209387,0.0099,0.008,FALSE,0.393254019941575,0.39559,0.395604,0.39531,NA
"rs7977812",-0.023,-0.00884088,0.00203446,-0.00857557,0.0127,0.0016003,0.00223601,0.00238063,0.0036,0.0092,FALSE,0.65290145475197,0.75496,0.754958,0.75514,NA
"rs4764949",0.0068,0.00273828,0.019241,-0.0029392,0.0119,0.00146818,0.00205136,0.00218467,-0.0103,0.0082,FALSE,0.575921414115879,0.674609,0.674645,0.674656,NA
"rs10861861",0.0233,0.00619201,0.0171231,0.000881034,0.0134,0.0016357,0.00228534,0.00243321,0.0026,0.0093,FALSE,0.771841901471022,0.771556,0.771547,0.771313,NA
"rs7137828",-0.0054,-0.00651493,0.00787872,-0.0321907,0.013,0.00137511,0.00192131,0.00204643,-0.0413,0.008,FALSE,0.536658898566349,0.515873,0.515973,0.51607,NA
"rs11525583",0.1401,0.00135262,0.00408424,-0.0141467,0.0225,0.00546425,0.00763854,0.00813583,-0.0153,0.033,FALSE,0.175194781270904,0.016358,0.016343,0.016336,NA
"rs35427",2e-04,-0.00115176,0.00245409,0.027522,0.0121,0.00144616,0.00202052,0.00215128,0.021,0.0082,FALSE,0.653815448126112,0.616997,0.61701,0.616855,NA
"rs1109480",-0.0402,-0.00885015,-0.00323313,0.0052691,0.0121,0.00142045,0.00198431,0.00211326,9e-04,0.0081,FALSE,0.337718466547455,0.388883,0.388906,0.389102,NA
"rs1169078",0.0358,0.00457078,0.0093607,-0.0129566,0.0134,0.00148343,0.00207253,0.00220822,0.01,0.0084,TRUE,0.610117481719326,0.687657,0.687653,0.687904,NA
"rs147730268",-0.0263,-0.00398282,-0.0370716,0.00554461,0.0231,0.00248925,0.00347759,0.00370506,-0.0197,0.0151,FALSE,0.0872637662119059,0.087439,0.087465,0.087389,NA
"rs77927866",0.0169,0.00106395,0.0131447,-0.000852268,0.0128,0.00149139,0.00208356,0.00221792,0.0051,0.0085,FALSE,0.272954890164807,0.312249,0.312302,0.312432,NA
"rs9579775",-0.0456,0.000890896,-0.020479,-0.00512764,0.0201,0.00208621,0.00291957,0.00311116,0.0052,0.0134,FALSE,0.875300397939505,0.864452,0.864449,0.864381,NA
"rs606950",-0.0083,-0.00158601,-0.000843838,0.018858,0.0123,0.00142031,0.00198725,0.00211935,0.0074,0.0081,FALSE,0.666413314051046,0.61519,0.615083,0.615355,NA
"rs2249825",9e-04,-0.0070895,-0.0160991,-0.00336598,0.0132,0.00155448,0.00217523,0.0023179,0.0082,0.0088,TRUE,0.246222407475576,0.267165,0.267143,0.267167,NA
"rs12323184",-2e-04,-0.00180488,-0.0169598,-0.0022439,0.0122,0.00142433,0.00199348,0.00212478,-0.0192,0.0082,TRUE,0.326603895080932,0.370113,0.370146,0.370266,NA
"rs9576071",0.0259,0.0074896,0.00147552,-0.00142392,0.0117,0.00137471,0.00192366,0.00205091,1e-04,0.0078,FALSE,0.433587306965083,0.503224,0.503272,0.503386,NA
"rs1336486",-0.0032,-0.00175163,-0.014685,0.00714918,0.0117,0.00146413,0.00204917,0.00218406,-0.0224,0.0084,FALSE,0.611088335246587,0.671238,0.671272,0.671095,NA
"rs78838977",0.0234,-0.00284845,-0.00143281,0.0257816,0.0243,0.00267953,0.00374976,0.00399589,0.0431,0.0157,FALSE,0.922043024230689,0.927622,0.92762,0.927535,NA
"rs41284828",0.0037,9.0855e-05,-0.0337948,0.0029364,0.0334,0.00406932,0.00569401,0.00606853,-0.0113,0.0211,FALSE,0.0400015080286864,0.031088,0.0311,0.031095,NA
"rs4477562",-0.0129,-0.00204282,0.029633,-0.00406877,0.0158,0.00206937,0.00289581,0.003086,0.0415,0.0116,FALSE,0.155739423170152,0.128613,0.128631,0.128618,NA
"rs1807797",0.0071,0.0023526,-0.00333419,-0.0126819,0.0119,0.00141548,0.00198084,0.00211209,0.0044,0.008,FALSE,0.348142284199732,0.391171,0.391177,0.391192,NA
"rs1304070",-0.0221,0.00444107,0.0142185,-0.00209979,0.014,0.00161249,0.00225649,0.00240541,0.0041,0.009,FALSE,0.793375242102354,0.761311,0.761303,0.761364,NA
"rs9571687",0.0239,0.00144368,-0.0126929,0.00765802,0.0122,0.00146453,0.00204942,0.00218389,-8e-04,0.0085,FALSE,0.320090238755105,0.329178,0.329168,0.329278,NA
"rs8002127",-0.0416,-0.000994172,-0.00164331,-0.0277756,0.0293,0.00310749,0.00434811,0.00463742,0.0222,0.0176,FALSE,0.948539704677986,0.9477131,0.947707,0.9477609,NA
"rs1441264",0.0156,-0.000118097,0.0189714,-0.00186378,0.0116,0.00143045,0.00200178,0.00213382,-0.0074,0.0081,FALSE,0.591673402821848,0.593287,0.593256,0.593254,NA
"rs7996639",0.007,-0.00136079,0.0147807,-0.0113661,0.0114,0.00139223,0.00194832,0.00207719,0.0083,0.0079,FALSE,0.467944670568513,0.448686,0.448634,0.448829,NA
"rs7333559",-0.0246,-0.00990921,-0.00995138,-0.00272805,0.0139,0.00169446,0.00237126,0.00252751,-0.0099,0.0097,FALSE,0.786062424850046,0.788636,0.788621,0.788666,NA
"rs9888533",0.0181,0.00211525,0.012773,0.00202047,0.0117,0.00140141,0.00196135,0.0020905,-0.002,0.0083,FALSE,0.490829407970617,0.538347,0.538351,0.538365,NA
"rs2528787",-0.0192,0.00219924,-0.015846,0.000435918,0.0123,0.00143054,0.00200199,0.0021336,-0.0123,0.0083,FALSE,0.314636076566689,0.373645,0.373637,0.37362,NA
"rs55804996",-0.0104,-0.00216129,-0.00127084,-0.0184876,0.0128,0.00158029,0.0022114,0.0023575,-0.0119,0.009,FALSE,0.729483747391948,0.744936,0.744931,0.745144,NA
"rs9590403",-3e-04,0.000556872,-0.00232164,0.0229276,0.0136,0.00162172,0.00226956,0.00241907,0.02,0.0093,FALSE,0.219226291541577,0.234278,0.234262,0.234287,NA
"rs12050260",0.0126,0.00280389,-0.00700545,0.01482,0.0117,0.00145332,0.00203362,0.00216803,-0.0075,0.0084,FALSE,0.400712037581654,0.35184,0.351843,0.351679,NA
"rs12879423",-0.0053,0.000894398,-0.0218435,0.00197508,0.0123,0.00148231,0.00207395,0.00221101,0.0057,0.0084,FALSE,0.309011146499026,0.320844,0.320944,0.320926,NA
"rs12886628",-0.016,0.00841262,-0.0012073,-0.00479526,0.0119,0.00145711,0.00203872,0.00217396,-0.0078,0.0082,TRUE,0.563835422721938,0.66317,0.663143,0.663043,NA
"rs8904",0.0115,-7.6117e-05,-0.000157727,0.015301,0.0118,0.00142767,0.00199769,0.00213025,-0.013,0.0082,FALSE,0.351842275984842,0.362859,0.362882,0.362832,NA
"rs67272968",0.0233,0.00145499,0.0160161,0.000881531,0.0133,0.00176174,0.00246517,0.0026276,0.0126,0.0115,FALSE,0.74308583280735,0.81124,0.811224,0.811169,NA
"rs35697587",-0.0197,-0.00553443,-0.0170097,-0.00312417,0.0116,0.00137511,0.00192421,0.0020518,-0.0185,0.0079,FALSE,0.470794439120628,0.508436,0.508498,0.508469,NA
"rs12887631",-0.0081,0.00249091,0.00592642,-0.019301,0.0126,0.00152245,0.00213003,0.00227137,5e-04,0.0087,TRUE,0.277235102541812,0.286944,0.287017,0.286659,NA
"rs217669",-0.0148,0.000240629,-0.0177008,-0.00558887,0.0126,0.00154613,0.00216324,0.00230622,-0.0142,0.0089,FALSE,0.709508431648851,0.72826,0.728269,0.728433,NA
"rs3825568",0.0043,0.00292782,0.00199966,-0.0145088,0.0115,0.00137939,0.00193009,0.00205703,-0.0122,0.0079,FALSE,0.525218376850494,0.462477,0.462492,0.4625,NA
"rs3902951",-0.0205,-0.00276357,-0.0140233,0.000347191,0.0145,0.00163301,0.00228501,0.00243489,-0.026,0.009,FALSE,0.63029204835183,0.762746,0.7627,0.762741,NA
"rs76891117",0.0327,-0.0022294,-0.00271702,-0.0218673,0.0185,0.0022682,0.00317368,0.00338164,-0.0203,0.0133,FALSE,0.894257745214585,0.897782,0.897771,0.897754,NA
"rs7155595",-0.0299,-0.00811012,-0.000201113,-0.0011017,0.0131,0.00147206,0.0020597,0.0021956,-0.0042,0.0084,FALSE,0.741395882261879,0.674175,0.674141,0.674303,NA
"rs10145154",-0.0321,-0.00415352,0.0276238,0.000980341,0.0153,0.0016566,0.00231813,0.00247294,0.0204,0.0094,FALSE,0.228048630104561,0.222042,0.221974,0.221748,NA
"rs4899753",-0.0375,-0.0134089,0.000463257,0.000485871,0.0231,0.00242034,0.00338747,0.00360788,0.0037,0.0138,FALSE,0.064095591937551,0.0900659,0.090037,0.0901995,NA
"rs1286058",0.0093,-0.00192077,0.014859,-0.0070647,0.0136,0.00150558,0.0021071,0.00224658,-0.0047,0.0086,TRUE,0.769919989423443,0.703707,0.703761,0.703778,NA
"rs6575340",0.0284,0.00459617,0.0206865,0.00200974,0.0122,0.00143156,0.00200317,0.00213533,0.0047,0.0081,FALSE,0.518723322934223,0.636072,0.636098,0.63626,NA
"rs12431811",4e-04,-3.88336e-05,0.00242576,-0.0117447,0.013,0.00141188,0.00197573,0.00210579,0.0024,0.008,FALSE,0.569065423029063,0.431343,0.431344,0.431406,NA
"rs10147464",-0.0187,-0.00663429,-0.001071,-0.016063,0.0127,0.00141654,0.00198203,0.0021128,-0.0113,0.008,TRUE,0.701409613540447,0.618809,0.618779,0.618837,NA
"rs1381274",0.0166,0.00806814,0.00216978,0.00765351,0.0113,0.00137609,0.00192556,0.00205234,0.0071,0.0078,FALSE,0.49211643155129,0.463196,0.463223,0.463143,NA
"rs3803286",-0.0139,0.00535297,0.0192862,-0.00355354,0.0118,0.00145637,0.00203813,0.00217175,0.0245,0.0082,FALSE,0.367300492038334,0.333116,0.333072,0.333103,NA
"rs12433109",0.0283,0.00852325,0.0104989,0.000958387,0.0116,0.00140891,0.00197131,0.00210174,0.0173,0.008,FALSE,0.386156249002301,0.399357,0.399334,0.399377,NA
"rs4284600",-0.0043,-0.00150122,-0.0112032,-0.00208495,0.0126,0.00138467,0.00193805,0.00206332,-0.0109,0.0079,FALSE,0.409876925871032,0.533218,0.533192,0.532941,NA
"rs8024137",-0.0053,-0.00445551,-0.015542,0.00245888,0.0194,0.00192158,0.00268965,0.00286661,-0.0152,0.0112,TRUE,0.127651327509261,0.15198,0.151977,0.151682,NA
"rs3736290",-0.0153,0.00160694,-0.000459205,0.0181405,0.0129,0.00138536,0.0019391,0.00206495,-0.0068,0.0078,FALSE,0.521340936727329,0.530477,0.530426,0.530598,NA
"rs28866311",-0.004,0.00349233,-0.00447262,-0.0175038,0.0116,0.00137753,0.00192808,0.00205343,-0.0013,0.0079,FALSE,0.589389277483205,0.523415,0.523393,0.523166,NA
"rs7162533",-0.0061,-8.90295e-05,-0.0145663,0.00451224,0.0117,0.00138854,0.00194382,0.00207049,0.0048,0.0079,FALSE,0.624396715883473,0.566552,0.566521,0.566403,NA
"rs12910916",0.041,0.0140385,-0.00427436,0.00307392,0.0153,0.00168301,0.00235583,0.00250888,-0.0046,0.0096,FALSE,0.16659300827864,0.211967,0.211993,0.212245,NA
"rs4775896",-0.0072,-0.00444805,-0.000738381,0.0151976,0.0113,0.00137406,0.00192331,0.00204882,0.004,0.0078,FALSE,0.486524390876315,0.488193,0.488213,0.488285,NA
"rs117632017",-0.0582,-0.000244957,0.0362607,-0.0165236,0.0382,0.00369177,0.00516702,0.00550133,-0.0066,0.0272,FALSE,0.0308856145863553,0.038287,0.038296,0.03834,NA
"rs340025",-0.0217,-0.0016689,-0.012542,-0.00635502,0.0122,0.00139692,0.00195518,0.00208233,0.0027,0.008,FALSE,0.3338398704943,0.420028,0.420018,0.420188,NA
"rs2652813",0.0109,0.00107788,-0.00235427,-0.0159308,0.0135,0.00163469,0.00228833,0.00243766,0.0066,0.0091,FALSE,0.775716809967283,0.76816,0.768216,0.768372,NA
"rs3784710",-0.0149,0.00534788,0.0297996,-0.00678181,0.0133,0.00164155,0.00229758,0.00244774,0.015,0.0095,FALSE,0.68260459647389,0.773771,0.773755,0.773921,NA
"rs149453951",-0.0513,-0.00661908,-0.0117899,-0.0652453,0.0451,0.00467475,0.00654046,0.00694927,-0.0289,0.0321,FALSE,0.0226229200319111,0.023818,0.023842,0.023945,NA
"rs35364449",0.0096,0.002875,0.0227713,-0.00461973,0.0199,0.00220804,0.00309062,0.00329253,-0.0021,0.0125,FALSE,0.11998470811322,0.110111,0.110125,0.110007,NA
"rs11636952",0.0111,0.00528432,-0.00612282,0.0298677,0.012,0.00149367,0.0020909,0.00222553,0.0063,0.0085,FALSE,0.414881310498959,0.307826,0.307847,0.307833,NA
"rs9788721",-0.1548,0.00403596,0.00246948,-0.000602767,0.012,0.00145097,0.00203099,0.00216336,-0.0306,0.0082,FALSE,0.660708799161043,0.659468,0.659434,0.65975,NA
"rs2870111",-0.0123,-0.00179322,-0.0158475,8.08671e-05,0.0114,0.00140181,0.00196201,0.00208978,-0.0082,0.008,FALSE,0.445956880681416,0.41204,0.41208,0.411922,NA
"rs2062316",-0.0174,-0.00596353,-0.0119055,-0.0209177,0.0126,0.00138495,0.0019387,0.00206369,-0.026,0.0078,FALSE,0.663983237423475,0.55596,0.55591,0.555602,NA
"rs62020775",0.0113,0.00175557,-0.0161787,-0.00295719,0.0159,0.00198835,0.00278277,0.00296238,-0.002,0.0117,TRUE,0.153489083348102,0.141659,0.141686,0.141803,NA
"rs2521501",0.0039,0.00687816,0.00355072,-0.0359709,0.0133,0.0014821,0.00207449,0.00220897,-0.016,0.0085,TRUE,0.743722986898643,0.677879,0.677841,0.677911,NA
"rs8025516",0.0031,0.00575377,0.0154438,-0.00447105,0.0118,0.0014408,0.00201663,0.00214793,0.0098,0.0081,FALSE,0.35715468350519,0.354273,0.354307,0.354273,NA
"rs2246754",0.0041,0.000972821,-0.00422296,0.0140009,0.0136,0.00169047,0.002366,0.00251946,0.0113,0.0097,FALSE,0.229387382686597,0.211476,0.211489,0.211489,NA
"rs2017500",0.0145,0.00897314,0.00573209,0.00596764,0.0113,0.00138178,0.00193421,0.00206028,0.0017,0.0079,FALSE,0.514174418507798,0.512915,0.512895,0.512868,NA
"rs7201895",0.0073,-0.000308196,-0.0150043,-0.00406746,0.0124,0.00144576,0.00201818,0.00215377,-0.0069,0.0083,FALSE,0.304255112028606,0.354252,0.354259,0.354762,NA
"rs11861214",-0.0168,-0.0110709,-0.00602226,0.00464005,0.0129,0.00167005,0.00233129,0.00248946,0.0206,0.0092,FALSE,0.368193952907774,0.216339,0.216329,0.216279,NA
"rs2238435",-0.0126,-0.00515911,-0.023065,-0.00339389,0.0117,0.00141551,0.00197581,0.00210938,-0.0064,0.0081,TRUE,0.465365080698737,0.385821,0.385838,0.385862,NA
"rs11076856",-0.004,-0.00154543,0.0135133,-0.0186698,0.0116,0.00139331,0.00194508,0.0020765,-0.0069,0.0079,FALSE,0.39847623108447,0.428181,0.428119,0.428047,NA
"rs7194617",0.0051,0.000390735,0.00527679,-0.0130922,0.0127,0.00140885,0.00196682,0.00210009,0.0199,0.0081,TRUE,0.7011399875372,0.600483,0.600518,0.600293,NA
"rs34936342",-0.0111,-0.000284226,-0.0138875,-0.000833021,0.0176,0.00180226,0.00251615,0.0026864,0.0107,0.0109,FALSE,0.162547369464337,0.181032,0.180993,0.18086,NA
"rs77924615",-0.0207,0.00106036,0.012532,-0.026769,0.014,0.00174463,0.0024354,0.00259991,-0.0175,0.0101,FALSE,0.207948893479494,0.19696,0.196934,0.196936,NA
"rs9646259",-0.0233,-0.00855011,0.00682981,-0.000641924,0.0122,0.00151177,0.00210997,0.0022528,0.0018,0.0087,FALSE,0.324588239455581,0.294858,0.29493,0.294844,NA
"rs7498665",-0.0045,0.000404152,-0.0261824,-0.000201467,0.0122,0.00140574,0.00196224,0.00209494,-0.0131,0.008,FALSE,0.662522172207396,0.599749,0.599795,0.599601,NA
"rs3814883",0.0273,0.00159125,0.0237592,0.00685136,0.0117,0.00138089,0.00192754,0.00205773,0.0164,0.008,FALSE,0.452248988418404,0.482775,0.482776,0.482743,NA
"rs7404754",-7e-04,0.0013413,-0.0055278,-0.0126829,0.0117,0.00139242,0.00194376,0.00207617,0.0017,0.008,FALSE,0.624913797216909,0.571526,0.571518,0.57173,NA
"rs752894",-0.0265,-0.0082017,-0.00182782,0.00227379,0.0118,0.0014705,0.00205256,0.00219124,-0.016,0.0083,FALSE,0.58110844894303,0.675834,0.67577,0.676029,NA
"rs1421085",0.0048,-0.00378521,-0.0753411,0.000275161,0.0119,0.00140082,0.00195558,0.00208768,-0.0409,0.008,FALSE,0.646866474022684,0.596627,0.596652,0.596404,NA
"rs2060664",-0.011,-0.0019955,8.83635e-06,0.0191564,0.014,0.00158376,0.00221066,0.00235954,-0.0058,0.009,FALSE,0.794465417212894,0.749271,0.749207,0.749039,NA
"rs2962466",-0.0077,-0.000536914,-0.012108,0.00326624,0.013,0.0014291,0.00199507,0.00212969,-0.0088,0.0082,TRUE,0.713463926344427,0.634749,0.634724,0.634707,NA
"rs146550789",0.0296,-0.000204162,0.0103714,-0.0316689,0.0308,0.00348965,0.00487185,0.0052006,-0.0327,0.019,FALSE,0.953617442619094,0.959343,0.959353,0.959354,NA
"rs862320",-0.04,-0.00549625,-0.0229755,-0.00164208,0.0122,0.00140007,0.00195438,0.002086,-0.0265,0.0079,FALSE,0.342059468248668,0.409769,0.409857,0.409696,NA
"rs77870048",-0.0408,-0.012887,0.0141804,0.0530683,0.0284,0.00308419,0.00430503,0.00460239,-0.0351,0.0185,FALSE,0.0541732155184375,0.05248,0.0524790000000001,0.052304,NA
"rs3748387",-0.0174,-0.0095202,-0.00533442,0.0106958,0.0123,0.00143815,0.00200768,0.00214163,-0.0136,0.0084,FALSE,0.541218835692762,0.64867,0.648717,0.648498,NA
"rs12935589",-0.0094,-0.00222938,-0.0202618,-0.00488893,0.0166,0.00203192,0.00283556,0.00302743,9e-04,0.0114,FALSE,0.138673286393286,0.133119,0.133207,0.133096,NA
"rs4888444",0.0286,0.0186932,0.0132512,-0.0090259,0.0337,0.00325818,0.00454964,0.00485485,-0.0051,0.0206,FALSE,0.962117542494263,0.953438,0.953466,0.953412,NA
"rs9673839",0.0186,0.000120811,-0.0118516,0.00068966,0.0114,0.00138183,0.00192884,0.00205885,-0.0052,0.0079,FALSE,0.544862534314009,0.509069,0.509056,0.509071,NA
"rs2549732",-0.0103,7.94502e-05,0.00384142,-0.03126,0.0249,0.00269209,0.00375757,0.00401195,-0.0212,0.0164,FALSE,0.0536238810430638,0.07043,0.070452,0.070431,NA
"rs11150461",6e-04,0.000145244,0.0150547,-8.03524e-05,0.0126,0.00155017,0.00216401,0.00231063,0.0092,0.0088,TRUE,0.292265333674721,0.27235,0.27227,0.272095,NA
"rs1050847",-0.0144,-0.00755154,0.0015004,0.000695035,0.013,0.00139648,0.00194941,0.00208065,-0.0101,0.008,FALSE,0.558662085686891,0.575102,0.575085,0.575048,NA
"rs72817412",0.0145,-0.00415139,-0.0256312,-0.00707579,0.0291,0.00326263,0.00455335,0.00486042,0.0173,0.0187,FALSE,0.05318779908528,0.048118,0.048141,0.048163,NA
"rs4790292",-0.0336,-0.00286275,-0.0258933,-0.00424106,0.0159,0.00191184,0.00267562,0.00284761,-0.0141,0.0113,FALSE,0.147650740903839,0.153898,0.153833,0.153735,NA
"rs4480845",-0.0167,-0.00733926,0.00352041,0.0222996,0.0121,0.00144392,0.00202058,0.00215107,-0.0191,0.0082,FALSE,0.46081913833175,0.358606,0.358582,0.358766,NA
"rs4790874",0.0066,0.00863077,0.00100018,-0.0171447,0.0117,0.0013833,0.00193573,0.00206013,0.0166,0.0079,FALSE,0.45201576739233,0.53037,0.530402,0.530313,NA
"rs11078713",0.0074,0.00785479,-0.00756375,-0.0065505,0.0128,0.00139558,0.0019527,0.00207772,0.0106,0.0092,FALSE,0.413533299096917,0.581581,0.58154,0.581678,NA
"rs11653623",0.0059,-0.00566807,-0.0081264,-0.013061,0.0147,0.00159175,0.00222743,0.00236931,0.0081,0.0091,TRUE,0.188850117547658,0.252682,0.252616,0.252653,NA
"rs3935505",-0.0012,0.000586384,0.0054512,-0.01541,0.0135,0.00161555,0.00226031,0.00240629,-0.0168,0.0092,FALSE,0.586973328208645,0.761776,0.761753,0.761842,NA
"rs166840",0.0296,3.92086e-05,-0.00511746,0.0125531,0.0123,0.00140782,0.00196987,0.00209643,9e-04,0.0081,FALSE,0.347073196544889,0.411503,0.411474,0.411439,NA
"rs1320251",-0.0014,0.000517392,-0.0182073,0.0019893,0.0115,0.00138493,0.00193799,0.00206236,-0.0149,0.008,FALSE,0.516687005829664,0.454538,0.454489,0.454734,NA
"rs4794923",-0.0117,-0.00623435,0.00371194,-0.0119541,0.0125,0.00141872,0.00198525,0.00211252,0.0047,0.0081,FALSE,0.500321954872219,0.622829,0.622851,0.622526,NA
"rs2306593",-0.0173,-0.00344758,-0.0162008,-0.00549356,0.0113,0.00137766,0.00192759,0.00205231,-0.0127,0.0079,FALSE,0.512532693306582,0.488247,0.488201,0.48823,NA
"rs7219230",0.0234,0.00169644,0.0140179,-0.0043081,0.0124,0.00147646,0.002066,0.00219954,0.0054,0.0084,FALSE,0.423073158190372,0.318921,0.318931,0.318556,NA
"rs17608766",-0.0044,0.00227825,0.00511456,-0.0415299,0.0178,0.00194826,0.00272606,0.00290212,-0.0419,0.0113,FALSE,0.844896305245744,0.854617,0.854624,0.854748,NA
"rs11079849",-0.0272,-0.00248639,-0.0210387,-0.00974034,0.0137,0.00146668,0.00205215,0.00218392,-0.033,0.0085,FALSE,0.241865588932211,0.328537,0.328516,0.328642,NA
"rs1825733",-0.0258,-0.0113668,-0.00328889,0.00122779,0.0182,0.00191613,0.00268161,0.0028554,-0.0093,0.011,FALSE,0.150956402955345,0.155826,0.155817,0.155603,NA
"rs2286526",-0.0157,-0.000208829,0.00127928,0.0210422,0.0125,0.00154003,0.00215471,0.00229266,0.0023,0.0088,FALSE,0.617101622908717,0.71865,0.718597,0.71845,NA
"rs12386061",-0.0017,-0.000782601,0.00327091,0.0135195,0.0118,0.00139334,0.00194961,0.00207454,0.0163,0.008,TRUE,0.376158606845815,0.423796,0.423841,0.4238,NA
"rs6504213",-0.0047,-0.000482577,0.00211711,-0.0204276,0.0118,0.0014016,0.00196132,0.00208689,0.0013,0.0096,FALSE,0.387579870731998,0.408078,0.408082,0.408383,NA
"rs7218014",-0.0123,-0.0040596,-0.0188576,0.012036,0.0135,0.00173045,0.0024212,0.00257838,-0.0132,0.0099,FALSE,0.663049047419947,0.802858,0.802875,0.802962,NA
"rs1436138",0.0288,-0.00186843,-0.00315937,0.0168912,0.0117,0.0014373,0.00201125,0.00213981,0.0119,0.0082,FALSE,0.616872987650358,0.63956,0.639654,0.639568,NA
"rs62075585",-0.0073,0.00156485,-0.00848355,-0.0156815,0.0114,0.00137708,0.00192679,0.00205087,-0.0314,0.0078,FALSE,0.506600831016051,0.526848,0.526841,0.526837,NA
"rs11150745",0.0114,0.000667279,0.0209819,0.00310069,0.0122,0.00147805,0.00206819,0.00220162,0.0255,0.0085,FALSE,0.685046616355483,0.68206,0.68201,0.682149,NA
"rs4797080",0.0109,-0.00891878,0.000754809,0.00274603,0.013,0.00155826,0.00218093,0.0023246,0.0049,0.0088,FALSE,0.746448507163463,0.735881,0.735952,0.736031,NA
"rs66563455",-0.0185,-0.00370455,-0.00206129,0.0226761,0.0143,0.00179539,0.00251201,0.00267752,0.0253,0.0104,FALSE,0.792256871700857,0.819314,0.819314,0.819358,NA
"rs9955276",0.0475,0.0069329,0.0207338,0.00227692,0.0178,0.00196409,0.00274889,0.00293067,0.0072,0.011,FALSE,0.113643655858086,0.144452,0.144379,0.144447,NA
"rs512121",-0.0164,-0.00318812,0.0145389,-0.000680152,0.014,0.00175406,0.00245454,0.0026161,0.0019,0.01,FALSE,0.693883980681299,0.808638,0.808634,0.808396,NA
"rs1788808",0.0196,-0.00116552,0.0204963,0.00317945,0.0142,0.00137776,0.00192804,0.00205464,0.0364,0.0079,FALSE,0.366268913697922,0.504991,0.504964,0.504851,NA
"rs62082230",0.0152,-0.0010834,0.00636762,-0.0126227,0.0128,0.00154734,0.00216529,0.002308,0.0117,0.009,TRUE,0.271965319316449,0.280962,0.280948,0.280934,NA
"rs11082094",-0.0116,-0.00436511,0.0138852,0.00372397,0.0131,0.00158093,0.0022123,0.00235957,0.0203,0.009,FALSE,0.247510791035977,0.25529,0.255342,0.255352,NA
"rs559231",0.0097,0.000486906,0.014086,-0.0072716,0.0116,0.00141338,0.00197769,0.00210813,0.011,0.008,FALSE,0.458333998230122,0.392682,0.392677,0.392932,NA
"rs1834144",-0.0124,-0.00201408,-0.0142834,0.00794538,0.0116,0.00142469,0.0019935,0.00212602,-0.024,0.0081,FALSE,0.44908937878784,0.373351,0.373306,0.37338,NA
"rs9945184",-0.02,0.000635401,0.000777626,0.0191487,0.012,0.00146773,0.00205368,0.00218956,-0.0028,0.0083,FALSE,0.657005524043572,0.672051,0.671982,0.672042,NA
"rs7236548",-0.0126,-0.00231813,-0.00262493,0.0220061,0.0136,0.0017808,0.00249192,0.00265701,-0.0125,0.0101,FALSE,0.227242653233877,0.184183,0.18419,0.184063,NA
"rs12970816",0.022,0.00866383,-9.15906e-05,-0.00456209,0.0116,0.00140879,0.00197127,0.00210093,-0.01,0.008,FALSE,0.398397529660895,0.395065,0.395118,0.395073,NA
"rs9964756",-0.0215,-0.00114718,-0.0170079,0.00456529,0.0173,0.00220888,0.00309095,0.00329324,-0.0364,0.013,FALSE,0.120896245825602,0.108541,0.108514,0.108641,NA
"rs1657880",-0.0055,-0.000118936,0.00583334,-0.0209382,0.0207,0.00229082,0.00320478,0.00341811,-0.0034,0.0122,FALSE,0.0817530169967257,0.101708,0.101746,0.10166,NA
"rs17733784",0.0042,0.00887359,0.00257425,0.0022509,0.0116,0.00142524,0.00199422,0.00212749,0.0018,0.0081,FALSE,0.556201240488702,0.623491,0.623558,0.623647,NA
"rs10048404",-0.0064,0.00296145,-0.00115961,-0.0154137,0.0121,0.00142451,0.0019934,0.00212467,-0.0105,0.0083,FALSE,0.324613437826995,0.367088,0.36705,0.367181,NA
"rs506784",0.0257,0.000353619,0.00397246,0.0132203,0.012,0.00146278,0.0020469,0.00218146,0.0081,0.0084,FALSE,0.332202693885419,0.331889,0.331784,0.331959,NA
"rs6567160",-0.0139,-0.00249907,-0.0542686,0.0142477,0.0137,0.00162685,0.0022763,0.0024271,-0.0324,0.0093,FALSE,0.781657067018354,0.767393,0.767382,0.767534,NA
"rs8089514",0.0089,0.00146362,0.013197,-0.00245276,0.0127,0.00144097,0.00201631,0.00214953,0.0042,0.0083,TRUE,0.293314097787376,0.368554,0.368581,0.368404,NA
"rs1898165",-0.002,-0.00274901,-4.21234e-05,-0.0131139,0.0114,0.00138165,0.0019332,0.0020607,-0.009,0.0078,FALSE,0.551144518174719,0.524781,0.524779,0.524875,NA
"rs71367545",0.045,0.0105114,0.00617996,-0.00187737,0.0143,0.00169106,0.00236616,0.00252387,-0.0103,0.0098,FALSE,0.192159127745881,0.209637,0.209658,0.209385,NA
"rs72976986",-0.0231,5.78783e-06,-0.0220969,-0.00833064,0.0169,0.00176939,0.00247738,0.00263699,-0.0162,0.0106,FALSE,0.180720134336578,0.190007,0.189988,0.190136,NA
"rs76608582",-0.078,-0.0239677,-0.0197229,-0.00824677,0.0306,0.00340862,0.00477287,0.00507385,-0.0075,0.0208,FALSE,0.0507841177805397,0.047099,0.047088,0.047172,NA
"rs10409243",0.0079,0.00199851,0.00325759,-0.0181331,0.0119,0.00142208,0.0019909,0.00211908,0.0037,0.0081,FALSE,0.475512469022448,0.601724,0.601742,0.601658,NA
"rs167479",0.0023,-0.0016617,-0.00207234,-0.0343074,0.0114,0.00137701,0.00192773,0.00205203,-0.0103,0.009,FALSE,0.468408419414487,0.472136,0.472171,0.472246,NA
"rs8112818",0.0263,0.00265646,0.0201737,0.00120741,0.0155,0.00140671,0.00196928,0.00209627,0.0273,0.0081,FALSE,0.598720971997906,0.599608,0.599614,0.599576,NA
"rs113701136",0.0195,0.000394184,0.0211416,0.00665632,0.0124,0.00148252,0.0020757,0.00220952,0.0057,0.0085,FALSE,0.298180534190203,0.319288,0.319261,0.319236,NA
"rs2032905",-0.0064,-0.00106672,0.00379355,0.0181055,0.0115,0.00140487,0.0019667,0.00209324,-0.008,0.008,FALSE,0.481830849475627,0.406365,0.406349,0.406501,NA
"rs33842",-0.0024,-7.55467e-05,0.00631621,-0.0127926,0.0114,0.00140668,0.00196923,0.00209636,-0.0029,0.008,FALSE,0.434555249835627,0.427005,0.427052,0.427054,NA
"rs256741",-0.0095,0.00131478,-0.00505767,0.0115684,0.0119,0.00140378,0.00196531,0.00209277,0.0068,0.0079,FALSE,0.35862916945159,0.401115,0.401141,0.401176,NA
"rs7412",0.0651,-0.000560684,0.0196467,-0.035644,0.0229,0.00253207,0.00354452,0.00377336,-0.0051,0.0154,FALSE,0.0641953473350801,0.080247,0.080269,0.080267,NA
"rs10423928",0.0018,0.00209148,-0.034031,0.0155344,0.0138,0.00173451,0.00242863,0.00258514,-0.0246,0.0096,TRUE,0.215573898354844,0.194365,0.194362,0.194357,NA
"rs1884389",-0.0224,-0.00102152,-0.0107362,0.00163027,0.0115,0.00139049,0.00194767,0.00207327,-0.0061,0.0079,FALSE,0.496876192976791,0.438295,0.438292,0.438152,NA
"rs1884897",-0.0333,-0.00126942,-0.0208349,-0.000510436,0.0128,0.00142709,0.00199887,0.00212861,0.0081,0.0082,FALSE,0.287939380796014,0.372589,0.372547,0.372441,NA
"rs1887320",-0.004,0.000107803,-0.00265798,0.0254575,0.0113,0.0013797,0.00193287,0.00205692,0.0093,0.0079,FALSE,0.470262167048779,0.47543,0.475444,0.475455,NA
"rs16996657",0.0062,-0.00109202,-0.0184519,-0.00102977,0.018,0.00206416,0.0028911,0.00307844,-6e-04,0.0115,FALSE,0.846930849069103,0.872092,0.872072,0.87222,NA
"rs3790286",-0.0235,-0.0083375,-0.000962542,0.00146773,0.0113,0.00138701,0.00194287,0.00206799,-0.0017,0.0079,FALSE,0.491518256942701,0.456986,0.456982,0.457044,NA
"rs45565536",-0.0641,-0.0174942,-0.0315723,-0.00541455,0.0359,0.00364882,0.00511188,0.00543717,-0.0488,0.0241,FALSE,0.0333107954533326,0.0367459999999999,0.036736,0.036791,NA
"rs6058088",-0.0173,-0.00737979,0.00755134,0.0151019,0.0215,0.00194374,0.00272274,0.00289777,0.0266,0.0107,FALSE,0.849640927105044,0.849256,0.849246,0.849225,NA
"rs6119897",0.0301,0.0103431,0.00388787,0.00760854,0.0133,0.00161441,0.00226169,0.00240678,0.0238,0.0088,FALSE,0.415505116753502,0.238567,0.238493,0.238474,NA
"rs6141766",0.0035,-0.00346635,-0.00270387,-0.0226319,0.014,0.00192364,0.00269476,0.00286873,2e-04,0.0108,FALSE,0.723720684012412,0.848238,0.848289,0.848342,NA
"rs6142059",0.0128,0.00297654,-0.0137647,0.0022821,0.0114,0.00137769,0.00192966,0.00205448,-0.0029,0.0079,FALSE,0.481966662458886,0.507342,0.507316,0.507078,NA
"rs2425847",-0.0133,-0.00179658,-0.0129315,0.00230756,0.012,0.00140166,0.0019634,0.00209048,-0.0034,0.008,FALSE,0.653838443640859,0.590785,0.590788,0.590794,NA
"rs80346118",-0.0193,-0.00258179,-0.0034117,-0.0244398,0.0183,0.00193103,0.00270481,0.00287972,-0.0145,0.0112,FALSE,0.105863427599593,0.149742,0.149766,0.149723,NA
"rs35679975",0.005,0.000524389,0.0263938,-0.00104296,0.0149,0.00174999,0.00245104,0.00260965,0.0099,0.01,FALSE,0.829131445698912,0.807601,0.807558,0.807598,NA
"rs2801008",8e-04,-0.000357776,-0.000484787,-0.012099,0.0119,0.00148342,0.00207763,0.00221182,0.0181,0.0085,FALSE,0.635976540752872,0.678531,0.678455,0.67849,NA
"rs73306860",0.028,0.00239991,-0.00321008,0.0451015,0.0196,0.0022205,0.00311024,0.00330787,0.0271,0.012,FALSE,0.124215493718141,0.108208,0.108219,0.108422,NA
"rs2273500",-0.0947,-0.00846755,-0.00996149,-0.00761988,0.0157,0.00195388,0.00273696,0.0029135,-0.0183,0.0117,FALSE,0.845449847342294,0.854936,0.854918,0.854939,NA
"rs11699828",-0.1418,-0.0152824,-0.0349334,-0.00654986,0.0402,0.004037,0.00565525,0.00602786,-0.0242,0.0254,FALSE,0.0308632293626586,0.035956,0.035949,0.03586,NA
"rs8126001",0.0101,-0.000175259,0.00738402,-0.0167808,0.013,0.0013793,0.00193216,0.00205734,-0.0084,0.0081,FALSE,0.55458904048021,0.489755,0.489727,0.489753,NA
"rs2229742",0.0184,0.00563211,0.000215027,0.0250097,0.0211,0.00226065,0.00317168,0.0033728,-0.0026,0.0131,TRUE,0.105389009445542,0.103387,0.103424,0.103576,NA
"rs2833971",-0.0519,-0.0027395,-0.0177316,0.00512454,0.0216,0.00228124,0.00320172,0.00340677,0.0036,0.0128,FALSE,0.098600088062116,0.101574,0.10156,0.1016,NA
"rs62229372",-0.0074,0.00026352,-3.56359e-05,0.0176068,0.0184,0.00209023,0.00293288,0.00312347,-0.0026,0.0119,FALSE,0.108246361326314,0.126021,0.126024,0.125878,NA
"rs8132491",-0.0099,0.000774098,-0.0143253,-0.00267383,0.0125,0.00152094,0.00213438,0.00227137,-0.0065,0.0088,FALSE,0.31298614311782,0.312824,0.312847,0.312948,NA
"rs77217252",0.0258,0.0117086,-0.0142477,-0.000205433,0.0194,0.00206712,0.00290031,0.00308697,0.0154,0.0123,FALSE,0.093798204695888,0.126757,0.126801,0.126708,NA
"rs137923903",0.1228,0.0112299,-0.00176704,-0.0774369,0.0669,0.00603401,0.00846555,0.00900819,-0.0373,0.0353,FALSE,0.0136401042328365,0.0136309999999999,0.013637,0.013646,NA
"rs394608",-0.0094,-0.00414674,-0.018109,0.000572803,0.0113,0.00138308,0.00194099,0.00206496,-0.0108,0.0079,FALSE,0.454944289293833,0.462416,0.462377,0.462374,NA
"rs140733155",-0.0768,0.016434,-0.0541353,-0.00398506,0.0525,0.00662504,0.00929932,0.0099147,-0.03,0.0353,FALSE,0.984102324425612,0.988475,0.988481,0.988518,NA
"rs406388",-0.0252,-0.00383765,-0.0151133,-0.00133545,0.0165,0.0018047,0.00253134,0.002693,0.0144,0.0102,TRUE,0.812870836408083,0.822439,0.822434,0.822532,NA
"rs1034565",-0.0077,0.00278583,0.0103896,0.0150309,0.0132,0.00152486,0.00213875,0.00227623,0.0013,0.0086,FALSE,0.248724645899141,0.28376,0.283834,0.283875,NA
"rs12321",0.0043,0.00293609,-0.000258569,-0.0158001,0.0114,0.00138627,0.00194436,0.00206912,6e-04,0.0079,TRUE,0.453407264501441,0.439694,0.439711,0.439422,NA
"rs6000329",-0.0193,0.000783006,-0.0116332,-0.00227272,0.0123,0.00141565,0.00198561,0.00211411,-0.0062,0.0085,FALSE,0.474167975939956,0.560514,0.560503,0.560502,NA
"rs10212058",-0.0129,-0.00590017,0.00318635,0.0153771,0.0152,0.00173711,0.00243642,0.00259437,-0.0078,0.0097,FALSE,0.832634108234432,0.805178,0.805136,0.805259,NA
"rs4820410",0.0024,-0.000186085,0.0169691,-0.00221312,0.0117,0.00144647,0.00202896,0.00215953,0.0105,0.0082,FALSE,0.614589536401985,0.654473,0.654482,0.654388,NA
"rs28489620",-0.0085,0.00640074,-0.0148085,-0.000217175,0.0142,0.00152564,0.00213974,0.00227652,-0.031,0.0087,FALSE,0.292848389649824,0.290506,0.290573,0.290665,NA
"rs762995",0.006,0.00860543,-0.00977878,-0.00464251,0.0113,0.00137806,0.00193276,0.00205715,-0.025,0.0078,FALSE,0.499834814134605,0.465365,0.465357,0.465303,NA
"rs138834",0.0052,-0.000529813,-0.00259123,0.0148742,0.0155,0.00175848,0.00246636,0.00262652,0.013,0.0099,FALSE,0.842525316062685,0.811284,0.811306,0.811528,NA
"rs79966207",-0.0033,-0.000726787,-0.0148195,-0.00293684,0.0159,0.00180681,0.00253397,0.00269851,6e-04,0.0108,FALSE,0.849095547266662,0.823995,0.823974,0.824037,NA
