"phenocode","phenotype","category","pval","beta_altC","sebeta","mlogp","maf","n_case","n_control","bonferroni_sig","fdr","rank"
"J10_ASTHMA_MAIN_EXMORE","Asthma (only as main-diagnosis) (more control exclusions)","X Diseases of the respiratory system (J10_)",8.9375811898492e-05,0.034192,0.00872743,4.04878,0.212417,47300,259839,FALSE,0.0135851234085708,1
"J10_ASTHMA_EXMORE","Asthma (more control exclusions)","X Diseases of the respiratory system (J10_)",0.00104541806377651,0.0261949,0.0079911,2.98071,0.212374,59100,259839,FALSE,0.0465350554386832,2
"R18_ANOREXIA","Anorexia","XVIII Symptoms, signs and abnormal clinical and laboratory findings, not elsewhere classified (R18_)",0.00129464291806073,0.223916,0.0696005,2.88785,0.213207,546,499802,FALSE,0.0465350554386832,3
"M13_KNEEDERANGEMENTS","Internal derangement of knee","XIII Diseases of the musculoskeletal system and connective tissue (M13_)",0.00135325612052353,0.0401889,0.0125416,2.86862,0.212803,20142,315115,FALSE,0.0465350554386832,4
"J10_CHRONRHINITIS","Chronic rhinitis, nasopharyngitis and pharyngitis","X Diseases of the respiratory system (J10_)",0.00210989090477726,0.0437066,0.0142167,2.67574,0.213068,15219,371520,FALSE,0.0465350554386832,5
"D3_OTHPRIMTHROMBOCYTOPENIA","Other primary thrombocytopenia","III Diseases of the blood and blood-forming organs and certain disorders involving the immune mechanism (D3_)",0.00226793184933848,0.396876,0.130008,2.64437,0.213151,129,492275,FALSE,0.0465350554386832,6
"I9_CARDMYOINOTH","Cardiomyopathy in other diseases","IX Diseases of the circulatory system (I9_)",0.00278939488379131,0.348426,0.116529,2.55449,0.213178,172,375343,FALSE,0.0465350554386832,7
"M13_BEHCET","Behçet disease","XIII Diseases of the musculoskeletal system and connective tissue (M13_)",0.00291366756891258,-0.497251,0.167047,2.53556,0.213073,105,484260,FALSE,0.0465350554386832,8
"G6_CARPTU","Carpal tunnel syndrome","VI Diseases of the nervous system (G6_)",0.00324645957951405,0.0301562,0.0102454,2.48859,0.213132,31181,435371,FALSE,0.0465350554386832,9
"ASTHMA_PNEUMONIA","Asthma-related pneumonia","Asthma and related endpoints",0.0033968783964006,0.0396099,0.0135218,2.46892,0.213042,16964,441248,FALSE,0.0465350554386832,10
"M13_FIBROMYALGIA","Fibromyalgia","XIII Diseases of the musculoskeletal system and connective tissue (M13_)",0.00381777210141467,-0.0850667,0.029406,2.41819,0.212544,3623,357549,FALSE,0.0465350554386832,11
"G6_POLYOTHUNS","Other and unspecified polyneuropathies, also in other diseases","VI Diseases of the nervous system (G6_)",0.00389609914548039,0.0577041,0.0199913,2.40937,0.213228,7512,491583,FALSE,0.0465350554386832,12
"ST19_FRACT_LUMBAR_SPINE_PELVIS","Fracture of lumbar spine and pelvis","XIX Injury, poisoning and certain other consequences of external causes (ST19_)",0.00397997184672948,0.052629,0.0182756,2.40012,0.213144,9061,481639,FALSE,0.0465350554386832,13
"I9_AORTANEUR","Aortic aneurysm","IX Diseases of the circulatory system (I9_)",0.00560325000256954,-0.0501139,0.0180908,2.25156,0.213199,9937,463106,FALSE,0.0482774669588755,14
"M13_OTHERJOINT","Other joint disorders","XIII Diseases of the musculoskeletal system and connective tissue (M13_)",0.00591275657911846,0.0170267,0.00618571,2.22821,0.213199,110868,315115,FALSE,0.0482774669588755,15
"N14_MENORRHAGIA","Menorrhagia","XIV Diseases of the genitourinary system (N14_)",0.00601533751196032,0.0317599,0.0115619,2.22074,0.213906,28642,130160,FALSE,0.0482774669588755,16
"O15_ANTEPART_HAEM_NAS","Antepartum haemorrhage, not elsewhere classified","XV Pregnancy, childbirth and the puerperium (O15_)",0.0069205402682464,0.0772432,0.0286018,2.15986,0.214134,3627,221186,FALSE,0.0482774669588755,17
"C3_AML_EXALLC","Acute myeloid leukaemia, excluding all cancers (controls excluding all cancers)","II Neoplasms, from cancer register (ICD-O-3)",0.00699664759416629,-0.264722,0.0981539,2.15511,0.213328,322,378747,FALSE,0.0482774669588755,18
"AB1_VIRAL_CNS","Viral infections of the central nervous system","I Certain infectious and parasitic diseases (AB1_)",0.00712147575376527,0.0858882,0.0319155,2.14743,0.213207,2847,497501,FALSE,0.0482774669588755,19
"CD2_BENIGN_LIVE_BILE","Benign neoplasm: Liver/bile ducts","II Neoplasms from hospital discharges (CD2_)",0.00803174663489813,-0.159446,0.0601515,2.09519,0.213207,862,499486,FALSE,0.0482774669588755,20
"E4_HYPODRUG","Drug-induced hypoglycaemia without coma","IV Endocrine, nutritional and metabolic diseases (E4_)",0.00836199685743527,0.180808,0.0685634,2.07769,0.213165,575,496961,FALSE,0.0482774669588755,21
"L12_PRURIGONOD","Prurigo nodularis","XII Diseases of the skin and subcutaneous tissue (L12_)",0.0088220598548232,0.14971,0.0571657,2.05443,0.213076,844,432874,FALSE,0.0482774669588755,22
"D3_SPLEENDISEASE","Diseases of spleen","III Diseases of the blood and blood-forming organs and certain disorders involving the immune mechanism (D3_)",0.00883873269570948,0.178762,0.0682758,2.05361,0.213187,580,491224,FALSE,0.0482774669588755,23
"G6_NERPLEX","Nerve, nerve root and plexus disorders","VI Diseases of the nervous system (G6_)",0.00988462049745,0.0189638,0.00735075,2.00504,0.213207,64977,435371,FALSE,0.0482774669588755,24
"H8_TYMPSCLE","Tympanosclerosis","VIII Diseases of the ear and mastoid process (H8_)",0.0105125966109905,-0.540504,0.211259,1.97829,0.21323,68,465154,FALSE,0.0482774669588755,25
"G6_BENINTRAHYP","Benign intracranial hypertension","VI Diseases of the nervous system (G6_)",0.0105496973315215,0.221829,0.0867442,1.97676,0.213241,344,463029,FALSE,0.0482774669588755,26
"Q17_HYPOSPADIAS","Hypospadias","XVII Congenital malformations, deformations and chromosomal abnormalities (Q17)",0.0106059603697486,0.392231,0.15349,1.97445,0.212383,131,217599,FALSE,0.0482774669588755,27
"G6_CERCYST","Cerebral cysts","VI Diseases of the nervous system (G6_)",0.0108412659912865,0.0950991,0.0373263,1.96492,0.213283,2163,463029,FALSE,0.0482774669588755,28
"F5_SCHIZOTYP","Schizotypal disorder","V Mental and behavioural disorders (F5_)",0.0113629213327281,-0.16548,0.0653729,1.94451,0.213263,906,484776,FALSE,0.0482774669588755,29
"H7_CATARACTSENILE","Senile cataract","VII Diseases of the eye and adnexa (H7_)",0.0113975104745532,0.0203218,0.00803149,1.94319,0.213179,83886,409535,FALSE,0.0482774669588755,30
"D3_OTHHAEMOGLOPAT","Other haemoglobinopathies","III Diseases of the blood and blood-forming organs and certain disorders involving the immune mechanism (D3_)",0.0114646288587837,-0.576526,0.228037,1.94064,0.213215,57,499230,FALSE,0.0482774669588755,31
"J10_BRONCH","Bronchitis, not specified as acute or chronic","X Diseases of the respiratory system (J10_)",0.0116284010053594,0.0719303,0.0285073,1.93448,0.212805,3729,409070,FALSE,0.0482774669588755,32
"M13_NECROVASCNAS","Other specified/unspecified necrotizing vasculopathies","XIII Diseases of the musculoskeletal system and connective tissue (M13_)",0.0120667412457488,0.199286,0.079391,1.91841,0.213124,478,484260,FALSE,0.0482774669588755,33
"L12_URTICA_CHOLINERG","Cholinergic urticaria","XII Diseases of the skin and subcutaneous tissue (L12_)",0.0122605513331564,-0.326154,0.130224,1.91149,0.213056,177,482901,FALSE,0.0482774669588755,34
"G6_FEMMEPOP","Lesion of medial popliteal nerve","VI Diseases of the nervous system (G6_)",0.0131758912003873,0.320878,0.12944,1.88022,0.212816,135,435371,FALSE,0.0482774669588755,35
"J10_PLEURPLAGUE","Pleural plaque","X Diseases of the respiratory system (J10_)",0.0134078764686164,0.0718476,0.0290557,1.87264,0.213229,3689,479655,FALSE,0.0482774669588755,36
"BRONCHITIS","Bronchitis","Asthma and related endpoints",0.0136842184975433,0.0168097,0.0068181,1.86378,0.213207,77621,422727,FALSE,0.0482774669588755,37
"L12_NAIL_DYSTROPHY","Nail dystrophy","XII Diseases of the skin and subcutaneous tissue (L12_)",0.0139161787974075,-0.285647,0.116144,1.85648,0.213018,222,476404,FALSE,0.0482774669588755,38
"Q17_OTHER_CONGEN_MALFO_BRAIN","Other congenital malformations of brain","XVII Congenital malformations, deformations and chromosomal abnormalities (Q17)",0.0140333061544251,0.293211,0.119366,1.85284,0.2132,168,499525,FALSE,0.0482774669588755,39
"AB1_DERMATOPHYTOSIS","Dermatophytosis","I Certain infectious and parasitic diseases (AB1_)",0.0144075455070724,-0.0598421,0.0244559,1.84141,0.213134,5071,488977,FALSE,0.0482774669588755,40
"I9_VARICVESOTH","Varicose veins of other sites","IX Diseases of the circulatory system (I9_)",0.0153631404182628,0.0832144,0.0343336,1.81352,0.212972,2560,432223,FALSE,0.0482774669588755,41
"SLEEP","Sleep disorders (combined)","Neurological endpoints",0.0154614421557131,-0.0178296,0.00736339,1.81075,0.213189,65076,430194,FALSE,0.0482774669588755,42
"AB1_VIRAL_MENINGITIS","Viral meningitis","I Certain infectious and parasitic diseases (AB1_)",0.0155024378887104,0.112957,0.0466684,1.8096,0.213176,1386,497501,FALSE,0.0482774669588755,43
"H8_PERIPHVERTIGO","Other peripheral vertigo","VIII Diseases of the ear and mastoid process (H8_)",0.015655610216691,0.0716856,0.0296608,1.80533,0.213308,3436,474839,FALSE,0.0482774669588755,44
"O15_MAT_CARE_MALPRESENT","Maternal care for known or suspected malpresentation of fetus","XV Pregnancy, childbirth and the puerperium (O15_)",0.0159723934615742,-0.0464987,0.0192977,1.79663,0.213641,8714,221186,FALSE,0.0482774669588755,45
"PULM_INFECTIONS","COPD/asthma/ILD related infections","Interstitial lung disease endpoints",0.0162640986554647,0.0127055,0.00528748,1.78877,0.213207,162180,338168,FALSE,0.0482774669588755,46
"H8_POSTMASTNAS","Other disorders following mastoidectomy","VIII Diseases of the ear and mastoid process (H8_)",0.0164478826960494,-0.37379,0.155822,1.78389,0.213165,125,437331,FALSE,0.0482774669588755,47
"N14_VULVAL_HSIL","HSIL lesion of the vulva","XIV Diseases of the genitourinary system (N14_)",0.0167841750371277,-0.174297,0.072885,1.7751,0.213839,563,281501,FALSE,0.0482774669588755,48
"D3_SIDEROANASCND","Secondary sideroblastic anaemia","III Diseases of the blood and blood-forming organs and certain disorders involving the immune mechanism (D3_)",0.0173544158543109,0.410028,0.172345,1.76059,0.213223,101,479581,FALSE,0.0482774669588755,49
"K11_DISOESINOTH","Disorders of oesophagus in diseases classified elsewhere","XI Diseases of the digestive system (K11_)",0.0175041086348005,0.156658,0.0659349,1.75686,0.213048,691,423785,FALSE,0.0482774669588755,50
"G6_HEADACHE","Other headache syndromes","VI Diseases of the nervous system (G6_)",0.0179502292702939,0.0287219,0.0121362,1.74593,0.213311,21750,374605,FALSE,0.0482774669588755,51
"N14_MESNRUIRREG","Excessive, frequent and irregular menstruation","XIV Diseases of the genitourinary system (N14_)",0.0180251961746833,0.021975,0.00929138,1.74412,0.213908,50120,130160,FALSE,0.0482774669588755,52
"H7_GLAUCOMA_JOAG","Juvenile Open Angle Glaucoma","VII Diseases of the eye and adnexa (H7_)",0.0183895033375176,-0.281527,0.119408,1.73543,0.213207,210,500138,FALSE,0.0482774669588755,53
"CD2_BENIGN_EYE","Benign neoplasm of eye and adnexa","II Neoplasms from hospital discharges (CD2_)",0.0184960929822323,-0.0670381,0.0284598,1.73292,0.213207,3735,496613,FALSE,0.0482774669588755,54
"H7_RETINAVASC","Retinal vascular disorders","VII Diseases of the eye and adnexa (H7_)",0.018606727614423,0.060252,0.025603,1.73033,0.213191,4691,455449,FALSE,0.0482774669588755,55
"ILD_INSUFFICIENCY","ILD-related respiratory insufficiency","Interstitial lung disease endpoints",0.0186303065071825,0.12624,0.0536544,1.72978,0.213163,1047,494583,FALSE,0.0482774669588755,56
"M13_OTHERBONE","Other disorders of bone","XIII Diseases of the musculoskeletal system and connective tissue (M13_)",0.018811351563994,0.0433643,0.0184588,1.72558,0.213182,8983,473264,FALSE,0.0482774669588755,57
"E4_GLUCOPANCREAS","Other disorders of glucose regulation and pancreatic internal secretion","IV Endocrine, nutritional and metabolic diseases (E4_)",0.0193945630676635,0.0698813,0.0298911,1.71232,0.213207,3387,496961,FALSE,0.0482774669588755,58
"K11_ADHE","Intestinal adhesions without obstruction","XI Diseases of the digestive system (K11_)",0.0196521468171625,0.0718038,0.0307785,1.70659,0.213684,3213,394725,FALSE,0.0482774669588755,59
"I9_HYPERTROCARDMYOP","Hypertrophic cardiomyopathy","IX Diseases of the circulatory system (I9_)",0.0197087917220118,-0.109263,0.0468567,1.70534,0.213207,1376,498972,FALSE,0.0482774669588755,60
"H7_GLAUCCLOSEPRIM","Primary angle-closure glaucoma","VII Diseases of the eye and adnexa (H7_)",0.0202311234429955,0.102153,0.0439929,1.69398,0.213221,1569,473757,FALSE,0.0482774669588755,61
"CD2_BENIGN_LIVER","Benign neoplasm: Liver","II Neoplasms from hospital discharges (CD2_)",0.0205499135872523,-0.144962,0.0625875,1.68719,0.213207,768,499580,FALSE,0.0482774669588755,62
"ASTHMA_NAS","Asthma, unspecified (mode)","Asthma and related endpoints",0.0208818994390627,0.024363,0.0105462,1.68023,0.212114,30770,270290,FALSE,0.0482774669588755,63
"F5_ALCOHOLAC","Acute alcohol intoxication","V Mental and behavioural disorders (F5_)",0.0213569878211626,0.0371873,0.0161571,1.67046,0.213141,12032,468475,FALSE,0.0482774669588755,64
"H7_RETINASEPAR","Separation of retinal layers (serosa)","VII Diseases of the eye and adnexa (H7_)",0.0216525973568183,0.103827,0.0452128,1.66449,0.213144,1477,455449,FALSE,0.0482774669588755,65
"E4_SPHINGOLIP","Disorders of sphingolipid metabolism and other lipid storage disorders","IV Endocrine, nutritional and metabolic diseases (E4_)",0.0218897095982319,0.359907,0.157009,1.65976,0.21342,123,420066,FALSE,0.0482774669588755,66
"E4_PCOS_CONCORTIUM","Polycystic ovarian syndrome, consortium definition","IV Endocrine, nutritional and metabolic diseases (E4_)",0.0222290037955302,0.0209825,0.00917694,1.65308,0.213839,42630,239434,FALSE,0.0482774669588755,67
"K11_FUNCDYSP","Functional dyspepsia","XI Diseases of the digestive system (K11_)",0.0232841291757748,0.036245,0.0159759,1.63294,0.213153,12179,423785,FALSE,0.0482774669588755,68
"NASH","Nonalcoholic steatohepatitis","Gastrointestinal endpoints",0.023846793995807,-0.245346,0.10858,1.62257,0.213207,254,500094,FALSE,0.0482774669588755,69
"J10_LOWERINF","Other acute lower respiratory infections","X Diseases of the respiratory system (J10_)",0.0241468230736001,0.0238537,0.0105792,1.61714,0.213207,28542,471806,FALSE,0.0482774669588755,70
"L12_FOREIGNBODYGRANULOMA","Foreign body granuloma of skin and subcutaneous tissue","XII Diseases of the skin and subcutaneous tissue (L12_)",0.0252958920940251,-0.356882,0.159546,1.59695,0.213175,117,465673,FALSE,0.0482774669588755,71
"I9_NONISCHCARDMYOP","Non-ischemic cardiomyopathy","IX Diseases of the circulatory system (I9_)",0.0253512863049791,0.0346289,0.0154869,1.596,0.213536,13917,402343,FALSE,0.0482774669588755,72
"Q17_CONGEN_LENS_MALFO","Congenital lens malformations","XVII Congenital malformations, deformations and chromosomal abnormalities (Q17)",0.0255140851150007,-0.295654,0.132371,1.59322,0.213221,171,497731,FALSE,0.0482774669588755,73
"I9_CEREBAMY","Cerebral amyloid angiopathy","IX Diseases of the circulatory system (I9_)",0.0257063253587208,-0.353032,0.158266,1.58996,0.213241,119,453828,FALSE,0.0482774669588755,74
"M13_LIMBPAIN","Pain in limb","XIII Diseases of the musculoskeletal system and connective tissue (M13_)",0.0258702127346461,0.0193872,0.00870102,1.5872,0.213076,45476,357549,FALSE,0.0482774669588755,75
"M13_SCOLIOSIS","Scoliosis","XIII Diseases of the musculoskeletal system and connective tissue (M13_)",0.0267694840033117,0.0638345,0.028821,1.57236,0.212951,3654,353224,FALSE,0.0482774669588755,76
"M13_INFTENOSYNOVITIS","Other infective (teno)synovitis","XIII Diseases of the musculoskeletal system and connective tissue (M13_)",0.0269165875653934,0.324878,0.146823,1.56998,0.212691,140,357549,FALSE,0.0482774669588755,77
"F5_KELAMENT","Kela-code for severe mental illness","V Mental and behavioural disorders (F5_)",0.0270034963972141,-0.0359751,0.0162675,1.56858,0.213248,18538,479456,FALSE,0.0482774669588755,78
"AB1_ATYPICAL_CNS_VIRUS","Atypical virus infections of central nervous system","I Certain infectious and parasitic diseases (AB1_)",0.0270439422582969,0.209277,0.0946574,1.56793,0.213149,334,497501,FALSE,0.0482774669588755,79
"Z21_ASYMP_HUMAN_IMMUNODEFICIENCY_VIRUS_HIV_INFECTION_STATUS","Asymptomatic human immunodeficiency virus [HIV] infection status","XXI Factors influencing health status and contact with health services (Z21_)",0.0273086354512082,-0.27827,0.126081,1.5637,0.213188,188,481058,FALSE,0.0482774669588755,80
"K11_RESORPTION","Pathological resorption of teeth","XI Diseases of the digestive system (K11_)",0.0273463897991228,-0.114092,0.0517065,1.5631,0.212946,1122,310260,FALSE,0.0482774669588755,81
"G6_CAUDA","Cauda equina syndrome","VI Diseases of the nervous system (G6_)",0.0277753794042609,-0.183808,0.0835322,1.55634,0.213212,431,495687,FALSE,0.0482774669588755,82
"Q17_CONGEN_MALFO_DEFORMAT_MUSCULOS_SYSTEM","Congenital malformations and deformations of the musculoskeletal system","XVII Congenital malformations, deformations and chromosomal abnormalities (Q17)",0.0278233872265421,0.0635505,0.0288896,1.55559,0.213207,3646,496702,FALSE,0.0482774669588755,83
"L12_PARAPSO_PITYLICHCHRON","Pityriasis lichenoides chronica","XII Diseases of the skin and subcutaneous tissue (L12_)",0.0279556760994171,0.327658,0.149077,1.55353,0.213181,134,482181,FALSE,0.0482774669588755,84
"H7_RETIVASCOCCLUSION","Retinal vascular occlusion","VII Diseases of the eye and adnexa (H7_)",0.0281870742826984,0.0569718,0.0259591,1.54995,0.213182,4560,455449,FALSE,0.0482774669588755,85
"K11_LIVDISINOTH","Liver disorders in diseases classified elsewhere","XI Diseases of the digestive system (K11_)",0.0284832800560122,0.376175,0.171725,1.54541,0.213164,100,485213,FALSE,0.0482774669588755,86
"H8_EXTDISNAS","Other specified disorders of external ear","VIII Diseases of the ear and mastoid process (H8_)",0.0293677043907954,-0.106652,0.0489565,1.53213,0.213182,1260,485292,FALSE,0.0482774669588755,87
"O15_LABOUR_OBSTR_OTHER","Other obstructed labour","XV Pregnancy, childbirth and the puerperium (O15_)",0.0296196552935843,0.06884,0.0316486,1.52842,0.213573,3047,214925,FALSE,0.0482774669588755,88
"D3_ANAEMIA_FOLATEDEF","Folate deficiency anaemia","III Diseases of the blood and blood-forming organs and certain disorders involving the immune mechanism (D3_)",0.0297467826350141,0.22397,0.103049,1.52656,0.213183,281,477015,FALSE,0.0482774669588755,89
"H7_CYSTIRIS","Cyst of iris, ciliary body and anterior chamber","VII Diseases of the eye and adnexa (H7_)",0.0300178788161804,0.395609,0.18232,1.52262,0.21315,56,473095,FALSE,0.0482774669588755,90
"M13_VALGUS","Valgus deformity, not elsewhere classified","XIII Diseases of the musculoskeletal system and connective tissue (M13_)",0.0317745932638235,0.225823,0.105169,1.49792,0.212396,273,315115,FALSE,0.0482774669588755,91
"CD2_BENIGN_SMALL_INTESTINE","Benign neoplasm: Small intestine","II Neoplasms from hospital discharges (CD2_)",0.0319609735714834,0.102293,0.0476912,1.49538,0.213207,1343,499005,FALSE,0.0482774669588755,92
"J10_SIMPLBRONCH","Simple and mucopurulent chronic bronchitis","X Diseases of the respiratory system (J10_)",0.0322775081904805,0.0904606,0.0422525,1.4911,0.21275,1702,409070,FALSE,0.0482774669588755,93
"Q17_REDUCT_DEFECTS_LOWER_LIMB","Reduction defects of lower limb","XVII Congenital malformations, deformations and chromosomal abnormalities (Q17)",0.0324302278520387,0.394275,0.184321,1.48905,0.213136,88,496702,FALSE,0.0482774669588755,94
"CD2_BENIGN_CNS_NOS","Benign neoplasm: Central nervous system, other parts/unspecified","II Neoplasms from hospital discharges (CD2_)",0.0324429248079879,-0.331209,0.15485,1.48888,0.213207,124,500224,FALSE,0.0482774669588755,95
"H7_CORNEALSCAR","Corneal scars and opacities","VII Diseases of the eye and adnexa (H7_)",0.0325656686731057,0.123073,0.0575807,1.48724,0.213177,906,473095,FALSE,0.0482774669588755,96
"Q17_CONGEN_MALFO_MUSCULOS_SYSTEM_NOT_ELSEW_CLASSIFIED","Congenital malformations of the musculoskeletal system, not elsewhere classified","XVII Congenital malformations, deformations and chromosomal abnormalities (Q17)",0.0335065721401618,0.16082,0.0756457,1.47487,0.213154,526,496702,FALSE,0.0482774669588755,97
"CD2_BENIGN_BRAIN_INFRATENT","Benign neoplasm: Brain, infratentorial","II Neoplasms from hospital discharges (CD2_)",0.0335297256562405,-0.258946,0.121818,1.47457,0.213207,201,500147,FALSE,0.0482774669588755,98
"CD2_BENIGN_THYMUS","Benign neoplasm: Thymus","II Neoplasms from hospital discharges (CD2_)",0.0338072620526125,0.430392,0.202789,1.47099,0.213207,71,500277,FALSE,0.0482774669588755,99
"AB1_MEASLES","Measles","I Certain infectious and parasitic diseases (AB1_)",0.0338906579288633,-0.178235,0.084019,1.46992,0.21322,425,480316,FALSE,0.0482774669588755,100
"CD2_BENIGN_ENDOCRINE_OTH","Benign neoplasm of other and unspecified endocrine glands","II Neoplasms from hospital discharges (CD2_)",0.0339187625802031,-0.0525711,0.0247855,1.46956,0.213207,4928,495420,FALSE,0.0482774669588755,101
"M13_KYPHOSIS","Kyphosis","XIII Diseases of the musculoskeletal system and connective tissue (M13_)",0.0339453272619218,-0.172213,0.0812048,1.46922,0.212795,457,353224,FALSE,0.0482774669588755,102
"DM_NEOVASCULAR_GLAUCOMA","Neovascular glaucoma","Diabetes endpoints",0.0341240052420953,-0.0951038,0.0448898,1.46694,0.213284,1494,485314,FALSE,0.0482774669588755,103
"H7_CORNEAPIGMENT","Corneal pigmentations and deposits","VII Diseases of the eye and adnexa (H7_)",0.0343439307678082,-0.31342,0.148119,1.46415,0.213123,137,473095,FALSE,0.0482774669588755,104
"JOINTPAIN","Pain in joint","XIII Diseases of the musculoskeletal system and connective tissue (M13_)",0.0346098725485353,0.0201024,0.00951416,1.4608,0.212915,39344,262404,FALSE,0.0482774669588755,105
"R18_RETEN_URINE","Retention of urine","XVIII Symptoms, signs and abnormal clinical and laboratory findings, not elsewhere classified (R18_)",0.0350009635247915,0.0303983,0.0144181,1.45592,0.213229,15722,453777,FALSE,0.0482774669588755,106
"M13_INTERVERTEB","Other intervertebral disc disorders","XIII Diseases of the musculoskeletal system and connective tissue (M13_)",0.0350848803667643,0.0174904,0.00829961,1.45488,0.21326,51683,353224,FALSE,0.0482774669588755,107
"K11_INTESTOTH","Other diseases of intestines","XI Diseases of the digestive system (K11_)",0.0352103222650186,-0.0129997,0.00617288,1.45333,0.213207,105623,394725,FALSE,0.0482774669588755,108
"I9_PAROXTAC","Paroxysmal tachycardia","IX Diseases of the circulatory system (I9_)",0.0360769654088293,-0.0339515,0.0161978,1.44277,0.212972,12878,252810,FALSE,0.0482774669588755,109
"L12_STRIAEATROPHICAE","Striae atrophicae","XII Diseases of the skin and subcutaneous tissue (L12_)",0.0365485372285275,0.185909,0.088919,1.43713,0.213216,378,465673,FALSE,0.0482774669588755,110
"K11_FISTULA","Colonic or urogenital fistula","XI Diseases of the digestive system (K11_)",0.0365687402784007,-0.0334414,0.0159965,1.43689,0.213207,12025,488323,FALSE,0.0482774669588755,111
"M13_SPONDYLOTRAUM","Traumatic spondylopathy","XIII Diseases of the musculoskeletal system and connective tissue (M13_)",0.036656415956155,0.393233,0.188188,1.43585,0.212849,84,353224,FALSE,0.0482774669588755,112
"M13_CHRONDROPATHIES","Chondropathies","XIII Diseases of the musculoskeletal system and connective tissue (M13_)",0.0375923954012917,0.0443783,0.0213432,1.4249,0.213184,6678,491365,FALSE,0.0482774669588755,113
"M13_ARTHROSIS_OTH","Other arthrosis","XIII Diseases of the musculoskeletal system and connective tissue (M13_)",0.0376591054827185,0.0225126,0.010831,1.42413,0.212701,29554,315115,FALSE,0.0482774669588755,114
"M13_TRANSSYNOVITIS","Transient synovitis","XIII Diseases of the musculoskeletal system and connective tissue (M13_)",0.0377050915833393,0.202447,0.0974218,1.4236,0.212701,318,357549,FALSE,0.0482774669588755,115
"Q17_MONOSOMI_DELET_AUTOSOMES_NOT_ELSEW_CLASSIFIED","Monosomies and deletions from the autosomes, not elsewhere classified","XVII Congenital malformations, deformations and chromosomal abnormalities (Q17)",0.0380846527397191,0.392645,0.189323,1.41925,0.213201,85,499702,FALSE,0.0482774669588755,116
"C3_BILIARY_GALLBLADDER_EXALLC","Malignant neoplasm of intrahepatic ducts, biliary tract and gallbladder, excluding all cancers (controls excluding all cancers)","II Neoplasms, from cancer register (ICD-O-3)",0.0386278023011496,0.0752485,0.0363848,1.4131,0.213443,2298,378749,FALSE,0.0482774669588755,117
"E4_VOLUME","Volume depletion","IV Endocrine, nutritional and metabolic diseases (E4_)",0.0387248728087473,-0.0592618,0.028669,1.41201,0.213313,3729,420066,FALSE,0.0482774669588755,118
"CHIRBIL_PRIM","Primary biliary cholangitis (PBC)","Gastrointestinal endpoints",0.0388803351584437,0.129912,0.0628977,1.41027,0.213135,760,372273,FALSE,0.0482774669588755,119
"Q17_CONGEN_MALFO_BILI","Congenital malformation of biliary tract","XVII Congenital malformations, deformations and chromosomal abnormalities (Q17)",0.0389260198702671,-0.379837,0.183943,1.40976,0.213207,89,500259,FALSE,0.0482774669588755,120
"AB1_GONOCOCCAL","Gonococcal infection","I Certain infectious and parasitic diseases (AB1_)",0.0389520213877474,-0.104782,0.0507495,1.40947,0.213157,1163,485458,FALSE,0.0482774669588755,121
"ASTHMA_INFECTIONS","Asthma-related infections","Asthma and related endpoints",0.0390094655237805,0.0210458,0.0101962,1.40883,0.213052,31090,441248,FALSE,0.0482774669588755,122
"F5_SLEEPWALKING","Sleepwalking [somnambulism]","V Mental and behavioural disorders (F5_)",0.0392699185049452,-0.364844,0.176993,1.40594,0.213207,94,500254,FALSE,0.0482774669588755,123
"L12_HYPERTROPHICNAS","Other and unspecified hypertrophic disorders of skin","XII Diseases of the skin and subcutaneous tissue (L12_)",0.039717325854379,-0.242701,0.118007,1.40102,0.213172,214,465673,FALSE,0.0482774669588755,124
"M13_CERVICOBRACHSDR","Cervicobrachial syndrome","XIII Diseases of the musculoskeletal system and connective tissue (M13_)",0.0402448209919573,0.0356788,0.0173939,1.39529,0.213002,10325,353224,FALSE,0.0482774669588755,125
"G6_RLS","Restless leg syndrome","VI Diseases of the nervous system (G6_)",0.0405695322036045,-0.0525511,0.025661,1.3918,0.213207,4599,495749,FALSE,0.0482774669588755,126
"N14_HYPERTROPHYBREAST_BOTH","Hypertrophy of breast in women and men","XIV Diseases of the genitourinary system (N14_)",0.0406218782331298,0.0390861,0.0190909,1.39124,0.213115,8461,475603,FALSE,0.0482774669588755,127
"M13_ARTHROSIS","Arthrosis","XIII Diseases of the musculoskeletal system and connective tissue (M13_)",0.0408131391596972,0.0138633,0.00677773,1.3892,0.212957,101454,315115,FALSE,0.0482774669588755,128
"K11_LIP_ORAL_MUCOSA","Other diseases of lip and oral mucosa","XI Diseases of the digestive system (K11_)",0.0411775022886073,0.0432397,0.0211779,1.38534,0.213182,6831,310260,FALSE,0.0482774669588755,129
"F5_DISSOCIATIVE","Dissociative [conversion] disorders","V Mental and behavioural disorders (F5_)",0.0416840588148059,0.0917497,0.0450491,1.38003,0.213293,1525,444414,FALSE,0.0482774669588755,130
"BMI_IRN","Body-mass index, inverse-rank normalized","Quantitative endpoints",0.0419189118007582,-0.00543401,0.00267115,1.37759,0.213264,362327,0,FALSE,0.0482774669588755,131
"D3_VONVILLEBRAND","Von Willebrand disease","III Diseases of the blood and blood-forming organs and certain disorders involving the immune mechanism (D3_)",0.0420833205355916,0.16409,0.0807252,1.37589,0.213152,473,492275,FALSE,0.0482774669588755,132
"D3_CVIDNAS","Other or unspecified common variable immunodeficiency","III Diseases of the blood and blood-forming organs and certain disorders involving the immune mechanism (D3_)",0.0425294728797664,0.322152,0.158829,1.37131,0.213193,118,492311,FALSE,0.0482774669588755,133
"M13_ARTHROSIS_KNEE","Gonarthrosis","XIII Diseases of the musculoskeletal system and connective tissue (M13_)",0.0434360175570799,0.0165792,0.00820955,1.36215,0.212848,61356,315115,FALSE,0.0482774669588755,134
"E4_LIPODEF","Lipoprotein deficiency","IV Endocrine, nutritional and metabolic diseases (E4_)",0.0435893105643165,-0.419529,0.207892,1.36062,0.213392,68,420066,FALSE,0.0482774669588755,135
"G6_SLEEPAPNO","Sleep apnoea","VI Diseases of the nervous system (G6_)",0.0439977026202603,-0.0157728,0.00783115,1.35657,0.213241,56885,441137,FALSE,0.0482774669588755,136
"M13_ARTHROPATHIES","Arthropathies","XIII Diseases of the musculoskeletal system and connective tissue (M13_)",0.0440392586991011,0.0106487,0.0052881,1.35616,0.213207,185233,315115,FALSE,0.0482774669588755,137
"M13_CALCIFICTEND","Calcific tendinitis of shoulder","XIII Diseases of the musculoskeletal system and connective tissue (M13_)",0.044136714346344,0.0726401,0.0360892,1.3552,0.212755,2319,357549,FALSE,0.0482774669588755,138
"C3_SMALL_INTESTINE_NEUROENDOCRINE_EXALLC","Neuroendocrine tumor and carcinoma of small intestine, excluding all cancers (controls excluding all cancers)","II Neoplasms, from cancer register (ICD-O-3)",0.0444314002302947,0.165259,0.0822188,1.35231,0.2134,442,378749,FALSE,0.0482774669588755,139
"KELA_DIAB_INSUL_EXMORE","Diabetes, insulin treatment (Kela reimbursement) (more control exclusions)","Diabetes endpoints",0.0445707559422855,-0.0146317,0.00728424,1.35095,0.213236,77557,403479,FALSE,0.0482774669588755,140
"J10_LOWCHRON","Chronic lower respiratory diseases","X Diseases of the respiratory system (J10_)",0.0447837029026411,0.0128735,0.00641533,1.34888,0.213207,91278,409070,FALSE,0.0482774669588755,141
"CD2_BENIGN_RIBS_STERNUM_CLAVICLE","Benign neoplasm: Ribs, sternum and clavicle","II Neoplasms from hospital discharges (CD2_)",0.0462732496560653,-0.381001,0.19118,1.33467,0.213207,81,500267,FALSE,0.0495319292093093,142
"C3_THYMUS_EXALLC","Malignant neoplasm of thymus, excluding all cancers (controls excluding all cancers)","II Neoplasms, from cancer register (ICD-O-3)",0.046862990599764,0.300798,0.151342,1.32917,0.213384,131,378749,FALSE,0.04971822159936,143
"I9_THAORTANEUR","Thoracic aortic aneurysm","IX Diseases of the circulatory system (I9_)",0.04711725706219,-0.0487262,0.0245442,1.32682,0.213283,5108,463106,FALSE,0.04971822159936,144
"CHRONIC_DRUGADVERS_INTERSTITIAL_LUNG_DISORD","Chronic drug-induced interstitial lung disorders","X Diseases of the respiratory system (J10_)",0.0474285666572842,0.475506,0.239857,1.32396,0.213207,51,500297,FALSE,0.04971822159936,145
"C3_KIDNEY_CHROMOPHOBE_EXALLC","Chromophobe cell carcinoma of kidney, excluding all cancers (controls excluding all cancers)","II Neoplasms, from cancer register (ICD-O-3)",0.0481393254000145,-0.276697,0.140019,1.3175,0.213347,153,378749,FALSE,0.0499712254700487,146
"L12_URTICA_DERTMATOG","Dermatographic urticaria","XII Diseases of the skin and subcutaneous tissue (L12_)",0.0485176771219257,0.0672336,0.0340802,1.3141,0.213141,2596,482901,FALSE,0.0499712254700487,147
"H7_CENTRRETARTOCC","Central retinal artery occlusion","VII Diseases of the eye and adnexa (H7_)",0.0487674446805733,0.125269,0.0635684,1.31187,0.213122,746,455449,FALSE,0.0499712254700487,148
"CD2_BENIGN_CHOROID","Benign neoplasm: Choroid","II Neoplasms from hospital discharges (CD2_)",0.0490862663948428,-0.0759458,0.0385935,1.30904,0.213207,2024,498324,FALSE,0.0499712254700487,149
"D3_ANAEMIAINCHRONICDISEASE","Anaemia in chronic diseases classified elsewhere","III Diseases of the blood and blood-forming organs and certain disorders involving the immune mechanism (D3_)",0.0498069559749252,-0.120109,0.0612299,1.30271,0.213172,805,479581,FALSE,0.0499712254700487,150
"D3_ACQPUREREDCLLAPLASIA","Acquired pure red cell aplasia [erythroblastopenia]","III Diseases of the blood and blood-forming organs and certain disorders involving the immune mechanism (D3_)",0.0499367184900557,0.270561,0.138006,1.30158,0.213225,154,479581,FALSE,0.0499712254700487,151
"F5_BIPO","Bipolar affective disorders","V Mental and behavioural disorders (F5_)",0.0499712254700487,-0.0383835,0.0195813,1.30128,0.213331,8946,434831,FALSE,0.0499712254700487,152
"AB1TUBERCU_MILIARY","Miliary tuberculosis","I Certain infectious and parasitic diseases (AB1_)",NA,NA,NA,NA,NA,60,497285,NA,NA,153
"AB1_ACTINOMYCOSIS","Actinomycosis","I Certain infectious and parasitic diseases (AB1_)",NA,NA,NA,NA,NA,124,439048,NA,NA,154
"AB1_AMOEBIASIS","Amoebiasis","I Certain infectious and parasitic diseases (AB1_)",NA,NA,NA,NA,NA,197,444292,NA,NA,155
"AB1_ANOGENITAL_HERPES_SIMPLEX","Anogenital herpesviral [herpes simplex] infection","I Certain infectious and parasitic diseases (AB1_)",NA,NA,NA,NA,NA,2510,485458,NA,NA,156
"AB1_ASPERGILLOSIS","Aspergillosis","I Certain infectious and parasitic diseases (AB1_)",NA,NA,NA,NA,NA,260,488977,NA,NA,157
"AB1_BACTINF_NOS","Bacterial infection, other or unspecified","I Certain infectious and parasitic diseases (AB1_)",NA,NA,NA,NA,NA,25506,439048,NA,NA,158
"AB1_BACT_BIR_OTHER_INF_AGENTS","Bacterial, viral and other infectious agents","I Certain infectious and parasitic diseases (AB1_)",NA,NA,NA,NA,NA,3521,496827,NA,NA,159
"AB1_BACT_INTEST_OTH","Other bacterial intestinal infections","I Certain infectious and parasitic diseases (AB1_)",NA,NA,NA,NA,NA,7671,444292,NA,NA,160
"AB1_CANDIDIASIS","Candidiasis","I Certain infectious and parasitic diseases (AB1_)",NA,NA,NA,NA,NA,5341,488977,NA,NA,161
"AB1_CHLAMYDIA_OTHER","Other sexually transmitted chlamydial diseases","I Certain infectious and parasitic diseases (AB1_)",NA,NA,NA,NA,NA,2782,485458,NA,NA,162
"AB1_CHOLERA","Cholera","I Certain infectious and parasitic diseases (AB1_)",NA,NA,NA,NA,NA,1571,444292,NA,NA,163
"AB1_DENGUE_FEVER","Dengue fever [classical dengue]","I Certain infectious and parasitic diseases (AB1_)",NA,NA,NA,NA,NA,64,496577,NA,NA,164
"AB1_DIBTHERIA","Diphtheria","I Certain infectious and parasitic diseases (AB1_)",NA,NA,NA,NA,NA,54,439048,NA,NA,165
"AB1_EARLY_SYPHILIS","Early syphilis","I Certain infectious and parasitic diseases (AB1_)",NA,NA,NA,NA,NA,394,485458,NA,NA,166
"AB1_EBV","Infectious mononucleosis","I Certain infectious and parasitic diseases (AB1_)",NA,NA,NA,NA,NA,3838,486087,NA,NA,167
"AB1_ENTEROBIASIS","Enterobiasis","I Certain infectious and parasitic diseases (AB1_)",NA,NA,NA,NA,NA,145,499726,NA,NA,168
"AB1_ERYSIPELAS","Erysipelas","I Certain infectious and parasitic diseases (AB1_)",NA,NA,NA,NA,NA,27918,439048,NA,NA,169
"AB1_GASTROENTERITIS_NOS","Diarrhoea and gastroenteritis of presumed infectious origin","I Certain infectious and parasitic diseases (AB1_)",NA,NA,NA,NA,NA,39997,444292,NA,NA,170
"AB1_HELMINTIASES","Helminthiases","I Certain infectious and parasitic diseases (AB1_)",NA,NA,NA,NA,NA,622,499726,NA,NA,171
"AB1_HEPATITIS_A","Acute hepatitis A","I Certain infectious and parasitic diseases (AB1_)",NA,NA,NA,NA,NA,148,497572,NA,NA,172
"AB1_HEPATITIS_B","Acute hepatitis B","I Certain infectious and parasitic diseases (AB1_)",NA,NA,NA,NA,NA,148,497572,NA,NA,173
"AB1_HERPES_SIMPLEX","Herpesviral [herpes simplex] infections","I Certain infectious and parasitic diseases (AB1_)",NA,NA,NA,NA,NA,4677,480316,NA,NA,174
"AB1_HIV_INFECT_PARASITES","Human immunodeficiency virus [HIV] disease resulting in infectious and parasitic diseases","I Certain infectious and parasitic diseases (AB1_)",NA,NA,NA,NA,NA,78,499754,NA,NA,175
"AB1_HIV_NOS","Unspecified human immunodeficiency virus [HIV] disease","I Certain infectious and parasitic diseases (AB1_)",NA,NA,NA,NA,NA,299,499754,NA,NA,176
"AB1_INTESTINAL_INFECTIONS","Intestinal infectious diseases","I Certain infectious and parasitic diseases (AB1_)",NA,NA,NA,NA,NA,56056,444292,NA,NA,177
"AB1_LATE_SYPHILIS","Late syphilis","I Certain infectious and parasitic diseases (AB1_)",NA,NA,NA,NA,NA,431,485458,NA,NA,178
"AB1_LISTERIOSIS","Listeriosis","I Certain infectious and parasitic diseases (AB1_)",NA,NA,NA,NA,NA,150,439048,NA,NA,179
"AB1_LYME","Lyme disease","I Certain infectious and parasitic diseases (AB1_)",NA,NA,NA,NA,NA,10516,489832,NA,NA,180
"AB1_MALARIA","Malaria","I Certain infectious and parasitic diseases (AB1_)",NA,NA,NA,NA,NA,170,499430,NA,NA,181
"AB1_MALARIA_FALCIPARIUM","Plasmodium falciparum malaria","I Certain infectious and parasitic diseases (AB1_)",NA,NA,NA,NA,NA,80,499430,NA,NA,182
"AB1_MALARIA_NOS","Other parasitologically confirmed or unspecified malaria","I Certain infectious and parasitic diseases (AB1_)",NA,NA,NA,NA,NA,75,499430,NA,NA,183
"AB1_MENINGOCOCCAL","Meningococcal infection","I Certain infectious and parasitic diseases (AB1_)",NA,NA,NA,NA,NA,282,439048,NA,NA,184
"AB1_MUMPS","Mumps","I Certain infectious and parasitic diseases (AB1_)",NA,NA,NA,NA,NA,995,486087,NA,NA,185
"AB1_MYCOSES","Mycoses","I Certain infectious and parasitic diseases (AB1_)",NA,NA,NA,NA,NA,11371,488977,NA,NA,186
"AB1_MYSOSIS_NOS","Other mycoses, not elsewhere classified/unspecified","I Certain infectious and parasitic diseases (AB1_)",NA,NA,NA,NA,NA,99,488977,NA,NA,187
"AB1_OTHER_BACTERIAL","Other bacterial diseases","I Certain infectious and parasitic diseases (AB1_)",NA,NA,NA,NA,NA,61300,439048,NA,NA,188
"AB1_OTHER_BACT_INOTHER","Other bacterial agents as the cause of diseases classified to other chapters","I Certain infectious and parasitic diseases (AB1_)",NA,NA,NA,NA,NA,346,496827,NA,NA,189
"AB1_OTHER_CESTODE","Other cestode infections","I Certain infectious and parasitic diseases (AB1_)",NA,NA,NA,NA,NA,121,499726,NA,NA,190
"AB1_OTHER_CHLAMYDIAE","Other diseases caused by chlamydiae","I Certain infectious and parasitic diseases (AB1_)",NA,NA,NA,NA,NA,426,499922,NA,NA,191
"AB1_OTHER_CONDITIONS","Human immunodeficiency virus [HIV] disease resulting in other conditions","I Certain infectious and parasitic diseases (AB1_)",NA,NA,NA,NA,NA,530,499754,NA,NA,192
"AB1_OTHER_INFECTIONS","Other infectious diseases","I Certain infectious and parasitic diseases (AB1_)",NA,NA,NA,NA,NA,3031,497317,NA,NA,193
"AB1_OTHER_INFESTATIONS","Other infestations","I Certain infectious and parasitic diseases (AB1_)",NA,NA,NA,NA,NA,71,498117,NA,NA,194
"AB1_OTHER_MOSQUITO_FEVER","Other mosquito-borne viral fevers","I Certain infectious and parasitic diseases (AB1_)",NA,NA,NA,NA,NA,75,496577,NA,NA,195
"AB1_OTHER_MYCOBAC","Infection due to other mycobacteria","I Certain infectious and parasitic diseases (AB1_)",NA,NA,NA,NA,NA,534,439048,NA,NA,196
"AB1_OTHER_PROTOZOAL","Other protozoal intestinal diseases","I Certain infectious and parasitic diseases (AB1_)",NA,NA,NA,NA,NA,497,444292,NA,NA,197
"AB1_OTHER_SEPSIS","Other septicaemia","I Certain infectious and parasitic diseases (AB1_)",NA,NA,NA,NA,NA,17133,439048,NA,NA,198
"AB1_OTHER_SPIROCHAETAL","Other spirochaetal diseases","I Certain infectious and parasitic diseases (AB1_)",NA,NA,NA,NA,NA,10678,489670,NA,NA,199
"AB1_OTHER_SUPERF_MYCOSIS","Other superficial mycoses","I Certain infectious and parasitic diseases (AB1_)",NA,NA,NA,NA,NA,742,488977,NA,NA,200
"AB1_OTHER_VIRAL","Other viral diseases","I Certain infectious and parasitic diseases (AB1_)",NA,NA,NA,NA,NA,14261,486087,NA,NA,201
"AB1_PARASITIC_NOS","Unspecified parasitic disease","I Certain infectious and parasitic diseases (AB1_)",NA,NA,NA,NA,NA,286,498117,NA,NA,202
"AB1_PEDICULOSIS_ACARIASIS_OTHERINFEST","Pediculosis, acariasis and other infestations","I Certain infectious and parasitic diseases (AB1_)",NA,NA,NA,NA,NA,2231,498117,NA,NA,203
"AB1_PEDICULOSIS_AND_PHTHIRIAASIS","Pediculosis and phthiriasis","I Certain infectious and parasitic diseases (AB1_)",NA,NA,NA,NA,NA,109,498117,NA,NA,204
"AB1_PNEUMOCYSTOSIS","Pneumocystosis","I Certain infectious and parasitic diseases (AB1_)",NA,NA,NA,NA,NA,513,499430,NA,NA,205
"AB1_POLIOMYELITIS","Acute poliomyelitis","I Certain infectious and parasitic diseases (AB1_)",NA,NA,NA,NA,NA,469,497501,NA,NA,206
"AB1_PROTOZOAL","Protozoal diseases","I Certain infectious and parasitic diseases (AB1_)",NA,NA,NA,NA,NA,918,499430,NA,NA,207
"AB1_RELAP_FEVER","Relapsing fevers","I Certain infectious and parasitic diseases (AB1_)",NA,NA,NA,NA,NA,74,489670,NA,NA,208
"AB1_RESP_TUBERCU_CONF","Respiratory tuberculosis, confirmed","I Certain infectious and parasitic diseases (AB1_)",NA,NA,NA,NA,NA,689,497285,NA,NA,209
"AB1_RESP_TUBERCU_NONCONF","Respiratory tuberculosis, not confirmed","I Certain infectious and parasitic diseases (AB1_)",NA,NA,NA,NA,NA,1638,497285,NA,NA,210
"AB1_RICKETTSIOSES","Rickettsioses","I Certain infectious and parasitic diseases (AB1_)",NA,NA,NA,NA,NA,61,500287,NA,NA,211
"AB1_RUBELLA","Rubella [German measles]","I Certain infectious and parasitic diseases (AB1_)",NA,NA,NA,NA,NA,1264,480316,NA,NA,212
"AB1_SALMONELLA_OTH","Other salmonella infections","I Certain infectious and parasitic diseases (AB1_)",NA,NA,NA,NA,NA,1411,444292,NA,NA,213
"AB1_SCABIES","Scabies","I Certain infectious and parasitic diseases (AB1_)",NA,NA,NA,NA,NA,1690,498117,NA,NA,214
"AB1_SCARLET_FEVER","Scarlet fever","I Certain infectious and parasitic diseases (AB1_)",NA,NA,NA,NA,NA,257,439048,NA,NA,215
"AB1_SEQULAE_INF_NOS","Sequelae of other and unspecified infectious and parasitic diseases","I Certain infectious and parasitic diseases (AB1_)",NA,NA,NA,NA,NA,2203,497160,NA,NA,216
"AB1_SEQULAE_POLIO","Sequelae of poliomyelitis","I Certain infectious and parasitic diseases (AB1_)",NA,NA,NA,NA,NA,265,497160,NA,NA,217
"AB1_SEQULAE_TUBERCU","Sequelae of tuberculosis","I Certain infectious and parasitic diseases (AB1_)",NA,NA,NA,NA,NA,727,497160,NA,NA,218
"AB1_SEQULEAE_OF_INFECTIONS_AND_PARASITES","Sequelae of infectious and parasitic diseases","I Certain infectious and parasitic diseases (AB1_)",NA,NA,NA,NA,NA,3188,497160,NA,NA,219
"AB1_SEXUAL_TRANSMISSION","Infections with a predominantly sexual mode of transmission","I Certain infectious and parasitic diseases (AB1_)",NA,NA,NA,NA,NA,14890,485458,NA,NA,220
"AB1_SEXUAL_TRANSMISSION_NOS","Other predominantly sexually transmitted diseases, not elsewhere classified","I Certain infectious and parasitic diseases (AB1_)",NA,NA,NA,NA,NA,7854,485458,NA,NA,221
"AB1_SHIGELLOSIS","Shigellosis","I Certain infectious and parasitic diseases (AB1_)",NA,NA,NA,NA,NA,109,444292,NA,NA,222
"AB1_STREPTO_SEPSIS","Streptococcal septicaemia","I Certain infectious and parasitic diseases (AB1_)",NA,NA,NA,NA,NA,3239,439048,NA,NA,223
"AB1_STREPTSTAPHYCOCC_INOTHER","Streptococcus and staphylococcus as the cause of diseases classified to other chapters","I Certain infectious and parasitic diseases (AB1_)",NA,NA,NA,NA,NA,195,496827,NA,NA,224
"AB1_SYPHILIS","Syphilis","I Certain infectious and parasitic diseases (AB1_)",NA,NA,NA,NA,NA,869,485458,NA,NA,225
"AB1_SYPHILIS_NOS","Other and unspecified syphilis","I Certain infectious and parasitic diseases (AB1_)",NA,NA,NA,NA,NA,87,485458,NA,NA,226
"AB1_TICK_BORNE_ENCEPHALITIS","Tick-borne viral encephalitis","I Certain infectious and parasitic diseases (AB1_)",NA,NA,NA,NA,NA,122,497501,NA,NA,227
"AB1_TOXOPLASMOSIS","Toxoplasmosis","I Certain infectious and parasitic diseases (AB1_)",NA,NA,NA,NA,NA,199,499430,NA,NA,228
"AB1_TRICHOMONIASIS","Trichomoniasis","I Certain infectious and parasitic diseases (AB1_)",NA,NA,NA,NA,NA,274,485458,NA,NA,229
"AB1_TUBERCULOSIS","Tuberculosis, wide","I Certain infectious and parasitic diseases (AB1_)",NA,NA,NA,NA,NA,3063,497285,NA,NA,230
"AB1_TUBERCU_OTH_ORG","Tuberculosis of other organs, strict","I Certain infectious and parasitic diseases (AB1_)",NA,NA,NA,NA,NA,881,497285,NA,NA,231
"AB1_TULARAEMIA","Tularaemia","I Certain infectious and parasitic diseases (AB1_)",NA,NA,NA,NA,NA,451,499698,NA,NA,232
"AB1_TYPHOIDPARATHYPHOID","Typhoid and paratyphoid fevers","I Certain infectious and parasitic diseases (AB1_)",NA,NA,NA,NA,NA,161,444292,NA,NA,233
"AB1_VARICELLA","Varicella [chickenpox]","I Certain infectious and parasitic diseases (AB1_)",NA,NA,NA,NA,NA,1808,480316,NA,NA,234
"AB1_VIRAAL_CONJUNCT","Viral conjunctivitis","I Certain infectious and parasitic diseases (AB1_)",NA,NA,NA,NA,NA,766,486087,NA,NA,235
"AB1_VIRAL_ENCEPHALITIS_NOS","Viral encephalitis, not elsewhere classified/unspecified","I Certain infectious and parasitic diseases (AB1_)",NA,NA,NA,NA,NA,704,497501,NA,NA,236
"AB1_VIRAL_HEMOR_FEVER_NOS","Viral haemorrhagic fevers, not elsewhere classified/unspecified","I Certain infectious and parasitic diseases (AB1_)",NA,NA,NA,NA,NA,3042,496577,NA,NA,237
"AB1_VIRAL_HEPATITIS","Viral hepatitis","I Certain infectious and parasitic diseases (AB1_)",NA,NA,NA,NA,NA,2776,497572,NA,NA,238
"AB1_VIRAL_INOTHER","Viral agents as the cause of diseases classified to other chapters","I Certain infectious and parasitic diseases (AB1_)",NA,NA,NA,NA,NA,752,496827,NA,NA,239
"AB1_VIRAL_NOS","Other viral diseases, not elsewhere classified","I Certain infectious and parasitic diseases (AB1_)",NA,NA,NA,NA,NA,8325,486087,NA,NA,240
"AB1_VIRAL_OTHER_INTEST_INFECTIONS","Viral and other specified intestinal infections","I Certain infectious and parasitic diseases (AB1_)",NA,NA,NA,NA,NA,11050,444292,NA,NA,241
"AB1_VIRAL_SKIN_MUCOUS_MEMBRANE","Viral infections characterized by skin and mucous membrane lesions","I Certain infectious and parasitic diseases (AB1_)",NA,NA,NA,NA,NA,20032,480316,NA,NA,242
"AB1_VIRAL_SKIN_NOS","Other viral infections characterized by skin and mucous membrane lesions, not elsewhere classified","I Certain infectious and parasitic diseases (AB1_)",NA,NA,NA,NA,NA,1449,480316,NA,NA,243
"AB1_VIRAL_WARTS","Viral warts","I Certain infectious and parasitic diseases (AB1_)",NA,NA,NA,NA,NA,4044,480316,NA,NA,244
"AB1_VIRAN_CNS_INFECTIONS_NOS","Viral infections of central nervous system, not elsewhere classified/unspecified","I Certain infectious and parasitic diseases (AB1_)",NA,NA,NA,NA,NA,406,497501,NA,NA,245
"AB1_WHOOPCOUGH","Whooping cough","I Certain infectious and parasitic diseases (AB1_)",NA,NA,NA,NA,NA,222,439048,NA,NA,246
"AB1_ZOONOTIC_BACTERIAL","Certain zoonotic bacterial diseases","I Certain infectious and parasitic diseases (AB1_)",NA,NA,NA,NA,NA,650,499698,NA,NA,247
"AB1_ZOSTER","Zoster [herpes zoster]","I Certain infectious and parasitic diseases (AB1_)",NA,NA,NA,NA,NA,7132,480316,NA,NA,248
"ABDOM_HERNIA","Hernia of abdominal wall","XI Diseases of the digestive system (K11_)",NA,NA,NA,NA,NA,21210,479138,NA,NA,249
"ABDOM_HERNIA_POSTOP","Hernia of abdominal wall, postoperative","XI Diseases of the digestive system (K11_)",NA,NA,NA,NA,NA,8152,277113,NA,NA,250
"ABPA","Allergic bronchopulmonary aspergillosis (ABPA)","COPD and related endpoints",NA,NA,NA,NA,NA,123,180057,NA,NA,251
"ACUTE_DRUGADVERS_INTERSTITIAL_LUNG_DISORD","Acute drug-induced interstitial lung disorder","X Diseases of the respiratory system (J10_)",NA,NA,NA,NA,NA,245,500103,NA,NA,252
"AD_AM_EXMORE","Alzheimer’s disease (Atypical or mixed) (more control exclusions)","Neurological endpoints",NA,NA,NA,NA,NA,3403,216472,NA,NA,253
"AD_EO_EXMORE","Alzheimer’s disease (Early onset) (more control exclusions)","Neurological endpoints",NA,NA,NA,NA,NA,1820,216472,NA,NA,254
"AD_LO_EXMORE","Alzheimer’s disease (Late onset) (more control exclusions)","Neurological endpoints",NA,NA,NA,NA,NA,9690,216472,NA,NA,255
"AD_U_EXMORE","Alzheimer’s disease (undefined) (more control exclusions)","Neurological endpoints",NA,NA,NA,NA,NA,502,216472,NA,NA,256
"ALCODELIRIUM","Alcohol withdrawal state with delirium ","V Mental and behavioural disorders (F5_)",NA,NA,NA,NA,NA,2605,497743,NA,NA,257
"ALCOHOLACUTE10","Acute alcohol intoxication, ICD10","Alcohol related diseases",NA,NA,NA,NA,NA,8774,489910,NA,NA,258
"ALCOPANCACU","Alcohol-induced acute pancreatitis","Alcohol related diseases",NA,NA,NA,NA,NA,1286,499062,NA,NA,259
"ALCOPANCCHRON","Alcohol-induced chronic pancreatitis","Alcohol related diseases",NA,NA,NA,NA,NA,2400,497948,NA,NA,260
"ALCO_PRESCRIPTION","Use of disulfiram, acamprosate or naltrexone","Alcohol related diseases",NA,NA,NA,NA,NA,3513,496835,NA,NA,261
"ALLERGIC_CONTACT_DERMA_DRUGS_CONTACT_W_SKIN","Allergic contact dermatitis due to drugs in contact with skin","XII Diseases of the skin and subcutaneous tissue (L12_)",NA,NA,NA,NA,NA,792,499556,NA,NA,262
"ALLERG_ASTHMA","Allergic asthma (mode)","Asthma and related endpoints",NA,NA,NA,NA,NA,13450,270290,NA,NA,263
"ALLERG_RHINITIS","Allergic rhinitis","Comorbidities of Asthma",NA,NA,NA,NA,NA,15569,474650,NA,NA,264
"AMN2","Transient global amnesia","Neurological endpoints",NA,NA,NA,NA,NA,3315,471699,NA,NA,265
"ANAPH_SHOCK_ADVER_EFFECT_CORRE_DRUG_MEDICAM_PROPE_ADMINISTE","Anaphylactic shock due to adverse effect of correct drug or medication properly administered","XIX Injury, poisoning and certain other consequences of external causes (ST19_)",NA,NA,NA,NA,NA,407,499941,NA,NA,266
"ANOSMIA","Anosmia","Comorbidities of Neurological endpoints",NA,NA,NA,NA,NA,980,111976,NA,NA,267
"ANTIDEPRESSANTS","Depression medications","Comorbidities of Neurological endpoints",NA,NA,NA,NA,NA,149403,111976,NA,NA,268
"APPENDACUT_COMPLIC","Acute appendicitis, with complications","XI Diseases of the digestive system (K11_)",NA,NA,NA,NA,NA,8921,458424,NA,NA,269
"APPENDACUT_NOCOMPLIC","Acute appendicitis, no complications","XI Diseases of the digestive system (K11_)",NA,NA,NA,NA,NA,30012,458424,NA,NA,270
"ARTHRO_SPEC","Other specific arthropathies, wide","Rheuma endpoints",NA,NA,NA,NA,NA,811,374317,NA,NA,271
"ARTRHO_POSTDYSENTERIC","Postdysenteric arthropathy","Rheuma endpoints",NA,NA,NA,NA,NA,340,497416,NA,NA,272
"ASTHMA_ACUTE_RESPIRATORY_INFECTIONS","Asthma-related acute respiratory infections","Asthma and related endpoints",NA,NA,NA,NA,NA,22761,441248,NA,NA,273
"ASTHMA_ALLERG","Asthma and allergy","Asthma and related endpoints",NA,NA,NA,NA,NA,6883,267434,NA,NA,274
"ASTHMA_CHILD_EXMORE","Childhood asthma (age<16) (more control exclusions)","Asthma and related endpoints",NA,NA,NA,NA,NA,8402,259839,NA,NA,275
"ASTHMA_EOSINOPHIL_SUGG","Suggestive for eosinophilic asthma","Comorbidities of Asthma",NA,NA,NA,NA,NA,3565,441248,NA,NA,276
"ASTHMA_MIXED_EXMORE","Asthma mixed form (mode) (more control exclusions)","Asthma and related endpoints",NA,NA,NA,NA,NA,2407,259839,NA,NA,277
"ASTHMA_OBESITY","Obesity related asthma","Comorbidities of Asthma",NA,NA,NA,NA,NA,15107,441248,NA,NA,278
"ASTHMA_OPPORTUNIST_INFECTIONS","Asthma and opportunity respiratory infection","Asthma and related endpoints",NA,NA,NA,NA,NA,1606,441248,NA,NA,279
"AUD","Alcohol use disorder, ICD-based","V Mental and behavioural disorders (F5_)",NA,NA,NA,NA,NA,20597,479751,NA,NA,280
"AUD_SWEDISH","Alcohol use disorder, Swedish definition","Alcohol related diseases",NA,NA,NA,NA,NA,28861,471487,NA,NA,281
"AUTOHEP","Autoimmune hepatitis","XI Diseases of the digestive system (K11_)",NA,NA,NA,NA,NA,264,372273,NA,NA,282
"AUTOIMMUNE","Autoimmune diseases","Diseases marked as autimmune origin",NA,NA,NA,NA,NA,128075,372273,NA,NA,283
"AUTOIMMUNE_HYPERTHYROIDISM","Autoimmune hyperthyroidism","IV Endocrine, nutritional and metabolic diseases (E4_)",NA,NA,NA,NA,NA,2469,370637,NA,NA,284
"AUTOIMMUNE_NONTHYROID","Autoimmune diseases excluding thyroid diseases","Diseases marked as autimmune origin",NA,NA,NA,NA,NA,70570,371089,NA,NA,285
"BACT_INTEST_INFECTION_NOS","Other specified/unspecified bacterial intestinal infections","I Certain infectious and parasitic diseases (AB1_)",NA,NA,NA,NA,NA,2356,492689,NA,NA,286
"BLEEDING","Bleeding","Miscellaneous, not yet classified endpoints",NA,NA,NA,NA,NA,49027,451321,NA,NA,287
"C3_ADRENAL_GLAND_EXALLC","Malignant neoplasm of adrenal gland, excluding all cancers (controls excluding all cancers)","II Neoplasms, from cancer register (ICD-O-3)",NA,NA,NA,NA,NA,242,378749,NA,NA,288
"C3_ALL_EXALLC","Acute lymphocytic leukaemia, excluding all cancers (controls excluding all cancers)","II Neoplasms, from cancer register (ICD-O-3)",NA,NA,NA,NA,NA,214,378748,NA,NA,289
"C3_AML_MDS","Acute myeloid leukaemia and myelodysplastic syndromes","II Neoplasms, from cancer register (ICD-O-3)",NA,NA,NA,NA,NA,602,499746,NA,NA,290
"C3_AML_MDS_EXALLC","Acute myeloid leukaemia and myelodysplastic syndromes, excluding all cancers (controls excluding all cancers)","II Neoplasms, from cancer register (ICD-O-3)",NA,NA,NA,NA,NA,1249,378296,NA,NA,291
"C3_ANUS_ANALCANAL_EXALLC","Malignant neoplasm of anus and anal canal, excluding all cancers (controls excluding all cancers)","II Neoplasms, from cancer register (ICD-O-3)",NA,NA,NA,NA,NA,405,378749,NA,NA,292
"C3_ASTROCYTOMA_EXALLC","Brain astrocytoma, excluding all cancers (controls excluding all cancers)","II Neoplasms, from cancer register (ICD-O-3)",NA,NA,NA,NA,NA,138,378749,NA,NA,293
"C3_BASAL_CELL_CARCINOMA_EXALLC","Basal cell carcinoma, excluding all cancers (controls excluding all cancers)","II Neoplasms, from cancer register (ICD-O-3)",NA,NA,NA,NA,NA,26272,378749,NA,NA,294
"C3_BASAL_CELL_CARCINOMA_INCLAVO_EXALLC","Basal cell carcinoma, including avohilmo, excluding all cancers (controls excluding all cancers)","II Neoplasms, from cancer register (ICD-O-3)",NA,NA,NA,NA,NA,27001,378270,NA,NA,295
"C3_BLADDER_EXALLC","Malignant neoplasm of bladder, excluding all cancers (controls excluding all cancers)","II Neoplasms, from cancer register (ICD-O-3)",NA,NA,NA,NA,NA,4852,378749,NA,NA,296
"C3_BONE_CARTILAGE_EXALLC","Malignant neoplasm of bone and articular cartilage, excluding all cancers (controls excluding all cancers)","II Neoplasms, from cancer register (ICD-O-3)",NA,NA,NA,NA,NA,648,378749,NA,NA,297
"C3_BRAIN_EXALLC","Malignant neoplasm of brain, excluding all cancers (controls excluding all cancers)","II Neoplasms, from cancer register (ICD-O-3)",NA,NA,NA,NA,NA,1894,378749,NA,NA,298
"C3_BREAST_ERNEG_EXALLC","Malignant neoplasm of breast, ER-negative, excluding all cancers (controls excluding all cancers)","II Neoplasms, from cancer register (ICD-O-3)",NA,NA,NA,NA,NA,9724,221705,NA,NA,299
"C3_BREAST_ERPLUS_EXALLC","Malignant neoplasm of breast, ER-positive, excluding all cancers (controls excluding all cancers)","II Neoplasms, from cancer register (ICD-O-3)",NA,NA,NA,NA,NA,14540,221705,NA,NA,300
"C3_BREAST_EXALLC","Malignant neoplasm of breast, excluding all cancers (controls excluding all cancers)","II Neoplasms, from cancer register (ICD-O-3)",NA,NA,NA,NA,NA,24270,222078,NA,NA,301
"C3_BRONCHUS_LUNG_EXALLC","Malignant neoplasm of bronchus and lung, excluding all cancers (controls excluding all cancers)","II Neoplasms, from cancer register (ICD-O-3)",NA,NA,NA,NA,NA,9639,378749,NA,NA,302
"C3_CANCER_EXALLC","Malignant neoplasm, excluding all cancers (controls excluding all cancers)","II Neoplasms, from cancer register (ICD-O-3)",NA,NA,NA,NA,NA,121495,378749,NA,NA,303
"C3_CERVIX_ADENO_EXALLC","Adenocarcinomas of cervix, excluding all cancers (controls excluding all cancers)","II Neoplasms, from cancer register (ICD-O-3)",NA,NA,NA,NA,NA,142,222078,NA,NA,304
"C3_CERVIX_SQUAM_EXALLC","Squamous cell neoplasms and carcinoma of cervix, excluding all cancers (controls excluding all cancers)","II Neoplasms, from cancer register (ICD-O-3)",NA,NA,NA,NA,NA,222,222078,NA,NA,305
"C3_CERVIX_UTERI_EXALLC","Malignant neoplasm of cervix uteri, excluding all cancers (controls excluding all cancers)","II Neoplasms, from cancer register (ICD-O-3)",NA,NA,NA,NA,NA,878,222078,NA,NA,306
"C3_CHONDROSARCOMA_EXALLC","Chondrosarcoma, excluding all cancers (controls excluding all cancers)","II Neoplasms, from cancer register (ICD-O-3)",NA,NA,NA,NA,NA,158,378749,NA,NA,307
"C3_CIRCULATING_LYMPHOID","Rare circulating lymphoid malignancy","II Neoplasms, from cancer register (ICD-O-3)",NA,NA,NA,NA,NA,1044,499304,NA,NA,308
"C3_CIRCULATING_LYMPHOID_EXALLC","Rare circulating lymphoid malignancy, excluding all cancers (controls excluding all cancers)","II Neoplasms, from cancer register (ICD-O-3)",NA,NA,NA,NA,NA,1044,378749,NA,NA,309
"C3_CLL_EXALLC","Chronic lymphocytic leukaemia and small lyphocytis leukaemia, excluding all cancers (controls excluding all cancers)","II Neoplasms, from cancer register (ICD-O-3)",NA,NA,NA,NA,NA,935,378742,NA,NA,310
"C3_CML_EXALLC","Chronic myeloid leukaemia, excluding all cancers (controls excluding all cancers)","II Neoplasms, from cancer register (ICD-O-3)",NA,NA,NA,NA,NA,303,378748,NA,NA,311
"C3_COLON_ADENO_EXALLC","Colon adenocarcinoma, excluding all cancers (controls excluding all cancers)","II Neoplasms, from cancer register (ICD-O-3)",NA,NA,NA,NA,NA,4478,378749,NA,NA,312
"C3_COLON_EXALLC","Malignant neoplasm of colon, excluding all cancers (controls excluding all cancers)","II Neoplasms, from cancer register (ICD-O-3)",NA,NA,NA,NA,NA,7698,378749,NA,NA,313
"C3_COLORECTAL_ADENO_EXALLC","Colorectal adenocarcinoma, excluding all cancers (controls excluding all cancers)","II Neoplasms, from cancer register (ICD-O-3)",NA,NA,NA,NA,NA,7876,378749,NA,NA,314
"C3_COLORECTAL_EXALLC","Colorectal cancer, excluding all cancers (controls excluding all cancers)","II Neoplasms, from cancer register (ICD-O-3)",NA,NA,NA,NA,NA,11790,378749,NA,NA,315
"C3_COLORECTAL_NEUROENDO_EXALLC","Colorectal neuroendocrine tumor and carcinoma, excluding all cancers (controls excluding all cancers)","II Neoplasms, from cancer register (ICD-O-3)",NA,NA,NA,NA,NA,473,378749,NA,NA,316
"C3_CORPUS_UTERI_EXALLC","Malignant neoplasm of corpus uteri, excluding all cancers (controls excluding all cancers)","II Neoplasms, from cancer register (ICD-O-3)",NA,NA,NA,NA,NA,3490,222078,NA,NA,317
"C3_DLBCL_EXALLC","Diffuse large B-cell lymphoma, excluding all cancers (controls excluding all cancers)","II Neoplasms, from cancer register (ICD-O-3)",NA,NA,NA,NA,NA,1505,378749,NA,NA,318
"C3_EPENDYDOMA_EXALLC","Ependymoma, excluding all cancers (controls excluding all cancers)","II Neoplasms, from cancer register (ICD-O-3)",NA,NA,NA,NA,NA,57,378749,NA,NA,319
"C3_EYE_ADNEXA_EXALLC","Malignant neoplasm of eye and adnexa, excluding all cancers (controls excluding all cancers)","II Neoplasms, from cancer register (ICD-O-3)",NA,NA,NA,NA,NA,554,378749,NA,NA,320
"C3_FIBROSARCOMA_EXALLC","Fibrosarcoma, excluding all cancers (controls excluding all cancers)","II Neoplasms, from cancer register (ICD-O-3)",NA,NA,NA,NA,NA,280,378749,NA,NA,321
"C3_GASTRINT_STROM_EXALLC","Gastrointestinal stromal tumor and sarcoma, excluding all cancers (controls excluding all cancers)","II Neoplasms, from cancer register (ICD-O-3)",NA,NA,NA,NA,NA,351,378695,NA,NA,322
"C3_GBM_ASTROCYTOMA_EXALLC","Brain glioblastoma and astrocytoma, excluding all cancers (controls excluding all cancers)","II Neoplasms, from cancer register (ICD-O-3)",NA,NA,NA,NA,NA,544,378749,NA,NA,323
"C3_GBM_EXALLC","Brain glioblastoma, excluding all cancers (controls excluding all cancers)","II Neoplasms, from cancer register (ICD-O-3)",NA,NA,NA,NA,NA,406,378749,NA,NA,324
"C3_HEAD_AND_NECK_EXALLC","Malignant neoplasm of head and neck, excluding all cancers (controls excluding all cancers)","II Neoplasms, from cancer register (ICD-O-3)",NA,NA,NA,NA,NA,3942,378749,NA,NA,325
"C3_HEPATOCELLU_CARC_EXALLC","Hepatocellular carcinoma, excluding all cancers (controls excluding all cancers)","II Neoplasms, from cancer register (ICD-O-3)",NA,NA,NA,NA,NA,947,378749,NA,NA,326
"C3_HYPOPHARYNX_EXALLC","Malignant neoplasm of hypopharynx, excluding all cancers (controls excluding all cancers)","II Neoplasms, from cancer register (ICD-O-3)",NA,NA,NA,NA,NA,233,378749,NA,NA,327
"C3_KAPOSI_SARCOMA_EXALLC","Kaposi sarcoma, excluding all cancers (controls excluding all cancers)","II Neoplasms, from cancer register (ICD-O-3)",NA,NA,NA,NA,NA,53,378749,NA,NA,328
"C3_KIDNEY_CLEAR_CELL_CARCINOMA_EXALLC","Clear cell adenocarcinoma of kidney, excluding all cancers (controls excluding all cancers)","II Neoplasms, from cancer register (ICD-O-3)",NA,NA,NA,NA,NA,1499,378749,NA,NA,329
"C3_KIDNEY_NOTRENALPELVIS_EXALLC","Malignant neoplasm of kidney, except renal pelvis, excluding all cancers (controls excluding all cancers)","II Neoplasms, from cancer register (ICD-O-3)",NA,NA,NA,NA,NA,3926,378749,NA,NA,330
"C3_KIDNEY_PAPILLARYADENO_EXALLC","Adenocarcinoma and Papillary adenocarcinoma of kidney, excluding all cancers (controls excluding all cancers)","II Neoplasms, from cancer register (ICD-O-3)",NA,NA,NA,NA,NA,328,378749,NA,NA,331
"C3_LEIOMYOSARCOMA_EXALLC","Leiomyosarcoma, excluding all cancers (controls excluding all cancers)","II Neoplasms, from cancer register (ICD-O-3)",NA,NA,NA,NA,NA,306,378749,NA,NA,332
"C3_LIPOSARCOMA_EXALLC","Liposarcoma, excluding all cancers (controls excluding all cancers)","II Neoplasms, from cancer register (ICD-O-3)",NA,NA,NA,NA,NA,328,378749,NA,NA,333
"C3_LIP_EXALLC","Malignant neoplasm of lip, excluding all cancers (controls excluding all cancers)","II Neoplasms, from cancer register (ICD-O-3)",NA,NA,NA,NA,NA,380,378749,NA,NA,334
"C3_LUNG_NEUROENDO_EXALLC","Neuroendocrine tumor and carcinoma of lung, excluding all cancers (controls excluding all cancers)","II Neoplasms, from cancer register (ICD-O-3)",NA,NA,NA,NA,NA,254,378749,NA,NA,335
"C3_LUNG_NONSMALL_EXALLC","Non-small cell lung cancer, excluding all cancers (controls excluding all cancers)","II Neoplasms, from cancer register (ICD-O-3)",NA,NA,NA,NA,NA,6446,378749,NA,NA,336
"C3_MACROGLOBULINEMIA_EXALLC","Waldenstrom macroglobulinemia, lymphoplasmacytic lymphoma, excluding all cancers (controls excluding all cancers)","II Neoplasms, from cancer register (ICD-O-3)",NA,NA,NA,NA,NA,230,378748,NA,NA,337
"C3_MANTLE_CELL_LYMPHOMA_EXALLC","Mantle cell lymphoma, excluding all cancers (controls excluding all cancers)","II Neoplasms, from cancer register (ICD-O-3)",NA,NA,NA,NA,NA,472,378749,NA,NA,338
"C3_MARGINAL_ZONE_LYMPHOMA_EXALLC","Marginal zone B-cell lymphoma, excluding all cancers (controls excluding all cancers)","II Neoplasms, from cancer register (ICD-O-3)",NA,NA,NA,NA,NA,513,378749,NA,NA,339
"C3_MELANOMA_EXALLC","Malignant melanoma, excluding all cancers (controls excluding all cancers)","II Neoplasms, from cancer register (ICD-O-3)",NA,NA,NA,NA,NA,6925,378368,NA,NA,340
"C3_MELANOMA_SKIN_EXALLC","Malignant melanoma of skin, excluding all cancers (controls excluding all cancers)","II Neoplasms, from cancer register (ICD-O-3)",NA,NA,NA,NA,NA,5753,378749,NA,NA,341
"C3_MENINGES_EXALLC","Malignant neoplasm of meninges, excluding all cancers (controls excluding all cancers)","II Neoplasms, from cancer register (ICD-O-3)",NA,NA,NA,NA,NA,127,378749,NA,NA,342
"C3_MENINGIOMA_EXALLC","Brain meningioma, excluding all cancers (controls excluding all cancers)","II Neoplasms, from cancer register (ICD-O-3)",NA,NA,NA,NA,NA,1835,377674,NA,NA,343
"C3_MESOTHELIOMA_EXALLC","Mesothelioma, excluding all cancers (controls excluding all cancers)","II Neoplasms, from cancer register (ICD-O-3)",NA,NA,NA,NA,NA,442,378749,NA,NA,344
"C3_MULT_MYELOMA_EXALLC","Multiple myeloma, excluding all cancers (controls excluding all cancers)","II Neoplasms, from cancer register (ICD-O-3)",NA,NA,NA,NA,NA,1608,378739,NA,NA,345
"C3_MYELODYSP_SYNDR_EXALLC","Myelodysplastic syndrome, excluding all cancers (controls excluding all cancers)","II Neoplasms, from cancer register (ICD-O-3)",NA,NA,NA,NA,NA,979,378296,NA,NA,346
"C3_MYELOMA_MONOCLONAL","Multiple myeloma, Monoclonal gammopathy of undetermined significance (MGUS)","II Neoplasms, from cancer register (ICD-O-3)",NA,NA,NA,NA,NA,831,499517,NA,NA,347
"C3_MYELOMA_MONOCLONAL_EXALLC","Multiple myeloma, Monoclonal gammopathy of undetermined significance (MGUS), excluding all cancers (controls excluding all cancers)","II Neoplasms, from cancer register (ICD-O-3)",NA,NA,NA,NA,NA,2951,377997,NA,NA,348
"C3_NASAL_CAVITY_SINUSES_EXALLC","Malignant neoplasm of nasal cavity and sinuses, excluding all cancers (controls excluding all cancers)","II Neoplasms, from cancer register (ICD-O-3)",NA,NA,NA,NA,NA,345,378749,NA,NA,349
"C3_NASOPHARYNX_EXALLC","Malignant neoplasm of nasopharynx, excluding all cancers (controls excluding all cancers)","II Neoplasms, from cancer register (ICD-O-3)",NA,NA,NA,NA,NA,152,378749,NA,NA,350
"C3_NONHODGKIN_EXALLC","Non-Hodgkin lymphoma, all, excluding all cancers (controls excluding all cancers)","II Neoplasms, from cancer register (ICD-O-3)",NA,NA,NA,NA,NA,5225,378749,NA,NA,351
"C3_NSCLC_ADENO_EXALLC","Non-small cell lung cancer, adenocarcinoma, excluding all cancers (controls excluding all cancers)","II Neoplasms, from cancer register (ICD-O-3)",NA,NA,NA,NA,NA,2219,378749,NA,NA,352
"C3_NSCLC_SQUAM_EXALLC","Non-small cell lung cancer, squamous, excluding all cancers (controls excluding all cancers)","II Neoplasms, from cancer register (ICD-O-3)",NA,NA,NA,NA,NA,1898,378749,NA,NA,353
"C3_OESOPHAGUS_EXALLC","Malignant neoplasm of oesophagus, excluding all cancers (controls excluding all cancers)","II Neoplasms, from cancer register (ICD-O-3)",NA,NA,NA,NA,NA,1277,378749,NA,NA,354
"C3_ORALCAVITY_EXALLC","Malignant neoplasm of oral cavity, excluding all cancers (controls excluding all cancers)","II Neoplasms, from cancer register (ICD-O-3)",NA,NA,NA,NA,NA,1614,378749,NA,NA,355
"C3_OROPHARYNG_EXALLC","Malignant neoplasm of oropharynx, excluding all cancers (controls excluding all cancers)","II Neoplasms, from cancer register (ICD-O-3)",NA,NA,NA,NA,NA,164,378749,NA,NA,356
"C3_OSTEOSARCOMA_EXALLC","Osteosarcoma, excluding all cancers (controls excluding all cancers)","II Neoplasms, from cancer register (ICD-O-3)",NA,NA,NA,NA,NA,132,378749,NA,NA,357
"C3_OTHER_SKIN_EXALLC","Other malignant neoplasms of skin (=non-melanoma skin cancer), excluding all cancers (controls excluding all cancers)","II Neoplasms, from cancer register (ICD-O-3)",NA,NA,NA,NA,NA,28424,378749,NA,NA,358
"C3_OVARY_ENDOMETROID_EXALLC","Endometroid carcinoma of ovary, excluding all cancers (controls excluding all cancers)","II Neoplasms, from cancer register (ICD-O-3)",NA,NA,NA,NA,NA,303,222078,NA,NA,359
"C3_OVARY_EXALLC","Malignant neoplasm of ovary, excluding all cancers (controls excluding all cancers)","II Neoplasms, from cancer register (ICD-O-3)",NA,NA,NA,NA,NA,2339,222078,NA,NA,360
"C3_OVARY_GRANULOSA_EXALLC","Granulosa cell carcinoma of ovary, excluding all cancers (controls excluding all cancers)","II Neoplasms, from cancer register (ICD-O-3)",NA,NA,NA,NA,NA,96,222078,NA,NA,361
"C3_OVARY_MUCINO_EXALLC","Mucinous and mucinous cystic tumor, excluding all cancers (controls excluding all cancers)","II Neoplasms, from cancer register (ICD-O-3)",NA,NA,NA,NA,NA,230,222078,NA,NA,362
"C3_OVARY_SEROUS_EXALLC","Serous carcinoma of ovary, excluding all cancers (controls excluding all cancers)","II Neoplasms, from cancer register (ICD-O-3)",NA,NA,NA,NA,NA,1135,222078,NA,NA,363
"C3_PANCREAS_ADENO_DUCTAL_EXALLC","Adenocarcinoma and ductal carcinoma of pancreas, excluding all cancers (controls excluding all cancers)","II Neoplasms, from cancer register (ICD-O-3)",NA,NA,NA,NA,NA,1130,378749,NA,NA,364
"C3_PANCREAS_EXALLC","Malignant neoplasm of pancreas, excluding all cancers (controls excluding all cancers)","II Neoplasms, from cancer register (ICD-O-3)",NA,NA,NA,NA,NA,3139,378749,NA,NA,365
"C3_PANCREAS_NEUROENDOCRINE_EXALLC","Neuroendocrine tumor and carcinoma of pancreas, excluding all cancers (controls excluding all cancers)","II Neoplasms, from cancer register (ICD-O-3)",NA,NA,NA,NA,NA,191,378749,NA,NA,366
"C3_PAROTIDGLAND_EXALLC","Malignant neoplasm of parotid gland, excluding all cancers (controls excluding all cancers)","II Neoplasms, from cancer register (ICD-O-3)",NA,NA,NA,NA,NA,324,378749,NA,NA,367
"C3_PENIS_EXALLC","Malignant neoplasm of penis, excluding all cancers (controls excluding all cancers)","II Neoplasms, from cancer register (ICD-O-3)",NA,NA,NA,NA,NA,210,156671,NA,NA,368
"C3_PROSTATE_EXALLC","Malignant neoplasm of prostate, excluding all cancers (controls excluding all cancers)","II Neoplasms, from cancer register (ICD-O-3)",NA,NA,NA,NA,NA,20368,156671,NA,NA,369
"C3_RECTUM_ADENO","Adenocarcinoma and papilloma adenocarcinoma of rectum","II Neoplasms, from cancer register (ICD-O-3)",NA,NA,NA,NA,NA,3461,496887,NA,NA,370
"C3_RECTUM_ADENO_MUCINO_EXALLC","Adenocarcinoma, papilloma adenocarcinoma and mucinous carcinomas of rectum, excluding all cancers (controls excluding all cancers)","II Neoplasms, from cancer register (ICD-O-3)",NA,NA,NA,NA,NA,3768,378749,NA,NA,371
"C3_RECTUM_EXALLC","Malignant neoplasm of rectum, excluding all cancers (controls excluding all cancers)","II Neoplasms, from cancer register (ICD-O-3)",NA,NA,NA,NA,NA,4844,378749,NA,NA,372
"C3_RECTUM_NEUROENDOCRINE_EXALLC","Neuroendocrine tumor and carcinoma of rectum, excluding all cancers (controls excluding all cancers)","II Neoplasms, from cancer register (ICD-O-3)",NA,NA,NA,NA,NA,121,378749,NA,NA,373
"C3_RENAL_PELVIS_EXALLC","Malignant neoplasm of renal pelvis, excluding all cancers (controls excluding all cancers)","II Neoplasms, from cancer register (ICD-O-3)",NA,NA,NA,NA,NA,391,378749,NA,NA,374
"C3_RHABDOMYOSARCOMA_EXALLC","Rhabdomyosarcoma, excluding all cancers (controls excluding all cancers)","II Neoplasms, from cancer register (ICD-O-3)",NA,NA,NA,NA,NA,59,378749,NA,NA,375
"C3_SCLC_EXALLC","Small cell lung cancer, excluding all cancers (controls excluding all cancers)","II Neoplasms, from cancer register (ICD-O-3)",NA,NA,NA,NA,NA,909,378749,NA,NA,376
"C3_SKIN_EXALLC","Malignant neoplasm of skin, excluding all cancers (controls excluding all cancers)","II Neoplasms, from cancer register (ICD-O-3)",NA,NA,NA,NA,NA,34177,378749,NA,NA,377
"C3_SMALL_INTESTINE_ADENO_EXALLC","Adenocarcinoma of small intestine, excluding all cancers (controls excluding all cancers)","II Neoplasms, from cancer register (ICD-O-3)",NA,NA,NA,NA,NA,85,378749,NA,NA,378
"C3_SMALL_INTESTINE_EXALLC","Malignant neoplasm of small intestine, excluding all cancers (controls excluding all cancers)","II Neoplasms, from cancer register (ICD-O-3)",NA,NA,NA,NA,NA,1034,378749,NA,NA,379
"C3_SPINAL_CORD_CRANIAL_AND_OTHER_CNS_EXALLC","Malignant neoplasm of spinal cord, cranial nerves and other parts of central nervous system, excluding all cancers (controls excluding all cancers)","II Neoplasms, from cancer register (ICD-O-3)",NA,NA,NA,NA,NA,280,378749,NA,NA,380
"C3_SQUOMOUS_CELL_CARCINOMA_SKIN_EXALLC","Squamous cell neoplasms and carcinomas of the skin, excluding all cancers (controls excluding all cancers)","II Neoplasms, from cancer register (ICD-O-3)",NA,NA,NA,NA,NA,4663,378749,NA,NA,381
"C3_STOMACH_ADENO_EXALLC","Adenocarcinoma and papillary adenocarcinoma of stomach, excluding all cancers (controls excluding all cancers)","II Neoplasms, from cancer register (ICD-O-3)",NA,NA,NA,NA,NA,1023,378749,NA,NA,382
"C3_STOMACH_EXALLC","Malignant neoplasm of stomach, excluding all cancers (controls excluding all cancers)","II Neoplasms, from cancer register (ICD-O-3)",NA,NA,NA,NA,NA,2296,378749,NA,NA,383
"C3_STOMACH_NEUROENDOCRINE_EXALLC","Neuroendocrine tumor and carcinoma of stomach, excluding all cancers (controls excluding all cancers)","II Neoplasms, from cancer register (ICD-O-3)",NA,NA,NA,NA,NA,156,378749,NA,NA,384
"C3_TESTIS_EXALLC","Malignant neoplasm of testis, excluding all cancers (controls excluding all cancers)","II Neoplasms, from cancer register (ICD-O-3)",NA,NA,NA,NA,NA,687,156671,NA,NA,385
"C3_TESTIS_NONSEMINOMA_EXALLC","Non-seminoma of testis, excluding all cancers (controls excluding all cancers)","II Neoplasms, from cancer register (ICD-O-3)",NA,NA,NA,NA,NA,217,156671,NA,NA,386
"C3_TESTIS_SEMINOMA_EXALLC","Seminoma of testis, excluding all cancers (controls excluding all cancers)","II Neoplasms, from cancer register (ICD-O-3)",NA,NA,NA,NA,NA,344,156671,NA,NA,387
"C3_THYROID_FOLLICULAR_EXALLC","Follicular adenocarcinoma of thyroid gland, excluding all cancers (controls excluding all cancers)","II Neoplasms, from cancer register (ICD-O-3)",NA,NA,NA,NA,NA,351,378749,NA,NA,388
"C3_THYROID_GLAND_EXALLC","Malignant neoplasm of thyroid gland, excluding all cancers (controls excluding all cancers)","II Neoplasms, from cancer register (ICD-O-3)",NA,NA,NA,NA,NA,2859,378749,NA,NA,389
"C3_THYROID_MEDULLARY_EXALLC","Medullary carcinoma of thyroid gland, excluding all cancers (controls excluding all cancers)","II Neoplasms, from cancer register (ICD-O-3)",NA,NA,NA,NA,NA,72,378749,NA,NA,390
"C3_THYROID_PAPILLARY_ADENO_EXALLC","Papillary adenocarcinoma of thyroid gland, excluding all cancers (controls excluding all cancers)","II Neoplasms, from cancer register (ICD-O-3)",NA,NA,NA,NA,NA,2400,378749,NA,NA,391
"C3_TONSIL_BASETONGUE_EXALLC","Malignant cancer of tonsil and base of tongue, excluding all cancers (controls excluding all cancers)","II Neoplasms, from cancer register (ICD-O-3)",NA,NA,NA,NA,NA,813,378749,NA,NA,392
"C3_URETER_EXALLC","Malignant neoplasm of ureter, excluding all cancers (controls excluding all cancers)","II Neoplasms, from cancer register (ICD-O-3)",NA,NA,NA,NA,NA,256,378749,NA,NA,393
"C3_URINARY_TRACT_EXALLC","Malignant neoplasm of urinary organs, excluding all cancers (controls excluding all cancers)","II Neoplasms, from cancer register (ICD-O-3)",NA,NA,NA,NA,NA,4535,378749,NA,NA,394
"C3_VAGINA_EXALLC","Malignant neoplasm of vagina, excluding all cancers (controls excluding all cancers)","II Neoplasms, from cancer register (ICD-O-3)",NA,NA,NA,NA,NA,102,222078,NA,NA,395
"C3_VULVA_EXALLC","Malignant neoplasm of vulva, excluding all cancers (controls excluding all cancers)","II Neoplasms, from cancer register (ICD-O-3)",NA,NA,NA,NA,NA,453,222078,NA,NA,396
"C3_WILMS_TUMOR","Wilms' tumor","II Neoplasms, from cancer register (ICD-O-3)",NA,NA,NA,NA,NA,207,500141,NA,NA,397
"C3_WILMS_TUMOR_EXALLC","Wilms' tumor, excluding all cancers (controls excluding all cancers)","II Neoplasms, from cancer register (ICD-O-3)",NA,NA,NA,NA,NA,207,378749,NA,NA,398
"CAMPYLOENTERITIS","Campylobacter enteritis","I Certain infectious and parasitic diseases (AB1_)",NA,NA,NA,NA,NA,953,492689,NA,NA,399
"CARDIAC_ARRHYTM","Cardiac arrhythmias","Comorbidities of COPD",NA,NA,NA,NA,NA,92926,288216,NA,NA,400
"CARDIOMYOPATHY_DRUGS_OTHER_EXTER_AGENTS","Cardiomyopathy due to drugs and other external agents","IX Diseases of the circulatory system (I9_)",NA,NA,NA,NA,NA,69,500279,NA,NA,401
"CD2_BENIGN_ADRENAL","Benign neoplasm: Adrenal gland","II Neoplasms from hospital discharges (CD2_)",NA,NA,NA,NA,NA,2570,497778,NA,NA,402
"CD2_BENIGN_ANUS_ANAL_CANAL","Benign neoplasm: Anus and anal canal","II Neoplasms from hospital discharges (CD2_)",NA,NA,NA,NA,NA,973,499375,NA,NA,403
"CD2_BENIGN_APPENDIX","Benign neoplasm: Appendix","II Neoplasms from hospital discharges (CD2_)",NA,NA,NA,NA,NA,350,499998,NA,NA,404
"CD2_BENIGN_ASCENDING_COLON","Benign neoplasm: Ascending colon","II Neoplasms from hospital discharges (CD2_)",NA,NA,NA,NA,NA,4736,495612,NA,NA,405
"CD2_BENIGN_BLADDER","Benign neoplasm: Bladder","II Neoplasms from hospital discharges (CD2_)",NA,NA,NA,NA,NA,315,500033,NA,NA,406
"CD2_BENIGN_BONE_CARTILAGE","Benign neoplasm of bone and articular cartilage","II Neoplasms from hospital discharges (CD2_)",NA,NA,NA,NA,NA,3326,497022,NA,NA,407
"CD2_BENIGN_BONE_CARTILAGE_NOS","Benign neoplasm: Bone and articular cartilage, unspecified","II Neoplasms from hospital discharges (CD2_)",NA,NA,NA,NA,NA,263,500085,NA,NA,408
"CD2_BENIGN_BONE_LONG_LOWER","Benign neoplasm: Long bones of lower limb","II Neoplasms from hospital discharges (CD2_)",NA,NA,NA,NA,NA,1215,499133,NA,NA,409
"CD2_BENIGN_BONE_LOWER_JAW","Benign neoplasm: Lower jaw bone","II Neoplasms from hospital discharges (CD2_)",NA,NA,NA,NA,NA,145,500203,NA,NA,410
"CD2_BENIGN_BONE_SCAPULA_LONG_UPPER","Benign neoplasm: Scapula and long bones of upper limb","II Neoplasms from hospital discharges (CD2_)",NA,NA,NA,NA,NA,359,499989,NA,NA,411
"CD2_BENIGN_BONE_SHORT_LOWER","Benign neoplasm: Short bones of lower limb","II Neoplasms from hospital discharges (CD2_)",NA,NA,NA,NA,NA,361,499987,NA,NA,412
"CD2_BENIGN_BONE_SHORT_UPPER","Benign neoplasm: Short bones of upper limb","II Neoplasms from hospital discharges (CD2_)",NA,NA,NA,NA,NA,550,499798,NA,NA,413
"CD2_BENIGN_BONE_SKULL_FACE","Benign neoplasm: Bones of skull and face","II Neoplasms from hospital discharges (CD2_)",NA,NA,NA,NA,NA,343,500005,NA,NA,414
"CD2_BENIGN_BRAIN_CNS","Benign neoplasm of brain and other parts of central nervous system","II Neoplasms from hospital discharges (CD2_)",NA,NA,NA,NA,NA,2404,497944,NA,NA,415
"CD2_BENIGN_BRAIN_NOS","Benign neoplasm: Brain, unspecified","II Neoplasms from hospital discharges (CD2_)",NA,NA,NA,NA,NA,211,500137,NA,NA,416
"CD2_BENIGN_BRAIN_SUPRATENT","Benign neoplasm: Brain, supratentorial","II Neoplasms from hospital discharges (CD2_)",NA,NA,NA,NA,NA,569,499779,NA,NA,417
"CD2_BENIGN_BREAST","Benign neoplasm of breast","II Neoplasms from hospital discharges (CD2_)",NA,NA,NA,NA,NA,4750,277314,NA,NA,418
"CD2_BENIGN_BRONCHUS_LUNG","Benign neoplasm: Bronchus and lung","II Neoplasms from hospital discharges (CD2_)",NA,NA,NA,NA,NA,451,499897,NA,NA,419
"CD2_BENIGN_CAECUM","Benign neoplasm: Caecum","II Neoplasms from hospital discharges (CD2_)",NA,NA,NA,NA,NA,3599,496749,NA,NA,420
"CD2_BENIGN_CAROTIDBODY","Benign neoplasm: Carotid body","II Neoplasms from hospital discharges (CD2_)",NA,NA,NA,NA,NA,91,500257,NA,NA,421
"CD2_BENIGN_CERVIX_UTERI","Other benign neoplasm of uterus: Cervix uteri","II Neoplasms from hospital discharges (CD2_)",NA,NA,NA,NA,NA,207,281857,NA,NA,422
"CD2_BENIGN_CILIARY","Benign neoplasm: Ciliary body","II Neoplasms from hospital discharges (CD2_)",NA,NA,NA,NA,NA,93,500255,NA,NA,423
"CD2_BENIGN_COLON","Benign neoplasm: Colon","II Neoplasms from hospital discharges (CD2_)",NA,NA,NA,NA,NA,23613,476735,NA,NA,424
"CD2_BENIGN_COLON_NOS","Benign neoplasm: Colon, unspecified","II Neoplasms from hospital discharges (CD2_)",NA,NA,NA,NA,NA,9883,490465,NA,NA,425
"CD2_BENIGN_COLORECANI","Benign neoplasm of colon, rectum, anus and anal canal","II Neoplasms from hospital discharges (CD2_)",NA,NA,NA,NA,NA,29048,471300,NA,NA,426
"CD2_BENIGN_CONJUNCTIVA","Benign neoplasm: Conjunctiva","II Neoplasms from hospital discharges (CD2_)",NA,NA,NA,NA,NA,1134,499214,NA,NA,427
"CD2_BENIGN_CONNECTIVE_SOFT","Other benign neoplasms of connective and other soft tissue","II Neoplasms from hospital discharges (CD2_)",NA,NA,NA,NA,NA,3937,496411,NA,NA,428
"CD2_BENIGN_CONNSOFT_ABD","Benign neoplasm: Connective and other soft tissue of abdomen","II Neoplasms from hospital discharges (CD2_)",NA,NA,NA,NA,NA,92,500256,NA,NA,429
"CD2_BENIGN_CONNSOFT_PELVIS","Benign neoplasm: Connective and other soft tissue of pelvis","II Neoplasms from hospital discharges (CD2_)",NA,NA,NA,NA,NA,88,500260,NA,NA,430
"CD2_BENIGN_CONNSOFT_THX","Benign neoplasm: Connective and other soft tissue of thorax","II Neoplasms from hospital discharges (CD2_)",NA,NA,NA,NA,NA,149,500199,NA,NA,431
"CD2_BENIGN_CONNSOFT_TRUNK","Benign neoplasm: Connective and other soft tissue of trunk, unspecified","II Neoplasms from hospital discharges (CD2_)",NA,NA,NA,NA,NA,215,500133,NA,NA,432
"CD2_BENIGN_CONNSOFT_UPPERLIMB","Benign neoplasm: Connective and other soft tissue of upper limb, including shoulder","II Neoplasms from hospital discharges (CD2_)",NA,NA,NA,NA,NA,1651,498697,NA,NA,433
"CD2_BENIGN_CORNEA","Benign neoplasm: Cornea","II Neoplasms from hospital discharges (CD2_)",NA,NA,NA,NA,NA,51,500297,NA,NA,434
"CD2_BENIGN_CORPUS_UTERI","Other benign neoplasm of uterus: Corpus uteri","II Neoplasms from hospital discharges (CD2_)",NA,NA,NA,NA,NA,254,281810,NA,NA,435
"CD2_BENIGN_CRANIAL_NERVE","Benign neoplasm: Cranial nerves","II Neoplasms from hospital discharges (CD2_)",NA,NA,NA,NA,NA,984,499364,NA,NA,436
"CD2_BENIGN_DESCENDING_COLON","Benign neoplasm: Descending colon","II Neoplasms from hospital discharges (CD2_)",NA,NA,NA,NA,NA,2286,498062,NA,NA,437
"CD2_BENIGN_DIGESTIVE_NOS","Benign neoplasm: Ill-defined sites within the digestive system","II Neoplasms from hospital discharges (CD2_)",NA,NA,NA,NA,NA,205,500143,NA,NA,438
"CD2_BENIGN_DUODENUM","Benign neoplasm: Duodenum","II Neoplasms from hospital discharges (CD2_)",NA,NA,NA,NA,NA,834,499514,NA,NA,439
"CD2_BENIGN_EAR_NASAL_SINUS","Benign neoplasm: Middle ear, nasal cavity and accessory sinuses","II Neoplasms from hospital discharges (CD2_)",NA,NA,NA,NA,NA,1423,498925,NA,NA,440
"CD2_BENIGN_EAR_RESP","Benign neoplasm of middle ear and respiratory system","II Neoplasms from hospital discharges (CD2_)",NA,NA,NA,NA,NA,3037,497311,NA,NA,441
"CD2_BENIGN_ENDOCRINE_NOS","Benign neoplasm: Endocrine gland, other/unspecified","II Neoplasms from hospital discharges (CD2_)",NA,NA,NA,NA,NA,118,500230,NA,NA,442
"CD2_BENIGN_ENDOCRINE_PANCREAS","Benign neoplasm: Endocrine pancreas","II Neoplasms from hospital discharges (CD2_)",NA,NA,NA,NA,NA,197,500151,NA,NA,443
"CD2_BENIGN_EPIDIDYMIS","Benign neoplasm: Epididymis","II Neoplasms from hospital discharges (CD2_)",NA,NA,NA,NA,NA,109,218175,NA,NA,444
"CD2_BENIGN_EXTRAHEPATIC_BILE","Benign neoplasm: Extrahepatic bile ducts","II Neoplasms from hospital discharges (CD2_)",NA,NA,NA,NA,NA,96,500252,NA,NA,445
"CD2_BENIGN_FEMALE_GEN_NOS","Benign neoplasm: Female genital organ, unspecified","II Neoplasms from hospital discharges (CD2_)",NA,NA,NA,NA,NA,106,281958,NA,NA,446
"CD2_BENIGN_FEMALE_GEN_OTH","Benign neoplasm of other and unspecified female genital organs","II Neoplasms from hospital discharges (CD2_)",NA,NA,NA,NA,NA,1568,280496,NA,NA,447
"CD2_BENIGN_FLOOROFMOUTH","Benign neoplasm: Floor of mouth","II Neoplasms from hospital discharges (CD2_)",NA,NA,NA,NA,NA,124,500224,NA,NA,448
"CD2_BENIGN_HEAMANGIOMA_LYMPHANGIOMA","Haemangioma and lymphangioma, any site","II Neoplasms from hospital discharges (CD2_)",NA,NA,NA,NA,NA,3466,496882,NA,NA,449
"CD2_BENIGN_HEART","Benign neoplasm: Heart","II Neoplasms from hospital discharges (CD2_)",NA,NA,NA,NA,NA,109,500239,NA,NA,450
"CD2_BENIGN_HEMANGIOMA","Haemangioma, any site","II Neoplasms from hospital discharges (CD2_)",NA,NA,NA,NA,NA,3193,497155,NA,NA,451
"CD2_BENIGN_HYPOPHARYNX","Benign neoplasm: Hypopharynx","II Neoplasms from hospital discharges (CD2_)",NA,NA,NA,NA,NA,155,500193,NA,NA,452
"CD2_BENIGN_INTRATHORACIC","Benign neoplasm of other and unspecified intrathoracic organs","II Neoplasms from hospital discharges (CD2_)",NA,NA,NA,NA,NA,360,499988,NA,NA,453
"CD2_BENIGN_INTRATHORACIC_NOS","Benign neoplasm: Other specified/unspecified intrathoracic organs (+ respiratory system NOS of Icd-9)","II Neoplasms from hospital discharges (CD2_)",NA,NA,NA,NA,NA,91,500257,NA,NA,454
"CD2_BENIGN_KIDNEY","Benign neoplasm: Kidney","II Neoplasms from hospital discharges (CD2_)",NA,NA,NA,NA,NA,1133,499215,NA,NA,455
"CD2_BENIGN_LARYNX","Benign neoplasm: Larynx","II Neoplasms from hospital discharges (CD2_)",NA,NA,NA,NA,NA,1152,499196,NA,NA,456
"CD2_BENIGN_LEIOMYOMA_UTERI","Leiomyoma of uterus","II Neoplasms from hospital discharges (CD2_)",NA,NA,NA,NA,NA,42107,239957,NA,NA,457
"CD2_BENIGN_LIP","Benign neoplasm: Lip","II Neoplasms from hospital discharges (CD2_)",NA,NA,NA,NA,NA,743,499605,NA,NA,458
"CD2_BENIGN_LIPOMATOUS","Benign lipomatous neoplasm","II Neoplasms from hospital discharges (CD2_)",NA,NA,NA,NA,NA,12917,487431,NA,NA,459
"CD2_BENIGN_LIPO_INTRATHO","Benign lipomatous neoplasm of  of intra-abdominal organs","II Neoplasms from hospital discharges (CD2_)",NA,NA,NA,NA,NA,103,500245,NA,NA,460
"CD2_BENIGN_LIPO_NOS","Benign lipomatous neoplasm of other sites/unspecified","II Neoplasms from hospital discharges (CD2_)",NA,NA,NA,NA,NA,3386,496962,NA,NA,461
"CD2_BENIGN_LIPO_SKIN_HEADFACENECK","Benign lipomatous neoplasm of skin and subcutaneous tissue of head, face and neck","II Neoplasms from hospital discharges (CD2_)",NA,NA,NA,NA,NA,2384,497964,NA,NA,462
"CD2_BENIGN_LIPO_SKIN_LIMBS","Benign lipomatous neoplasm of skin and subcutaneous tissue of limbs","II Neoplasms from hospital discharges (CD2_)",NA,NA,NA,NA,NA,2969,497379,NA,NA,463
"CD2_BENIGN_LIPO_SKIN_NOS","Benign lipomatous neoplasm of skin and subcutaneous tissue of other and unspecified sites","II Neoplasms from hospital discharges (CD2_)",NA,NA,NA,NA,NA,250,500098,NA,NA,464
"CD2_BENIGN_LIPO_SKIN_TRUNK","Benign lipomatous neoplasm of skin and subcutaneous tissue of trunk","II Neoplasms from hospital discharges (CD2_)",NA,NA,NA,NA,NA,5258,495090,NA,NA,465
"CD2_BENIGN_LYMPHANGIOMA","Lymphangioma, anys site","II Neoplasms from hospital discharges (CD2_)",NA,NA,NA,NA,NA,283,500065,NA,NA,466
"CD2_BENIGN_LYMPHNODES","Benign neoplasm: Lymph nodes","II Neoplasms from hospital discharges (CD2_)",NA,NA,NA,NA,NA,94,500254,NA,NA,467
"CD2_BENIGN_MALE_GEN","Benign neoplasm of male genital organs","II Neoplasms from hospital discharges (CD2_)",NA,NA,NA,NA,NA,717,217567,NA,NA,468
"CD2_BENIGN_MEDIASTINUM","Benign neoplasm: Mediastinum","II Neoplasms from hospital discharges (CD2_)",NA,NA,NA,NA,NA,110,500238,NA,NA,469
"CD2_BENIGN_MELANOCYTIC","Melanocytic naevi","II Neoplasms from hospital discharges (CD2_)",NA,NA,NA,NA,NA,13357,486991,NA,NA,470
"CD2_BENIGN_MELANOCYTIC_EAR","Melanocytic naevi of ear and external auricular canal","II Neoplasms from hospital discharges (CD2_)",NA,NA,NA,NA,NA,193,500155,NA,NA,471
"CD2_BENIGN_MELANOCYTIC_EYELID","Melanocytic naevi of eyelid, including canthus","II Neoplasms from hospital discharges (CD2_)",NA,NA,NA,NA,NA,328,500020,NA,NA,472
"CD2_BENIGN_MELANOCYTIC_FACE","Melanocytic naevi of other and unspecified parts of face","II Neoplasms from hospital discharges (CD2_)",NA,NA,NA,NA,NA,2250,498098,NA,NA,473
"CD2_BENIGN_MELANOCYTIC_LIP","Melanocytic naevi of lip","II Neoplasms from hospital discharges (CD2_)",NA,NA,NA,NA,NA,307,500041,NA,NA,474
"CD2_BENIGN_MELANOCYTIC_LOWERLIMB","Melanocytic naevi of lower limb, including hip","II Neoplasms from hospital discharges (CD2_)",NA,NA,NA,NA,NA,1586,498762,NA,NA,475
"CD2_BENIGN_MELANOCYTIC_NOS","Melanocytic naevi, other sites/unspecified","II Neoplasms from hospital discharges (CD2_)",NA,NA,NA,NA,NA,3038,497310,NA,NA,476
"CD2_BENIGN_MELANOCYTIC_SCALPNECK","Melanocytic naevi of scalp and neck","II Neoplasms from hospital discharges (CD2_)",NA,NA,NA,NA,NA,878,499470,NA,NA,477
"CD2_BENIGN_MELANOCYTIC_TRUNK","Melanocytic naevi of trunk","II Neoplasms from hospital discharges (CD2_)",NA,NA,NA,NA,NA,4762,495586,NA,NA,478
"CD2_BENIGN_MELANOCYTIC_UPPERLIMB","Melanocytic naevi of upper limb, including shoulder","II Neoplasms from hospital discharges (CD2_)",NA,NA,NA,NA,NA,802,499546,NA,NA,479
"CD2_BENIGN_MENINGES","Benign neoplasm of meninges","II Neoplasms from hospital discharges (CD2_)",NA,NA,NA,NA,NA,3728,496620,NA,NA,480
"CD2_BENIGN_MENINGES_CEREBRAL","Benign neoplasm: Cerebral meninges","II Neoplasms from hospital discharges (CD2_)",NA,NA,NA,NA,NA,3353,496995,NA,NA,481
"CD2_BENIGN_MENINGES_NOS","Beningn neoplasm: Meninges, unspecified","II Neoplasms from hospital discharges (CD2_)",NA,NA,NA,NA,NA,540,499808,NA,NA,482
"CD2_BENIGN_MENINGES_SPINAL","Benign neoplasm: Spinal meninges","II Neoplasms from hospital discharges (CD2_)",NA,NA,NA,NA,NA,339,500009,NA,NA,483
"CD2_BENIGN_MOUTH_NOS","Benign neoplasm: Other and unspecified parts of mouth","II Neoplasms from hospital discharges (CD2_)",NA,NA,NA,NA,NA,1202,499146,NA,NA,484
"CD2_BENIGN_MOUTH_PHARYNX","Benign neoplasm of mouth and pharynx","II Neoplasms from hospital discharges (CD2_)",NA,NA,NA,NA,NA,4257,496091,NA,NA,485
"CD2_BENIGN_NASOPHARYNX","Benign neoplasm: Nasopharynx","II Neoplasms from hospital discharges (CD2_)",NA,NA,NA,NA,NA,297,500051,NA,NA,486
"CD2_BENIGN_NOS","Benign neoplasm: Other/unspecified site","II Neoplasms from hospital discharges (CD2_)",NA,NA,NA,NA,NA,551,499797,NA,NA,487
"CD2_BENIGN_OESOPHAGUS","Benign neoplasm: Oesophagus","II Neoplasms from hospital discharges (CD2_)",NA,NA,NA,NA,NA,397,499951,NA,NA,488
"CD2_BENIGN_ORBIT_NOS","Benign neoplasm: Orbit, unspecified","II Neoplasms from hospital discharges (CD2_)",NA,NA,NA,NA,NA,211,500137,NA,NA,489
"CD2_BENIGN_OROPHA_OTHER","Benign neoplasm: Other parts of oropharynx","II Neoplasms from hospital discharges (CD2_)",NA,NA,NA,NA,NA,311,500037,NA,NA,490
"CD2_BENIGN_OTHERDIGESTIVE","Benign neoplasm of other and ill-defined parts of digestive system","II Neoplasms from hospital discharges (CD2_)",NA,NA,NA,NA,NA,7013,493335,NA,NA,491
"CD2_BENIGN_OTHER_NOS","Benign neoplasm of other and unspecified sites","II Neoplasms from hospital discharges (CD2_)",NA,NA,NA,NA,NA,1158,499190,NA,NA,492
"CD2_BENIGN_OVARY","Benign neoplasm of ovary","II Neoplasms from hospital discharges (CD2_)",NA,NA,NA,NA,NA,7022,275042,NA,NA,493
"CD2_BENIGN_PANCREAS","Benign neoplasm: Pancreas","II Neoplasms from hospital discharges (CD2_)",NA,NA,NA,NA,NA,841,499507,NA,NA,494
"CD2_BENIGN_PARATHYROID","Benign neoplasm: Parathyroid gland","II Neoplasms from hospital discharges (CD2_)",NA,NA,NA,NA,NA,357,499991,NA,NA,495
"CD2_BENIGN_PAROTID","Benign neoplasm: Parotid gland","II Neoplasms from hospital discharges (CD2_)",NA,NA,NA,NA,NA,2911,497437,NA,NA,496
"CD2_BENIGN_PELVIC_BONES_SACRUM_COCCYX","Benign neoplasm: Pelvic bones, sacrum and coccyx","II Neoplasms from hospital discharges (CD2_)",NA,NA,NA,NA,NA,136,500212,NA,NA,497
"CD2_BENIGN_PENIS","Benign neoplasm: Penis","II Neoplasms from hospital discharges (CD2_)",NA,NA,NA,NA,NA,68,218216,NA,NA,498
"CD2_BENIGN_PERIPH_AUTO_NEURO","Benign neoplasm: Peripheral nerves and autonomic nervous system","II Neoplasms from hospital discharges (CD2_)",NA,NA,NA,NA,NA,527,499821,NA,NA,499
"CD2_BENIGN_PHARYNX_NOS","Benign neoplasm: Pharynx, unspecified","II Neoplasms from hospital discharges (CD2_)",NA,NA,NA,NA,NA,255,500093,NA,NA,500
"CD2_BENIGN_PINEAL","Benign neoplasm: Pineal gland","II Neoplasms from hospital discharges (CD2_)",NA,NA,NA,NA,NA,79,500269,NA,NA,501
"CD2_BENIGN_PITUITARY_CRANIPHAR","Benign neoplasm: Pituitary gland, craniopharyngeal duct","II Neoplasms from hospital discharges (CD2_)",NA,NA,NA,NA,NA,1893,498455,NA,NA,502
"CD2_BENIGN_PROSTATE","Benign neoplasm: Prostate","II Neoplasms from hospital discharges (CD2_)",NA,NA,NA,NA,NA,221,218063,NA,NA,503
"CD2_BENIGN_RECTOSIGMOID_JUNC","Benign neoplasm: Rectosigmoid junction","II Neoplasms from hospital discharges (CD2_)",NA,NA,NA,NA,NA,1357,498991,NA,NA,504
"CD2_BENIGN_RECTUM","Benign neoplasm: Rectum","II Neoplasms from hospital discharges (CD2_)",NA,NA,NA,NA,NA,6798,493550,NA,NA,505
"CD2_BENIGN_RECTUM_ANAL","Benign neoplasm: Rectum, anus and anal canal","II Neoplasms from hospital discharges (CD2_)",NA,NA,NA,NA,NA,7879,492469,NA,NA,506
"CD2_BENIGN_RENALPELVIS","Benign neoplasm: Renal pelvis","II Neoplasms from hospital discharges (CD2_)",NA,NA,NA,NA,NA,51,500297,NA,NA,507
"CD2_BENIGN_RESPIRATORY_NOS","Benign neoplasm: Respiratory system, unspecified","II Neoplasms from hospital discharges (CD2_)",NA,NA,NA,NA,NA,71,500277,NA,NA,508
"CD2_BENIGN_RETINA","Benign neoplasm: Retina","II Neoplasms from hospital discharges (CD2_)",NA,NA,NA,NA,NA,186,500162,NA,NA,509
"CD2_BENIGN_RETROPERITONEUM_PERITONEUM","Benign neoplasm of soft tissue of retroperitoneum and peritoneum","II Neoplasms from hospital discharges (CD2_)",NA,NA,NA,NA,NA,180,500168,NA,NA,510
"CD2_BENIGN_SALIVARY","Benign neoplasm of major salivary glands","II Neoplasms from hospital discharges (CD2_)",NA,NA,NA,NA,NA,3739,496609,NA,NA,511
"CD2_BENIGN_SALIVARY_KNOWN","Benign neoplasm: salivary glands, exclude unknown (D119)","II Neoplasms from hospital discharges (CD2_)",NA,NA,NA,NA,NA,3265,497083,NA,NA,512
"CD2_BENIGN_SALIVARY_NOS","Benign neoplasm: other/unspecified salivary gland","II Neoplasms from hospital discharges (CD2_)",NA,NA,NA,NA,NA,975,499373,NA,NA,513
"CD2_BENIGN_SCROTUM","Benign neoplasm: Scrotum","II Neoplasms from hospital discharges (CD2_)",NA,NA,NA,NA,NA,140,218144,NA,NA,514
"CD2_BENIGN_SIGMOID_COLON","Benign neoplasm: Sigmoid colon","II Neoplasms from hospital discharges (CD2_)",NA,NA,NA,NA,NA,7048,493300,NA,NA,515
"CD2_BENIGN_SKIN","Other benign neoplasms of skin","II Neoplasms from hospital discharges (CD2_)",NA,NA,NA,NA,NA,17118,483230,NA,NA,516
"CD2_BENIGN_SMALL_INTESTINE_OTH","Benign neoplasm: Other and unspecified parts of small intestine","II Neoplasms from hospital discharges (CD2_)",NA,NA,NA,NA,NA,535,499813,NA,NA,517
"CD2_BENIGN_SPINAL_CORD","Benign neoplasm: Spinal cord","II Neoplasms from hospital discharges (CD2_)",NA,NA,NA,NA,NA,479,499869,NA,NA,518
"CD2_BENIGN_STOMACH","Benign neoplasm: Stomach","II Neoplasms from hospital discharges (CD2_)",NA,NA,NA,NA,NA,3603,496745,NA,NA,519
"CD2_BENIGN_TESTIS","Benign neoplasm: Testis","II Neoplasms from hospital discharges (CD2_)",NA,NA,NA,NA,NA,152,218132,NA,NA,520
"CD2_BENIGN_THYROID","Benign neoplasm of thyroid gland","II Neoplasms from hospital discharges (CD2_)",NA,NA,NA,NA,NA,1184,499164,NA,NA,521
"CD2_BENIGN_TONGUE","Benign neoplasm: Tongue","II Neoplasms from hospital discharges (CD2_)",NA,NA,NA,NA,NA,949,499399,NA,NA,522
"CD2_BENIGN_TONSIL","Benign neoplasm: Tonsil","II Neoplasms from hospital discharges (CD2_)",NA,NA,NA,NA,NA,399,499949,NA,NA,523
"CD2_BENIGN_TRANSVERSE_COLON","Benign neoplasm: Transverse colon","II Neoplasms from hospital discharges (CD2_)",NA,NA,NA,NA,NA,3549,496799,NA,NA,524
"CD2_BENIGN_URINARY","Benign neoplasm of urinary organs","II Neoplasms from hospital discharges (CD2_)",NA,NA,NA,NA,NA,1603,498745,NA,NA,525
"CD2_BENIGN_URINARY_NOS","Benign neoplasm: Urinary organ, other/unspecified","II Neoplasms from hospital discharges (CD2_)",NA,NA,NA,NA,NA,95,500253,NA,NA,526
"CD2_BENIGN_UTERINE_TUBES_LIGAMENTS","Benign neoplasm: Uterine tubes and ligaments","II Neoplasms from hospital discharges (CD2_)",NA,NA,NA,NA,NA,219,281845,NA,NA,527
"CD2_BENIGN_UTERUS_NOS","Other benign neoplasm of uterus: Other parts/unspecified","II Neoplasms from hospital discharges (CD2_)",NA,NA,NA,NA,NA,1426,280638,NA,NA,528
"CD2_BENIGN_UTERUS_OTH","Other benign neoplasms of uterus","II Neoplasms from hospital discharges (CD2_)",NA,NA,NA,NA,NA,1879,280185,NA,NA,529
"CD2_BENIGN_VAGINA","Benign neoplasm: Vulva","II Neoplasms from hospital discharges (CD2_)",NA,NA,NA,NA,NA,731,281333,NA,NA,530
"CD2_BENIGN_VULVA","Benign neoplasm: Vagina","II Neoplasms from hospital discharges (CD2_)",NA,NA,NA,NA,NA,451,281613,NA,NA,531
"CD2_EYE_NOS_EXALLC","Benign neoplasm: Eye, unspecified (controls excluding all cancers)","II Neoplasms from hospital discharges (CD2_)",NA,NA,NA,NA,NA,152,378658,NA,NA,532
"CD2_FOLLICULAR_LYMPHOMA_EXALLC","Follicular lymphoma, hilmo (controls excluding all cancers)","II Neoplasms from hospital discharges (CD2_)",NA,NA,NA,NA,NA,1435,378749,NA,NA,533
"CD2_HODGKIN_LYMPHOMA_EXALLC","Hodgkin lymphoma, hilmo (controls excluding all cancers)","II Neoplasms from hospital discharges (CD2_)",NA,NA,NA,NA,NA,1033,378749,NA,NA,534
"CD2_IMMUNOPROLIFERATIVE_EXALLC","Malignant immunoproliferative diseases (controls excluding all cancers)","II Neoplasms from hospital discharges (CD2_)",NA,NA,NA,NA,NA,304,378749,NA,NA,535
"CD2_INSITU_BLADDER_EXALLC","Carcinoma in situ, bladder (controls excluding all cancers)","II Neoplasms from hospital discharges (CD2_)",NA,NA,NA,NA,NA,1034,378741,NA,NA,536
"CD2_INSITU_BREAST_EXALLC","Carcinoma in situ of breast (controls excluding all cancers)","II Neoplasms from hospital discharges (CD2_)",NA,NA,NA,NA,NA,158,221978,NA,NA,537
"CD2_INSITU_BREAST_INTRADUCTAL_EXALLC","Carcinoma in situ of breast, intraductal (controls excluding all cancers)","II Neoplasms from hospital discharges (CD2_)",NA,NA,NA,NA,NA,3030,222001,NA,NA,538
"CD2_INSITU_BREAST_LOBULAR_EXALLC","Carcinoma in situ of breast, lobular (controls excluding all cancers)","II Neoplasms from hospital discharges (CD2_)",NA,NA,NA,NA,NA,239,222067,NA,NA,539
"CD2_INSITU_CERVIX_UTERI_EXALLC","Carcinoma in situ of cervix uteri (controls excluding all cancers)","II Neoplasms from hospital discharges (CD2_)",NA,NA,NA,NA,NA,3701,219058,NA,NA,540
"CD2_INSITU_COLON_EXALLC","Carcinoma in situ of colon (controls excluding all cancers)","II Neoplasms from hospital discharges (CD2_)",NA,NA,NA,NA,NA,419,378588,NA,NA,541
"CD2_INSITU_ENDOMETRIUM_EXALLC","Carcinoma in situ of endometrium (controls excluding all cancers)","II Neoplasms from hospital discharges (CD2_)",NA,NA,NA,NA,NA,152,222040,NA,NA,542
"CD2_INSITU_LARYNX_EXALLC","Carcinoma in situ of larynx (controls excluding all cancers)","II Neoplasms from hospital discharges (CD2_)",NA,NA,NA,NA,NA,58,378734,NA,NA,543
"CD2_INSITU_MELANOMA_EXALLC","Melanoma in situ (controls excluding all cancers)","II Neoplasms from hospital discharges (CD2_)",NA,NA,NA,NA,NA,1322,378371,NA,NA,544
"CD2_INSITU_ORALCAVITY_EXALLC","Carcinoma in situ of oral cavity (controls excluding all cancers)","II Neoplasms from hospital discharges (CD2_)",NA,NA,NA,NA,NA,71,378725,NA,NA,545
"CD2_INSITU_OROPHARYNX_EXALLC","Carcinoma in situ of oral cavity and pharynx (controls excluding all cancers)","II Neoplasms from hospital discharges (CD2_)",NA,NA,NA,NA,NA,51,378740,NA,NA,546
"CD2_INSITU_PENIS_EXALLC","Carcinoma in situ of penis (controls excluding all cancers)","II Neoplasms from hospital discharges (CD2_)",NA,NA,NA,NA,NA,51,156651,NA,NA,547
"CD2_INSITU_PROSTATE_EXALLC","Carcinoma in situ of prostate (controls excluding all cancers)","II Neoplasms from hospital discharges (CD2_)",NA,NA,NA,NA,NA,184,156581,NA,NA,548
"CD2_INSITU_RECTUM_EXALLC","Carcinoma in situ of rectum (controls excluding all cancers)","II Neoplasms from hospital discharges (CD2_)",NA,NA,NA,NA,NA,256,378669,NA,NA,549
"CD2_INSITU_SKIN_EXALLC","Carcinoma in situ of skin (controls excluding all cancers)","II Neoplasms from hospital discharges (CD2_)",NA,NA,NA,NA,NA,2742,377301,NA,NA,550
"CD2_INSITU_VAGINA_EXALLC","Carcinoma in situ of vagina (controls excluding all cancers)","II Neoplasms from hospital discharges (CD2_)",NA,NA,NA,NA,NA,141,221984,NA,NA,551
"CD2_INSITU_VULVA_EXALLC","Carcinoma in situ of vulva (controls excluding all cancers)","II Neoplasms from hospital discharges (CD2_)",NA,NA,NA,NA,NA,253,221932,NA,NA,552
"CD2_LEIOMYOMA_ENDOMETRIOSIS_EXALLC","Benign leiomyoma with endometriosis (controls excluding all cancers)","II Neoplasms from hospital discharges (CD2_)",NA,NA,NA,NA,NA,6281,206474,NA,NA,553
"CD2_LEUKAEMIA_NAS_EXALLC","Leukaemia of unspecified cell type (controls excluding all cancers)","II Neoplasms from hospital discharges (CD2_)",NA,NA,NA,NA,NA,278,378749,NA,NA,554
"CD2_LYMPHOID_LEUKAEMIA_EXALLC","Lymphoid leukaemia (controls excluding all cancers)","II Neoplasms from hospital discharges (CD2_)",NA,NA,NA,NA,NA,1945,378749,NA,NA,555
"CD2_MONOCYTIC_LEUKAEMIA_EXALLC","Monocytic leukaemia (controls excluding all cancers)","II Neoplasms from hospital discharges (CD2_)",NA,NA,NA,NA,NA,105,378749,NA,NA,556
"CD2_MULTIPLE_MYELOMA_PLASMA_CELL_EXALLC","Multiple myeloma and malignant plasma cell neoplasms (controls excluding all cancers)","II Neoplasms from hospital discharges (CD2_)",NA,NA,NA,NA,NA,1593,378749,NA,NA,557
"CD2_MYELOID_LEUKAEMIA_EXALLC","Myeloid leukaemia (controls excluding all cancers)","II Neoplasms from hospital discharges (CD2_)",NA,NA,NA,NA,NA,855,378749,NA,NA,558
"CD2_NONFOLLICULAR_LYMPHOMA_EXALLC","Non-follicular lymphoma (controls excluding all cancers)","II Neoplasms from hospital discharges (CD2_)",NA,NA,NA,NA,NA,3500,378749,NA,NA,559
"CD2_NONHODGKIN_NAS_EXALLC","Other and unspecified types of non-Hodgkin lymphoma, hilmo (controls excluding all cancers)","II Neoplasms from hospital discharges (CD2_)",NA,NA,NA,NA,NA,1452,378749,NA,NA,560
"CD2_OTHER_LEUKAEMIA_SPECIFIED_EXALLC","Other leukaemias of specified cell type (controls excluding all cancers)","II Neoplasms from hospital discharges (CD2_)",NA,NA,NA,NA,NA,84,378749,NA,NA,561
"CD2_PRIMARY_LYMPHOID_HEMATOPOIETIC_EXALLC","Primary_lymphoid and hematopoietic malignant neoplasms (controls excluding all cancers)","II Neoplasms from hospital discharges (CD2_)",NA,NA,NA,NA,NA,9960,378749,NA,NA,562
"CD2_PRIMARY_LYMPHOID_HEMATOPOIETIC_NAS_EXALLC","Other and unspecified malignant neoplasms of lymphoid, haematopoietic and related tissue (controls excluding all cancers)","II Neoplasms from hospital discharges (CD2_)",NA,NA,NA,NA,NA,303,378749,NA,NA,563
"CD2_TNK_LYMPHOMA_EXALLC","Mature T/NK-cell lymphomas, hilmo (controls excluding all cancers)","II Neoplasms from hospital discharges (CD2_)",NA,NA,NA,NA,NA,440,378749,NA,NA,564
"CD2_UVEAMELANOMA_EXALLC","Melanoma of uvea (controls excluding all cancers)","II Neoplasms from hospital discharges (CD2_)",NA,NA,NA,NA,NA,332,378749,NA,NA,565
"CHARCOT","Charcot foot","Comorbidities of Diabetes",NA,NA,NA,NA,NA,594,360342,NA,NA,566
"CHILDHOOD_ALLERGY","Childhood allergy (age < 16)","Asthma and related endpoints",NA,NA,NA,NA,NA,8089,492259,NA,NA,567
"CHIRBIL_NAS","Biliary cirrhosis, NAS","Gastrointestinal endpoints",NA,NA,NA,NA,NA,92,500256,NA,NA,568
"CHIRHEP_NAS","Cirrhosis of liver, NAS","Gastrointestinal endpoints",NA,NA,NA,NA,NA,1703,494803,NA,NA,569
"CHONDRO_OTH","Other chondrocalcinosis","Rheuma endpoints",NA,NA,NA,NA,NA,379,499728,NA,NA,570
"CHRONHEP_NAS","Chronic hepatitis NAS","Gastrointestinal endpoints",NA,NA,NA,NA,NA,461,499887,NA,NA,571
"CHRONLARGE","Crohn's disease of large intestine","Gastrointestinal endpoints",NA,NA,NA,NA,NA,2049,476577,NA,NA,572
"CHRONMYELOPRO","Chronic myeloproliferative disease","Other, not yet classified endpoints (same as #MISC)",NA,NA,NA,NA,NA,433,497256,NA,NA,573
"CHRONNAS","Crohn's disease NAS","Gastrointestinal endpoints",NA,NA,NA,NA,NA,2602,476577,NA,NA,574
"CHRONOTH","Other Crohn's disease","Gastrointestinal endpoints",NA,NA,NA,NA,NA,2819,476577,NA,NA,575
"CHRONSMALL","Crohn's disease of small intestine","Gastrointestinal endpoints",NA,NA,NA,NA,NA,2740,476577,NA,NA,576
"CHRYSTAL_NOS","Other/unspecified crystal arthropathies","Rheuma endpoints",NA,NA,NA,NA,NA,195,499728,NA,NA,577
"CIRRHOSIS_BROAD","Cirrhosis, broad definition used in the article https://doi.org/10.1101/594523","Gastrointestinal endpoints",NA,NA,NA,NA,NA,5545,494803,NA,NA,578
"CML","Chronic myeloid leukaemia [CML], BCR/ABL-positive","Other, not yet classified endpoints (same as #MISC)",NA,NA,NA,NA,NA,301,497256,NA,NA,579
"CMV_HEPATITIS","Cytomegaloviral hepatitis","I Certain infectious and parasitic diseases (AB1_)",NA,NA,NA,NA,NA,92,499622,NA,NA,580
"CMV_NOS","Other/unspecified cytomegaloviral diseases","I Certain infectious and parasitic diseases (AB1_)",NA,NA,NA,NA,NA,604,499622,NA,NA,581
"CMV_PNEUMONIA","Cytomegaloviral pneumonitis","I Certain infectious and parasitic diseases (AB1_)",NA,NA,NA,NA,NA,55,499622,NA,NA,582
"COLONPSEUDOP","Pseudopolyposis of colon","Gastrointestinal endpoints",NA,NA,NA,NA,NA,106,476577,NA,NA,583
"CONGEN_HEART_ARTER","Congenital malformations of heart and great arteries","Cardiometabolic endpoints",NA,NA,NA,NA,NA,5303,495045,NA,NA,584
"COPD_EARLY","Early onset COPD","COPD and related endpoints",NA,NA,NA,NA,NA,9491,477322,NA,NA,585
"COPD_INSUFFICIENCY","COPD-related respiratory insufficiency","Comorbidities of COPD",NA,NA,NA,NA,NA,4541,477322,NA,NA,586
"COPD_LATER","Later onset COPD","COPD and related endpoints",NA,NA,NA,NA,NA,13535,215585,NA,NA,587
"COPD_OPPORTUNIST_INFECTIONS","COPD related to chronic (opportunist) infections","COPD and related endpoints",NA,NA,NA,NA,NA,814,477322,NA,NA,588
"CPAP","Continuous positive airway pressure","Interstitial lung disease endpoints",NA,NA,NA,NA,NA,9427,211497,NA,NA,589
"CREST","CR(E)ST syndrome","Rheuma endpoints",NA,NA,NA,NA,NA,514,499834,NA,NA,590
"CROHN_ARTHR","Arthropathy in Crohn disease","Rheuma endpoints",NA,NA,NA,NA,NA,355,495332,NA,NA,591
"CURRENT_SMOKER","Current smoker","Miscellaneous, not yet classified endpoints",NA,NA,NA,NA,NA,77563,150355,NA,NA,592
"C_DIFFICILE_ENTEROCOLITIS","Enterocolitis due to Clostridium difficile","I Certain infectious and parasitic diseases (AB1_)",NA,NA,NA,NA,NA,4250,492689,NA,NA,593
"C_STROKE","STROKE","Comorbidities of Diabetes",NA,NA,NA,NA,NA,53492,360342,NA,NA,594
"D3_ACQCOAFACDEF","Acquired coagulation factor deficiency","III Diseases of the blood and blood-forming organs and certain disorders involving the immune mechanism (D3_)",NA,NA,NA,NA,NA,56,492275,NA,NA,595
"D3_ACQHAEMOLYTICANAEMIA","Acquired haemolytic anaemia","III Diseases of the blood and blood-forming organs and certain disorders involving the immune mechanism (D3_)",NA,NA,NA,NA,NA,803,499230,NA,NA,596
"D3_ACQHAEMOLYTICANAEMIANAS","Other and unspecified acquired haemolytic anaemias","III Diseases of the blood and blood-forming organs and certain disorders involving the immune mechanism (D3_)",NA,NA,NA,NA,NA,307,499230,NA,NA,597
"D3_ACUTEPOSTBLEEDANAEMIA","Acute posthaemorrhagic anaemia","III Diseases of the blood and blood-forming organs and certain disorders involving the immune mechanism (D3_)",NA,NA,NA,NA,NA,1295,479581,NA,NA,598
"D3_AGRANULOCYTOSIS","Agranulocytosis","III Diseases of the blood and blood-forming organs and certain disorders involving the immune mechanism (D3_)",NA,NA,NA,NA,NA,4238,491224,NA,NA,599
"D3_AIHA_OTHER","Other autoimmune haemolytic anaemias","III Diseases of the blood and blood-forming organs and certain disorders involving the immune mechanism (D3_)",NA,NA,NA,NA,NA,386,499230,NA,NA,600
"D3_ALLERGPURPURA","Allergic purpura","III Diseases of the blood and blood-forming organs and certain disorders involving the immune mechanism (D3_)",NA,NA,NA,NA,NA,1140,492275,NA,NA,601
"D3_ANAEMIA","Anaemias","III Diseases of the blood and blood-forming organs and certain disorders involving the immune mechanism (D3_)",NA,NA,NA,NA,NA,37924,111976,NA,NA,602
"D3_ANAEMIANAS","Other and unspecified anaemias","III Diseases of the blood and blood-forming organs and certain disorders involving the immune mechanism (D3_)",NA,NA,NA,NA,NA,18961,479581,NA,NA,603
"D3_ANAEMIA_B12_DEF","Vitamin B12 deficiency anaemia","III Diseases of the blood and blood-forming organs and certain disorders involving the immune mechanism (D3_)",NA,NA,NA,NA,NA,4426,477015,NA,NA,604
"D3_ANAEMIA_IRONDEF","Iron deficiency anaemia","III Diseases of the blood and blood-forming organs and certain disorders involving the immune mechanism (D3_)",NA,NA,NA,NA,NA,19321,477015,NA,NA,605
"D3_ANAEMIA_IRONDEF_BLOODLOSS","Iron deficiency anaemia secondary to blood loss (chronic)","III Diseases of the blood and blood-forming organs and certain disorders involving the immune mechanism (D3_)",NA,NA,NA,NA,NA,6667,477015,NA,NA,606
"D3_ANAEMIA_IRONDEF_NAS","Other and unspecified iron deficiency","III Diseases of the blood and blood-forming organs and certain disorders involving the immune mechanism (D3_)",NA,NA,NA,NA,NA,14595,477015,NA,NA,607
"D3_BLOODNAS","Other and unspecified diseases of blood and blood-forming organs","III Diseases of the blood and blood-forming organs and certain disorders involving the immune mechanism (D3_)",NA,NA,NA,NA,NA,864,491224,NA,NA,608
"D3_BLOODOTHER","Other diseases of blood and blood-forming organs, wide","III Diseases of the blood and blood-forming organs and certain disorders involving the immune mechanism (D3_)",NA,NA,NA,NA,NA,9124,491224,NA,NA,609
"D3_COAGDEF","Chronic Coagulation defects","III Diseases of the blood and blood-forming organs and certain disorders involving the immune mechanism (D3_)",NA,NA,NA,NA,NA,876,499472,NA,NA,610
"D3_COAGDEFNAS","Other and unspecified coagulation defects","III Diseases of the blood and blood-forming organs and certain disorders involving the immune mechanism (D3_)",NA,NA,NA,NA,NA,1786,492275,NA,NA,611
"D3_COAGDEF_PURPUR_HAEMORRHAGIC","Coagulation defects, purpura and other haemorrhagic conditions","III Diseases of the blood and blood-forming organs and certain disorders involving the immune mechanism (D3_)",NA,NA,NA,NA,NA,8073,492275,NA,NA,612
"D3_COAGOTHER","Other coagulation defects","III Diseases of the blood and blood-forming organs and certain disorders involving the immune mechanism (D3_)",NA,NA,NA,NA,NA,2769,492275,NA,NA,613
"D3_COMBIMMUDEF","Combined immunodeficiencies","III Diseases of the blood and blood-forming organs and certain disorders involving the immune mechanism (D3_)",NA,NA,NA,NA,NA,382,492311,NA,NA,614
"D3_COMPLEMENTDEF","Defects in the complement system","III Diseases of the blood and blood-forming organs and certain disorders involving the immune mechanism (D3_)",NA,NA,NA,NA,NA,237,492311,NA,NA,615
"D3_CRYOGLOBU","Cryoglobulinemia","III Diseases of the blood and blood-forming organs and certain disorders involving the immune mechanism (D3_)",NA,NA,NA,NA,NA,53,492311,NA,NA,616
"D3_CVID","Common variable immunodeficiency","III Diseases of the blood and blood-forming organs and certain disorders involving the immune mechanism (D3_)",NA,NA,NA,NA,NA,216,492311,NA,NA,617
"D3_CVID_BCELL","Common variable immunodeficiency with predominant abnormalities of B-cell numbers and function","III Diseases of the blood and blood-forming organs and certain disorders involving the immune mechanism (D3_)",NA,NA,NA,NA,NA,82,492311,NA,NA,618
"D3_CYSTSPLEEN","Cyst of spleen","III Diseases of the blood and blood-forming organs and certain disorders involving the immune mechanism (D3_)",NA,NA,NA,NA,NA,65,491224,NA,NA,619
"D3_DEF_IGG","Selective deficiency of immunoglobulin G [IgG] subclasses","III Diseases of the blood and blood-forming organs and certain disorders involving the immune mechanism (D3_)",NA,NA,NA,NA,NA,237,492311,NA,NA,620
"D3_DEF_IIGA","Selective deficiency of immunoglobulin A [IgA]y","III Diseases of the blood and blood-forming organs and certain disorders involving the immune mechanism (D3_)",NA,NA,NA,NA,NA,146,492311,NA,NA,621
"D3_DISSEINTRAVASCCOAG","Disseminated intravascular coagulation [defibrination syndrome]","III Diseases of the blood and blood-forming organs and certain disorders involving the immune mechanism (D3_)",NA,NA,NA,NA,NA,103,492275,NA,NA,622
"D3_FAMIERYTHROCYTOCIS","Familial erythrocytosis","III Diseases of the blood and blood-forming organs and certain disorders involving the immune mechanism (D3_)",NA,NA,NA,NA,NA,177,491224,NA,NA,623
"D3_HAEMOLYTICANAEMIA","Haemolytic anaemias","III Diseases of the blood and blood-forming organs and certain disorders involving the immune mechanism (D3_)",NA,NA,NA,NA,NA,1118,499230,NA,NA,624
"D3_HAEMORRHAGCIRGUANTICO","Haemorrhagic disorder due to circulating anticoagulants","III Diseases of the blood and blood-forming organs and certain disorders involving the immune mechanism (D3_)",NA,NA,NA,NA,NA,389,492275,NA,NA,625
"D3_HAEMORRHAGICNAS","Other and unspecified haemorrhagic conditions","III Diseases of the blood and blood-forming organs and certain disorders involving the immune mechanism (D3_)",NA,NA,NA,NA,NA,553,492275,NA,NA,626
"D3_HEREDFVIIIDEF","Hereditary factor VIII deficiency","III Diseases of the blood and blood-forming organs and certain disorders involving the immune mechanism (D3_)",NA,NA,NA,NA,NA,95,492275,NA,NA,627
"D3_HEREDHYPOGAMMA","Hereditary hypogammaglobulinemia","III Diseases of the blood and blood-forming organs and certain disorders involving the immune mechanism (D3_)",NA,NA,NA,NA,NA,126,492311,NA,NA,628
"D3_HEREDOTHCLOFACTORS","Hereditary deficiency of other clotting factors","III Diseases of the blood and blood-forming organs and certain disorders involving the immune mechanism (D3_)",NA,NA,NA,NA,NA,310,492275,NA,NA,629
"D3_HYPERSPLENISM","Hypersplenism","III Diseases of the blood and blood-forming organs and certain disorders involving the immune mechanism (D3_)",NA,NA,NA,NA,NA,142,491224,NA,NA,630
"D3_IMMUDEF","Immunodeficiencies","III Diseases of the blood and blood-forming organs and certain disorders involving the immune mechanism (D3_)",NA,NA,NA,NA,NA,1747,498601,NA,NA,631
"D3_IMMUDEFANTIBODY","Immunodeficiency with predominantly antibody defects","III Diseases of the blood and blood-forming organs and certain disorders involving the immune mechanism (D3_)",NA,NA,NA,NA,NA,919,492311,NA,NA,632
"D3_IMMUDEFANTIBODYNAS","Other and unspecified immunodeficiencies with predominantly antibody defects","III Diseases of the blood and blood-forming organs and certain disorders involving the immune mechanism (D3_)",NA,NA,NA,NA,NA,425,492311,NA,NA,633
"D3_IMMUDEFNAS","Other or unspecified immunodeficiency","III Diseases of the blood and blood-forming organs and certain disorders involving the immune mechanism (D3_)",NA,NA,NA,NA,NA,126,492311,NA,NA,634
"D3_IMMUDEFOTHER","Other immunodeficiencies","III Diseases of the blood and blood-forming organs and certain disorders involving the immune mechanism (D3_)",NA,NA,NA,NA,NA,381,492311,NA,NA,635
"D3_IMMUDEFWITHMAJORDEF","Immunodeficiency associated with other major defects","III Diseases of the blood and blood-forming organs and certain disorders involving the immune mechanism (D3_)",NA,NA,NA,NA,NA,88,492311,NA,NA,636
"D3_IMMUNEMECHANISM","Certain disorders involving the immune mechanism","III Diseases of the blood and blood-forming organs and certain disorders involving the immune mechanism (D3_)",NA,NA,NA,NA,NA,8037,492311,NA,NA,637
"D3_INFARCTSPLEEN","Infarction of spleen","III Diseases of the blood and blood-forming organs and certain disorders involving the immune mechanism (D3_)",NA,NA,NA,NA,NA,186,491224,NA,NA,638
"D3_ITP","Idiopathic thrombocytopenic purpura","III Diseases of the blood and blood-forming organs and certain disorders involving the immune mechanism (D3_)",NA,NA,NA,NA,NA,1064,492275,NA,NA,639
"D3_KELA_IMMUDEF","Kela reimbursement Agammaglobulinemia (D80-84)","III Diseases of the blood and blood-forming organs and certain disorders involving the immune mechanism (D3_)",NA,NA,NA,NA,NA,287,492311,NA,NA,640
"D3_NEFELOF","Nezelof syndrome","III Diseases of the blood and blood-forming organs and certain disorders involving the immune mechanism (D3_)",NA,NA,NA,NA,NA,149,492311,NA,NA,641
"D3_NOCT_HAEMOGLOBINURIA","Other nonautoimmune haemolytic anaemias","III Diseases of the blood and blood-forming organs and certain disorders involving the immune mechanism (D3_)",NA,NA,NA,NA,NA,55,499230,NA,NA,642
"D3_NONAIHA_OTHER","Haemolytic-uraemic syndrome","III Diseases of the blood and blood-forming organs and certain disorders involving the immune mechanism (D3_)",NA,NA,NA,NA,NA,84,499230,NA,NA,643
"D3_NONHEREDHYPOGAMMA","Nonhereditary hypogammaglobulinemia","III Diseases of the blood and blood-forming organs and certain disorders involving the immune mechanism (D3_)",NA,NA,NA,NA,NA,364,492311,NA,NA,644
"D3_NUTRIANAEMIAOTHER","Other nutritional anaemias","III Diseases of the blood and blood-forming organs and certain disorders involving the immune mechanism (D3_)",NA,NA,NA,NA,NA,360,477015,NA,NA,645
"D3_OTHDISLYMPHORETANDRETICULOHIST","Other specified diseases with participation of lymphoreticular and reticulohistiocytic tissue","III Diseases of the blood and blood-forming organs and certain disorders involving the immune mechanism (D3_)",NA,NA,NA,NA,NA,114,491224,NA,NA,646
"D3_OTHERAPLASTICANAEMIA","Other and unspecified aplastic anaemias","III Diseases of the blood and blood-forming organs and certain disorders involving the immune mechanism (D3_)",NA,NA,NA,NA,NA,374,479581,NA,NA,647
"D3_OTHERBLOOD","Other diseases of blood and blood-forming organs","III Diseases of the blood and blood-forming organs and certain disorders involving the immune mechanism (D3_)",NA,NA,NA,NA,NA,2517,491224,NA,NA,648
"D3_OTHERWHITECELL","Other disorders of white blood cells","III Diseases of the blood and blood-forming organs and certain disorders involving the immune mechanism (D3_)",NA,NA,NA,NA,NA,1966,491224,NA,NA,649
"D3_OTHNONTHROMBOCYTOPENPURPURA","Other nonthrombocytopenic purpura","III Diseases of the blood and blood-forming organs and certain disorders involving the immune mechanism (D3_)",NA,NA,NA,NA,NA,298,492275,NA,NA,650
"D3_PURPURA_AND3_OTHER_HAEMORRHAGIC","Purpura and other haemorrhagic conditions","III Diseases of the blood and blood-forming organs and certain disorders involving the immune mechanism (D3_)",NA,NA,NA,NA,NA,5340,492275,NA,NA,651
"D3_QUALIPATELETDEF","Qualitative platelet defects","III Diseases of the blood and blood-forming organs and certain disorders involving the immune mechanism (D3_)",NA,NA,NA,NA,NA,131,492275,NA,NA,652
"D3_SARCOIDOSIS","Sarcoidosis","III Diseases of the blood and blood-forming organs and certain disorders involving the immune mechanism (D3_)",NA,NA,NA,NA,NA,5411,492311,NA,NA,653
"D3_SCIDA","Severe combined immunodeficiency [SCID] with reticular dysgenesis","III Diseases of the blood and blood-forming organs and certain disorders involving the immune mechanism (D3_)",NA,NA,NA,NA,NA,104,492311,NA,NA,654
"D3_SCNDPOLYCYTHAEMIA","Secondary polycythaemia","III Diseases of the blood and blood-forming organs and certain disorders involving the immune mechanism (D3_)",NA,NA,NA,NA,NA,809,491224,NA,NA,655
"D3_SCNDTHROMBOCYTOPENIA","Secondary thrombocytopenia","III Diseases of the blood and blood-forming organs and certain disorders involving the immune mechanism (D3_)",NA,NA,NA,NA,NA,405,492275,NA,NA,656
"D3_SICKLECELLDIS","Sickle-cell disorders","III Diseases of the blood and blood-forming organs and certain disorders involving the immune mechanism (D3_)",NA,NA,NA,NA,NA,72,499230,NA,NA,657
"D3_SIDEROANAEMIAHERED","Hereditary sideroblastic anaemia","III Diseases of the blood and blood-forming organs and certain disorders involving the immune mechanism (D3_)",NA,NA,NA,NA,NA,132,479581,NA,NA,658
"D3_SIDEROANAMIEAOTHER","Other sideroblastic anaemias","III Diseases of the blood and blood-forming organs and certain disorders involving the immune mechanism (D3_)",NA,NA,NA,NA,NA,132,479581,NA,NA,659
"D3_SPLEENNAS","Other and unspecified diseases of spleen","III Diseases of the blood and blood-forming organs and certain disorders involving the immune mechanism (D3_)",NA,NA,NA,NA,NA,136,491224,NA,NA,660
"D3_THROMBOCYTOPENIANAS","Thrombocytopenia, unspecified","III Diseases of the blood and blood-forming organs and certain disorders involving the immune mechanism (D3_)",NA,NA,NA,NA,NA,2567,492275,NA,NA,661
"D3_WHITEBLOODCELLNAS","Other and unspecified disorders of white blood cells","III Diseases of the blood and blood-forming organs and certain disorders involving the immune mechanism (D3_)",NA,NA,NA,NA,NA,1414,491224,NA,NA,662
"DERMATOPOLY_FG","Dermatopolymyositis (FG)","Rheuma endpoints",NA,NA,NA,NA,NA,500,374317,NA,NA,663
"DM_MACULOPATHY","Diabetic maculopathy","Diabetes endpoints",NA,NA,NA,NA,NA,4603,82287,NA,NA,664
"DM_NEPHROPATHY","Diabetic nephropathy","Diabetes endpoints",NA,NA,NA,NA,NA,5579,90951,NA,NA,665
"DM_NEPHROPATHY_EXMORE","Diabetic nephropathy (more control exclusions)","Diabetes endpoints",NA,NA,NA,NA,NA,5579,59084,NA,NA,666
"DM_NEUROPATHY","Diabetic neuropathy","Diabetes endpoints",NA,NA,NA,NA,NA,3862,92612,NA,NA,667
"DM_RETINOPATHY","Diabetic retinopathy","Diabetes endpoints",NA,NA,NA,NA,NA,14142,82287,NA,NA,668
"DM_RETINOPATHY_EXMORE","Diabetic retinopathy (more control exclusions)","Diabetes endpoints",NA,NA,NA,NA,NA,14142,59084,NA,NA,669
"DM_RETINOPATHY_STRICT","Diabetic retinopathy, strict definition","Diabetes endpoints",NA,NA,NA,NA,NA,6833,82271,NA,NA,670
"DRUGADVERS_ACUTE_PANCREATIT","Drug-induced acute pancreatitis","XI Diseases of the digestive system (K11_)",NA,NA,NA,NA,NA,53,500295,NA,NA,671
"DRUGADVERS_ADRENOCORTICAL_INSUFFICIENCY","Drug-induced adrenocortical insufficiency","IV Endocrine, nutritional and metabolic diseases (E4_)",NA,NA,NA,NA,NA,581,499767,NA,NA,672
"DRUGADVERS_APLAST_ANAEM","Drug-induced aplastic anaemia","III Diseases of the blood and blood-forming organs and certain disorders involving the immune mechanism (D3_)",NA,NA,NA,NA,NA,51,500297,NA,NA,673
"DRUGADVERS_CATAR","Drug-induced cataract","VII Diseases of the eye and adnexa (H7_)",NA,NA,NA,NA,NA,802,499546,NA,NA,674
"DRUGADVERS_DYSTON","Drug-induced dystonia","VI Diseases of the nervous system (G6_)",NA,NA,NA,NA,NA,106,500242,NA,NA,675
"DRUGADVERS_GOUT","Drug-induced gout","XIII Diseases of the musculoskeletal system and connective tissue (M13_)",NA,NA,NA,NA,NA,154,500194,NA,NA,676
"DRUGADVERS_HEADA_NOT_ELSEW_CLASSIFIED","Drug-induced headache, not elsewhere classified","VI Diseases of the nervous system (G6_)",NA,NA,NA,NA,NA,186,500162,NA,NA,677
"DRUGADVERS_INTERSTITIAL_LUNG_DISORD_UNSPE","Drug-induced interstitial lung disorders, unspecified","X Diseases of the respiratory system (J10_)",NA,NA,NA,NA,NA,58,500290,NA,NA,678
"DRUGADVERS_NEUTROPENIA","Drug-induced neutropenia","III Diseases of the blood and blood-forming organs and certain disorders involving the immune mechanism (D3_)",NA,NA,NA,NA,NA,2547,497801,NA,NA,679
"DRUGADVERS_OSTEOPO","Drug-induced osteoporosis","XIII Diseases of the musculoskeletal system and connective tissue (M13_)",NA,NA,NA,NA,NA,389,499959,NA,NA,680
"DRUGADVERS_SYSTEMIC_LUPUS_ERYTHEMAT","Drug-induced systemic lupus erythematosus","XIII Diseases of the musculoskeletal system and connective tissue (M13_)",NA,NA,NA,NA,NA,234,500114,NA,NA,681
"DRUGADVERS_TREMOR","Drug-induced tremor","VI Diseases of the nervous system (G6_)",NA,NA,NA,NA,NA,202,500146,NA,NA,682
"DRY_AMD","Dry age-related macular degeneration (includes geographic atrophy)","VII Diseases of the eye and adnexa (H7_)",NA,NA,NA,NA,NA,8570,329258,NA,NA,683
"DUODENAL_ULCER_ACUTE_W_HAEMORRHAGE","Duodenal ulcer - Acute with haemorrhage, drug-induced","XI Diseases of the digestive system (K11_)",NA,NA,NA,NA,NA,57,500291,NA,NA,684
"DUODENAL_ULCER_UNSPE_ACUTE_CHRONIC_WO_HAEMORRHAGE_PERFORATION","Duodenal ulcer - Unspecified as acute or chronic, without haemorrhage or perforation, drug-induced","XI Diseases of the digestive system (K11_)",NA,NA,NA,NA,NA,132,500216,NA,NA,685
"E4_ACIDOSIS","Acidosis","IV Endocrine, nutritional and metabolic diseases (E4_)",NA,NA,NA,NA,NA,670,420066,NA,NA,686
"E4_ACROMEG","Acromegaly and pituitary gigantism","IV Endocrine, nutritional and metabolic diseases (E4_)",NA,NA,NA,NA,NA,235,479069,NA,NA,687
"E4_ADDISON","Adrenocortical insufficiency","IV Endocrine, nutritional and metabolic diseases (E4_)",NA,NA,NA,NA,NA,1267,479069,NA,NA,688
"E4_ADREACT","Other adrenocortical overactivity","IV Endocrine, nutritional and metabolic diseases (E4_)",NA,NA,NA,NA,NA,207,479069,NA,NA,689
"E4_ADREMEDHYPER","Adrenomedullary hyperfunction","IV Endocrine, nutritional and metabolic diseases (E4_)",NA,NA,NA,NA,NA,100,479069,NA,NA,690
"E4_ADRENAS","Disorders of adrenal gland, other and/or unspecified","IV Endocrine, nutritional and metabolic diseases (E4_)",NA,NA,NA,NA,NA,167,479069,NA,NA,691
"E4_ADRENOGEN","Adrenogenital disorders","IV Endocrine, nutritional and metabolic diseases (E4_)",NA,NA,NA,NA,NA,154,479069,NA,NA,692
"E4_ALKALOSIS","Alkalosis","IV Endocrine, nutritional and metabolic diseases (E4_)",NA,NA,NA,NA,NA,79,420066,NA,NA,693
"E4_AMINO","Other disorders of amino-acid metabolism","IV Endocrine, nutritional and metabolic diseases (E4_)",NA,NA,NA,NA,NA,163,420066,NA,NA,694
"E4_AMINOTRANSPORT","Disorders of amino-acid transport","IV Endocrine, nutritional and metabolic diseases (E4_)",NA,NA,NA,NA,NA,59,420066,NA,NA,695
"E4_AMYLNAS","Amyloidosis, other/unspecified","IV Endocrine, nutritional and metabolic diseases (E4_)",NA,NA,NA,NA,NA,573,420066,NA,NA,696
"E4_AMYL_ORGAN","Organ-limited amyloidosis","IV Endocrine, nutritional and metabolic diseases (E4_)",NA,NA,NA,NA,NA,133,420066,NA,NA,697
"E4_AMYL_SCNDSYST","Secondary systemic amyloidosis","IV Endocrine, nutritional and metabolic diseases (E4_)",NA,NA,NA,NA,NA,103,420066,NA,NA,698
"E4_ANTIDIU","Syndrome of inappropriate secretion of antidiuretic hormone","IV Endocrine, nutritional and metabolic diseases (E4_)",NA,NA,NA,NA,NA,169,479069,NA,NA,699
"E4_AROMAMINO","Disorders of aromatic amino-acid metabolism","IV Endocrine, nutritional and metabolic diseases (E4_)",NA,NA,NA,NA,NA,111,420066,NA,NA,700
"E4_ATROTHY","Atrophy of thyroid (acquired)","IV Endocrine, nutritional and metabolic diseases (E4_)",NA,NA,NA,NA,NA,50,424208,NA,NA,701
"E4_AUTOPOLYFAI","Autoimmune polyglandular failure","IV Endocrine, nutritional and metabolic diseases (E4_)",NA,NA,NA,NA,NA,51,479069,NA,NA,702
"E4_CARBO","Other disorders of carbohydrate metabolism","IV Endocrine, nutritional and metabolic diseases (E4_)",NA,NA,NA,NA,NA,167,420066,NA,NA,703
"E4_CARBONAS","Disorder of carbohydrate metabolism, other/unspecified","IV Endocrine, nutritional and metabolic diseases (E4_)",NA,NA,NA,NA,NA,116,420066,NA,NA,704
"E4_CARCISDR","Carcinoid syndrome","IV Endocrine, nutritional and metabolic diseases (E4_)",NA,NA,NA,NA,NA,305,479069,NA,NA,705
"E4_CONGEIOD","Congenital iodine-deficiency syndrome/hypothyroidism","IV Endocrine, nutritional and metabolic diseases (E4_)",NA,NA,NA,NA,NA,1101,424208,NA,NA,706
"E4_CUSHING","Cushing syndrome","IV Endocrine, nutritional and metabolic diseases (E4_)",NA,NA,NA,NA,NA,391,479069,NA,NA,707
"E4_DELPUB","Delayed puberty","IV Endocrine, nutritional and metabolic diseases (E4_)",NA,NA,NA,NA,NA,310,479069,NA,NA,708
"E4_DIABINSIPIDUS","Diabetes insipidus","IV Endocrine, nutritional and metabolic diseases (E4_)",NA,NA,NA,NA,NA,315,479069,NA,NA,709
"E4_DISPUB","Disorders of puberty","IV Endocrine, nutritional and metabolic diseases (E4_)",NA,NA,NA,NA,NA,585,479069,NA,NA,710
"E4_DYSPOLYGL","Polyglandular dysfunction","IV Endocrine, nutritional and metabolic diseases (E4_)",NA,NA,NA,NA,NA,87,479069,NA,NA,711
"E4_ENDINOTH","Disorders of endocrine glands in diseases classified elsewhere","IV Endocrine, nutritional and metabolic diseases (E4_)",NA,NA,NA,NA,NA,61,479069,NA,NA,712
"E4_ENDODIS","Other endocrine disorders","IV Endocrine, nutritional and metabolic diseases (E4_)",NA,NA,NA,NA,NA,2056,479069,NA,NA,713
"E4_ENDODISNAS","Endocrine disorders, other/unspecified","IV Endocrine, nutritional and metabolic diseases (E4_)",NA,NA,NA,NA,NA,721,479069,NA,NA,714
"E4_ENDOGLAND","Disorders of other endocrine glands","IV Endocrine, nutritional and metabolic diseases (E4_)",NA,NA,NA,NA,NA,21279,479069,NA,NA,715
"E4_ENDOMETPOSTOP","Postprocedural endocrine and metabolic disorders, not elsewhere classified","IV Endocrine, nutritional and metabolic diseases (E4_)",NA,NA,NA,NA,NA,5016,420066,NA,NA,716
"E4_FE_DEF","Iron deficiency","IV Endocrine, nutritional and metabolic diseases (E4_)",NA,NA,NA,NA,NA,787,467142,NA,NA,717
"E4_FH","Familial hypercholesterolemia","IV Endocrine, nutritional and metabolic diseases (E4_)",NA,NA,NA,NA,NA,6545,420066,NA,NA,718
"E4_FH_IHD","Familial hypercholesterolemia, with ischemic heart disease","IV Endocrine, nutritional and metabolic diseases (E4_)",NA,NA,NA,NA,NA,3596,416260,NA,NA,719
"E4_FLUIDELECTRO","Other disorders of fluid, electrolyte and acid-base balance","IV Endocrine, nutritional and metabolic diseases (E4_)",NA,NA,NA,NA,NA,13550,420066,NA,NA,720
"E4_FLUIDELECTRONAS","Other disorders of electrolyte and fluid balance, not elsewhere classified","IV Endocrine, nutritional and metabolic diseases (E4_)",NA,NA,NA,NA,NA,307,420066,NA,NA,721
"E4_FLUIDOVER","Fluid overload","IV Endocrine, nutritional and metabolic diseases (E4_)",NA,NA,NA,NA,NA,96,420066,NA,NA,722
"E4_GILBERT","Gilbert syndrome","IV Endocrine, nutritional and metabolic diseases (E4_)",NA,NA,NA,NA,NA,259,420066,NA,NA,723
"E4_GOITREDIFF","Nontoxic diffuse goitre","IV Endocrine, nutritional and metabolic diseases (E4_)",NA,NA,NA,NA,NA,1147,424208,NA,NA,724
"E4_GOITREMULTINOD","Nontoxic multinodular goitre","IV Endocrine, nutritional and metabolic diseases (E4_)",NA,NA,NA,NA,NA,8337,424208,NA,NA,725
"E4_GOITRENAS","Other and/or unspecified nontoxic goitre","IV Endocrine, nutritional and metabolic diseases (E4_)",NA,NA,NA,NA,NA,3151,424208,NA,NA,726
"E4_GOITRENOD","Nontoxic single thyroid nodule","IV Endocrine, nutritional and metabolic diseases (E4_)",NA,NA,NA,NA,NA,2775,424208,NA,NA,727
"E4_GRAVES_OPHT_STRICT","Graves ophthalmopathy, strict","IV Endocrine, nutritional and metabolic diseases (E4_)",NA,NA,NA,NA,NA,753,499595,NA,NA,728
"E4_GRAVES_STRICT","Graves disease, strict definition","IV Endocrine, nutritional and metabolic diseases (E4_)",NA,NA,NA,NA,NA,3962,496386,NA,NA,729
"E4_HYPERALDO","Hyperaldosteronism","IV Endocrine, nutritional and metabolic diseases (E4_)",NA,NA,NA,NA,NA,931,479069,NA,NA,730
"E4_HYPERALI","Other hyperalimentation","IV Endocrine, nutritional and metabolic diseases (E4_)",NA,NA,NA,NA,NA,107,468693,NA,NA,731
"E4_HYPERALISEQ","Sequelae of hyperalimentation","IV Endocrine, nutritional and metabolic diseases (E4_)",NA,NA,NA,NA,NA,56,468693,NA,NA,732
"E4_HYPERCHOL","Pure hypercholesterolaemia","IV Endocrine, nutritional and metabolic diseases (E4_)",NA,NA,NA,NA,NA,42985,420066,NA,NA,733
"E4_HYPERCHYLO","Hyperchylomicronaemia","IV Endocrine, nutritional and metabolic diseases (E4_)",NA,NA,NA,NA,NA,70,420066,NA,NA,734
"E4_HYPERGLYCER","Pure hyperglyceridaemia","IV Endocrine, nutritional and metabolic diseases (E4_)",NA,NA,NA,NA,NA,789,420066,NA,NA,735
"E4_HYPERKALAEMIA","Hyperkalaemia","IV Endocrine, nutritional and metabolic diseases (E4_)",NA,NA,NA,NA,NA,2019,420066,NA,NA,736
"E4_HYPERLIPMIX","Mixed hyperlipidaemia","IV Endocrine, nutritional and metabolic diseases (E4_)",NA,NA,NA,NA,NA,1495,420066,NA,NA,737
"E4_HYPERLIPNAS","Hyperlipidaemia, other/unspecified","IV Endocrine, nutritional and metabolic diseases (E4_)",NA,NA,NA,NA,NA,17615,420066,NA,NA,738
"E4_HYPEROSMHNAT","Hyperosmolality and hypernatraemia","IV Endocrine, nutritional and metabolic diseases (E4_)",NA,NA,NA,NA,NA,455,420066,NA,NA,739
"E4_HYPERPARA","Hyperparathyroidism","IV Endocrine, nutritional and metabolic diseases (E4_)",NA,NA,NA,NA,NA,7591,479069,NA,NA,740
"E4_HYPERPIT","Hyperfunction of pituitary gland","IV Endocrine, nutritional and metabolic diseases (E4_)",NA,NA,NA,NA,NA,1917,479069,NA,NA,741
"E4_HYPERPITNAS","Hyperfunction of pituitary gland, other and/or unspecified","IV Endocrine, nutritional and metabolic diseases (E4_)",NA,NA,NA,NA,NA,58,479069,NA,NA,742
"E4_HYPERPRO","Hyperprolactinaemia","IV Endocrine, nutritional and metabolic diseases (E4_)",NA,NA,NA,NA,NA,1330,479069,NA,NA,743
"E4_HYPERPRO_ADVERSE","Hyperprolactinaemia, drug-induced","IV Endocrine, nutritional and metabolic diseases (E4_)",NA,NA,NA,NA,NA,196,500152,NA,NA,744
"E4_HYPERURI","Hyperuricaemia without signs of inflammatory arthritis and tophaceous disease","IV Endocrine, nutritional and metabolic diseases (E4_)",NA,NA,NA,NA,NA,157,420066,NA,NA,745
"E4_HYPOCOMA","Nondiabetic hypoglycaemic coma","IV Endocrine, nutritional and metabolic diseases (E4_)",NA,NA,NA,NA,NA,143,496961,NA,NA,746
"E4_HYPOKALAEMIA","Hypokalaemia","IV Endocrine, nutritional and metabolic diseases (E4_)",NA,NA,NA,NA,NA,4638,420066,NA,NA,747
"E4_HYPOOSMNAT","Hypo-osmolality and hyponatraemia","IV Endocrine, nutritional and metabolic diseases (E4_)",NA,NA,NA,NA,NA,7130,420066,NA,NA,748
"E4_HYPOPARA","Hypoparathyroidism","IV Endocrine, nutritional and metabolic diseases (E4_)",NA,NA,NA,NA,NA,1249,479069,NA,NA,749
"E4_HYPOPIT","Hypopituitarism","IV Endocrine, nutritional and metabolic diseases (E4_)",NA,NA,NA,NA,NA,2665,479069,NA,NA,750
"E4_HYPOTHALDYSF","Hypothalamic dysfunction, including iatrogenic, not elsewhere classified","IV Endocrine, nutritional and metabolic diseases (E4_)",NA,NA,NA,NA,NA,67,479069,NA,NA,751
"E4_HYTHYPOSTINF","Postinfectious hypothyroidism","IV Endocrine, nutritional and metabolic diseases (E4_)",NA,NA,NA,NA,NA,199,424208,NA,NA,752
"E4_HYTHYSUBS","Hypothyroidism due to medicaments and other exogenous substances","IV Endocrine, nutritional and metabolic diseases (E4_)",NA,NA,NA,NA,NA,367,424208,NA,NA,753
"E4_HYTHY_AI_DX","Hypothyroidism, autoimmune, DX-based","IV Endocrine, nutritional and metabolic diseases (E4_)",NA,NA,NA,NA,NA,133,499660,NA,NA,754
"E4_HYTHY_AI_STRICT","Hypothyroidism, strict autoimmune","IV Endocrine, nutritional and metabolic diseases (E4_)",NA,NA,NA,NA,NA,54752,362639,NA,NA,755
"E4_IRON_MET","Disorders of iron metabolism","IV Endocrine, nutritional and metabolic diseases (E4_)",NA,NA,NA,NA,NA,477,420066,NA,NA,756
"E4_KWASHIORKOR","Kwashiorkor","IV Endocrine, nutritional and metabolic diseases (E4_)",NA,NA,NA,NA,NA,53,499678,NA,NA,757
"E4_LACTOCON","Congenital lactase deficiency","IV Endocrine, nutritional and metabolic diseases (E4_)",NA,NA,NA,NA,NA,84,420066,NA,NA,758
"E4_LACTONAS","Lactose intolerance, other/unspecified","IV Endocrine, nutritional and metabolic diseases (E4_)",NA,NA,NA,NA,NA,1020,420066,NA,NA,759
"E4_LIPODYST","Lipodystrophy, not elsewhere classified","IV Endocrine, nutritional and metabolic diseases (E4_)",NA,NA,NA,NA,NA,51,420066,NA,NA,760
"E4_LIPOMATOSIS","Lipomatosis, not elsewhere classified","IV Endocrine, nutritional and metabolic diseases (E4_)",NA,NA,NA,NA,NA,96,420066,NA,NA,761
"E4_LIPOPROT","Disorders of lipoprotein metabolism and other lipidaemias","IV Endocrine, nutritional and metabolic diseases (E4_)",NA,NA,NA,NA,NA,59366,420066,NA,NA,762
"E4_LIPOPROTNAS","Disorder of lipoprotein metabolism, unspecified","IV Endocrine, nutritional and metabolic diseases (E4_)",NA,NA,NA,NA,NA,5471,420066,NA,NA,763
"E4_LOCALADIP","Localized adiposity","IV Endocrine, nutritional and metabolic diseases (E4_)",NA,NA,NA,NA,NA,172,468693,NA,NA,764
"E4_MALNUTRITION","Malnutrition","IV Endocrine, nutritional and metabolic diseases (E4_)",NA,NA,NA,NA,NA,670,499678,NA,NA,765
"E4_MARAKWASH","Marasmic kwashiorkor","IV Endocrine, nutritional and metabolic diseases (E4_)",NA,NA,NA,NA,NA,77,499678,NA,NA,766
"E4_MARASMUS","Nutritional marasmus","IV Endocrine, nutritional and metabolic diseases (E4_)",NA,NA,NA,NA,NA,55,499678,NA,NA,767
"E4_METABOLIA","Metabolic disorders","IV Endocrine, nutritional and metabolic diseases (E4_)",NA,NA,NA,NA,NA,80282,420066,NA,NA,768
"E4_METABONAS","Metabolic disorder, other/unspecified","IV Endocrine, nutritional and metabolic diseases (E4_)",NA,NA,NA,NA,NA,102,420066,NA,NA,769
"E4_MG_DEF","Magnesium deficiency","IV Endocrine, nutritional and metabolic diseases (E4_)",NA,NA,NA,NA,NA,94,467142,NA,NA,770
"E4_MG_MET","Disorders of magnesium metabolism","IV Endocrine, nutritional and metabolic diseases (E4_)",NA,NA,NA,NA,NA,230,420066,NA,NA,771
"E4_MINERAL_MET","Disorders of mineral metabolism","IV Endocrine, nutritional and metabolic diseases (E4_)",NA,NA,NA,NA,NA,3094,420066,NA,NA,772
"E4_MINERAL_METNAS","Disorder of mineral metabolism, other/unspecified","IV Endocrine, nutritional and metabolic diseases (E4_)",NA,NA,NA,NA,NA,78,420066,NA,NA,773
"E4_NONTOXIC_THYROID","Nontoxic goitre/thyroid nodule","IV Endocrine, nutritional and metabolic diseases (E4_)",NA,NA,NA,NA,NA,12852,487496,NA,NA,774
"E4_NUTRI_DEF_NAS","Other specified/unspecified nutritional deficiencies","IV Endocrine, nutritional and metabolic diseases (E4_)",NA,NA,NA,NA,NA,258,467142,NA,NA,775
"E4_OBESITY","Obesity","IV Endocrine, nutritional and metabolic diseases (E4_)",NA,NA,NA,NA,NA,31499,468693,NA,NA,776
"E4_OBESITYCAL","Obesity due to excess calories","IV Endocrine, nutritional and metabolic diseases (E4_)",NA,NA,NA,NA,NA,22389,468849,NA,NA,777
"E4_OBESITYDRUG","Drug-induced obesity","IV Endocrine, nutritional and metabolic diseases (E4_)",NA,NA,NA,NA,NA,316,468849,NA,NA,778
"E4_OBESITYNAS","Obesity, other/unspecified","IV Endocrine, nutritional and metabolic diseases (E4_)",NA,NA,NA,NA,NA,15896,468849,NA,NA,779
"E4_OBESITYXTRMALV","Extreme obesity with alveolar hypoventilation","IV Endocrine, nutritional and metabolic diseases (E4_)",NA,NA,NA,NA,NA,1415,468849,NA,NA,780
"E4_ODANDRO","Ovarian dysfunction: androgen excess","IV Endocrine, nutritional and metabolic diseases (E4_)",NA,NA,NA,NA,NA,55,267780,NA,NA,781
"E4_OVARDYS","Ovarian dysfunction","IV Endocrine, nutritional and metabolic diseases (E4_)",NA,NA,NA,NA,NA,3045,267780,NA,NA,782
"E4_OVARDYSNAS","Ovarian dysfunction, other/unspecified","IV Endocrine, nutritional and metabolic diseases (E4_)",NA,NA,NA,NA,NA,202,267780,NA,NA,783
"E4_OVARFAIL","Primary ovarian failure","IV Endocrine, nutritional and metabolic diseases (E4_)",NA,NA,NA,NA,NA,655,267780,NA,NA,784
"E4_PANCSECNAS","Disorder of pancreatic internal secretion, other and/or unspecified","IV Endocrine, nutritional and metabolic diseases (E4_)",NA,NA,NA,NA,NA,250,496961,NA,NA,785
"E4_PARANAS","Disorders of parathyroid gland, other and/or unspecified","IV Endocrine, nutritional and metabolic diseases (E4_)",NA,NA,NA,NA,NA,234,479069,NA,NA,786
"E4_PARATHYRO","Disorders of parathyroid gland","IV Endocrine, nutritional and metabolic diseases (E4_)",NA,NA,NA,NA,NA,8655,479069,NA,NA,787
"E4_PCOS","Polycystic ovarian syndrome","IV Endocrine, nutritional and metabolic diseases (E4_)",NA,NA,NA,NA,NA,2214,267780,NA,NA,788
"E4_PCOS_BROAD","Polycystic ovarian syndrome, broad definition","IV Endocrine, nutritional and metabolic diseases (E4_)",NA,NA,NA,NA,NA,4810,273021,NA,NA,789
"E4_PHOS_MET","Disorders of phosphorus metabolism and phosphatases","IV Endocrine, nutritional and metabolic diseases (E4_)",NA,NA,NA,NA,NA,161,420066,NA,NA,790
"E4_PITUDISNAS","Disorders of pituitary gland, other and/or unspecified","IV Endocrine, nutritional and metabolic diseases (E4_)",NA,NA,NA,NA,NA,207,479069,NA,NA,791
"E4_PLASMAPROT","Disorders of plasma-protein metabolism, not elsewhere classified","IV Endocrine, nutritional and metabolic diseases (E4_)",NA,NA,NA,NA,NA,242,420066,NA,NA,792
"E4_PORBILIR","Disorders of porphyrin and bilirubin metabolism","IV Endocrine, nutritional and metabolic diseases (E4_)",NA,NA,NA,NA,NA,405,420066,NA,NA,793
"E4_PORPHYNAS","Other porphyria","IV Endocrine, nutritional and metabolic diseases (E4_)",NA,NA,NA,NA,NA,60,420066,NA,NA,794
"E4_PRECOXCENTPUB","Precocious central puberty","IV Endocrine, nutritional and metabolic diseases (E4_)",NA,NA,NA,NA,NA,219,479069,NA,NA,795
"E4_PREPUB","Precocious puberty","IV Endocrine, nutritional and metabolic diseases (E4_)",NA,NA,NA,NA,NA,176,479069,NA,NA,796
"E4_PROTMALMODMILD","Protein-energy malnutrition of moderate and mild degree","IV Endocrine, nutritional and metabolic diseases (E4_)",NA,NA,NA,NA,NA,266,499678,NA,NA,797
"E4_PROTMALNAS","Unspecified protein-energy malnutrition","IV Endocrine, nutritional and metabolic diseases (E4_)",NA,NA,NA,NA,NA,172,499678,NA,NA,798
"E4_PROTMALSEVERNAS","Unspecified severe protein-energy malnutrition","IV Endocrine, nutritional and metabolic diseases (E4_)",NA,NA,NA,NA,NA,57,499678,NA,NA,799
"E4_PUBDISNAS","Disorders of puberty, other/unspecified","IV Endocrine, nutritional and metabolic diseases (E4_)",NA,NA,NA,NA,NA,138,479069,NA,NA,800
"E4_SEQUMAL","Sequelae of malnutrition and other nutritional deficiencies","IV Endocrine, nutritional and metabolic diseases (E4_)",NA,NA,NA,NA,NA,78,467142,NA,NA,801
"E4_TESTICDYSNAS","Testicular dysfunction, other/unspecified","IV Endocrine, nutritional and metabolic diseases (E4_)",NA,NA,NA,NA,NA,146,211289,NA,NA,802
"E4_TESTICHYPO","Testicular hypofunction","IV Endocrine, nutritional and metabolic diseases (E4_)",NA,NA,NA,NA,NA,1107,211289,NA,NA,803
"E4_THIA_DEF","Thiamine deficiency","IV Endocrine, nutritional and metabolic diseases (E4_)",NA,NA,NA,NA,NA,184,467142,NA,NA,804
"E4_THYCRISIS","Thyroid crisis or storm","IV Endocrine, nutritional and metabolic diseases (E4_)",NA,NA,NA,NA,NA,85,424208,NA,NA,805
"E4_THYMUSDIS","Diseases of thymus","IV Endocrine, nutritional and metabolic diseases (E4_)",NA,NA,NA,NA,NA,89,479069,NA,NA,806
"E4_THYMUSDISNAS","Disease of thymus, other/unspecified","IV Endocrine, nutritional and metabolic diseases (E4_)",NA,NA,NA,NA,NA,57,479069,NA,NA,807
"E4_THYROID","Disorders of the thyroid gland","IV Endocrine, nutritional and metabolic diseases (E4_)",NA,NA,NA,NA,NA,76140,424208,NA,NA,808
"E4_THYROIDITACU","Acute thyroiditis","IV Endocrine, nutritional and metabolic diseases (E4_)",NA,NA,NA,NA,NA,143,424208,NA,NA,809
"E4_THYROIDITAUTOIM","Autoimmune thyroiditis","IV Endocrine, nutritional and metabolic diseases (E4_)",NA,NA,NA,NA,NA,688,424208,NA,NA,810
"E4_THYROIDITCHRON","Chronic thyroiditis","IV Endocrine, nutritional and metabolic diseases (E4_)",NA,NA,NA,NA,NA,141,424208,NA,NA,811
"E4_THYROIDITDRUG","Drug-induced thyroiditis","IV Endocrine, nutritional and metabolic diseases (E4_)",NA,NA,NA,NA,NA,73,424208,NA,NA,812
"E4_THYROIDITNAS","Thyroiditis, unspecified","IV Endocrine, nutritional and metabolic diseases (E4_)",NA,NA,NA,NA,NA,556,424208,NA,NA,813
"E4_THYROIDITSUBAC","Subacute thyroiditis","IV Endocrine, nutritional and metabolic diseases (E4_)",NA,NA,NA,NA,NA,1325,424208,NA,NA,814
"E4_THYROIDNASOTH","Disorder of thyroid, unspecified","IV Endocrine, nutritional and metabolic diseases (E4_)",NA,NA,NA,NA,NA,446,424208,NA,NA,815
"E4_THYTOXFAC","Thyrotoxicosis factitia","IV Endocrine, nutritional and metabolic diseases (E4_)",NA,NA,NA,NA,NA,107,489345,NA,NA,816
"E4_THYTOXGOITDIF","Thyrotoxicosis with diffuse goitre","IV Endocrine, nutritional and metabolic diseases (E4_)",NA,NA,NA,NA,NA,5996,424208,NA,NA,817
"E4_THYTOXGOITMULT","Thyrotoxicosis with toxic multinodular goitre","IV Endocrine, nutritional and metabolic diseases (E4_)",NA,NA,NA,NA,NA,2149,489345,NA,NA,818
"E4_THYTOXNOD","Thyrotoxicosis with toxic single thyroid nodule","IV Endocrine, nutritional and metabolic diseases (E4_)",NA,NA,NA,NA,NA,301,489345,NA,NA,819
"E4_VIT_A_DEF","Vitamin A deficiency","IV Endocrine, nutritional and metabolic diseases (E4_)",NA,NA,NA,NA,NA,160,467142,NA,NA,820
"E4_VIT_B_DEF","Deficiency of other B group vitamins","IV Endocrine, nutritional and metabolic diseases (E4_)",NA,NA,NA,NA,NA,763,467142,NA,NA,821
"E4_VIT_D_DEF","Vitamin D deficiency","IV Endocrine, nutritional and metabolic diseases (E4_)",NA,NA,NA,NA,NA,614,467142,NA,NA,822
"EHEC","Enterohaemorrhagic Escherichia coli infection","I Certain infectious and parasitic diseases (AB1_)",NA,NA,NA,NA,NA,53,492689,NA,NA,823
"ENTEROPATH_E_COLI","Enteropathogenic Escherichia coli infection","I Certain infectious and parasitic diseases (AB1_)",NA,NA,NA,NA,NA,96,492689,NA,NA,824
"EPILEPTIC_SEIZU_RELATED_DRUGS","Epileptic seizures related to drugs","VI Diseases of the nervous system (G6_)",NA,NA,NA,NA,NA,104,500244,NA,NA,825
"EPISEIZALCO","Epileptic seizures related to alcohol","Alcohol related diseases",NA,NA,NA,NA,NA,206,500142,NA,NA,826
"ERECTILE_DYSFUNCTION","Erectile dysfunction","V Mental and behavioural disorders (F5_)",NA,NA,NA,NA,NA,2886,215272,NA,NA,827
"ESOSINOPHIL_DISEASE","Eosinophilic disease (BM)","III Diseases of the blood and blood-forming organs and certain disorders involving the immune mechanism (D3_)",NA,NA,NA,NA,NA,546,272877,NA,NA,828
"EVER_SMOKER","Ever smoker","Miscellaneous, not yet classified endpoints",NA,NA,NA,NA,NA,145409,150355,NA,NA,829
"F5_ADHD","Disturbance of activity and attention","V Mental and behavioural disorders (F5_)",NA,NA,NA,NA,NA,4452,490708,NA,NA,830
"F5_AGORAPHOBIA","Agoraphobia","V Mental and behavioural disorders (F5_)",NA,NA,NA,NA,NA,1290,444414,NA,NA,831
"F5_ALCOHOL_DEPENDENCE","Alcohol dependence","V Mental and behavioural disorders (F5_)",NA,NA,NA,NA,NA,12599,468475,NA,NA,832
"F5_ALLANXIOUS","All anxiety disorders","V Mental and behavioural disorders (F5_)",NA,NA,NA,NA,NA,35875,444414,NA,NA,833
"F5_ALZHDEMENT","Dementia in Alzheimer disease","V Mental and behavioural disorders (F5_)",NA,NA,NA,NA,NA,7968,469981,NA,NA,834
"F5_ANAPER","Anankastic personality disorder","V Mental and behavioural disorders (F5_)",NA,NA,NA,NA,NA,1468,486464,NA,NA,835
"F5_ANOREX","Anorexia (incl.atypical)","V Mental and behavioural disorders (F5_)",NA,NA,NA,NA,NA,2621,484901,NA,NA,836
"F5_ANXIETY","Other anxiety disorders","V Mental and behavioural disorders (F5_)",NA,NA,NA,NA,NA,24643,444414,NA,NA,837
"F5_ANXPER","Anxious personality disorder","V Mental and behavioural disorders (F5_)",NA,NA,NA,NA,NA,730,486464,NA,NA,838
"F5_BEHAVE","Behavioural syndromes associated with physiological disturbances and physical factors","V Mental and behavioural disorders (F5_)",NA,NA,NA,NA,NA,15447,484901,NA,NA,839
"F5_BEHEMOCHILD","Behavioural and emotional disorders with onset usually occurring in childhood and adolescence","V Mental and behavioural disorders (F5_)",NA,NA,NA,NA,NA,9640,490708,NA,NA,840
"F5_BULIMIA","Bulimia nervosa (incl. atypical)","V Mental and behavioural disorders (F5_)",NA,NA,NA,NA,NA,1392,484901,NA,NA,841
"F5_CANNABIS","Mental and behavioural disorders due to cannabinoids","V Mental and behavioural disorders (F5_)",NA,NA,NA,NA,NA,1168,491508,NA,NA,842
"F5_COCAINE","Mental and behavioural disorders due to cocaine","V Mental and behavioural disorders (F5_)",NA,NA,NA,NA,NA,54,491508,NA,NA,843
"F5_DELIRIUM","Delirium, not induced by alcohol and other psychoactive substances","V Mental and behavioural disorders (F5_)",NA,NA,NA,NA,NA,4381,469981,NA,NA,844
"F5_DELUSIO","Persistent delusional disorders","V Mental and behavioural disorders (F5_)",NA,NA,NA,NA,NA,2953,484776,NA,NA,845
"F5_DEMENTIA","Dementia","V Mental and behavioural disorders (F5_)",NA,NA,NA,NA,NA,24864,469981,NA,NA,846
"F5_DEMENTIA_INCLAVO","Dementia, including avohilmo","V Mental and behavioural disorders (F5_)",NA,NA,NA,NA,NA,26681,473667,NA,NA,847
"F5_DEMINOTH","Dementia in other diseases classified elsewhere","V Mental and behavioural disorders (F5_)",NA,NA,NA,NA,NA,1607,469981,NA,NA,848
"F5_DEMNAS","Unspecified dementia","V Mental and behavioural disorders (F5_)",NA,NA,NA,NA,NA,5388,469981,NA,NA,849
"F5_DEPPER","Dependent personality disorder","V Mental and behavioural disorders (F5_)",NA,NA,NA,NA,NA,742,486464,NA,NA,850
"F5_DEPRESSIO","Depression","V Mental and behavioural disorders (F5_)",NA,NA,NA,NA,NA,59333,434831,NA,NA,851
"F5_DEPRESSION_DYSTHYMIA","Depression or dysthymia","V Mental and behavioural disorders (F5_)",NA,NA,NA,NA,NA,72588,254393,NA,NA,852
"F5_DEPRESSION_PSYCHOTIC","Psychotic depression","V Mental and behavioural disorders (F5_)",NA,NA,NA,NA,NA,2622,254393,NA,NA,853
"F5_DEPRESSION_RECURRENT","Recurrent or chronic depression","V Mental and behavioural disorders (F5_)",NA,NA,NA,NA,NA,26094,254393,NA,NA,854
"F5_DISPER","Dissocial personality disorder","V Mental and behavioural disorders (F5_)",NA,NA,NA,NA,NA,573,486464,NA,NA,855
"F5_EATOTH","Other eating disorders","V Mental and behavioural disorders (F5_)",NA,NA,NA,NA,NA,2155,484901,NA,NA,856
"F5_EMOCHILD","Emotional disorders and disorders of social functioning with onset specific to childhood","V Mental and behavioural disorders (F5_)",NA,NA,NA,NA,NA,2230,490708,NA,NA,857
"F5_EMOPER","Emotionally unstable personality disorder","V Mental and behavioural disorders (F5_)",NA,NA,NA,NA,NA,5464,486464,NA,NA,858
"F5_GAD","Generalized anxiety disorder","V Mental and behavioural disorders (F5_)",NA,NA,NA,NA,NA,7148,444414,NA,NA,859
"F5_GENDER","Gender identity disorders","V Mental and behavioural disorders (F5_)",NA,NA,NA,NA,NA,501,486464,NA,NA,860
"F5_HABIT","Habit and impulse disorders","V Mental and behavioural disorders (F5_)",NA,NA,NA,NA,NA,607,486464,NA,NA,861
"F5_HALLUCIN","Mental and behavioural disorders due to hallucinogens","V Mental and behavioural disorders (F5_)",NA,NA,NA,NA,NA,177,491508,NA,NA,862
"F5_HISPER","Histrionic personality disorder","V Mental and behavioural disorders (F5_)",NA,NA,NA,NA,NA,172,486464,NA,NA,863
"F5_HYPERKIN","Hyperkinetic disorders (excl. ADHD)","V Mental and behavioural disorders (F5_)",NA,NA,NA,NA,NA,666,490708,NA,NA,864
"F5_HYPERSOMNIA","Hypersomnia","V Mental and behavioural disorders (F5_)",NA,NA,NA,NA,NA,508,490763,NA,NA,865
"F5_INSOMNIA","Insomnia","V Mental and behavioural disorders (F5_)",NA,NA,NA,NA,NA,6776,490763,NA,NA,866
"F5_KELARET","Kela-code for behavioural disturbances in mental retardation","V Mental and behavioural disorders (F5_)",NA,NA,NA,NA,NA,282,498826,NA,NA,867
"F5_MANIA","Manic episode","V Mental and behavioural disorders (F5_)",NA,NA,NA,NA,NA,1157,434831,NA,NA,868
"F5_MENTALUNSPE","Mental disorders, not otherwise specified","V Mental and behavioural disorders (F5_)",NA,NA,NA,NA,NA,3449,479456,NA,NA,869
"F5_MENTORG","Other mental disorders due to brain damage and dysfunction and to physical disease","V Mental and behavioural disorders (F5_)",NA,NA,NA,NA,NA,4277,469981,NA,NA,870
"F5_MILDRET","Mild mental retardation","V Mental and behavioural disorders (F5_)",NA,NA,NA,NA,NA,913,498826,NA,NA,871
"F5_MIXEDDEV","Mixed specific developmental disorders","V Mental and behavioural disorders (F5_)",NA,NA,NA,NA,NA,800,494829,NA,NA,872
"F5_MIXPER","Mixed and other personality disorders","V Mental and behavioural disorders (F5_)",NA,NA,NA,NA,NA,3333,486464,NA,NA,873
"F5_MODRET","Moderate mental retardation","V Mental and behavioural disorders (F5_)",NA,NA,NA,NA,NA,216,498826,NA,NA,874
"F5_MOOD","Mood [affective] disorders","V Mental and behavioural disorders (F5_)",NA,NA,NA,NA,NA,65517,434831,NA,NA,875
"F5_MOODOTH","Other and unspecified mood [affective] disorders","V Mental and behavioural disorders (F5_)",NA,NA,NA,NA,NA,3063,434831,NA,NA,876
"F5_NEUROTICOTH","Other neurotic disorders","V Mental and behavioural disorders (F5_)",NA,NA,NA,NA,NA,1914,444414,NA,NA,877
"F5_NIGHTMARES","Nightmares","V Mental and behavioural disorders (F5_)",NA,NA,NA,NA,NA,71,490763,NA,NA,878
"F5_OCD","Obsessive-compulsive disorder","V Mental and behavioural disorders (F5_)",NA,NA,NA,NA,NA,2813,444414,NA,NA,879
"F5_OPIOIDS","Mental and behavioural disorders due to opioids","V Mental and behavioural disorders (F5_)",NA,NA,NA,NA,NA,1444,491508,NA,NA,880
"F5_OTHERSUB","Mental and behavioural disorders due to multiple drug use and use of multiple drugs and use of other psychoactive substances","V Mental and behavioural disorders (F5_)",NA,NA,NA,NA,NA,2866,491508,NA,NA,881
"F5_OTHPER","Other specified and unspecified personality disorders","V Mental and behavioural disorders (F5_)",NA,NA,NA,NA,NA,3809,486464,NA,NA,882
"F5_OTHRET","Other and unspecified mental retardation","V Mental and behavioural disorders (F5_)",NA,NA,NA,NA,NA,530,498826,NA,NA,883
"F5_PANIC","Panic disorder","V Mental and behavioural disorders (F5_)",NA,NA,NA,NA,NA,6911,444414,NA,NA,884
"F5_PARAPER","Paranoid personality disorder","V Mental and behavioural disorders (F5_)",NA,NA,NA,NA,NA,683,486464,NA,NA,885
"F5_PERSBEHORG","Personality and behavioural disorders due to brain disease, damage and dysfunction","V Mental and behavioural disorders (F5_)",NA,NA,NA,NA,NA,537,469981,NA,NA,886
"F5_PERSMOOD","Persistent mood disorders","V Mental and behavioural disorders (F5_)",NA,NA,NA,NA,NA,9001,434831,NA,NA,887
"F5_PERSOCHANGE","Enduring personality changes","V Mental and behavioural disorders (F5_)",NA,NA,NA,NA,NA,142,486464,NA,NA,888
"F5_PERSOTH","Other and unspecified disorders of adult personality and behaviour","V Mental and behavioural disorders (F5_)",NA,NA,NA,NA,NA,212,486464,NA,NA,889
"F5_PERVASIVE","Pervasive developmental disorders excl. Autism + Asperger","V Mental and behavioural disorders (F5_)",NA,NA,NA,NA,NA,410,494829,NA,NA,890
"F5_PHOBANX","Phobic anxiety disorders","V Mental and behavioural disorders (F5_)",NA,NA,NA,NA,NA,6248,444414,NA,NA,891
"F5_PHYSBEHOTH","Unspecified behavioural syndromes associated with physiological disturbances and physical factors +Physiological and behavioural factors associated with disorders of diseases classified elsewhere","V Mental and behavioural disorders (F5_)",NA,NA,NA,NA,NA,601,484901,NA,NA,892
"F5_PSYCHDEV","Disorders of psychological development","V Mental and behavioural disorders (F5_)",NA,NA,NA,NA,NA,5519,494829,NA,NA,893
"F5_PSYCHDEVOTH","Other and unspecified disorders of psychological development","V Mental and behavioural disorders (F5_)",NA,NA,NA,NA,NA,394,494829,NA,NA,894
"F5_PSYCHOTH","Other and unspecified nonorganic psychotic disorders","V Mental and behavioural disorders (F5_)",NA,NA,NA,NA,NA,8976,484776,NA,NA,895
"F5_PSYTRANS","Acute and transient psychotic disorders","V Mental and behavioural disorders (F5_)",NA,NA,NA,NA,NA,5003,484776,NA,NA,896
"F5_PTSD","Post-traumatic stress disorder","V Mental and behavioural disorders (F5_)",NA,NA,NA,NA,NA,3444,444414,NA,NA,897
"F5_SCHIZOAFF","Schizoaffective disorder","V Mental and behavioural disorders (F5_)",NA,NA,NA,NA,NA,3095,484776,NA,NA,898
"F5_SCHIZPER","Schizoid personality disorder","V Mental and behavioural disorders (F5_)",NA,NA,NA,NA,NA,645,486464,NA,NA,899
"F5_SCHOLA","Specific development disorders of scholastic skills","V Mental and behavioural disorders (F5_)",NA,NA,NA,NA,NA,1719,494829,NA,NA,900
"F5_SCHZPHR","Schizophrenia","V Mental and behavioural disorders (F5_)",NA,NA,NA,NA,NA,7234,484776,NA,NA,901
"F5_SEDAHYP","Mental and behavioural disorders due to sedatives or hypnotics","V Mental and behavioural disorders (F5_)",NA,NA,NA,NA,NA,2668,491508,NA,NA,902
"F5_SEVRET","Severe mental retardation","V Mental and behavioural disorders (F5_)",NA,NA,NA,NA,NA,80,498826,NA,NA,903
"F5_SEXDYS","Sexual dysfunction","V Mental and behavioural disorders (F5_)",NA,NA,NA,NA,NA,534,484901,NA,NA,904
"F5_SEXPREF","Disorders of sexual preference","V Mental and behavioural disorders (F5_)",NA,NA,NA,NA,NA,73,486464,NA,NA,905
"F5_SEXUAL","Physiological and behavioural disorders associated with sexual development and orientation","V Mental and behavioural disorders (F5_)",NA,NA,NA,NA,NA,60,486464,NA,NA,906
"F5_SLEEPTERRORS","Sleep terrors [night terrors]","V Mental and behavioural disorders (F5_)",NA,NA,NA,NA,NA,76,490763,NA,NA,907
"F5_SLEEPWAKE","Disorder of the sleep-wake schedule","V Mental and behavioural disorders (F5_)",NA,NA,NA,NA,NA,633,490763,NA,NA,908
"F5_SLEEP_NOS","Sleep disorders, other/unspecified","V Mental and behavioural disorders (F5_)",NA,NA,NA,NA,NA,1249,490763,NA,NA,909
"F5_SOCPHOB","Social phobias","V Mental and behavioural disorders (F5_)",NA,NA,NA,NA,NA,3754,444414,NA,NA,910
"F5_SOLVENT","Mental and behavioural disorders due to use of volatile solvents","V Mental and behavioural disorders (F5_)",NA,NA,NA,NA,NA,97,491508,NA,NA,911
"F5_SOMATOFORM","Somatoform disorder","V Mental and behavioural disorders (F5_)",NA,NA,NA,NA,NA,7148,444414,NA,NA,912
"F5_SPEECH","Specific development disorders of speech and language","V Mental and behavioural disorders (F5_)",NA,NA,NA,NA,NA,2362,494829,NA,NA,913
"F5_STIMUL","Mental and behavioural disorders due to use of other stimulants, including caffeine","V Mental and behavioural disorders (F5_)",NA,NA,NA,NA,NA,1077,491508,NA,NA,914
"F5_STRESSOTH","Other reaction to severe stress, and adjustment disorders","V Mental and behavioural disorders (F5_)",NA,NA,NA,NA,NA,18806,444414,NA,NA,915
"F5_SUBSNOALCO","Substance use, excluding alcohol","V Mental and behavioural disorders (F5_)",NA,NA,NA,NA,NA,8840,468475,NA,NA,916
"F5_UNSORG","Unspecified organic or symptomatic mental disorder","V Mental and behavioural disorders (F5_)",NA,NA,NA,NA,NA,130,469981,NA,NA,917
"F5_VASCDEM","Vascular dementia","V Mental and behavioural disorders (F5_)",NA,NA,NA,NA,NA,3624,475484,NA,NA,918
"FALLS","Falls/tendency to fall","Miscellaneous, not yet classified endpoints",NA,NA,NA,NA,NA,133526,366822,NA,NA,919
"FE","Focal epilepsy","VI Diseases of the nervous system (G6_)",NA,NA,NA,NA,NA,9275,484703,NA,NA,920
"FELTY","Felty syndrome","Rheuma endpoints",NA,NA,NA,NA,NA,191,488425,NA,NA,921
"FEMHER_BILATERAL","Femoral hernia, bilateral","XI Diseases of the digestive system (K11_)",NA,NA,NA,NA,NA,108,426666,NA,NA,922
"FE_MODE","Focal epilepsy, mode (most common among epilepsy diagnosis)","VI Diseases of the nervous system (G6_)",NA,NA,NA,NA,NA,8030,484703,NA,NA,923
"FE_STRICT","Focal epilepsy, strict definition","VI Diseases of the nervous system (G6_)",NA,NA,NA,NA,NA,8458,484697,NA,NA,924
"FG_CARDMYO","Cardiomyopathy (excluding other)","Cardiometabolic endpoints",NA,NA,NA,NA,NA,5351,394279,NA,NA,925
"FG_CVD","Cardiovascular diseases (excluding rheumatic etc)","Cardiometabolic endpoints",NA,NA,NA,NA,NA,247538,252810,NA,NA,926
"FG_DOAAC","Diseases of arteries, arterioles and capillaries (FINNGEN)","IX Diseases of the circulatory system (I9_)",NA,NA,NA,NA,NA,29658,252810,NA,NA,927
"FG_OTHHEART","Other heart diseases","Cardiometabolic endpoints",NA,NA,NA,NA,NA,106069,252810,NA,NA,928
"FIBROLIV","Fibrosis of liver","Gastrointestinal endpoints",NA,NA,NA,NA,NA,214,494803,NA,NA,929
"FOOD_ALLERGY","Food allergy","Comorbidities of Asthma",NA,NA,NA,NA,NA,102,493376,NA,NA,930
"FTD","Frontotemporal dementia","Neurological endpoints",NA,NA,NA,NA,NA,177,474702,NA,NA,931
"G6_ADEM","Acute disseminated encephalitis/encephalomyelitis","VI Diseases of the nervous system (G6_)",NA,NA,NA,NA,NA,64,497087,NA,NA,932
"G6_AD_WIDE","Alzheimer’s disease, wide definition","VI Diseases of the nervous system (G6_)",NA,NA,NA,NA,NA,10821,485932,NA,NA,933
"G6_ALCODEGEN","Degeneration of the brain due to alcohol","VI Diseases of the nervous system (G6_)",NA,NA,NA,NA,NA,759,484548,NA,NA,934
"G6_ALCOPOLY","Alcohol induced polyneuropathy","VI Diseases of the nervous system (G6_)",NA,NA,NA,NA,NA,336,491583,NA,NA,935
"G6_ALS","Motor neuron disease","VI Diseases of the nervous system (G6_)",NA,NA,NA,NA,NA,667,216760,NA,NA,936
"G6_ALZHEIMER","Alzheimer disease","VI Diseases of the nervous system (G6_)",NA,NA,NA,NA,NA,13964,486384,NA,NA,937
"G6_ANOXBRAINDAM","Anoxic brain damage","VI Diseases of the nervous system (G6_)",NA,NA,NA,NA,NA,466,463029,NA,NA,938
"G6_ATROPHCIRCUM","Circumscribed brain atrophy","VI Diseases of the nervous system (G6_)",NA,NA,NA,NA,NA,678,484548,NA,NA,939
"G6_ATYFAC","Atypical facial pain","VI Diseases of the nervous system (G6_)",NA,NA,NA,NA,NA,1891,435371,NA,NA,940
"G6_AUTONOM","Autonomic disorders","VI Diseases of the nervous system (G6_)",NA,NA,NA,NA,NA,778,463029,NA,NA,941
"G6_AUTOTHUNS","Other and unspecified disorders of autonomic nervous system","VI Diseases of the nervous system (G6_)",NA,NA,NA,NA,NA,134,499570,NA,NA,942
"G6_BASDEGENOTH","Other degenerative diseases of the basal ganglia","VI Diseases of the nervous system (G6_)",NA,NA,NA,NA,NA,488,484084,NA,NA,943
"G6_BELLPA","Bell's palsy","VI Diseases of the nervous system (G6_)",NA,NA,NA,NA,NA,4800,435371,NA,NA,944
"G6_BRACHPLE","Brachial plexus disorders","VI Diseases of the nervous system (G6_)",NA,NA,NA,NA,NA,3899,435371,NA,NA,945
"G6_CAUSALGIA","Causalgia","VI Diseases of the nervous system (G6_)",NA,NA,NA,NA,NA,616,435371,NA,NA,946
"G6_CEROEDEMA","Cerebral oedema","VI Diseases of the nervous system (G6_)",NA,NA,NA,NA,NA,61,463029,NA,NA,947
"G6_CERVROOT","Cervical root disorders","VI Diseases of the nervous system (G6_)",NA,NA,NA,NA,NA,242,435371,NA,NA,948
"G6_CLUSTHEADACHE_STRICT_INCLAVO","Cluster headache, strict, including avohilmo","VI Diseases of the nervous system (G6_)",NA,NA,NA,NA,NA,1833,498515,NA,NA,949
"G6_CLUSTHEADACHE_WIDE","Cluster headache, wide","VI Diseases of the nervous system (G6_)",NA,NA,NA,NA,NA,1509,374605,NA,NA,950
"G6_CNSABSC","Intracranial and intraspinal abscess and granuloma","VI Diseases of the nervous system (G6_)",NA,NA,NA,NA,NA,378,497087,NA,NA,951
"G6_CNSOTH","Other disorders of central nervous system","VI Diseases of the nervous system (G6_)",NA,NA,NA,NA,NA,415,463029,NA,NA,952
"G6_CONMYOP","Congenital myopathies","VI Diseases of the nervous system (G6_)",NA,NA,NA,NA,NA,60,495667,NA,NA,953
"G6_CP","Cerebral palsy","VI Diseases of the nervous system (G6_)",NA,NA,NA,NA,NA,624,495687,NA,NA,954
"G6_CPETAL","Cerebral palsy and other paralytic syndromes","VI Diseases of the nervous system (G6_)",NA,NA,NA,NA,NA,4661,495687,NA,NA,955
"G6_CRAINOTH","Other cranial nerve disorders in other disorders","VI Diseases of the nervous system (G6_)",NA,NA,NA,NA,NA,93,435371,NA,NA,956
"G6_DEGENOTH","Other and unspecified degenerative diseases of nervous system","VI Diseases of the nervous system (G6_)",NA,NA,NA,NA,NA,798,484548,NA,NA,957
"G6_DEGENSEN","Senile degeneration of the brain, not elsewhere classified","VI Diseases of the nervous system (G6_)",NA,NA,NA,NA,NA,146,484548,NA,NA,958
"G6_DISBROTHUNS","Disorders of brain, other and unspecified","VI Diseases of the nervous system (G6_)",NA,NA,NA,NA,NA,343,463029,NA,NA,959
"G6_DISGLO","Disorders of glossopharyngeal nerve","VI Diseases of the nervous system (G6_)",NA,NA,NA,NA,NA,64,435371,NA,NA,960
"G6_DISOTHUNS","Disorders of other and unspecified cranial nerves","VI Diseases of the nervous system (G6_)",NA,NA,NA,NA,NA,190,435371,NA,NA,961
"G6_DISSOTH","Other acute disseminated demyelination","VI Diseases of the nervous system (G6_)",NA,NA,NA,NA,NA,358,496860,NA,NA,962
"G6_DRUGMYOP","Drug-induced myopathy","VI Diseases of the nervous system (G6_)",NA,NA,NA,NA,NA,100,495667,NA,NA,963
"G6_DRUGPOLY","Drug-induced polyneuropathy","VI Diseases of the nervous system (G6_)",NA,NA,NA,NA,NA,276,491583,NA,NA,964
"G6_DYSTON","Dystonia","VI Diseases of the nervous system (G6_)",NA,NA,NA,NA,NA,2051,484084,NA,NA,965
"G6_ENCEPATH","Encephalopathy","VI Diseases of the nervous system (G6_)",NA,NA,NA,NA,NA,326,463029,NA,NA,966
"G6_ENCEPHOTH","Other encephalitis","VI Diseases of the nervous system (G6_)",NA,NA,NA,NA,NA,966,497087,NA,NA,967
"G6_ENCEPHTOX","Toxic encephalopathy","VI Diseases of the nervous system (G6_)",NA,NA,NA,NA,NA,72,463029,NA,NA,968
"G6_EPIPAROX","Episodal and paroxysmal disorders","VI Diseases of the nervous system (G6_)",NA,NA,NA,NA,NA,125743,374605,NA,NA,969
"G6_EPLEPSY","Epilepsy","VI Diseases of the nervous system (G6_)",NA,NA,NA,NA,NA,15645,374605,NA,NA,970
"G6_FACOTH","Other facial nerve disorders","VI Diseases of the nervous system (G6_)",NA,NA,NA,NA,NA,1037,435371,NA,NA,971
"G6_FEMLAPOP","Lesion of lateral popliteal nerve","VI Diseases of the nervous system (G6_)",NA,NA,NA,NA,NA,1837,435371,NA,NA,972
"G6_FEMLE","Lesion of femoral nerve","VI Diseases of the nervous system (G6_)",NA,NA,NA,NA,NA,266,435371,NA,NA,973
"G6_GUILBAR","Guillain-Barre syndrome","VI Diseases of the nervous system (G6_)",NA,NA,NA,NA,NA,551,491583,NA,NA,974
"G6_HCCOMM","Communicating hydrocephalus","VI Diseases of the nervous system (G6_)",NA,NA,NA,NA,NA,753,497451,NA,NA,975
"G6_HCINOTH","Hydrocephalus in other diseases","VI Diseases of the nervous system (G6_)",NA,NA,NA,NA,NA,188,497451,NA,NA,976
"G6_HCNP","Normal-pressure hydrocephalus","VI Diseases of the nervous system (G6_)",NA,NA,NA,NA,NA,1680,497451,NA,NA,977
"G6_HCOBSTR","Obstructive hydrocephalus","VI Diseases of the nervous system (G6_)",NA,NA,NA,NA,NA,544,497451,NA,NA,978
"G6_HCOTHUNS","Other and unspecified hydrocephalus","VI Diseases of the nervous system (G6_)",NA,NA,NA,NA,NA,647,497451,NA,NA,979
"G6_HCPOSTRAU","Post-traumatic hydrocephalus, unspecified","VI Diseases of the nervous system (G6_)",NA,NA,NA,NA,NA,89,497451,NA,NA,980
"G6_HEMIPLE","Hemiplegia","VI Diseases of the nervous system (G6_)",NA,NA,NA,NA,NA,2008,495687,NA,NA,981
"G6_HERATAXIA","Hereditary ataxia","VI Diseases of the nervous system (G6_)",NA,NA,NA,NA,NA,442,498891,NA,NA,982
"G6_HEREMOSEN","Hereditary motor and sensory neuropathy","VI Diseases of the nervous system (G6_)",NA,NA,NA,NA,NA,300,491583,NA,NA,983
"G6_HERIPOTHUN","Other and unspecified neuropathies","VI Diseases of the nervous system (G6_)",NA,NA,NA,NA,NA,149,491583,NA,NA,984
"G6_HORNER","Horner syndrome","VI Diseases of the nervous system (G6_)",NA,NA,NA,NA,NA,423,499570,NA,NA,985
"G6_HYDROCEPH","Hydrocephalus","VI Diseases of the nervous system (G6_)",NA,NA,NA,NA,NA,2897,463029,NA,NA,986
"G6_ICNEUROP","Intercostal neuropathy","VI Diseases of the nervous system (G6_)",NA,NA,NA,NA,NA,270,435371,NA,NA,987
"G6_IDIOAUT","Idiopathic peripheral autonomic neuropathy","VI Diseases of the nervous system (G6_)",NA,NA,NA,NA,NA,118,499570,NA,NA,988
"G6_INFLAMYOP","Inflammatory myopathy","VI Diseases of the nervous system (G6_)",NA,NA,NA,NA,NA,51,495667,NA,NA,989
"G6_IPNEUROP","Idiopathic progressive neuropathy","VI Diseases of the nervous system (G6_)",NA,NA,NA,NA,NA,51,491583,NA,NA,990
"G6_LSPLEX","Lumbosacral plexus disorders","VI Diseases of the nervous system (G6_)",NA,NA,NA,NA,NA,117,435371,NA,NA,991
"G6_LSROOT","Lumbosacral root disorders, not elsewhere classified","VI Diseases of the nervous system (G6_)",NA,NA,NA,NA,NA,431,435371,NA,NA,992
"G6_MEDLEOTH","Other lesions of median nerve","VI Diseases of the nervous system (G6_)",NA,NA,NA,NA,NA,995,435371,NA,NA,993
"G6_MENINGBACT","Bacterial meningitis","VI Diseases of the nervous system (G6_)",NA,NA,NA,NA,NA,1268,497087,NA,NA,994
"G6_MENINGOTH","Other meningitis","VI Diseases of the nervous system (G6_)",NA,NA,NA,NA,NA,560,497087,NA,NA,995
"G6_MENINGVIR","Meningitis, viral","VI Diseases of the nervous system (G6_)",NA,NA,NA,NA,NA,155,497087,NA,NA,996
"G6_MERALGIA","Meralgia paraesthetica","VI Diseases of the nervous system (G6_)",NA,NA,NA,NA,NA,1194,435371,NA,NA,997
"G6_MIGRAINE","Migraine","VI Diseases of the nervous system (G6_)",NA,NA,NA,NA,NA,26894,374605,NA,NA,998
"G6_MIGRAINE_NO_AURA","Migraine without aura","VI Diseases of the nervous system (G6_)",NA,NA,NA,NA,NA,9690,374605,NA,NA,999
"G6_MIGRAINE_NO_AURA_ADVERSE","Migraine without aura, drug-induced","VI Diseases of the nervous system (G6_)",NA,NA,NA,NA,NA,425,499923,NA,NA,1000
"G6_MIGRAINE_NO_AURA_TRIPTAN","Migraine without aura and triptan purchases","VI Diseases of the nervous system (G6_)",NA,NA,NA,NA,NA,7324,445232,NA,NA,1001
"G6_MIGRAINE_WITH_AURA","Migraine with aura","VI Diseases of the nervous system (G6_)",NA,NA,NA,NA,NA,11757,374605,NA,NA,1002
"G6_MIGRAINE_WITH_AURA_ADVERSE","Migraine with aura, drug-induced","VI Diseases of the nervous system (G6_)",NA,NA,NA,NA,NA,389,499959,NA,NA,1003
"G6_MIGRAINE_WITH_AURA_TRIPTAN","Migraine with aura and triptan purchases","VI Diseases of the nervous system (G6_)",NA,NA,NA,NA,NA,6824,445232,NA,NA,1004
"G6_MONNEURMPLX","Mononeuritis multiplex","VI Diseases of the nervous system (G6_)",NA,NA,NA,NA,NA,99,435371,NA,NA,1005
"G6_MONOLOWOTHUNS","Other and unspecified mononeuropathies of lower limb","VI Diseases of the nervous system (G6_)",NA,NA,NA,NA,NA,1007,435371,NA,NA,1006
"G6_MONONPOTHUS","Other and unspecified mononeuropathies of upper limb","VI Diseases of the nervous system (G6_)",NA,NA,NA,NA,NA,1114,435371,NA,NA,1007
"G6_MONOOTHUNS","Other and unspecified mononeuropathies, also in other diseases","VI Diseases of the nervous system (G6_)",NA,NA,NA,NA,NA,1098,435371,NA,NA,1008
"G6_MONOPLE","Monoplegia","VI Diseases of the nervous system (G6_)",NA,NA,NA,NA,NA,518,495687,NA,NA,1009
"G6_MS","MS-disease / Multiple Sclerosis","VI Diseases of the nervous system (G6_)",NA,NA,NA,NA,NA,2926,495931,NA,NA,1010
"G6_MUSCOTHUNS","Other and unspecified primary disorders of muscles","VI Diseases of the nervous system (G6_)",NA,NA,NA,NA,NA,255,495667,NA,NA,1011
"G6_MUSDYST","Muscular dystrophy","VI Diseases of the nervous system (G6_)",NA,NA,NA,NA,NA,272,495667,NA,NA,1012
"G6_MYASTHENIA","Myasthenia gravis","VI Diseases of the nervous system (G6_)",NA,NA,NA,NA,NA,560,495667,NA,NA,1013
"G6_MYASTHENIA_ADVERSE","Myasthenia gravis, drug-induced","VI Diseases of the nervous system (G6_)",NA,NA,NA,NA,NA,52,500296,NA,NA,1014
"G6_MYOMUSCINOTH","Disorders of myoneural junction and muscle in diseases classified elsewhere","VI Diseases of the nervous system (G6_)",NA,NA,NA,NA,NA,260,495667,NA,NA,1015
"G6_MYONEU","Diseases of the myoneural junction and muscle","VI Diseases of the nervous system (G6_)",NA,NA,NA,NA,NA,4681,495667,NA,NA,1016
"G6_MYONEUOTHUNS","Other and unspecified myoneural disorders","VI Diseases of the nervous system (G6_)",NA,NA,NA,NA,NA,124,495667,NA,NA,1017
"G6_MYOPOTHUNS","Other and unspecified myopathies","VI Diseases of the nervous system (G6_)",NA,NA,NA,NA,NA,3194,495667,NA,NA,1018
"G6_MYOTDIS","Myotonic disorders","VI Diseases of the nervous system (G6_)",NA,NA,NA,NA,NA,280,495667,NA,NA,1019
"G6_NARCOCATA","Narcolepsy and cataplexy","VI Diseases of the nervous system (G6_)",NA,NA,NA,NA,NA,259,374605,NA,NA,1020
"G6_NEUATR","Systemic atrophies primarily affecting the central nervous system","VI Diseases of the nervous system (G6_)",NA,NA,NA,NA,NA,1457,498891,NA,NA,1021
"G6_NEUINFL","Inflammatory diseases of the central nervous system","VI Diseases of the nervous system (G6_)",NA,NA,NA,NA,NA,3261,497087,NA,NA,1022
"G6_NEURAMYO","Neuralgic amyotrophy","VI Diseases of the nervous system (G6_)",NA,NA,NA,NA,NA,64,435371,NA,NA,1023
"G6_NEURODEGENERATIVE","Unspecific neurodegenerative disorder","VI Diseases of the nervous system (G6_)",NA,NA,NA,NA,NA,20524,479824,NA,NA,1024
"G6_NEUROINFSEQ","Sequelae of inflammatory diseases of the central nervous system","VI Diseases of the nervous system (G6_)",NA,NA,NA,NA,NA,106,497087,NA,NA,1025
"G6_NEUROOTH","Other disorders of nervous system","VI Diseases of the nervous system (G6_)",NA,NA,NA,NA,NA,2404,463029,NA,NA,1026
"G6_OTHDEMYEL","Other demyelinating diseases of the central nervous system","VI Diseases of the nervous system (G6_)",NA,NA,NA,NA,NA,1402,496860,NA,NA,1027
"G6_OTHNEU","Other neurological diseases","VI Diseases of the nervous system (G6_)",NA,NA,NA,NA,NA,37319,463029,NA,NA,1028
"G6_PARALOTHUNS","Other and unspecified paralytic syndromes","VI Diseases of the nervous system (G6_)",NA,NA,NA,NA,NA,491,495687,NA,NA,1029
"G6_PARDIPLE","Paraplegia, diplegia of upper limbs","VI Diseases of the nervous system (G6_)",NA,NA,NA,NA,NA,781,495687,NA,NA,1030
"G6_PARKINSON","Parkinson's disease","VI Diseases of the nervous system (G6_)",NA,NA,NA,NA,NA,5861,494487,NA,NA,1031
"G6_PERIPHOTH","Other disorders of peripheral nervous system","VI Diseases of the nervous system (G6_)",NA,NA,NA,NA,NA,206,491583,NA,NA,1032
"G6_PHANTOM","Phantom limb syndrome","VI Diseases of the nervous system (G6_)",NA,NA,NA,NA,NA,93,435371,NA,NA,1033
"G6_PLANTAR","Lesion of plantar nerve","VI Diseases of the nervous system (G6_)",NA,NA,NA,NA,NA,2289,435371,NA,NA,1034
"G6_POSTOPNEURO","Postprocedural disorders of nervous system","VI Diseases of the nervous system (G6_)",NA,NA,NA,NA,NA,3006,463029,NA,NA,1035
"G6_POSTPOLIO","Postpolio syndrome","VI Diseases of the nervous system (G6_)",NA,NA,NA,NA,NA,71,498891,NA,NA,1036
"G6_POSTVIRFAT","Postviral fatigue syndrome","VI Diseases of the nervous system (G6_)",NA,NA,NA,NA,NA,283,463029,NA,NA,1037
"G6_POSTZOST","Postzoster neuralgia","VI Diseases of the nervous system (G6_)",NA,NA,NA,NA,NA,490,435371,NA,NA,1038
"G6_RADLES","Lesion of radial nerve","VI Diseases of the nervous system (G6_)",NA,NA,NA,NA,NA,1384,435371,NA,NA,1039
"G6_ROOTPLEXOTHUNS","Other and unspecified nerve root and plexus disorders, also in other diseases","VI Diseases of the nervous system (G6_)",NA,NA,NA,NA,NA,8022,435371,NA,NA,1040
"G6_SCIALE","Lesion of sciatic nerve","VI Diseases of the nervous system (G6_)",NA,NA,NA,NA,NA,1729,435371,NA,NA,1041
"G6_SLEEPAPNO_INCLAVO","Sleep apnoea, including avohilmo","VI Diseases of the nervous system (G6_)",NA,NA,NA,NA,NA,62722,437626,NA,NA,1042
"G6_SLEEPDISOTH","Other sleep disorders","VI Diseases of the nervous system (G6_)",NA,NA,NA,NA,NA,4625,374605,NA,NA,1043
"G6_SPINAMUSCOTH","Other and unspecified spinal muscular atrophies","VI Diseases of the nervous system (G6_)",NA,NA,NA,NA,NA,290,498891,NA,NA,1044
"G6_SPINOTH","Other diseases of spinal cord","VI Diseases of the nervous system (G6_)",NA,NA,NA,NA,NA,1093,463029,NA,NA,1045
"G6_STATUSEPI","Status epilepticus","VI Diseases of the nervous system (G6_)",NA,NA,NA,NA,NA,1368,374605,NA,NA,1046
"G6_TARSTUN","Tarsal tunnel syndrome","VI Diseases of the nervous system (G6_)",NA,NA,NA,NA,NA,355,435371,NA,NA,1047
"G6_TETRAPLE","Tetraplegia","VI Diseases of the nervous system (G6_)",NA,NA,NA,NA,NA,249,495687,NA,NA,1048
"G6_THROOT","Thoracic root disorders","VI Diseases of the nervous system (G6_)",NA,NA,NA,NA,NA,63,435371,NA,NA,1049
"G6_TRINEU","Trigeminal neuralgia","VI Diseases of the nervous system (G6_)",NA,NA,NA,NA,NA,2226,435371,NA,NA,1050
"G6_TRIOTHUNS","Other and unspecified trigeminal disorders","VI Diseases of the nervous system (G6_)",NA,NA,NA,NA,NA,559,435371,NA,NA,1051
"G6_ULLNLE","Lesion of ulnar nerve","VI Diseases of the nervous system (G6_)",NA,NA,NA,NA,NA,5826,435371,NA,NA,1052
"G6_XTRAPYR","Extrapyramidal and movement disorders","VI Diseases of the nervous system (G6_)",NA,NA,NA,NA,NA,16264,484084,NA,NA,1053
"G6_XTRAPYROTH","Other extrapyramidal and movement disorders in other diseases","VI Diseases of the nervous system (G6_)",NA,NA,NA,NA,NA,9197,484084,NA,NA,1054
"GASTRIC_ULCER_ACUTE_W_HAEMORRHAGE","Gastric ulcer - Acute with haemorrhage, drug-induced","XI Diseases of the digestive system (K11_)",NA,NA,NA,NA,NA,63,500285,NA,NA,1055
"GE","Generalized epilepsy","VI Diseases of the nervous system (G6_)",NA,NA,NA,NA,NA,1690,484697,NA,NA,1056
"GENERALI_SKIN_ERUPT_DRUGS_MEDICAM","Generalized skin eruption due to drugs and medicaments","XII Diseases of the skin and subcutaneous tissue (L12_)",NA,NA,NA,NA,NA,1431,498917,NA,NA,1057
"GEST_DIABETES","Gestational diabetes (for exclusion)","Diabetes endpoints",NA,NA,NA,NA,NA,18581,263483,NA,NA,1058
"GE_MODE","Generalized epilepsy, mode (most common among epilepsy diagnosis)","VI Diseases of the nervous system (G6_)",NA,NA,NA,NA,NA,1235,484697,NA,NA,1059
"GE_STRICT","Generalized epilepsy, strict definition","VI Diseases of the nervous system (G6_)",NA,NA,NA,NA,NA,873,484697,NA,NA,1060
"GOUT_IDIO","Idiopathic gout","Rheuma endpoints",NA,NA,NA,NA,NA,3233,488006,NA,NA,1061
"GOUT_KIDNEY","Gout due to impairment of renal function","Rheuma endpoints",NA,NA,NA,NA,NA,329,488006,NA,NA,1062
"GOUT_NOS","Gout, unspecified","Rheuma endpoints",NA,NA,NA,NA,NA,7826,488006,NA,NA,1063
"GOUT_SCND","Other secondary gout","Rheuma endpoints",NA,NA,NA,NA,NA,105,488006,NA,NA,1064
"GOUT_STRICT","Gout, strict definition","Rheuma endpoints",NA,NA,NA,NA,NA,6715,490619,NA,NA,1065
"GRAVES_OPHT","Graves ophthalmopathy","IV Endocrine, nutritional and metabolic diseases (E4_)",NA,NA,NA,NA,NA,858,499490,NA,NA,1066
"H7_ADHESIOIRIS","Pupillary membranes and other adhesions and disruptions of iris and ciliary body","VII Diseases of the eye and adnexa (H7_)",NA,NA,NA,NA,NA,71,473095,NA,NA,1067
"H7_ALLERGICCONJUNCTIVITIS","Allergic conjunctivitis","VII Diseases of the eye and adnexa (H7_)",NA,NA,NA,NA,NA,29791,470557,NA,NA,1068
"H7_AMBLYANOPSIA","Amblyopia ex anopsia","VII Diseases of the eye and adnexa (H7_)",NA,NA,NA,NA,NA,1568,475933,NA,NA,1069
"H7_AMD","Age-related macular degeneration (whether dry or wet)","VII Diseases of the eye and adnexa (H7_)",NA,NA,NA,NA,NA,12495,461686,NA,NA,1070
"H7_ANISOMETROPIA","Anisometropia and aniseikonia","VII Diseases of the eye and adnexa (H7_)",NA,NA,NA,NA,NA,1141,476776,NA,NA,1071
"H7_ANOMAPUPFUNC","Anomalies of pupillary function","VII Diseases of the eye and adnexa (H7_)",NA,NA,NA,NA,NA,747,494683,NA,NA,1072
"H7_APHAKIA","Aphakia","VII Diseases of the eye and adnexa (H7_)",NA,NA,NA,NA,NA,607,409535,NA,NA,1073
"H7_ASTIGMATISM","Astigmatism","VII Diseases of the eye and adnexa (H7_)",NA,NA,NA,NA,NA,2286,476776,NA,NA,1074
"H7_BCKRNDRETINOPAT","Background retinopathy and retinal vascular changes","VII Diseases of the eye and adnexa (H7_)",NA,NA,NA,NA,NA,717,455449,NA,NA,1075
"H7_BINOCUMOVNAS","Other and unspecified disorders of binocular movement","VII Diseases of the eye and adnexa (H7_)",NA,NA,NA,NA,NA,196,476776,NA,NA,1076
"H7_BINOCUMOVOTH","Other disorders of binocular movement","VII Diseases of the eye and adnexa (H7_)",NA,NA,NA,NA,NA,848,476776,NA,NA,1077
"H7_BINODISTOTH","Other disorders of binocular vision","VII Diseases of the eye and adnexa (H7_)",NA,NA,NA,NA,NA,502,475933,NA,NA,1078
"H7_BLEPHAROCHALASIS","Blepharochalasis","VII Diseases of the eye and adnexa (H7_)",NA,NA,NA,NA,NA,12170,453930,NA,NA,1079
"H7_BLINDANDVISIMPAIRMENT","Visual impairment including blindness (binocular or monocular)","VII Diseases of the eye and adnexa (H7_)",NA,NA,NA,NA,NA,2569,475933,NA,NA,1080
"H7_BLINDMONOCULAR","Blindness, monocular","VII Diseases of the eye and adnexa (H7_)",NA,NA,NA,NA,NA,306,475933,NA,NA,1081
"H7_BULLKERATOPATHY","Bullous keratopathy","VII Diseases of the eye and adnexa (H7_)",NA,NA,NA,NA,NA,277,473095,NA,NA,1082
"H7_CATARACTOTHER","Other cataract","VII Diseases of the eye and adnexa (H7_)",NA,NA,NA,NA,NA,25554,409535,NA,NA,1083
"H7_CHALAZION","Chalazion","VII Diseases of the eye and adnexa (H7_)",NA,NA,NA,NA,NA,4708,453930,NA,NA,1084
"H7_CHORDETACH","Choroidal detachment","VII Diseases of the eye and adnexa (H7_)",NA,NA,NA,NA,NA,79,455449,NA,NA,1085
"H7_CHORHAEMORRHAGE","Choroidal haemorrhage and rupture","VII Diseases of the eye and adnexa (H7_)",NA,NA,NA,NA,NA,112,455449,NA,NA,1086
"H7_CHORIORETINFLAM","Chorioretinal inflammation","VII Diseases of the eye and adnexa (H7_)",NA,NA,NA,NA,NA,1015,455449,NA,NA,1087
"H7_CHORNAS","Other specified and unspecified disorders of choroid","VII Diseases of the eye and adnexa (H7_)",NA,NA,NA,NA,NA,119,455449,NA,NA,1088
"H7_CHOROIDOTH","Other disorders of choroid","VII Diseases of the eye and adnexa (H7_)",NA,NA,NA,NA,NA,481,455449,NA,NA,1089
"H7_CHOROIDRETINA","Disorders of choroid and retina","VII Diseases of the eye and adnexa (H7_)",NA,NA,NA,NA,NA,44899,455449,NA,NA,1090
"H7_CHORSCAR","Chorioretinal scars","VII Diseases of the eye and adnexa (H7_)",NA,NA,NA,NA,NA,117,455449,NA,NA,1091
"H7_CONJUHAEMOR","conjunctival haemorrhage","VII Diseases of the eye and adnexa (H7_)",NA,NA,NA,NA,NA,2664,454779,NA,NA,1092
"H7_CONJUNAS","Other specified and unspecified disorders of conjunctiva","VII Diseases of the eye and adnexa (H7_)",NA,NA,NA,NA,NA,322,454779,NA,NA,1093
"H7_CONJUNCTDEGDEPOT","conjunctival degenerations and deposits","VII Diseases of the eye and adnexa (H7_)",NA,NA,NA,NA,NA,748,454779,NA,NA,1094
"H7_CONJUNCTIVITIS","Conjunctivitis","VII Diseases of the eye and adnexa (H7_)",NA,NA,NA,NA,NA,41074,454779,NA,NA,1095
"H7_CONJUNCTIVITISACUNONATOPIC","Conjunctivitis (acute, non atopic)","VII Diseases of the eye and adnexa (H7_)",NA,NA,NA,NA,NA,12787,454779,NA,NA,1096
"H7_CONJUNCTIVITISATOPIC","Atopic conjunctivitis","VII Diseases of the eye and adnexa (H7_)",NA,NA,NA,NA,NA,1728,454779,NA,NA,1097
"H7_CONJUNCTIVITISCHRON","Chronic conjunctivitis","VII Diseases of the eye and adnexa (H7_)",NA,NA,NA,NA,NA,1087,454779,NA,NA,1098
"H7_CONJUNCTSCAR","conjunctival scars","VII Diseases of the eye and adnexa (H7_)",NA,NA,NA,NA,NA,55,454779,NA,NA,1099
"H7_CONJUVASC","Other conjunctival vascular disorders and cysts","VII Diseases of the eye and adnexa (H7_)",NA,NA,NA,NA,NA,803,454779,NA,NA,1100
"H7_CONVERGINSUFF","Convergence insufficiency and excess","VII Diseases of the eye and adnexa (H7_)",NA,NA,NA,NA,NA,515,476776,NA,NA,1101
"H7_CONVERSTRAB","Convergent concomitant strabismus","VII Diseases of the eye and adnexa (H7_)",NA,NA,NA,NA,NA,2382,476776,NA,NA,1102
"H7_CORNEALDEFORM","Keratoconus","VII Diseases of the eye and adnexa (H7_)",NA,NA,NA,NA,NA,878,473095,NA,NA,1103
"H7_CORNEALDYSTROPHY","Corneal degeneration","VII Diseases of the eye and adnexa (H7_)",NA,NA,NA,NA,NA,491,473095,NA,NA,1104
"H7_CORNEALMEMBRANE","Changes in corneal membranes","VII Diseases of the eye and adnexa (H7_)",NA,NA,NA,NA,NA,87,473095,NA,NA,1105
"H7_CORNEALNAS","Other and unspecified corneal deformities and disorders","VII Diseases of the eye and adnexa (H7_)",NA,NA,NA,NA,NA,1150,473095,NA,NA,1106
"H7_CORNEALOEDEMA","Other corneal oedema","VII Diseases of the eye and adnexa (H7_)",NA,NA,NA,NA,NA,246,473095,NA,NA,1107
"H7_CORNEALOTH","Other disorders of cornea","VII Diseases of the eye and adnexa (H7_)",NA,NA,NA,NA,NA,3609,473095,NA,NA,1108
"H7_CORNULCER","Corneal ulcer","VII Diseases of the eye and adnexa (H7_)",NA,NA,NA,NA,NA,7927,473095,NA,NA,1109
"H7_COULOURVISDEF","Colour vision deficiencies","VII Diseases of the eye and adnexa (H7_)",NA,NA,NA,NA,NA,162,475933,NA,NA,1110
"H7_DACRYOADENITIS","Dacryoadenitis","VII Diseases of the eye and adnexa (H7_)",NA,NA,NA,NA,NA,265,453930,NA,NA,1111
"H7_DEGENMYOPIA","Degenerative myopia","VII Diseases of the eye and adnexa (H7_)",NA,NA,NA,NA,NA,228,478098,NA,NA,1112
"H7_DIPLOPIA","Diplopia","VII Diseases of the eye and adnexa (H7_)",NA,NA,NA,NA,NA,5141,475933,NA,NA,1113
"H7_DISORDERLENSNAS","Other specified and unspecified disorders of lens","VII Diseases of the eye and adnexa (H7_)",NA,NA,NA,NA,NA,298,409535,NA,NA,1114
"H7_DIVERGSTRAB","Divergent concomitant strabismus","VII Diseases of the eye and adnexa (H7_)",NA,NA,NA,NA,NA,3123,476776,NA,NA,1115
"H7_ECTROPION","Ectropion of eyelid","VII Diseases of the eye and adnexa (H7_)",NA,NA,NA,NA,NA,1432,453930,NA,NA,1116
"H7_ENTROPION","Entropion and trichiasis of eyelid","VII Diseases of the eye and adnexa (H7_)",NA,NA,NA,NA,NA,3193,453930,NA,NA,1117
"H7_EPIPHORA","Epiphora","VII Diseases of the eye and adnexa (H7_)",NA,NA,NA,NA,NA,743,453930,NA,NA,1118
"H7_EPISCLERITIS","Episcleritis","VII Diseases of the eye and adnexa (H7_)",NA,NA,NA,NA,NA,1961,473095,NA,NA,1119
"H7_EXOPTHALMUS","Exophthalmic conditions","VII Diseases of the eye and adnexa (H7_)",NA,NA,NA,NA,NA,371,453930,NA,NA,1120
"H7_EYEADNEXOTH","Other specified and unspecified disorders of eye and adnexa","VII Diseases of the eye and adnexa (H7_)",NA,NA,NA,NA,NA,1413,494683,NA,NA,1121
"H7_EYELIDDEGEN","Other degenerative disorders of eyelid and periocular area","VII Diseases of the eye and adnexa (H7_)",NA,NA,NA,NA,NA,92,453930,NA,NA,1122
"H7_EYELIDDIS","Other disorders of eyelid","VII Diseases of the eye and adnexa (H7_)",NA,NA,NA,NA,NA,20222,453930,NA,NA,1123
"H7_EYELIDFUNC","Other disorders affecting eyelid function","VII Diseases of the eye and adnexa (H7_)",NA,NA,NA,NA,NA,284,453930,NA,NA,1124
"H7_EYELIDINFLAMMATION","Other inflammation of eyelid","VII Diseases of the eye and adnexa (H7_)",NA,NA,NA,NA,NA,5155,453930,NA,NA,1125
"H7_EYELIDINOTH","Disorders of eyelid in diseases classified elsewhere","VII Diseases of the eye and adnexa (H7_)",NA,NA,NA,NA,NA,1219,453930,NA,NA,1126
"H7_EYELIDNAS","Other specified and unspecified  disorders of eyelid","VII Diseases of the eye and adnexa (H7_)",NA,NA,NA,NA,NA,462,453930,NA,NA,1127
"H7_EYEOTH","Other disorders of eye and adnexa","VII Diseases of the eye and adnexa (H7_)",NA,NA,NA,NA,NA,5665,494683,NA,NA,1128
"H7_EYEPOSTOP","Postprocedural disorders of eye and adnexa, not elsewhere classified","VII Diseases of the eye and adnexa (H7_)",NA,NA,NA,NA,NA,86,500262,NA,NA,1129
"H7_GLAUCNAS","Other and unspecified glaucoma","VII Diseases of the eye and adnexa (H7_)",NA,NA,NA,NA,NA,2505,473757,NA,NA,1130
"H7_GLAUCOMA","Glaucoma","VII Diseases of the eye and adnexa (H7_)",NA,NA,NA,NA,NA,26591,473757,NA,NA,1131
"H7_GLAUCOMAMEDICATION","Use of antiglaucoma preparations and miotics","VII Diseases of the eye and adnexa (H7_)",NA,NA,NA,NA,NA,3099,473757,NA,NA,1132
"H7_GLAUCOMA_NTG","Normotensive glaucoma","VII Diseases of the eye and adnexa (H7_)",NA,NA,NA,NA,NA,2938,473757,NA,NA,1133
"H7_GLAUCOMA_POAG","Primary open-angle glaucoma, strict","VII Diseases of the eye and adnexa (H7_)",NA,NA,NA,NA,NA,10832,473757,NA,NA,1134
"H7_GLAUCOMA_XFG","Glaucoma, exfoliation","VII Diseases of the eye and adnexa (H7_)",NA,NA,NA,NA,NA,4277,473757,NA,NA,1135
"H7_GLAUCSECDRUG","Glaucoma secondary to drugs","VII Diseases of the eye and adnexa (H7_)",NA,NA,NA,NA,NA,109,473757,NA,NA,1136
"H7_GLAUCSECINFLAM","Glaucoma secondary to eye inflammation","VII Diseases of the eye and adnexa (H7_)",NA,NA,NA,NA,NA,303,473757,NA,NA,1137
"H7_GLAUCSECTRAUMA","Glaucoma secondary to eye trauma","VII Diseases of the eye and adnexa (H7_)",NA,NA,NA,NA,NA,221,473757,NA,NA,1138
"H7_GLAUCSUSP","Glaucoma suspect","VII Diseases of the eye and adnexa (H7_)",NA,NA,NA,NA,NA,15413,473757,NA,NA,1139
"H7_GLOBE","Disorders of globe","VII Diseases of the eye and adnexa (H7_)",NA,NA,NA,NA,NA,894,478098,NA,NA,1140
"H7_GLOBEDEGENERATED","Degenerative conditions of globe","VII Diseases of the eye and adnexa (H7_)",NA,NA,NA,NA,NA,193,478098,NA,NA,1141
"H7_GLOBENAS","Other and unspecified disorders of globe","VII Diseases of the eye and adnexa (H7_)",NA,NA,NA,NA,NA,66,478098,NA,NA,1142
"H7_HEREDRETINADYST","Hereditary retinal dystrophy","VII Diseases of the eye and adnexa (H7_)",NA,NA,NA,NA,NA,514,455449,NA,NA,1143
"H7_HERPESKERATITIS","Herpesviral keratitis and keratoconjunctivitis","VII Diseases of the eye and adnexa (H7_)",NA,NA,NA,NA,NA,1568,473095,NA,NA,1144
"H7_HETEROPHORIA","Heterophoria","VII Diseases of the eye and adnexa (H7_)",NA,NA,NA,NA,NA,3245,476776,NA,NA,1145
"H7_HETEROTRONAS","Other and unspecified heterotropia","VII Diseases of the eye and adnexa (H7_)",NA,NA,NA,NA,NA,95,476776,NA,NA,1146
"H7_HORDEOLUM","Hordeolum and other deep inflammation of eyelid","VII Diseases of the eye and adnexa (H7_)",NA,NA,NA,NA,NA,2071,453930,NA,NA,1147
"H7_HYPERMETRO","Hypermetropia","VII Diseases of the eye and adnexa (H7_)",NA,NA,NA,NA,NA,2721,476776,NA,NA,1148
"H7_INTERHETEROTRO","Intermittent heterotropia","VII Diseases of the eye and adnexa (H7_)",NA,NA,NA,NA,NA,2347,476776,NA,NA,1149
"H7_INTERNUCOPHTHALMOPLEGIA","Internuclear ophthalmoplegia","VII Diseases of the eye and adnexa (H7_)",NA,NA,NA,NA,NA,122,476776,NA,NA,1150
"H7_IRIDOACUTE","Acute and subacute iridocyclitis","VII Diseases of the eye and adnexa (H7_)",NA,NA,NA,NA,NA,8334,473095,NA,NA,1151
"H7_IRIDOCHRONIC","Chronic iridocyclitis","VII Diseases of the eye and adnexa (H7_)",NA,NA,NA,NA,NA,1869,473095,NA,NA,1152
"H7_IRIDOCYCLITIS","Iridocyclitis","VII Diseases of the eye and adnexa (H7_)",NA,NA,NA,NA,NA,9958,473095,NA,NA,1153
"H7_IRIDOCYCLITISINOTH","Iridocyclitis in diseases classified elsewhere","VII Diseases of the eye and adnexa (H7_)",NA,NA,NA,NA,NA,629,473095,NA,NA,1154
"H7_IRIDOCYC_ANTER","Anterior Iridocyclitis","VII Diseases of the eye and adnexa (H7_)",NA,NA,NA,NA,NA,8803,491545,NA,NA,1155
"H7_IRIDOLENS","Lens-induced iridocyclitis","VII Diseases of the eye and adnexa (H7_)",NA,NA,NA,NA,NA,57,473095,NA,NA,1156
"H7_IRIDONAS","Other and unspecified iridocyclitis","VII Diseases of the eye and adnexa (H7_)",NA,NA,NA,NA,NA,1550,473095,NA,NA,1157
"H7_IRISCILIARYNAS","Other specified and unspecified disorders of iris and ciliary body","VII Diseases of the eye and adnexa (H7_)",NA,NA,NA,NA,NA,135,473095,NA,NA,1158
"H7_KERATITIS","Keratitis","VII Diseases of the eye and adnexa (H7_)",NA,NA,NA,NA,NA,16577,473095,NA,NA,1159
"H7_KERATITISINOTH","Keratitis and keratoconjunctivitis in other diseases classified elsewhere","VII Diseases of the eye and adnexa (H7_)",NA,NA,NA,NA,NA,1296,473095,NA,NA,1160
"H7_KERATITISOTH","Other keratitis","VII Diseases of the eye and adnexa (H7_)",NA,NA,NA,NA,NA,4563,473095,NA,NA,1161
"H7_KERATOCONUS","Hereditary corneal dystrophies","VII Diseases of the eye and adnexa (H7_)",NA,NA,NA,NA,NA,1076,473095,NA,NA,1162
"H7_LACRIMALSYSTEM","Disorders of lacrimal system","VII Diseases of the eye and adnexa (H7_)",NA,NA,NA,NA,NA,19195,453930,NA,NA,1163
"H7_LACRIMINFLAMACU","Inflammation of lacrimal passages (acute and unspecified)","VII Diseases of the eye and adnexa (H7_)",NA,NA,NA,NA,NA,615,453930,NA,NA,1164
"H7_LACRIMINFLAMCHRON","Inflammation of lacrimal passages (chronic)","VII Diseases of the eye and adnexa (H7_)",NA,NA,NA,NA,NA,563,453930,NA,NA,1165
"H7_LACRINAS","Other and unspecified disorders of lacrimal system","VII Diseases of the eye and adnexa (H7_)",NA,NA,NA,NA,NA,66,453930,NA,NA,1166
"H7_LAGOPHTALMOS","Lagophthalmos","VII Diseases of the eye and adnexa (H7_)",NA,NA,NA,NA,NA,399,453930,NA,NA,1167
"H7_LENSDISLOCATIO","Dislocation of lens","VII Diseases of the eye and adnexa (H7_)",NA,NA,NA,NA,NA,535,409535,NA,NA,1168
"H7_LIDLACRIMALORBIT","Disorders of eyelid, lacrimal system and orbit","VII Diseases of the eye and adnexa (H7_)",NA,NA,NA,NA,NA,46418,453930,NA,NA,1169
"H7_MACULADEGEN","Degeneration of macula and posterior pole","VII Diseases of the eye and adnexa (H7_)",NA,NA,NA,NA,NA,21413,455449,NA,NA,1170
"H7_MILDVISIMPBINOC","Mild or no visual impairment, binocular","VII Diseases of the eye and adnexa (H7_)",NA,NA,NA,NA,NA,162,475933,NA,NA,1171
"H7_MODVISIMPBINOC","Moderate visual impairment, binocular","VII Diseases of the eye and adnexa (H7_)",NA,NA,NA,NA,NA,1098,475933,NA,NA,1172
"H7_MODVISIMPMONOC","Moderate visual impairment, monocular","VII Diseases of the eye and adnexa (H7_)",NA,NA,NA,NA,NA,133,475933,NA,NA,1173
"H7_MYOPIA","Myopia","VII Diseases of the eye and adnexa (H7_)",NA,NA,NA,NA,NA,5406,476776,NA,NA,1174
"H7_NYSTAGMUS","Nystagmus and other irregular eye movements","VII Diseases of the eye and adnexa (H7_)",NA,NA,NA,NA,NA,479,494683,NA,NA,1175
"H7_OCUMUSCLE","Disorders of ocular muscles, binocular movement, accommodation and refraction","VII Diseases of the eye and adnexa (H7_)",NA,NA,NA,NA,NA,23572,476776,NA,NA,1176
"H7_OCUPAIN","Ocular pain","VII Diseases of the eye and adnexa (H7_)",NA,NA,NA,NA,NA,3063,494683,NA,NA,1177
"H7_OPTATROPHY","Optic atrophy","VII Diseases of the eye and adnexa (H7_)",NA,NA,NA,NA,NA,629,496621,NA,NA,1178
"H7_OPTICDISCOTH","Other disorders of optic disc","VII Diseases of the eye and adnexa (H7_)",NA,NA,NA,NA,NA,435,496621,NA,NA,1179
"H7_OPTNERVE","Disorders of optic nerve and visual pathways","VII Diseases of the eye and adnexa (H7_)",NA,NA,NA,NA,NA,3727,496621,NA,NA,1180
"H7_OPTNERVNAS","Disorders of optic nerve, not elsewhere classified","VII Diseases of the eye and adnexa (H7_)",NA,NA,NA,NA,NA,694,496621,NA,NA,1181
"H7_OPTNEURITIS","Optic neuritis","VII Diseases of the eye and adnexa (H7_)",NA,NA,NA,NA,NA,1592,496621,NA,NA,1182
"H7_OPTNEUROTH","Other disorders of optic [2nd] nerve and visual pathways","VII Diseases of the eye and adnexa (H7_)",NA,NA,NA,NA,NA,2322,496621,NA,NA,1183
"H7_ORBIT","Disorders of orbit","VII Diseases of the eye and adnexa (H7_)",NA,NA,NA,NA,NA,1637,453930,NA,NA,1184
"H7_ORBITINFLAMACU","Acute inflammation of orbit","VII Diseases of the eye and adnexa (H7_)",NA,NA,NA,NA,NA,236,453930,NA,NA,1185
"H7_ORBITINFLAMCHRON","Chronic inflammatory disorders of orbit","VII Diseases of the eye and adnexa (H7_)",NA,NA,NA,NA,NA,91,453930,NA,NA,1186
"H7_ORBITNAS","Other and unspecified disorders of orbit","VII Diseases of the eye and adnexa (H7_)",NA,NA,NA,NA,NA,169,453930,NA,NA,1187
"H7_OTHENDOPHTHALMITIS","Other endophthalmitis","VII Diseases of the eye and adnexa (H7_)",NA,NA,NA,NA,NA,175,478098,NA,NA,1188
"H7_OTHERCONJ","Other disorders of conjunctiva","VII Diseases of the eye and adnexa (H7_)",NA,NA,NA,NA,NA,5450,454779,NA,NA,1189
"H7_OTHIRISCILIARY","Other disorders of iris and ciliary body","VII Diseases of the eye and adnexa (H7_)",NA,NA,NA,NA,NA,932,473095,NA,NA,1190
"H7_OTHRETARTOCC","Other retinal artery occlusion","VII Diseases of the eye and adnexa (H7_)",NA,NA,NA,NA,NA,780,455449,NA,NA,1191
"H7_PAPILLOEDEMA","Papilloedema, unspecified","VII Diseases of the eye and adnexa (H7_)",NA,NA,NA,NA,NA,793,496621,NA,NA,1192
"H7_PARASTRA3","Third [oculomotor] nerve palsy","VII Diseases of the eye and adnexa (H7_)",NA,NA,NA,NA,NA,606,476776,NA,NA,1193
"H7_PARASTRA4","Fourth [trochlear] nerve palsy","VII Diseases of the eye and adnexa (H7_)",NA,NA,NA,NA,NA,765,476776,NA,NA,1194
"H7_PARASTRA6","Sixth [abducent] nerve palsy","VII Diseases of the eye and adnexa (H7_)",NA,NA,NA,NA,NA,1130,476776,NA,NA,1195
"H7_PARASTRAB","Paralytic strabismus","VII Diseases of the eye and adnexa (H7_)",NA,NA,NA,NA,NA,2581,476776,NA,NA,1196
"H7_PARASTRANAS","Other or unspecified paralytic strabismus","VII Diseases of the eye and adnexa (H7_)",NA,NA,NA,NA,NA,244,476776,NA,NA,1197
"H7_PERIPHRETINADEGEN","Peripheral retinal degeneration","VII Diseases of the eye and adnexa (H7_)",NA,NA,NA,NA,NA,1129,455449,NA,NA,1198
"H7_POSTOPEYENAS","Other and unspecified postprocedural disorders of eye and adnexa","VII Diseases of the eye and adnexa (H7_)",NA,NA,NA,NA,NA,60,500262,NA,NA,1199
"H7_PRESBYOPIA","Presbyopia","VII Diseases of the eye and adnexa (H7_)",NA,NA,NA,NA,NA,2305,476776,NA,NA,1200
"H7_PROLIFRETINOPATHOTH","Other proliferative retinopathy","VII Diseases of the eye and adnexa (H7_)",NA,NA,NA,NA,NA,148,455449,NA,NA,1201
"H7_PTERYGIUM","Pterygium","VII Diseases of the eye and adnexa (H7_)",NA,NA,NA,NA,NA,968,454779,NA,NA,1202
"H7_PTOSIS","Ptosis of eyelid","VII Diseases of the eye and adnexa (H7_)",NA,NA,NA,NA,NA,4013,453930,NA,NA,1203
"H7_PURENDOPHTHALMITIS","Purulent endophthalmitis","VII Diseases of the eye and adnexa (H7_)",NA,NA,NA,NA,NA,195,478098,NA,NA,1204
"H7_REFRAACCOMMODIS","Disorders of refraction and accommodation","VII Diseases of the eye and adnexa (H7_)",NA,NA,NA,NA,NA,12151,476776,NA,NA,1205
"H7_RETARTOCCTRANS","Transient retinal artery occlusion","VII Diseases of the eye and adnexa (H7_)",NA,NA,NA,NA,NA,77,455449,NA,NA,1206
"H7_RETINAHAEMORR","Retinal haemorrhage","VII Diseases of the eye and adnexa (H7_)",NA,NA,NA,NA,NA,816,455449,NA,NA,1207
"H7_RETINALBREAK","Retinal breaks without detachment","VII Diseases of the eye and adnexa (H7_)",NA,NA,NA,NA,NA,6157,455449,NA,NA,1208
"H7_RETINALDETACH","Retinal detachments and breaks","VII Diseases of the eye and adnexa (H7_)",NA,NA,NA,NA,NA,15490,455449,NA,NA,1209
"H7_RETINALDETACHBREAK","Retinal detachment with retinal break","VII Diseases of the eye and adnexa (H7_)",NA,NA,NA,NA,NA,5041,455449,NA,NA,1210
"H7_RETINALDETACHOTH","Other, unspecified and serous retinal detachments","VII Diseases of the eye and adnexa (H7_)",NA,NA,NA,NA,NA,1064,455449,NA,NA,1211
"H7_RETINALDETACHTRACTION","Traction detachment of retina","VII Diseases of the eye and adnexa (H7_)",NA,NA,NA,NA,NA,295,455449,NA,NA,1212
"H7_RETINALDISOTH","Other retinal disorders","VII Diseases of the eye and adnexa (H7_)",NA,NA,NA,NA,NA,32428,455449,NA,NA,1213
"H7_RETINANAS","Other specified and unspecified retinal disorders","VII Diseases of the eye and adnexa (H7_)",NA,NA,NA,NA,NA,1200,455449,NA,NA,1214
"H7_RETINOCHISISCYST","Retinoschisis and retinal cysts","VII Diseases of the eye and adnexa (H7_)",NA,NA,NA,NA,NA,802,455449,NA,NA,1215
"H7_RETINODISINOTH","Other retinal disorders in diseases classified elsewhere","VII Diseases of the eye and adnexa (H7_)",NA,NA,NA,NA,NA,68,455449,NA,NA,1216
"H7_RETROBULBNEURINOTH","Retrobulbar neuritis in diseases classified elsewhere","VII Diseases of the eye and adnexa (H7_)",NA,NA,NA,NA,NA,125,496621,NA,NA,1217
"H7_SCLERACORNEA","Disorders of sclera, cornea, iris and ciliary body","VII Diseases of the eye and adnexa (H7_)",NA,NA,NA,NA,NA,27253,473095,NA,NA,1218
"H7_SCLERITIS","Scleritis","VII Diseases of the eye and adnexa (H7_)",NA,NA,NA,NA,NA,441,473095,NA,NA,1219
"H7_SEVVISIMPBINOC","Severe visual impairment, binocular","VII Diseases of the eye and adnexa (H7_)",NA,NA,NA,NA,NA,171,475933,NA,NA,1220
"H7_SEVVISIMPMONOC","Severe visual impairment, monocular","VII Diseases of the eye and adnexa (H7_)",NA,NA,NA,NA,NA,293,475933,NA,NA,1221
"H7_STENOLACRI","Stenosis and insufficiency of lacrimal passages","VII Diseases of the eye and adnexa (H7_)",NA,NA,NA,NA,NA,3633,453930,NA,NA,1222
"H7_STRABMECH","Mechanical strabismus","VII Diseases of the eye and adnexa (H7_)",NA,NA,NA,NA,NA,77,476776,NA,NA,1223
"H7_STRABNAS","Other specified and unspecified strabismus","VII Diseases of the eye and adnexa (H7_)",NA,NA,NA,NA,NA,407,476776,NA,NA,1224
"H7_STRABOTH","Other strabismus","VII Diseases of the eye and adnexa (H7_)",NA,NA,NA,NA,NA,10045,476776,NA,NA,1225
"H7_VASCCILIARY","Hyphaema and other vascular disorders of iris and ciliary body","VII Diseases of the eye and adnexa (H7_)",NA,NA,NA,NA,NA,665,473095,NA,NA,1226
"H7_VERTISTRAB","Vertical strabismus","VII Diseases of the eye and adnexa (H7_)",NA,NA,NA,NA,NA,1223,476776,NA,NA,1227
"H7_VISDISTNAS","Other and unspecified visual disturbances","VII Diseases of the eye and adnexa (H7_)",NA,NA,NA,NA,NA,3613,475933,NA,NA,1228
"H7_VISFIELDDEF","Visual field defects","VII Diseases of the eye and adnexa (H7_)",NA,NA,NA,NA,NA,3228,475933,NA,NA,1229
"H7_VISIMPBILATERAL","Blindness or visual impairment, binocular","VII Diseases of the eye and adnexa (H7_)",NA,NA,NA,NA,NA,157,475933,NA,NA,1230
"H7_VISUALPATHNAS","Disorder of visual pathways, unspecified","VII Diseases of the eye and adnexa (H7_)",NA,NA,NA,NA,NA,60,496621,NA,NA,1231
"H7_VISUDISTURB","Visual disturbances","VII Diseases of the eye and adnexa (H7_)",NA,NA,NA,NA,NA,22414,475933,NA,NA,1232
"H7_VISUDISTURBSUB","Subjective visual disturbances","VII Diseases of the eye and adnexa (H7_)",NA,NA,NA,NA,NA,10482,475933,NA,NA,1233
"H7_VITRBODYGLOBE","Disorders of vitreous body","VII Diseases of the eye and adnexa (H7_)",NA,NA,NA,NA,NA,21499,478098,NA,NA,1234
"H7_VITRCRYSTAL","Crystalline deposits in vitreous body","VII Diseases of the eye and adnexa (H7_)",NA,NA,NA,NA,NA,291,478098,NA,NA,1235
"H7_VITROPACIT","Other vitreous opacities","VII Diseases of the eye and adnexa (H7_)",NA,NA,NA,NA,NA,1356,478098,NA,NA,1236
"H7_VITROTH","Other and unspecified disorders of vitreous body","VII Diseases of the eye and adnexa (H7_)",NA,NA,NA,NA,NA,17224,478098,NA,NA,1237
"H7_VITRPROLAPSE","Vitreous prolapse","VII Diseases of the eye and adnexa (H7_)",NA,NA,NA,NA,NA,86,478098,NA,NA,1238
"H7_XANTHELASMA","Xanthelasma of eyelid","VII Diseases of the eye and adnexa (H7_)",NA,NA,NA,NA,NA,305,453930,NA,NA,1239
"H8_ABNAUDPER","Other abnormal auditory perceptions","VIII Diseases of the ear and mastoid process (H8_)",NA,NA,NA,NA,NA,380,437331,NA,NA,1240
"H8_BPV","Benign paroxysmal vertigo","VIII Diseases of the ear and mastoid process (H8_)",NA,NA,NA,NA,NA,12006,474839,NA,NA,1241
"H8_CERUMEN","Impacted cerumen","VIII Diseases of the ear and mastoid process (H8_)",NA,NA,NA,NA,NA,3609,485292,NA,NA,1242
"H8_CHOLEASTOMA","Cholesteatoma of middle ear","VIII Diseases of the ear and mastoid process (H8_)",NA,NA,NA,NA,NA,1916,465154,NA,NA,1243
"H8_CHRON_SUPOTITIS","Chronic suppurative otitis media","VIII Diseases of the ear and mastoid process (H8_)",NA,NA,NA,NA,NA,2748,465154,NA,NA,1244
"H8_DISCON","Discontinuity and dislocation of ear ossicles","VIII Diseases of the ear and mastoid process (H8_)",NA,NA,NA,NA,NA,180,465154,NA,NA,1245
"H8_EARNAS","Other specified/unspecified disorders of ear","VIII Diseases of the ear and mastoid process (H8_)",NA,NA,NA,NA,NA,97,437331,NA,NA,1246
"H8_EUSTNAS","Other disorders of Eustachian tube","VIII Diseases of the ear and mastoid process (H8_)",NA,NA,NA,NA,NA,1029,465154,NA,NA,1247
"H8_EUSTSALP","Eustachian salpingitis and obstruction","VIII Diseases of the ear and mastoid process (H8_)",NA,NA,NA,NA,NA,3346,465154,NA,NA,1248
"H8_EXTDISINOTH","Disorder of external ear, unspecified","VIII Diseases of the ear and mastoid process (H8_)",NA,NA,NA,NA,NA,1118,485292,NA,NA,1249
"H8_EXTERNAL","Diseases of external ear","VIII Diseases of the ear and mastoid process (H8_)",NA,NA,NA,NA,NA,15056,485292,NA,NA,1250
"H8_EXTOTITIS","Otitis externa","VIII Diseases of the ear and mastoid process (H8_)",NA,NA,NA,NA,NA,9471,485292,NA,NA,1251
"H8_EXT_ABSC","Abscess of external ear","VIII Diseases of the ear and mastoid process (H8_)",NA,NA,NA,NA,NA,501,485292,NA,NA,1252
"H8_EXT_CELLUL","Cellulitis of external ear","VIII Diseases of the ear and mastoid process (H8_)",NA,NA,NA,NA,NA,416,485292,NA,NA,1253
"H8_EXT_CHOL","Cholesteatoma of external ear","VIII Diseases of the ear and mastoid process (H8_)",NA,NA,NA,NA,NA,234,485292,NA,NA,1254
"H8_EXT_INFNAS","Other infective otitis externa","VIII Diseases of the ear and mastoid process (H8_)",NA,NA,NA,NA,NA,2237,485292,NA,NA,1255
"H8_EXT_MALIGN","Malignant otitis externa","VIII Diseases of the ear and mastoid process (H8_)",NA,NA,NA,NA,NA,57,485292,NA,NA,1256
"H8_EXT_NAS","Otitis externa, unspecified","VIII Diseases of the ear and mastoid process (H8_)",NA,NA,NA,NA,NA,4338,485292,NA,NA,1257
"H8_EXT_NONINF","Acute otitis externa, noninfective","VIII Diseases of the ear and mastoid process (H8_)",NA,NA,NA,NA,NA,577,485292,NA,NA,1258
"H8_EXT_OTH","Other otitis externa (chronic)","VIII Diseases of the ear and mastoid process (H8_)",NA,NA,NA,NA,NA,2400,485292,NA,NA,1259
"H8_HL_CON_NAS","Conductive hearing loss, unspecified","VIII Diseases of the ear and mastoid process (H8_)",NA,NA,NA,NA,NA,3255,437331,NA,NA,1260
"H8_HL_DEAFMUT","Deaf mutism, not elsewhere classified","VIII Diseases of the ear and mastoid process (H8_)",NA,NA,NA,NA,NA,183,437331,NA,NA,1261
"H8_HL_IDIOP","Sudden idiopathic hearing loss","VIII Diseases of the ear and mastoid process (H8_)",NA,NA,NA,NA,NA,3861,437331,NA,NA,1262
"H8_HL_MIX_NAS","Mixed conductive and sensorineural hearing loss","VIII Diseases of the ear and mastoid process (H8_)",NA,NA,NA,NA,NA,4810,437331,NA,NA,1263
"H8_HL_NAS","Other specified/unspecified hearing loss","VIII Diseases of the ear and mastoid process (H8_)",NA,NA,NA,NA,NA,3150,437331,NA,NA,1264
"H8_HL_OTOTOX","Ototoxic hearing loss","VIII Diseases of the ear and mastoid process (H8_)",NA,NA,NA,NA,NA,65,437331,NA,NA,1265
"H8_HL_PRESBY","Presbycusis","VIII Diseases of the ear and mastoid process (H8_)",NA,NA,NA,NA,NA,5817,437331,NA,NA,1266
"H8_HL_SEN_NAS","Sensorineural hearing loss","VIII Diseases of the ear and mastoid process (H8_)",NA,NA,NA,NA,NA,44745,437331,NA,NA,1267
"H8_INNERNAS","Other specified/unspecified diseases of inner ear","VIII Diseases of the ear and mastoid process (H8_)",NA,NA,NA,NA,NA,169,474839,NA,NA,1268
"H8_LABYRFISTU","Labyrinthine fistula","VIII Diseases of the ear and mastoid process (H8_)",NA,NA,NA,NA,NA,103,474839,NA,NA,1269
"H8_LABYRINTHITIS","Labyrinthitis","VIII Diseases of the ear and mastoid process (H8_)",NA,NA,NA,NA,NA,109,474839,NA,NA,1270
"H8_MASTACU","Acute mastoiditis","VIII Diseases of the ear and mastoid process (H8_)",NA,NA,NA,NA,NA,320,465154,NA,NA,1271
"H8_MASTCHRON","Chronic mastoiditis","VIII Diseases of the ear and mastoid process (H8_)",NA,NA,NA,NA,NA,936,465154,NA,NA,1272
"H8_MASTNAS","Other/unspecified mastoiditis and related conditions","VIII Diseases of the ear and mastoid process (H8_)",NA,NA,NA,NA,NA,163,465154,NA,NA,1273
"H8_MED_SUPP","Suppurative and unspecified otitis media","VIII Diseases of the ear and mastoid process (H8_)",NA,NA,NA,NA,NA,20472,465154,NA,NA,1274
"H8_MENIERE","Ménière disease","VIII Diseases of the ear and mastoid process (H8_)",NA,NA,NA,NA,NA,3680,474839,NA,NA,1275
"H8_MIDDLEADDH","Adhesive middle ear disease","VIII Diseases of the ear and mastoid process (H8_)",NA,NA,NA,NA,NA,600,465154,NA,NA,1276
"H8_MIDDLEMASTOID","Diseases of middle ear and mastoid","VIII Diseases of the ear and mastoid process (H8_)",NA,NA,NA,NA,NA,35194,465154,NA,NA,1277
"H8_MIDDMASTNAS","Other specified/unspecified disorders of middle ear and mastoid","VIII Diseases of the ear and mastoid process (H8_)",NA,NA,NA,NA,NA,80,465154,NA,NA,1278
"H8_MYRINGACU","Acute myringitis","VIII Diseases of the ear and mastoid process (H8_)",NA,NA,NA,NA,NA,248,465154,NA,NA,1279
"H8_MYRINGCHRON","Chronic myringitis","VIII Diseases of the ear and mastoid process (H8_)",NA,NA,NA,NA,NA,160,465154,NA,NA,1280
"H8_MYRINGNAS","Other specified/unspecified disorders of tympanic membrane","VIII Diseases of the ear and mastoid process (H8_)",NA,NA,NA,NA,NA,116,465154,NA,NA,1281
"H8_NOISEINNER","Noise effects on inner ear","VIII Diseases of the ear and mastoid process (H8_)",NA,NA,NA,NA,NA,1511,474839,NA,NA,1282
"H8_NONSUPPNAS","Nonsuppurative otitis media","VIII Diseases of the ear and mastoid process (H8_)",NA,NA,NA,NA,NA,12143,465154,NA,NA,1283
"H8_OSSICABN","Abnormalities of ear ossicles","VIII Diseases of the ear and mastoid process (H8_)",NA,NA,NA,NA,NA,66,465154,NA,NA,1284
"H8_OTALGIA","Otalgia","VIII Diseases of the ear and mastoid process (H8_)",NA,NA,NA,NA,NA,2986,437331,NA,NA,1285
"H8_OTHEREAR","Other disorders of ear","VIII Diseases of the ear and mastoid process (H8_)",NA,NA,NA,NA,NA,63017,437331,NA,NA,1286
"H8_OTHHEARINGLOSS","Other hearing loss","VIII Diseases of the ear and mastoid process (H8_)",NA,NA,NA,NA,NA,12430,437331,NA,NA,1287
"H8_OTIMEDNAS","Otitis media, unspecified","VIII Diseases of the ear and mastoid process (H8_)",NA,NA,NA,NA,NA,5209,465154,NA,NA,1288
"H8_OTORRHAGIA","Otorrhagia","VIII Diseases of the ear and mastoid process (H8_)",NA,NA,NA,NA,NA,217,437331,NA,NA,1289
"H8_OTORRHOEA","Otorrhoea","VIII Diseases of the ear and mastoid process (H8_)",NA,NA,NA,NA,NA,97,437331,NA,NA,1290
"H8_OTOSCLE","Otosclerosis","VIII Diseases of the ear and mastoid process (H8_)",NA,NA,NA,NA,NA,2920,474839,NA,NA,1291
"H8_PERCHRONDR","Perichondritis of external ear","VIII Diseases of the ear and mastoid process (H8_)",NA,NA,NA,NA,NA,610,485292,NA,NA,1292
"H8_PERFORATION","Perforation of tympanic membrane","VIII Diseases of the ear and mastoid process (H8_)",NA,NA,NA,NA,NA,3902,465154,NA,NA,1293
"H8_PINNADIS","Noninfective disorders of pinna","VIII Diseases of the ear and mastoid process (H8_)",NA,NA,NA,NA,NA,75,485292,NA,NA,1294
"H8_POLYPMIDD","Polyp of middle ear","VIII Diseases of the ear and mastoid process (H8_)",NA,NA,NA,NA,NA,53,465154,NA,NA,1295
"H8_POSTMASTCHOLEASTOMA","Recurrent cholesteatoma of postmastoidectomy cavity","VIII Diseases of the ear and mastoid process (H8_)",NA,NA,NA,NA,NA,103,437331,NA,NA,1296
"H8_POSTOP","Postprocedural disorders of ear and mastoid process, not elsewhere classified","VIII Diseases of the ear and mastoid process (H8_)",NA,NA,NA,NA,NA,269,437331,NA,NA,1297
"H8_POSTOPNAS","Other/unspecified postprocedural disorders of ear and mastoid process","VIII Diseases of the ear and mastoid process (H8_)",NA,NA,NA,NA,NA,89,437331,NA,NA,1298
"H8_STENOEXTCAN","Acquired stenosis of external ear canal","VIII Diseases of the ear and mastoid process (H8_)",NA,NA,NA,NA,NA,314,485292,NA,NA,1299
"H8_SUP_ACUTE","Acute suppurative otitis media","VIII Diseases of the ear and mastoid process (H8_)",NA,NA,NA,NA,NA,14095,465154,NA,NA,1300
"H8_SUP_OTINAS","Suppurative otitis media, unspecified","VIII Diseases of the ear and mastoid process (H8_)",NA,NA,NA,NA,NA,985,465154,NA,NA,1301
"H8_TINNITUS","Tinnitus","VIII Diseases of the ear and mastoid process (H8_)",NA,NA,NA,NA,NA,10008,437331,NA,NA,1302
"H8_VERTIGO","Disorders of vestibular function (Vertigo)","VIII Diseases of the ear and mastoid process (H8_)",NA,NA,NA,NA,NA,21139,474839,NA,NA,1303
"H8_VERTIGOCENT","Vertigo of central origin","VIII Diseases of the ear and mastoid process (H8_)",NA,NA,NA,NA,NA,528,474839,NA,NA,1304
"H8_VESTIBNEUR","Vestibular neuronitis","VIII Diseases of the ear and mastoid process (H8_)",NA,NA,NA,NA,NA,3342,474839,NA,NA,1305
"H8_VESTIFUNCNAS","Other/unspecified disorders of vestibular function","VIII Diseases of the ear and mastoid process (H8_)",NA,NA,NA,NA,NA,1321,474839,NA,NA,1306
"HAEMOPHIL_SEPTICHE","Haemophilus septicemia","Asthma and related endpoints",NA,NA,NA,NA,NA,64,499120,NA,NA,1307
"HEIGHT_IRN","Height, inverse-rank normalized","Quantitative endpoints",NA,NA,NA,NA,NA,364629,0,NA,NA,1308
"HERING_BILATERAL","Inguinal hernia, bilateral","XI Diseases of the digestive system (K11_)",NA,NA,NA,NA,NA,4091,426666,NA,NA,1309
"HERING_UNILATERAL","Inguinal hernia, unilateral","XI Diseases of the digestive system (K11_)",NA,NA,NA,NA,NA,953,426666,NA,NA,1310
"HYPOTE_DRUGS","Hypotension due to drugs","IX Diseases of the circulatory system (I9_)",NA,NA,NA,NA,NA,460,499888,NA,NA,1311
"HYPOTHY_REIMB","Hypothyroidism, drug reimbursement","IV Endocrine, nutritional and metabolic diseases (E4_)",NA,NA,NA,NA,NA,16150,111954,NA,NA,1312
"I9_ABAORTANEUR","Abdominal aortic aneurysm (AAA)","IX Diseases of the circulatory system (I9_)",NA,NA,NA,NA,NA,4439,463106,NA,NA,1313
"I9_AF","Atrial fibrillation and flutter","IX Diseases of the circulatory system (I9_)",NA,NA,NA,NA,NA,63532,252810,NA,NA,1314
"I9_AF_REIMB","Atrial fibrillation and flutter with reimbursement","IX Diseases of the circulatory system (I9_)",NA,NA,NA,NA,NA,40251,252810,NA,NA,1315
"I9_ANEURYSM","Cerebral aneurysm, nonruptured","IX Diseases of the circulatory system (I9_)",NA,NA,NA,NA,NA,3310,453828,NA,NA,1316
"I9_ANGINA","Angina pectoris","IX Diseases of the circulatory system (I9_)",NA,NA,NA,NA,NA,44588,416171,NA,NA,1317
"I9_ANGIO","Coronary angioplasty","IX Diseases of the circulatory system (I9_)",NA,NA,NA,NA,NA,18248,416171,NA,NA,1318
"I9_AORTDIS","Dissection of aorta","IX Diseases of the circulatory system (I9_)",NA,NA,NA,NA,NA,1150,463106,NA,NA,1319
"I9_ARTEMBTHR","Arterial embolism and thrombosis","IX Diseases of the circulatory system (I9_)",NA,NA,NA,NA,NA,2266,463106,NA,NA,1320
"I9_ARTEMBTHRLOW","Arterial embolism and thrombosis of lower extremity artery","IX Diseases of the circulatory system (I9_)",NA,NA,NA,NA,NA,1297,463106,NA,NA,1321
"I9_ARTEMBTHRNAS","Other arterial embolism and thrombosis","IX Diseases of the circulatory system (I9_)",NA,NA,NA,NA,NA,1048,463106,NA,NA,1322
"I9_ARTOTH","Other diseases of arteries and capillaries","IX Diseases of the circulatory system (I9_)",NA,NA,NA,NA,NA,3541,463106,NA,NA,1323
"I9_ATHSCLE","Atherosclerosis, excluding cerebral and coronary sclerosis","IX Diseases of the circulatory system (I9_)",NA,NA,NA,NA,NA,19807,463106,NA,NA,1324
"I9_AVBLOCK","AV-block","IX Diseases of the circulatory system (I9_)",NA,NA,NA,NA,NA,7850,375343,NA,NA,1325
"I9_CABG","Coronary artery bypass grafting","IX Diseases of the circulatory system (I9_)",NA,NA,NA,NA,NA,13681,416171,NA,NA,1326
"I9_CARDARR","Cardiac arrest","IX Diseases of the circulatory system (I9_)",NA,NA,NA,NA,NA,3011,252810,NA,NA,1327
"I9_CARDMSEC","Cardiomyopathies, Secondary/extrinsic","IX Diseases of the circulatory system (I9_)",NA,NA,NA,NA,NA,219,375343,NA,NA,1328
"I9_CARDMYO","Cardiomyopathy","IX Diseases of the circulatory system (I9_)",NA,NA,NA,NA,NA,7649,375343,NA,NA,1329
"I9_CARDMYOALC","Alcoholic cardiomyopathy","IX Diseases of the circulatory system (I9_)",NA,NA,NA,NA,NA,165,492699,NA,NA,1330
"I9_CARDMYOHYP","Cardiomyopathy, Hypertrophic obstructive","IX Diseases of the circulatory system (I9_)",NA,NA,NA,NA,NA,653,375343,NA,NA,1331
"I9_CARDMYOOTH","Cardiomyopathy, other and unspecified","IX Diseases of the circulatory system (I9_)",NA,NA,NA,NA,NA,3122,375343,NA,NA,1332
"I9_CARDMYORESTR","Restrictive cardiomyopathy","IX Diseases of the circulatory system (I9_)",NA,NA,NA,NA,NA,114,492699,NA,NA,1333
"I9_CAVS_OPERATED","Calcific aortic valvular stenosis, operated","IX Diseases of the circulatory system (I9_)",NA,NA,NA,NA,NA,12418,487930,NA,NA,1334
"I9_CEREBATHER","Cerebral atherosclerosis","IX Diseases of the circulatory system (I9_)",NA,NA,NA,NA,NA,440,499908,NA,NA,1335
"I9_CEREBDOTH","Other specified cerebrovascular diseases, other cerebrovascular disorders in diseases classified elsewhere","IX Diseases of the circulatory system (I9_)",NA,NA,NA,NA,NA,2644,453828,NA,NA,1336
"I9_CEREBRART","Cerebral arteritis","IX Diseases of the circulatory system (I9_)",NA,NA,NA,NA,NA,93,453828,NA,NA,1337
"I9_CHD","Major coronary heart disease event","IX Diseases of the circulatory system (I9_)",NA,NA,NA,NA,NA,56650,443698,NA,NA,1338
"I9_CONDUCTIO","Conduction disorders","IX Diseases of the circulatory system (I9_)",NA,NA,NA,NA,NA,14027,375343,NA,NA,1339
"I9_CORATHER","Coronary atherosclerosis","IX Diseases of the circulatory system (I9_)",NA,NA,NA,NA,NA,63307,416171,NA,NA,1340
"I9_CVD_HARD","Hard cardiovascular diseases","Cardiometabolic endpoints",NA,NA,NA,NA,NA,80527,419821,NA,NA,1341
"I9_DISCER","Dissection of cerebral arteries, nonruptured","IX Diseases of the circulatory system (I9_)",NA,NA,NA,NA,NA,255,453828,NA,NA,1342
"I9_DISVEINLYMPH","Diseases of veins, lymphatic vessels and lymph nodes, not elsewhere classified","IX Diseases of the circulatory system (I9_)",NA,NA,NA,NA,NA,68125,432223,NA,NA,1343
"I9_EMBTHROAOR","Embolism and thrombosis of abdominal aorta","IX Diseases of the circulatory system (I9_)",NA,NA,NA,NA,NA,68,463106,NA,NA,1344
"I9_ENDOCARD","Endocarditis","IX Diseases of the circulatory system (I9_)",NA,NA,NA,NA,NA,1276,375343,NA,NA,1345
"I9_E_DRONE","Dronedarone medication","IX Diseases of the circulatory system (I9_)",NA,NA,NA,NA,NA,999,375343,NA,NA,1346
"I9_HEARTFAIL","Heart failure, strict","IX Diseases of the circulatory system (I9_)",NA,NA,NA,NA,NA,37653,462695,NA,NA,1347
"I9_HEARTFAIL_AND_CHD","Heart failure and coronary heart disease","Cardiometabolic endpoints",NA,NA,NA,NA,NA,17532,443698,NA,NA,1348
"I9_HEARTFAIL_AND_HYPERTCARDIOM","Heart failure and hypertrophic cardiomyopathy","Cardiometabolic endpoints",NA,NA,NA,NA,NA,561,498972,NA,NA,1349
"I9_HEARTFAIL_AND_OVERWEIGHT","Heart failure and bmi 25plus","Cardiometabolic endpoints",NA,NA,NA,NA,NA,22965,206576,NA,NA,1350
"I9_HYPERTENC","Hypertensive encephalopathy","IX Diseases of the circulatory system (I9_)",NA,NA,NA,NA,NA,124,453828,NA,NA,1351
"I9_HYPOTE","Hypotension","IX Diseases of the circulatory system (I9_)",NA,NA,NA,NA,NA,6488,492608,NA,NA,1352
"I9_HYPTENS","Hypertension","IX Diseases of the circulatory system (I9_)",NA,NA,NA,NA,NA,154630,345634,NA,NA,1353
"I9_HYPTENSEC","Secondary hypertension","IX Diseases of the circulatory system (I9_)",NA,NA,NA,NA,NA,3388,252810,NA,NA,1354
"I9_HYPTENSESS","Hypertension, essential","IX Diseases of the circulatory system (I9_)",NA,NA,NA,NA,NA,132515,345634,NA,NA,1355
"I9_HYPTENSHD","Hypertensive Heart Disease","IX Diseases of the circulatory system (I9_)",NA,NA,NA,NA,NA,11728,345634,NA,NA,1356
"I9_HYPTENSPOR","Hypertension, portal","IX Diseases of the circulatory system (I9_)",NA,NA,NA,NA,NA,98,494803,NA,NA,1357
"I9_HYPTENSPUL","Hypertension, Pulmonary Arterial","IX Diseases of the circulatory system (I9_)",NA,NA,NA,NA,NA,301,345634,NA,NA,1358
"I9_HYPTENSRD","Hypertensive Renal Disease","IX Diseases of the circulatory system (I9_)",NA,NA,NA,NA,NA,1367,345634,NA,NA,1359
"I9_ICH","Intracerebral haemorrhage","IX Diseases of the circulatory system (I9_)",NA,NA,NA,NA,NA,5112,450016,NA,NA,1360
"I9_IHD","Ischaemic heart disease, wide definition","IX Diseases of the circulatory system (I9_)",NA,NA,NA,NA,NA,84088,416260,NA,NA,1361
"I9_INTRACRA","Nontraumatic intracranial haemmorrhage","IX Diseases of the circulatory system (I9_)",NA,NA,NA,NA,NA,8638,453828,NA,NA,1362
"I9_LBBB","Left bundle-branch block","IX Diseases of the circulatory system (I9_)",NA,NA,NA,NA,NA,2766,375343,NA,NA,1363
"I9_LYMPHADE","Nonspecific lymphadenitis","IX Diseases of the circulatory system (I9_)",NA,NA,NA,NA,NA,2476,432223,NA,NA,1364
"I9_LYMPHOTH","Other noninfective disorders of lymphatic vessels and lymph nodes","IX Diseases of the circulatory system (I9_)",NA,NA,NA,NA,NA,1289,432223,NA,NA,1365
"I9_MI_COMPLICATIONS","Complications following myocardial infarction","IX Diseases of the circulatory system (I9_)",NA,NA,NA,NA,NA,301,416171,NA,NA,1366
"I9_MI_STRICT","Myocardial infarction, strict","IX Diseases of the circulatory system (I9_)",NA,NA,NA,NA,NA,31666,416171,NA,NA,1367
"I9_MYOCARD","Myocarditis","IX Diseases of the circulatory system (I9_)",NA,NA,NA,NA,NA,2062,252810,NA,NA,1368
"I9_NONISCHCARDMYOP_STRICT","Nonischemic cardiomyopathy","IX Diseases of the circulatory system (I9_)",NA,NA,NA,NA,NA,2108,413400,NA,NA,1369
"I9_OTHANEUR","Other aneurysm","IX Diseases of the circulatory system (I9_)",NA,NA,NA,NA,NA,1998,463106,NA,NA,1370
"I9_OTHARR","Other arrhythmias","IX Diseases of the circulatory system (I9_)",NA,NA,NA,NA,NA,39265,375343,NA,NA,1371
"I9_OTHILLHEART","Other or ill-defined heart diseases","IX Diseases of the circulatory system (I9_)",NA,NA,NA,NA,NA,2192,375343,NA,NA,1372
"I9_OTHINTRACRA","Other intracranial haemorrhages","IX Diseases of the circulatory system (I9_)",NA,NA,NA,NA,NA,1099,453828,NA,NA,1373
"I9_OTHOTH","Other other unspecified disorders of the circulatory system","IX Diseases of the circulatory system (I9_)",NA,NA,NA,NA,NA,1309,492608,NA,NA,1374
"I9_OTHPER","Other peripheral vascular diseases","IX Diseases of the circulatory system (I9_)",NA,NA,NA,NA,NA,3153,463106,NA,NA,1375
"I9_PERICAOTH","Other diseases of pericardium","IX Diseases of the circulatory system (I9_)",NA,NA,NA,NA,NA,1604,375343,NA,NA,1376
"I9_PERICARD","Pericarditis","IX Diseases of the circulatory system (I9_)",NA,NA,NA,NA,NA,1356,375343,NA,NA,1377
"I9_PHLETHROM","Phlebitis and thrombophlebitis (not including DVT)","IX Diseases of the circulatory system (I9_)",NA,NA,NA,NA,NA,9750,432223,NA,NA,1378
"I9_PHLETHROMBDVTLOW","DVT of lower extremities","IX Diseases of the circulatory system (I9_)",NA,NA,NA,NA,NA,8134,432223,NA,NA,1379
"I9_POSTAMI","Status post-ami","IX Diseases of the circulatory system (I9_)",NA,NA,NA,NA,NA,3757,416171,NA,NA,1380
"I9_PROGVASC","Progressive vascular leukoencephalopathy","IX Diseases of the circulatory system (I9_)",NA,NA,NA,NA,NA,1096,453828,NA,NA,1381
"I9_PULMEMB","Pulmonary embolism","IX Diseases of the circulatory system (I9_)",NA,NA,NA,NA,NA,12762,486319,NA,NA,1382
"I9_PVT","Portal vein thrombosis","IX Diseases of the circulatory system (I9_)",NA,NA,NA,NA,NA,511,432223,NA,NA,1383
"I9_RBBB","Right bundle-branch block","IX Diseases of the circulatory system (I9_)",NA,NA,NA,NA,NA,1347,375343,NA,NA,1384
"I9_REVASC","Coronary revascularization (ANGIO or CABG)","IX Diseases of the circulatory system (I9_)",NA,NA,NA,NA,NA,28800,416171,NA,NA,1385
"I9_RHEUFEV","Rheumatic fever incl heart disease","IX Diseases of the circulatory system (I9_)",NA,NA,NA,NA,NA,1228,499120,NA,NA,1386
"I9_RHEUFEVHRT","Rheumatic fever with heart involvement","IX Diseases of the circulatory system (I9_)",NA,NA,NA,NA,NA,176,499120,NA,NA,1387
"I9_RHEUFEVWITHOUTHEART","Rheumatic fever without mention of heart involvement","IX Diseases of the circulatory system (I9_)",NA,NA,NA,NA,NA,121,500227,NA,NA,1388
"I9_RHEUOTHHRT","Rheumatic heart disease, other","IX Diseases of the circulatory system (I9_)",NA,NA,NA,NA,NA,68,499120,NA,NA,1389
"I9_RHEUVALV","Rheumatic valve diseases","IX Diseases of the circulatory system (I9_)",NA,NA,NA,NA,NA,877,499120,NA,NA,1390
"I9_SAH","Subarachnoid haemorrhage","IX Diseases of the circulatory system (I9_)",NA,NA,NA,NA,NA,4180,450276,NA,NA,1391
"I9_SAHANEUR","Aneurysms, operations, SAH","IX Diseases of the circulatory system (I9_)",NA,NA,NA,NA,NA,6849,453828,NA,NA,1392
"I9_SECONDRIGHT","Secondary right heart disease","IX Diseases of the circulatory system (I9_)",NA,NA,NA,NA,NA,1467,486319,NA,NA,1393
"I9_SEQULAE","Sequelae of cerebrovascular disease","IX Diseases of the circulatory system (I9_)",NA,NA,NA,NA,NA,15879,453828,NA,NA,1394
"I9_STENOSIS","Occlusion and stenosis of arteries, not leading to stroke","IX Diseases of the circulatory system (I9_)",NA,NA,NA,NA,NA,529,453828,NA,NA,1395
"I9_STR","Stroke, excluding SAH","IX Diseases of the circulatory system (I9_)",NA,NA,NA,NA,NA,34110,450023,NA,NA,1396
"I9_STR_EMBOLIC","Embolic stroke","IX Diseases of the circulatory system (I9_)",NA,NA,NA,NA,NA,1808,453828,NA,NA,1397
"I9_STR_EMBOLIC_WITH_FLIMMER","Embolic stroke with flimmer","IX Diseases of the circulatory system (I9_)",NA,NA,NA,NA,NA,959,436816,NA,NA,1398
"I9_THROMBANG","Thromboangiitis obliterans","IX Diseases of the circulatory system (I9_)",NA,NA,NA,NA,NA,134,463106,NA,NA,1399
"I9_THROMBICV","Nonpyogenic thrombosis of intracranial venous system","IX Diseases of the circulatory system (I9_)",NA,NA,NA,NA,NA,316,453828,NA,NA,1400
"I9_THROMBOTH","Other embolism and thrombosis","IX Diseases of the circulatory system (I9_)",NA,NA,NA,NA,NA,5316,432223,NA,NA,1401
"I9_TIA","Transient ischemic attack","IX Diseases of the circulatory system (I9_)",NA,NA,NA,NA,NA,24948,453276,NA,NA,1402
"I9_UAP","Unstable angina pectoris","IX Diseases of the circulatory system (I9_)",NA,NA,NA,NA,NA,17428,443161,NA,NA,1403
"I9_VARICVE","Varicose veins","IX Diseases of the circulatory system (I9_)",NA,NA,NA,NA,NA,38467,432223,NA,NA,1404
"I9_VARICVEOES","Oesophageal varices","IX Diseases of the circulatory system (I9_)",NA,NA,NA,NA,NA,1410,432223,NA,NA,1405
"I9_VASCINT","Vascular diseases of the intestine","IX Diseases of the circulatory system (I9_)",NA,NA,NA,NA,NA,1362,463106,NA,NA,1406
"I9_VASCSYND","Vascular syndromes of brain in cerebrovascular disorders","IX Diseases of the circulatory system (I9_)",NA,NA,NA,NA,NA,1623,473404,NA,NA,1407
"I9_VEINSOTH","Other disorders of veins","IX Diseases of the circulatory system (I9_)",NA,NA,NA,NA,NA,18090,432223,NA,NA,1408
"I9_VHD","Valvular heart disease excluding rheumatic fever","IX Diseases of the circulatory system (I9_)",NA,NA,NA,NA,NA,28602,375343,NA,NA,1409
"I9_VTE","Venous thromboembolism","IX Diseases of the circulatory system (I9_)",NA,NA,NA,NA,NA,26333,474015,NA,NA,1410
"ILD_ENDPOINTS","Interstitial lung disease endpoints","Interstitial lung disease endpoints",NA,NA,NA,NA,NA,5765,494583,NA,NA,1411
"INCREASEDMUSCLETONE","Increased muscle tone","Miscellaneous, not yet classified endpoints",NA,NA,NA,NA,NA,239,500109,NA,NA,1412
"INFLUENZA","All influenza (not pneumonia)","Asthma and related endpoints",NA,NA,NA,NA,NA,6799,415538,NA,NA,1413
"INTERSTITIAL_CYSTIT_CHRONIC","Interstitial cystitis (chronic), drug-induced","XIV Diseases of the genitourinary system (N14_)",NA,NA,NA,NA,NA,118,500230,NA,NA,1414
"INV_VENT","Invasive ventilation","Comorbidities of COPD",NA,NA,NA,NA,NA,2664,493611,NA,NA,1415
"IPF","Idiopathic pulmonary fibrosis","Interstitial lung disease endpoints",NA,NA,NA,NA,NA,2700,494583,NA,NA,1416
"J10_ABSCLUNGPNEUMO","Abscess of lung","X Diseases of the respiratory system (J10_)",NA,NA,NA,NA,NA,508,498405,NA,NA,1417
"J10_ABSCMEDIASTINUM","Abscess of mediastinum","X Diseases of the respiratory system (J10_)",NA,NA,NA,NA,NA,61,498405,NA,NA,1418
"J10_ACUTELOWERNAS","Unspecified acute lower respiratory infection","X Diseases of the respiratory system (J10_)",NA,NA,NA,NA,NA,6465,471806,NA,NA,1419
"J10_ACUTEUPPERINFEC","Acute upper respiratory infections of multiple and unspecified sites","X Diseases of the respiratory system (J10_)",NA,NA,NA,NA,NA,52302,402652,NA,NA,1420
"J10_AIRWDISDUST","Airway disease due to specific organic dust","X Diseases of the respiratory system (J10_)",NA,NA,NA,NA,NA,89,494595,NA,NA,1421
"J10_ARDS","Adult respiratory distress syndrome","X Diseases of the respiratory system (J10_)",NA,NA,NA,NA,NA,431,493301,NA,NA,1422
"J10_ASBESTPNEUMOC","Pneumoconiosis due to asbestos and other mineral fibres","X Diseases of the respiratory system (J10_)",NA,NA,NA,NA,NA,807,494595,NA,NA,1423
"J10_ASTHMACOPDKELA","Asthma/COPD (KELA code 203)","X Diseases of the respiratory system (J10_)",NA,NA,NA,NA,NA,59317,409070,NA,NA,1424
"J10_BRONCHIECTASIS","Bronchiectasis","X Diseases of the respiratory system (J10_)",NA,NA,NA,NA,NA,2932,409070,NA,NA,1425
"J10_BRONCHIOLITIS","Acute bronchiolitis","X Diseases of the respiratory system (J10_)",NA,NA,NA,NA,NA,2818,471806,NA,NA,1426
"J10_BRONCHITIS","Acute bronchitis","X Diseases of the respiratory system (J10_)",NA,NA,NA,NA,NA,20762,471806,NA,NA,1427
"J10_BRONCHNAS","Unspecified chronic bronchitis","X Diseases of the respiratory system (J10_)",NA,NA,NA,NA,NA,1494,409070,NA,NA,1428
"J10_CHEMGASRESP","Respiratory conditions due to inhalation of chemicals, gases, fumes and vapours","X Diseases of the respiratory system (J10_)",NA,NA,NA,NA,NA,302,494595,NA,NA,1429
"J10_CHRONLARYNGITIS","Chronic laryngitis and laryngotracheitis","X Diseases of the respiratory system (J10_)",NA,NA,NA,NA,NA,5825,371520,NA,NA,1430
"J10_CHRONSINUSITIS","Chronic sinusitis","X Diseases of the respiratory system (J10_)",NA,NA,NA,NA,NA,22099,371520,NA,NA,1431
"J10_CHRONTONSADEN","Chronic diseases of tonsils and adenoids","X Diseases of the respiratory system (J10_)",NA,NA,NA,NA,NA,59700,371520,NA,NA,1432
"J10_COLD","Acute nasopharyngitis (common cold)","X Diseases of the respiratory system (J10_)",NA,NA,NA,NA,NA,5435,402652,NA,NA,1433
"J10_COPD","COPD","X Diseases of the respiratory system (J10_)",NA,NA,NA,NA,NA,24138,409070,NA,NA,1434
"J10_EMPHYSEMA","Emphysema","X Diseases of the respiratory system (J10_)",NA,NA,NA,NA,NA,2711,409070,NA,NA,1435
"J10_EPIGLOTTITIS","Acute epiglottitis","X Diseases of the respiratory system (J10_)",NA,NA,NA,NA,NA,556,402652,NA,NA,1436
"J10_EXTERLUNG","Lung diseases due to external agents","X Diseases of the respiratory system (J10_)",NA,NA,NA,NA,NA,5753,494595,NA,NA,1437
"J10_HYPERSPNEUMONI","Hypersensitivity pneumonitis due to organic dust","X Diseases of the respiratory system (J10_)",NA,NA,NA,NA,NA,575,494595,NA,NA,1438
"J10_INFLUENZA","All influenza","X Diseases of the respiratory system (J10_)",NA,NA,NA,NA,NA,11558,415538,NA,NA,1439
"J10_INFLUPNEU","Influenza and pneumonia","X Diseases of the respiratory system (J10_)",NA,NA,NA,NA,NA,84810,415538,NA,NA,1440
"J10_INORGPNEUMOC","Pneumoconiosis due to other inorganic dusts","X Diseases of the respiratory system (J10_)",NA,NA,NA,NA,NA,130,494595,NA,NA,1441
"J10_LARYNGITIS","Acute laryngitis and tracheitis","X Diseases of the respiratory system (J10_)",NA,NA,NA,NA,NA,6038,402652,NA,NA,1442
"J10_NASALPOLYP","Nasal polyp","X Diseases of the respiratory system (J10_)",NA,NA,NA,NA,NA,8496,371520,NA,NA,1443
"J10_NECROTIC","Suppurative and necrotic conditions of lower respiratory tract","X Diseases of the respiratory system (J10_)",NA,NA,NA,NA,NA,1943,498405,NA,NA,1444
"J10_PERITONSABSC","Peritonsillar abscess","X Diseases of the respiratory system (J10_)",NA,NA,NA,NA,NA,10405,371520,NA,NA,1445
"J10_PHARYNGITIS","Acute pharyngitis","X Diseases of the respiratory system (J10_)",NA,NA,NA,NA,NA,6953,402652,NA,NA,1446
"J10_PLEURA","Other diseases of pleura","X Diseases of the respiratory system (J10_)",NA,NA,NA,NA,NA,20693,479655,NA,NA,1447
"J10_PLEUREFFUSION","Pleural effusion","X Diseases of the respiratory system (J10_)",NA,NA,NA,NA,NA,6136,479655,NA,NA,1448
"J10_PLEUROTH","Other pleural conditions","X Diseases of the respiratory system (J10_)",NA,NA,NA,NA,NA,3964,479655,NA,NA,1449
"J10_PNEUMOBACT","Bacterial pneumoniae","X Diseases of the respiratory system (J10_)",NA,NA,NA,NA,NA,21582,415538,NA,NA,1450
"J10_PNEUMOHAEM","Pneumonia due to Haemophilus influenzae","X Diseases of the respiratory system (J10_)",NA,NA,NA,NA,NA,116,415538,NA,NA,1451
"J10_PNEUMONIA","All pneumoniae","X Diseases of the respiratory system (J10_)",NA,NA,NA,NA,NA,78791,421557,NA,NA,1452
"J10_PNEUMONISOLLIQ","Pneumonitis due to solids and liquids","X Diseases of the respiratory system (J10_)",NA,NA,NA,NA,NA,3168,494595,NA,NA,1453
"J10_PNEUMONONBACT","Pneumonia due to other infectious organisms, not elsewhere classified","X Diseases of the respiratory system (J10_)",NA,NA,NA,NA,NA,1157,415538,NA,NA,1454
"J10_PNEUMOPNEUMO","Pneumonia due to Streptococcus pneumoniae","X Diseases of the respiratory system (J10_)",NA,NA,NA,NA,NA,1625,415538,NA,NA,1455
"J10_PNEUMOTHORAX","Pneumothorax","X Diseases of the respiratory system (J10_)",NA,NA,NA,NA,NA,2713,479655,NA,NA,1456
"J10_PULMEOS","Pulmonary eosinophilia, not elsewhere classified","X Diseases of the respiratory system (J10_)",NA,NA,NA,NA,NA,414,493301,NA,NA,1457
"J10_PULMOEDEMA","Pulmonary oedema","X Diseases of the respiratory system (J10_)",NA,NA,NA,NA,NA,625,493301,NA,NA,1458
"J10_PYOTHORAX","Pyothorax","X Diseases of the respiratory system (J10_)",NA,NA,NA,NA,NA,1471,498405,NA,NA,1459
"J10_RESPCONDEXT","Respiratory conditions due to other external agents","X Diseases of the respiratory system (J10_)",NA,NA,NA,NA,NA,678,494595,NA,NA,1460
"J10_RESPOTHER","Other diseases of the respiratory system","X Diseases of the respiratory system (J10_)",NA,NA,NA,NA,NA,8552,491796,NA,NA,1461
"J10_SEPTDEV","Deviated nasal septum","X Diseases of the respiratory system (J10_)",NA,NA,NA,NA,NA,15803,371520,NA,NA,1462
"J10_SILICAPNEUMOC","Pneumoconiosis due to dust containing silica","X Diseases of the respiratory system (J10_)",NA,NA,NA,NA,NA,119,494595,NA,NA,1463
"J10_SINUSITIS","Acute sinusitis","X Diseases of the respiratory system (J10_)",NA,NA,NA,NA,NA,28616,402652,NA,NA,1464
"J10_TONSILLECTOMY","Tonsillectomy and adenotomy","X Diseases of the respiratory system (J10_)",NA,NA,NA,NA,NA,39135,461213,NA,NA,1465
"J10_TONSILLITIS","Other and unspecified tonsillitis","X Diseases of the respiratory system (J10_)",NA,NA,NA,NA,NA,18652,402652,NA,NA,1466
"J10_UPPERDIS","Other diseases of upper respiratory tract","X Diseases of the respiratory system (J10_)",NA,NA,NA,NA,NA,128828,371520,NA,NA,1467
"J10_UPPERINFEC","Acute upper respiratory infections","X Diseases of the respiratory system (J10_)",NA,NA,NA,NA,NA,97696,402652,NA,NA,1468
"J10_VIRALPNEUMO","Viral pneumonia","X Diseases of the respiratory system (J10_)",NA,NA,NA,NA,NA,5181,415538,NA,NA,1469
"J10_VOCALLARYNX","Diseases of vocal cords and larynx+other diseases of upper respiratory tract, no elsewhere classified","X Diseases of the respiratory system (J10_)",NA,NA,NA,NA,NA,26923,371520,NA,NA,1470
"JUVEN_ARTHR","Juvenile arthritis (FINNGEN)","Rheuma endpoints",NA,NA,NA,NA,NA,1994,374317,NA,NA,1471
"K11_ABRASION","Abrasion of teeth","XI Diseases of the digestive system (K11_)",NA,NA,NA,NA,NA,12733,114335,NA,NA,1472
"K11_ABSCANAL","Abscess of anal and rectal regions","XI Diseases of the digestive system (K11_)",NA,NA,NA,NA,NA,3566,394725,NA,NA,1473
"K11_ACHAL","Achalasia of cardia","XI Diseases of the digestive system (K11_)",NA,NA,NA,NA,NA,646,423785,NA,NA,1474
"K11_ACUTGASTR","Acute gastritis","XI Diseases of the digestive system (K11_)",NA,NA,NA,NA,NA,3080,423785,NA,NA,1475
"K11_ACUTPANC","Acute pancreatitis","XI Diseases of the digestive system (K11_)",NA,NA,NA,NA,NA,8446,437418,NA,NA,1476
"K11_ALCGASTR","Alcoholic gastritis","XI Diseases of the digestive system (K11_)",NA,NA,NA,NA,NA,540,423785,NA,NA,1477
"K11_ALCOLIV","Alcoholic liver disease","XI Diseases of the digestive system (K11_)",NA,NA,NA,NA,NA,3769,485213,NA,NA,1478
"K11_ANOMALI_DENTAL_ARCH_RELATIONS1","Anomalies of dental arch relationship, including avohilmo","XI Diseases of the digestive system (K11_)",NA,NA,NA,NA,NA,10708,489640,NA,NA,1479
"K11_APHTA_RECUR","Recurring oral aphthae","XI Diseases of the digestive system (K11_)",NA,NA,NA,NA,NA,1658,498690,NA,NA,1480
"K11_APHTA_RECUR_INCLAVO","Recurring oral aphthae, including avohilmo","XI Diseases of the digestive system (K11_)",NA,NA,NA,NA,NA,5394,494954,NA,NA,1481
"K11_APPENDACUT","Acute appendicitis","XI Diseases of the digestive system (K11_)",NA,NA,NA,NA,NA,38933,458424,NA,NA,1482
"K11_APPENDECTOMY","Appendectomy","XI Diseases of the digestive system (K11_)",NA,NA,NA,NA,NA,35484,464864,NA,NA,1483
"K11_APPENDOTH","Other appendicitis","XI Diseases of the digestive system (K11_)",NA,NA,NA,NA,NA,3450,458424,NA,NA,1484
"K11_ASYMMETRY_JAW","Asymmetry of jaw","XI Diseases of the digestive system (K11_)",NA,NA,NA,NA,NA,558,499790,NA,NA,1485
"K11_ATTRITION","Excessive attrition of teeth","XI Diseases of the digestive system (K11_)",NA,NA,NA,NA,NA,22758,114335,NA,NA,1486
"K11_BARRET","Barrett oesophagus","XI Diseases of the digestive system (K11_)",NA,NA,NA,NA,NA,1684,423785,NA,NA,1487
"K11_BILIAOTH","Other diseases of biliary tract","XI Diseases of the digestive system (K11_)",NA,NA,NA,NA,NA,3236,437418,NA,NA,1488
"K11_CD_STRICT2","Crohn disease (strict definition, require KELA, min 2 HDR)","XI Diseases of the digestive system (K11_)",NA,NA,NA,NA,NA,2489,497622,NA,NA,1489
"K11_CD_STRICT_PSC","Crohn's disease (strict) with PSC","Gastrointestinal endpoints",NA,NA,NA,NA,NA,61,483193,NA,NA,1490
"K11_CHOLANGI","Cholangitis (primary sclerosing, PSC)","XI Diseases of the digestive system (K11_)",NA,NA,NA,NA,NA,2317,437418,NA,NA,1491
"K11_CHOLANGI_STRICT","Cholangitis (primary sclerosing, PSC), with reimbursement 202","Gastrointestinal endpoints",NA,NA,NA,NA,NA,653,470875,NA,NA,1492
"K11_CHOLECYST","Cholecystitis","XI Diseases of the digestive system (K11_)",NA,NA,NA,NA,NA,5851,437418,NA,NA,1493
"K11_CHOLECYSTECTOMY","Cholecystectomy","XI Diseases of the digestive system (K11_)",NA,NA,NA,NA,NA,36556,463792,NA,NA,1494
"K11_CHOLELITH","Cholelithiasis","XI Diseases of the digestive system (K11_)",NA,NA,NA,NA,NA,49834,437418,NA,NA,1495
"K11_CHRONGASTR","Chronic gastritis","XI Diseases of the digestive system (K11_)",NA,NA,NA,NA,NA,12441,423785,NA,NA,1496
"K11_CHRONHEP","Chronic hepatitis, not elsewhere classified","XI Diseases of the digestive system (K11_)",NA,NA,NA,NA,NA,1215,485213,NA,NA,1497
"K11_CHRONPANC","Chronic pancreatitis","XI Diseases of the digestive system (K11_)",NA,NA,NA,NA,NA,4820,437418,NA,NA,1498
"K11_COELIAC","Coeliac disease","XI Diseases of the digestive system (K11_)",NA,NA,NA,NA,NA,5130,478189,NA,NA,1499
"K11_CONSTIPATION","Constipation","XI Diseases of the digestive system (K11_)",NA,NA,NA,NA,NA,51956,448392,NA,NA,1500
"K11_CROSSBITE","Crossbite","XI Diseases of the digestive system (K11_)",NA,NA,NA,NA,NA,2790,497558,NA,NA,1501
"K11_CROWDI_TEETH","Crowding of teeth, including avohilmo","XI Diseases of the digestive system (K11_)",NA,NA,NA,NA,NA,4491,495857,NA,NA,1502
"K11_DEEP_BITE","Deep bite","XI Diseases of the digestive system (K11_)",NA,NA,NA,NA,NA,4863,495485,NA,NA,1503
"K11_DEEP_BITE_SURGERY","Deep bite that required surgery","XI Diseases of the digestive system (K11_)",NA,NA,NA,NA,NA,443,499905,NA,NA,1504
"K11_DENTOFACIAL_ANOMALIES","Dentofacial anomalies [including malocclusion]","XI Diseases of the digestive system (K11_)",NA,NA,NA,NA,NA,13829,310260,NA,NA,1505
"K11_DEPOSITS","Deposits [accretions] on teeth","XI Diseases of the digestive system (K11_)",NA,NA,NA,NA,NA,2767,310260,NA,NA,1506
"K11_DIAHER","Diaphragmatic hernia","XI Diseases of the digestive system (K11_)",NA,NA,NA,NA,NA,16034,426666,NA,NA,1507
"K11_DISLIVOTH","Other diseases of liver","XI Diseases of the digestive system (K11_)",NA,NA,NA,NA,NA,7266,485213,NA,NA,1508
"K11_DISORD_TEETH","Other disorders of teeth and supporting structures","XI Diseases of the digestive system (K11_)",NA,NA,NA,NA,NA,9515,310260,NA,NA,1509
"K11_DISTAL_BITE","Distal bite","XI Diseases of the digestive system (K11_)",NA,NA,NA,NA,NA,1446,498902,NA,NA,1510
"K11_DIVERTIC","Diverticular disease of intestine","XI Diseases of the digestive system (K11_)",NA,NA,NA,NA,NA,43138,394725,NA,NA,1511
"K11_DULC","Duodenal ulcer","XI Diseases of the digestive system (K11_)",NA,NA,NA,NA,NA,4590,423785,NA,NA,1512
"K11_EMBED_TEETH","Embedded teeth, including avohilmo","XI Diseases of the digestive system (K11_)",NA,NA,NA,NA,NA,4006,496342,NA,NA,1513
"K11_EMBIMPACT_TEETH","Embedded and impacted teeth","XI Diseases of the digestive system (K11_)",NA,NA,NA,NA,NA,13286,487062,NA,NA,1514
"K11_ENERCOLNONINF","Noninfective enteritis and colitis","XI Diseases of the digestive system (K11_)",NA,NA,NA,NA,NA,23771,476577,NA,NA,1515
"K11_EROSION","Erosion of teeth","XI Diseases of the digestive system (K11_)",NA,NA,NA,NA,NA,577,114335,NA,NA,1516
"K11_EROSION_INCLAVO","Erosion of teeth, including avohilmo","XI Diseases of the digestive system (K11_)",NA,NA,NA,NA,NA,9162,112365,NA,NA,1517
"K11_ERUPTION","Tooth eruption problems","XI Diseases of the digestive system (K11_)",NA,NA,NA,NA,NA,6494,493854,NA,NA,1518
"K11_FEMHER","Femoral hernia","XI Diseases of the digestive system (K11_)",NA,NA,NA,NA,NA,1660,426666,NA,NA,1519
"K11_FIBROCHIRLIV","Fibrosis and cirrhosis of liver","XI Diseases of the digestive system (K11_)",NA,NA,NA,NA,NA,2653,485213,NA,NA,1520
"K11_GALLBLAOTH","Other diseases of gallbladder","XI Diseases of the digestive system (K11_)",NA,NA,NA,NA,NA,1655,437418,NA,NA,1521
"K11_GASTRODUOULC","Gastroduodenal ulcer","XI Diseases of the digestive system (K11_)",NA,NA,NA,NA,NA,12074,423785,NA,NA,1522
"K11_GINGIVITIS_PERIODONTAL","Gingivitis and periodontal diseases","XI Diseases of the digestive system (K11_)",NA,NA,NA,NA,NA,137839,310260,NA,NA,1523
"K11_GINGIV_HYPERPLAS","Gingival hyperplasia","XI Diseases of the digestive system (K11_)",NA,NA,NA,NA,NA,1176,310260,NA,NA,1524
"K11_GJULC","Gastrojejunal ulcer","XI Diseases of the digestive system (K11_)",NA,NA,NA,NA,NA,443,423785,NA,NA,1525
"K11_GULC","Gastric ulcer","XI Diseases of the digestive system (K11_)",NA,NA,NA,NA,NA,7787,423785,NA,NA,1526
"K11_HAEMORR","Haemorrhoids and perianal venous thrombosis","XI Diseases of the digestive system (K11_)",NA,NA,NA,NA,NA,13841,394725,NA,NA,1527
"K11_HEPFAIL","Hepatic failure, not elsewhere classified","XI Diseases of the digestive system (K11_)",NA,NA,NA,NA,NA,1272,485213,NA,NA,1528
"K11_HERING","Inguinal hernia","XI Diseases of the digestive system (K11_)",NA,NA,NA,NA,NA,43066,426666,NA,NA,1529
"K11_HERNIA","Hernia","XI Diseases of the digestive system (K11_)",NA,NA,NA,NA,NA,73682,426666,NA,NA,1530
"K11_HYPERTROPHY_TONGUE_PAPILLAE","Hypertrophy of tongue papillae","XI Diseases of the digestive system (K11_)",NA,NA,NA,NA,NA,423,499925,NA,NA,1531
"K11_HYPOPLASIA_ENAMEL","Hypoplasia of dental enamel, including avohilmo","XI Diseases of the digestive system (K11_)",NA,NA,NA,NA,NA,267,499258,NA,NA,1532
"K11_HYPOPLASIA_ENAMEL_INCLAVO","Hypoplasia of dental enamel , including avohilmo","XI Diseases of the digestive system (K11_)",NA,NA,NA,NA,NA,1001,499347,NA,NA,1533
"K11_HYPOPLASIA_ENAMEL_PRENATAL","Hypoplasia of dental enamel, prenatal","XI Diseases of the digestive system (K11_)",NA,NA,NA,NA,NA,60,499258,NA,NA,1534
"K11_HYPOPLASIA_ENAMEL_PRENATAL_INCLAVO","Hypoplasia of dental enamel, prenatal , including avohilmo","XI Diseases of the digestive system (K11_)",NA,NA,NA,NA,NA,149,500199,NA,NA,1535
"K11_HYPO_ONLY","Tooth agenesis EXCLUDE clefts and syndromes","XI Diseases of the digestive system (K11_)",NA,NA,NA,NA,NA,1510,497639,NA,NA,1536
"K11_IBD_STRICT","Inflammatory bowel disease, strict (require KELA)","XI Diseases of the digestive system (K11_)",NA,NA,NA,NA,NA,10960,489388,NA,NA,1537
"K11_IBD_STRICT_PSC","IBD (strict) with PSC","Gastrointestinal endpoints",NA,NA,NA,NA,NA,357,483193,NA,NA,1538
"K11_IBS","Irritable bowel syndrome","XI Diseases of the digestive system (K11_)",NA,NA,NA,NA,NA,13268,394725,NA,NA,1539
"K11_ILEUS","Paralytic ileus and intestinal obstruction","XI Diseases of the digestive system (K11_)",NA,NA,NA,NA,NA,11750,394725,NA,NA,1540
"K11_IMPACT","Impaction of intestines","XI Diseases of the digestive system (K11_)",NA,NA,NA,NA,NA,243,394725,NA,NA,1541
"K11_IMPACTED_TEETH","Impacted teeth","XI Diseases of the digestive system (K11_)",NA,NA,NA,NA,NA,9055,491293,NA,NA,1542
"K11_INTUSS","Intussusception","XI Diseases of the digestive system (K11_)",NA,NA,NA,NA,NA,777,394725,NA,NA,1543
"K11_JAWS","Other diseases of jaws","XI Diseases of the digestive system (K11_)",NA,NA,NA,NA,NA,2779,310260,NA,NA,1544
"K11_LICHEN_PLANUS_WIDE","Lichen ruber planus, wide definition including periferal and oral lichen planus","XI Diseases of the digestive system (K11_)",NA,NA,NA,NA,NA,8507,491841,NA,NA,1545
"K11_LIVER","Diseases of liver","XI Diseases of the digestive system (K11_)",NA,NA,NA,NA,NA,15135,485213,NA,NA,1546
"K11_MAJOR_ANOMALI_JAW_SIZE","Major anomalies of jaw size","XI Diseases of the digestive system (K11_)",NA,NA,NA,NA,NA,1008,499340,NA,NA,1547
"K11_MALABSORB","Intestinal malabsorption","XI Diseases of the digestive system (K11_)",NA,NA,NA,NA,NA,1688,478189,NA,NA,1548
"K11_MANDIBULAR_HYPOPL","Mandibular hypoplasia","XI Diseases of the digestive system (K11_)",NA,NA,NA,NA,NA,228,500120,NA,NA,1549
"K11_MAXIL_CANINE_FAILED_ERUPT_OBSTRUCTION_TOOTH","Impacted maxillary canine","XI Diseases of the digestive system (K11_)",NA,NA,NA,NA,NA,311,500037,NA,NA,1550
"K11_MAXIL_CANINE_PALAT","Palatinal maxillary canine","XI Diseases of the digestive system (K11_)",NA,NA,NA,NA,NA,265,500083,NA,NA,1551
"K11_MAXIL_HYPOPL","Maxillary  hypoplasia","XI Diseases of the digestive system (K11_)",NA,NA,NA,NA,NA,117,500231,NA,NA,1552
"K11_MAXIL_MOLAR_FAILED_ERUPT_OBSTRUCTION_TOOTH","Impacted maxillary molar","XI Diseases of the digestive system (K11_)",NA,NA,NA,NA,NA,2335,498013,NA,NA,1553
"K11_MAXIL_PROGN","Maxillary prognathism","XI Diseases of the digestive system (K11_)",NA,NA,NA,NA,NA,189,500159,NA,NA,1554
"K11_MESIAL_BITE","Mesial bite","XI Diseases of the digestive system (K11_)",NA,NA,NA,NA,NA,346,500002,NA,NA,1555
"K11_MIH","Molar incisor enamel hypoplasia","XI Diseases of the digestive system (K11_)",NA,NA,NA,NA,NA,1090,499258,NA,NA,1556
"K11_MIH_CARIES","Molar incisor enamel hypoplasia, with caries","XI Diseases of the digestive system (K11_)",NA,NA,NA,NA,NA,240,488067,NA,NA,1557
"K11_MISS_TEETH_ACCID_EXTR_PAROD","Missing teeth due to accident, extraction or parodontitis","XI Diseases of the digestive system (K11_)",NA,NA,NA,NA,NA,4597,310260,NA,NA,1558
"K11_MN_PROGN","Mandibular prognathia","XI Diseases of the digestive system (K11_)",NA,NA,NA,NA,NA,553,499795,NA,NA,1559
"K11_MN_PROGN_AND_SURGRT","Mandibular prognathia AND surgery (LeFortI or BSSRO)","XI Diseases of the digestive system (K11_)",NA,NA,NA,NA,NA,176,499983,NA,NA,1560
"K11_MN_PROGN_AND_SURGRT_INCLAVO","Mandibular prognathia AND surgery (LeFortI or BSSO or LeFortI AND BSSO), including avohilmo","XI Diseases of the digestive system (K11_)",NA,NA,NA,NA,NA,365,499983,NA,NA,1561
"K11_MN_RETRGN","Mandibular retrognathia","XI Diseases of the digestive system (K11_)",NA,NA,NA,NA,NA,2659,497689,NA,NA,1562
"K11_MN_RETRGN_AND_SURG","Mandibular retrognathia AND surgery (BSSRO)","XI Diseases of the digestive system (K11_)",NA,NA,NA,NA,NA,961,499387,NA,NA,1563
"K11_OESITIS","Oesophagitis","XI Diseases of the digestive system (K11_)",NA,NA,NA,NA,NA,2046,423785,NA,NA,1564
"K11_OESITIS_ADVERSE","Oesophagitis, drug-induced","XI Diseases of the digestive system (K11_)",NA,NA,NA,NA,NA,79,500269,NA,NA,1565
"K11_OESOBST","Oesophageal obstruction","XI Diseases of the digestive system (K11_)",NA,NA,NA,NA,NA,1279,423785,NA,NA,1566
"K11_OESSTODUO","Diseases of oesophagus, stomach and duodenum","XI Diseases of the digestive system (K11_)",NA,NA,NA,NA,NA,76563,423785,NA,NA,1567
"K11_OESULC","Ulcer of oesophagus","XI Diseases of the digestive system (K11_)",NA,NA,NA,NA,NA,2667,423785,NA,NA,1568
"K11_OESULC_ADVERSE","Ulcer of oesophagus, drug-induced","XI Diseases of the digestive system (K11_)",NA,NA,NA,NA,NA,171,500177,NA,NA,1569
"K11_OPEN_BITE","Open bite","XI Diseases of the digestive system (K11_)",NA,NA,NA,NA,NA,2021,498327,NA,NA,1570
"K11_OPEN_BITE_SURGERY","Open bite that required surgery (Lefort1 or BSSRO)","XI Diseases of the digestive system (K11_)",NA,NA,NA,NA,NA,346,500002,NA,NA,1571
"K11_ORAL","Diseases of oral cavity, salivary glands and jaws","XI Diseases of the digestive system (K11_)",NA,NA,NA,NA,NA,190088,310260,NA,NA,1572
"K11_ORALCYST","Cysts of oral region, not elsewhere classified","XI Diseases of the digestive system (K11_)",NA,NA,NA,NA,NA,1713,310260,NA,NA,1573
"K11_ORAL_LEUCOPLACIA","Oral leukoplakia","XI Diseases of the digestive system (K11_)",NA,NA,NA,NA,NA,596,499752,NA,NA,1574
"K11_ORAL_LEUCOPLACIA_INCLAVO","Oral leukoplakia, including avohilmo","XI Diseases of the digestive system (K11_)",NA,NA,NA,NA,NA,930,499418,NA,NA,1575
"K11_ORAL_LEUCOPLAC_RELAT","Oral leukoplakia and related diseases","XI Diseases of the digestive system (K11_)",NA,NA,NA,NA,NA,1972,498376,NA,NA,1576
"K11_ORAL_LEUCOPLAC_RELAT_INCLAVO","Oral leukoplakia and related diseases, including avohilmo","XI Diseases of the digestive system (K11_)",NA,NA,NA,NA,NA,3257,497091,NA,NA,1577
"K11_ORAL_LICHEN_PLANUS","Oral lichen ruber planus","XI Diseases of the digestive system (K11_)",NA,NA,NA,NA,NA,795,499553,NA,NA,1578
"K11_OTHABDHER","Other and unspecified abdominal hernia","XI Diseases of the digestive system (K11_)",NA,NA,NA,NA,NA,1453,426666,NA,NA,1579
"K11_OTHANRECT","Other diseases of anus and rectum","XI Diseases of the digestive system (K11_)",NA,NA,NA,NA,NA,13938,394725,NA,NA,1580
"K11_OTHAPPEND","Other diseases of appendix","XI Diseases of the digestive system (K11_)",NA,NA,NA,NA,NA,410,458424,NA,NA,1581
"K11_OTHDIG","Diseases of the digestive system","XI Diseases of the digestive system (K11_)",NA,NA,NA,NA,NA,22159,478189,NA,NA,1582
"K11_OTHDISDIG","Other diseases of the digestive system","XI Diseases of the digestive system (K11_)",NA,NA,NA,NA,NA,14423,478189,NA,NA,1583
"K11_OTHDISOES","Other diseases of oesophagus","XI Diseases of the digestive system (K11_)",NA,NA,NA,NA,NA,3907,423785,NA,NA,1584
"K11_OTHDISSTOMDUOD","Other diseases of stomach and duodenum","XI Diseases of the digestive system (K11_)",NA,NA,NA,NA,NA,2427,423785,NA,NA,1585
"K11_OTHENTERCOL","Other noninfective gastroenteritis and colitis","XI Diseases of the digestive system (K11_)",NA,NA,NA,NA,NA,11212,476577,NA,NA,1586
"K11_OTHFUNC","Other functional intestinal disorders","XI Diseases of the digestive system (K11_)",NA,NA,NA,NA,NA,22972,394725,NA,NA,1587
"K11_OTHGASTR","Other gastritis (incl. Duodenitis)","XI Diseases of the digestive system (K11_)",NA,NA,NA,NA,NA,10062,423785,NA,NA,1588
"K11_OTHILEUS","Other or unspecified ileus, impaction or obstruction","XI Diseases of the digestive system (K11_)",NA,NA,NA,NA,NA,8037,394725,NA,NA,1589
"K11_OTHINFLIV","Other inflammatory liver diseases","XI Diseases of the digestive system (K11_)",NA,NA,NA,NA,NA,2463,485213,NA,NA,1590
"K11_OTHINT","Other diseases of intestine","XI Diseases of the digestive system (K11_)",NA,NA,NA,NA,NA,4877,394725,NA,NA,1591
"K11_OTHPERITON","Other diseases of peritoneum","XI Diseases of the digestive system (K11_)",NA,NA,NA,NA,NA,1641,496343,NA,NA,1592
"K11_OVERJET","Overjet","XI Diseases of the digestive system (K11_)",NA,NA,NA,NA,NA,875,499473,NA,NA,1593
"K11_PANCOTH","Other diseases of pancreas","XI Diseases of the digestive system (K11_)",NA,NA,NA,NA,NA,2762,437418,NA,NA,1594
"K11_PARALIL","Paralytic ileus","XI Diseases of the digestive system (K11_)",NA,NA,NA,NA,NA,1414,394725,NA,NA,1595
"K11_PERFOES","Perforation of oesophagus","XI Diseases of the digestive system (K11_)",NA,NA,NA,NA,NA,165,423785,NA,NA,1596
"K11_PERITON","Diseases of peritoneum","XI Diseases of the digestive system (K11_)",NA,NA,NA,NA,NA,4005,496343,NA,NA,1597
"K11_PERITONITIS","Acute peritonitis","XI Diseases of the digestive system (K11_)",NA,NA,NA,NA,NA,2384,496343,NA,NA,1598
"K11_POSTOPDIS","Postprocedural disorders of digestive system, not elsewhere classified","XI Diseases of the digestive system (K11_)",NA,NA,NA,NA,NA,1121,478189,NA,NA,1599
"K11_PSC_COLITIS_STRICT","Colitis, primary sclerosing, strict definition","XI Diseases of the digestive system (K11_)",NA,NA,NA,NA,NA,384,498031,NA,NA,1600
"K11_PULC","Peptic ulcer","XI Diseases of the digestive system (K11_)",NA,NA,NA,NA,NA,354,423785,NA,NA,1601
"K11_REFLUX","Gastro-oesophageal reflux disease","Interstitial lung disease endpoints",NA,NA,NA,NA,NA,36025,423785,NA,NA,1602
"K11_REIMB_202","Reimbursement for rheumatic diseases","Gastrointestinal endpoints",NA,NA,NA,NA,NA,29473,470875,NA,NA,1603
"K11_RETROG_MAXILLAE","Maxillary retrognathism","XI Diseases of the digestive system (K11_)",NA,NA,NA,NA,NA,680,499668,NA,NA,1604
"K11_SALIVARY","Diseases of salivary glands","XI Diseases of the digestive system (K11_)",NA,NA,NA,NA,NA,8757,310260,NA,NA,1605
"K11_SCISS_BITE","Scissor bite","XI Diseases of the digestive system (K11_)",NA,NA,NA,NA,NA,1002,499346,NA,NA,1606
"K11_STOMATITIS","Stomatitis and related lesions","XI Diseases of the digestive system (K11_)",NA,NA,NA,NA,NA,3437,310260,NA,NA,1607
"K11_SUPNUM_ONLY","Supernumerary teeth EXCLUDE clefts and syndromes","XI Diseases of the digestive system (K11_)",NA,NA,NA,NA,NA,154,500194,NA,NA,1608
"K11_SUPNUM_ONLY_INCLAVO","Supernumerary teeth EXCLUDE clefts and syndromes, including avohilmo","XI Diseases of the digestive system (K11_)",NA,NA,NA,NA,NA,349,499543,NA,NA,1609
"K11_TOXLIV","Toxic liver disease","XI Diseases of the digestive system (K11_)",NA,NA,NA,NA,NA,520,485213,NA,NA,1610
"K11_UC_STRICT2","Ulcerative colitis (strict definition, require KELA, min 2 HDR)","XI Diseases of the digestive system (K11_)",NA,NA,NA,NA,NA,7220,492160,NA,NA,1611
"K11_UC_STRICT_PSC","Ulcerative colitis (strict) with PSC","Gastrointestinal endpoints",NA,NA,NA,NA,NA,290,483193,NA,NA,1612
"K11_UMBHER","Umbilical hernia","XI Diseases of the digestive system (K11_)",NA,NA,NA,NA,NA,11934,426666,NA,NA,1613
"K11_VASCINT","Vascular disorders of the intestines","XI Diseases of the digestive system (K11_)",NA,NA,NA,NA,NA,2545,394725,NA,NA,1614
"K11_VENTHER","Ventral hernia","XI Diseases of the digestive system (K11_)",NA,NA,NA,NA,NA,10405,426666,NA,NA,1615
"K11_VOLVU","Volvulus","XI Diseases of the digestive system (K11_)",NA,NA,NA,NA,NA,962,394725,NA,NA,1616
"KRA_PSY_ALCOH_EXMORE","Alcohol abuse, main dg (more control exclusions)","Psychiatric endpoints from Katri Räikkönen",NA,NA,NA,NA,NA,6683,362304,NA,NA,1617
"KRA_PSY_ANXIETY_EXMORE","Anxiety disorders (more control exclusions)","Psychiatric endpoints from Katri Räikkönen",NA,NA,NA,NA,NA,56552,362304,NA,NA,1618
"KRA_PSY_ANYMENTAL","Any mental disorder","Psychiatric endpoints from Katri Räikkönen",NA,NA,NA,NA,NA,138044,362304,NA,NA,1619
"KRA_PSY_ANYMENTAL_SUICID_PREG_NERV_EXMORE","Any mental disorder, or suicide (or attempt), or psychic disorders complicating pregnancy, partum or puerperium or nerve system disorders (more control exclusions)","Psychiatric endpoints from Katri Räikkönen",NA,NA,NA,NA,NA,14265,361333,NA,NA,1620
"KRA_PSY_AUTISM_EXMORE","Autism spe (more control exclusions)","Psychiatric endpoints from Katri Räikkönen",NA,NA,NA,NA,NA,888,362304,NA,NA,1621
"KRA_PSY_BEHAV_EXMORE","Behavioural disorders (more control exclusions)","Psychiatric endpoints from Katri Räikkönen",NA,NA,NA,NA,NA,809,362304,NA,NA,1622
"KRA_PSY_CHILDEMOT_EXMORE","Emotional disorders starting during childhood or adolescence (more control exclusions)","Psychiatric endpoints from Katri Räikkönen",NA,NA,NA,NA,NA,2068,362304,NA,NA,1623
"KRA_PSY_CHILDOTH_EXMORE","Other disorders starting during childhood or adolescence (more control exclusions)","Psychiatric endpoints from Katri Räikkönen",NA,NA,NA,NA,NA,2097,362304,NA,NA,1624
"KRA_PSY_CHILDSOC_EXMORE","Social disorders starting during childhood or adolescence (more control exclusions)","Psychiatric endpoints from Katri Räikkönen",NA,NA,NA,NA,NA,285,362304,NA,NA,1625
"KRA_PSY_CODUCTEMOT_EXMORE","Mixed disorders of conduct and emotions (more control exclusions)","Psychiatric endpoints from Katri Räikkönen",NA,NA,NA,NA,NA,933,362304,NA,NA,1626
"KRA_PSY_DEMENTIA_EXMORE","Any dementia (more control exclusions)","Psychiatric endpoints from Katri Räikkönen",NA,NA,NA,NA,NA,21157,362304,NA,NA,1627
"KRA_PSY_DEVWIDE_EXMORE","Wide developmental disorders (more control exclusions)","Psychiatric endpoints from Katri Räikkönen",NA,NA,NA,NA,NA,1179,362304,NA,NA,1628
"KRA_PSY_EATING_EXMORE","Eating disorder (more control exclusions)","Psychiatric endpoints from Katri Räikkönen",NA,NA,NA,NA,NA,3923,362304,NA,NA,1629
"KRA_PSY_HYPERKIN_EXMORE","Hyperkinetic disorders (more control exclusions)","Psychiatric endpoints from Katri Räikkönen",NA,NA,NA,NA,NA,4737,362304,NA,NA,1630
"KRA_PSY_MENTALRET_EXMORE","Mental retardation (more control exclusions)","Psychiatric endpoints from Katri Räikkönen",NA,NA,NA,NA,NA,1429,362234,NA,NA,1631
"KRA_PSY_MOTOR_EXMORE","Motor disorders (more control exclusions)","Psychiatric endpoints from Katri Räikkönen",NA,NA,NA,NA,NA,566,362304,NA,NA,1632
"KRA_PSY_PERSON_EXMORE","Personality disorders (more control exclusions)","Psychiatric endpoints from Katri Räikkönen",NA,NA,NA,NA,NA,13045,362300,NA,NA,1633
"KRA_PSY_PUERPER_EXMORE","Mental and behavioural disorders of puerperium, not classified elsewhere (more control exclusions)","Psychiatric endpoints from Katri Räikkönen",NA,NA,NA,NA,NA,401,201649,NA,NA,1634
"KRA_PSY_SCHIZODEL_EXMORE","Schizophrenia or delusion (more control exclusions)","Psychiatric endpoints from Katri Räikkönen",NA,NA,NA,NA,NA,15498,362304,NA,NA,1635
"KRA_PSY_SLEEP_NONORG_EXMORE","Nonorganic sleeping disorders (more control exclusions)","Psychiatric endpoints from Katri Räikkönen",NA,NA,NA,NA,NA,8336,362304,NA,NA,1636
"KRA_PSY_SPEELING_EXMORE","Speech and linguistic disorders (more control exclusions)","Psychiatric endpoints from Katri Räikkönen",NA,NA,NA,NA,NA,3752,362304,NA,NA,1637
"KRA_PSY_SUBSTANCE_EXMORE","Substance abuse (more control exclusions)","Psychiatric endpoints from Katri Räikkönen",NA,NA,NA,NA,NA,30806,362304,NA,NA,1638
"KRA_PSY_TIC","Tic and related disorders","Psychiatric endpoints from Katri Räikkönen",NA,NA,NA,NA,NA,478,499870,NA,NA,1639
"KRA_PSY_TIC_EXMORE","Tic and related disorders (more control exclusions)","Psychiatric endpoints from Katri Räikkönen",NA,NA,NA,NA,NA,478,362304,NA,NA,1640
"L12_ABSCESS_CUT","Cutaneous abscess, furuncle and carbuncle","XII Diseases of the skin and subcutaneous tissue (L12_)",NA,NA,NA,NA,NA,11581,470507,NA,NA,1641
"L12_ACANTHNIGRICANS","Acanthosis nigricans","XII Diseases of the skin and subcutaneous tissue (L12_)",NA,NA,NA,NA,NA,114,465673,NA,NA,1642
"L12_ACANTHOLYTIC","Other acantholytic disorders","XII Diseases of the skin and subcutaneous tissue (L12_)",NA,NA,NA,NA,NA,83,498266,NA,NA,1643
"L12_ACNE","Acne","XII Diseases of the skin and subcutaneous tissue (L12_)",NA,NA,NA,NA,NA,4617,476404,NA,NA,1644
"L12_ACNEKELOID","Acne keloid","XII Diseases of the skin and subcutaneous tissue (L12_)",NA,NA,NA,NA,NA,56,476404,NA,NA,1645
"L12_ACNE_CONGLOBLATA","Acne conglobata","XII Diseases of the skin and subcutaneous tissue (L12_)",NA,NA,NA,NA,NA,196,476404,NA,NA,1646
"L12_ACNE_NAS","Other  and unspecified acne","XII Diseases of the skin and subcutaneous tissue (L12_)",NA,NA,NA,NA,NA,507,476404,NA,NA,1647
"L12_ACNE_VARIOLIFORMIS","Acne varioliformis","XII Diseases of the skin and subcutaneous tissue (L12_)",NA,NA,NA,NA,NA,87,476404,NA,NA,1648
"L12_ACQKERAT","Acquired keratosis [keratoderma] palmaris et plantaris","XII Diseases of the skin and subcutaneous tissue (L12_)",NA,NA,NA,NA,NA,148,465673,NA,NA,1649
"L12_ACRODERMATITIS","Acrodermatitis chronica atrophicans","XII Diseases of the skin and subcutaneous tissue (L12_)",NA,NA,NA,NA,NA,50,465673,NA,NA,1650
"L12_ACTINKERA","Actinic keratosis","XII Diseases of the skin and subcutaneous tissue (L12_)",NA,NA,NA,NA,NA,15597,482972,NA,NA,1651
"L12_ALLERGICCONTACT","Allergic contact dermatitis","XII Diseases of the skin and subcutaneous tissue (L12_)",NA,NA,NA,NA,NA,5926,432874,NA,NA,1652
"L12_ALOPECANDRO","Androgenic alopecia","XII Diseases of the skin and subcutaneous tissue (L12_)",NA,NA,NA,NA,NA,281,267178,NA,NA,1653
"L12_ALOPECAREATA","Alopecia areata","XII Diseases of the skin and subcutaneous tissue (L12_)",NA,NA,NA,NA,NA,956,476404,NA,NA,1654
"L12_APOCRINESWEAT","Apocrine sweat disorders, other sweat gland disorders","XII Diseases of the skin and subcutaneous tissue (L12_)",NA,NA,NA,NA,NA,146,476404,NA,NA,1655
"L12_ATOPIC","Atopic dermatitis","XII Diseases of the skin and subcutaneous tissue (L12_)",NA,NA,NA,NA,NA,31245,432874,NA,NA,1656
"L12_ATROPHICSKIN","Atrophic disorders of skin","XII Diseases of the skin and subcutaneous tissue (L12_)",NA,NA,NA,NA,NA,5786,465673,NA,NA,1657
"L12_ATROPHICSKINNAS","Other and unspecified atrophic disorders of skin","XII Diseases of the skin and subcutaneous tissue (L12_)",NA,NA,NA,NA,NA,153,465673,NA,NA,1658
"L12_BULLOTH","Other bullous disorders","XII Diseases of the skin and subcutaneous tissue (L12_)",NA,NA,NA,NA,NA,967,498266,NA,NA,1659
"L12_BULLOUS","Bullous disorders","XII Diseases of the skin and subcutaneous tissue (L12_)",NA,NA,NA,NA,NA,2082,498266,NA,NA,1660
"L12_CALCINOSISCUTIS","Calcinosis cutis","XII Diseases of the skin and subcutaneous tissue (L12_)",NA,NA,NA,NA,NA,57,465673,NA,NA,1661
"L12_CELLULITIS","Cellulitis","XII Diseases of the skin and subcutaneous tissue (L12_)",NA,NA,NA,NA,NA,9428,470507,NA,NA,1662
"L12_CHLOASMA","Chloasma","XII Diseases of the skin and subcutaneous tissue (L12_)",NA,NA,NA,NA,NA,142,465673,NA,NA,1663
"L12_CHRONICULCEROFSKIN","Chronic ulcer of skin, not elsewhere classified","XII Diseases of the skin and subcutaneous tissue (L12_)",NA,NA,NA,NA,NA,2511,465673,NA,NA,1664
"L12_CORNSANDCALLOS","Corns and callosities","XII Diseases of the skin and subcutaneous tissue (L12_)",NA,NA,NA,NA,NA,2582,465673,NA,NA,1665
"L12_CUTLAXSEN","Cutis laxa senilis","XII Diseases of the skin and subcutaneous tissue (L12_)",NA,NA,NA,NA,NA,253,482972,NA,NA,1666
"L12_DECUBITANSULCERANDPRESSURE","Decubitus ulcer and pressure area","XII Diseases of the skin and subcutaneous tissue (L12_)",NA,NA,NA,NA,NA,2121,465673,NA,NA,1667
"L12_DERMATHERP","Dermatitis herpetiformis","XII Diseases of the skin and subcutaneous tissue (L12_)",NA,NA,NA,NA,NA,651,498266,NA,NA,1668
"L12_DERMATITISECZEMA","Dermatitis and eczema","XII Diseases of the skin and subcutaneous tissue (L12_)",NA,NA,NA,NA,NA,67474,432874,NA,NA,1669
"L12_DERMATITISNAS","Dermatitis","XII Diseases of the skin and subcutaneous tissue (L12_)",NA,NA,NA,NA,NA,31083,432874,NA,NA,1670
"L12_DERM_NUMMULAR","Nummular dermatitis","XII Diseases of the skin and subcutaneous tissue (L12_)",NA,NA,NA,NA,NA,3098,432874,NA,NA,1671
"L12_DIAPER","Diaper [napkin] dermatitis","XII Diseases of the skin and subcutaneous tissue (L12_)",NA,NA,NA,NA,NA,52,432874,NA,NA,1672
"L12_DISORDSKINAPPENDIX","Disorders of skin appendages","XII Diseases of the skin and subcutaneous tissue (L12_)",NA,NA,NA,NA,NA,23944,476404,NA,NA,1673
"L12_DYSHIDROSIS","Dyshidrosis [pompholyx]","XII Diseases of the skin and subcutaneous tissue (L12_)",NA,NA,NA,NA,NA,572,432874,NA,NA,1674
"L12_ECCRINESWEAT","Eccrine sweat disorders","XII Diseases of the skin and subcutaneous tissue (L12_)",NA,NA,NA,NA,NA,86,476404,NA,NA,1675
"L12_EPIDERMALTHICKOTH","Other epidermal thickening","XII Diseases of the skin and subcutaneous tissue (L12_)",NA,NA,NA,NA,NA,1569,465673,NA,NA,1676
"L12_EPIDERMTHICKNAS","Other and unspecified epidermal thickening","XII Diseases of the skin and subcutaneous tissue (L12_)",NA,NA,NA,NA,NA,949,465673,NA,NA,1677
"L12_ERTYTH_TOXIC","Toxic erythema","XII Diseases of the skin and subcutaneous tissue (L12_)",NA,NA,NA,NA,NA,65,482901,NA,NA,1678
"L12_ERYTHEMAMULTIF","Erythema multiforme","XII Diseases of the skin and subcutaneous tissue (L12_)",NA,NA,NA,NA,NA,832,482901,NA,NA,1679
"L12_ERYTHEMANODOSUM","Erythema nodosum","XII Diseases of the skin and subcutaneous tissue (L12_)",NA,NA,NA,NA,NA,1096,482901,NA,NA,1680
"L12_ERYTHEMATOUSOTH","Other erythematous conditions","XII Diseases of the skin and subcutaneous tissue (L12_)",NA,NA,NA,NA,NA,1240,482901,NA,NA,1681
"L12_ERYTHINOTH","Erythema in diseases classified elsewhere","XII Diseases of the skin and subcutaneous tissue (L12_)",NA,NA,NA,NA,NA,73,482901,NA,NA,1682
"L12_ERYTHRASMA","Erythrasma","XII Diseases of the skin and subcutaneous tissue (L12_)",NA,NA,NA,NA,NA,73,470507,NA,NA,1683
"L12_ERYTHRO_KELA","Universal erythroderma, KELA reimbursement","XII Diseases of the skin and subcutaneous tissue (L12_)",NA,NA,NA,NA,NA,511,482901,NA,NA,1684
"L12_ERYTH_ANNULCENTRIFUG","Erythema annulare centrifugum","XII Diseases of the skin and subcutaneous tissue (L12_)",NA,NA,NA,NA,NA,59,482901,NA,NA,1685
"L12_ERYT_INTERTRIG","Erythema intertrigo","XII Diseases of the skin and subcutaneous tissue (L12_)",NA,NA,NA,NA,NA,803,432874,NA,NA,1686
"L12_EXFOLIATIVE","Exfoliative dermatitis","XII Diseases of the skin and subcutaneous tissue (L12_)",NA,NA,NA,NA,NA,380,432874,NA,NA,1687
"L12_FACTITIALDERMAT","Factitial dermatitis","XII Diseases of the skin and subcutaneous tissue (L12_)",NA,NA,NA,NA,NA,180,465673,NA,NA,1688
"L12_FOLICULAROTH","Other follicular disorders","XII Diseases of the skin and subcutaneous tissue (L12_)",NA,NA,NA,NA,NA,2778,476404,NA,NA,1689
"L12_FOLLICULARCYST","Follicular cysts of skin and subcutaneous tissue","XII Diseases of the skin and subcutaneous tissue (L12_)",NA,NA,NA,NA,NA,7729,476404,NA,NA,1690
"L12_FOLLICULARNAS","Other and unspecified follicular disorders","XII Diseases of the skin and subcutaneous tissue (L12_)",NA,NA,NA,NA,NA,1398,476404,NA,NA,1691
"L12_FOLLICULITDECALV","Folliculitis decalvans","XII Diseases of the skin and subcutaneous tissue (L12_)",NA,NA,NA,NA,NA,68,476404,NA,NA,1692
"L12_FOODDERMAT","Dermatitis due to ingested food","XII Diseases of the skin and subcutaneous tissue (L12_)",NA,NA,NA,NA,NA,1508,432874,NA,NA,1693
"L12_GRANUANNU","Granuloma annulare","XII Diseases of the skin and subcutaneous tissue (L12_)",NA,NA,NA,NA,NA,513,465673,NA,NA,1694
"L12_GRANULOMASKINNAS","Other and unspecified granulomatous disorders of skin and subcutaneous tissue","XII Diseases of the skin and subcutaneous tissue (L12_)",NA,NA,NA,NA,NA,124,465673,NA,NA,1695
"L12_GRANULOMATOUSSKIN","Granulomatous disorders of skin and subcutaneous tissue","XII Diseases of the skin and subcutaneous tissue (L12_)",NA,NA,NA,NA,NA,947,465673,NA,NA,1696
"L12_GROVER","Transient acantholytic dermatosis [Grover]","XII Diseases of the skin and subcutaneous tissue (L12_)",NA,NA,NA,NA,NA,56,498266,NA,NA,1697
"L12_HAIRCOLOUR","Hair colour and hair shaft abnormalities","XII Diseases of the skin and subcutaneous tissue (L12_)",NA,NA,NA,NA,NA,137,476404,NA,NA,1698
"L12_HAIRLOSSNONSCAR","Other nonscarring hair loss","XII Diseases of the skin and subcutaneous tissue (L12_)",NA,NA,NA,NA,NA,319,476404,NA,NA,1699
"L12_HAIRLOSSSCAR","Cicatricial alopecia [scarring hair loss]","XII Diseases of the skin and subcutaneous tissue (L12_)",NA,NA,NA,NA,NA,260,476404,NA,NA,1700
"L12_HAIRLOSS_NONSCARNAS","Other and unspecified nonscarring hair loss","XII Diseases of the skin and subcutaneous tissue (L12_)",NA,NA,NA,NA,NA,233,476404,NA,NA,1701
"L12_HAIRLOSS_SCARNAS","Other and unspecified cicatricial alopecia","XII Diseases of the skin and subcutaneous tissue (L12_)",NA,NA,NA,NA,NA,84,476404,NA,NA,1702
"L12_HIDRADENITISSUP","Hidradenitis suppurativa","XII Diseases of the skin and subcutaneous tissue (L12_)",NA,NA,NA,NA,NA,1364,476404,NA,NA,1703
"L12_HIRSUTISM","Hirsutism in women","XII Diseases of the skin and subcutaneous tissue (L12_)",NA,NA,NA,NA,NA,661,267178,NA,NA,1704
"L12_HIRSUTISM_ADVERSE","Hirsutism, drug-induced","XII Diseases of the skin and subcutaneous tissue (L12_)",NA,NA,NA,NA,NA,62,500286,NA,NA,1705
"L12_HYPERTICHNAS","Other hypertrichosis","XII Diseases of the skin and subcutaneous tissue (L12_)",NA,NA,NA,NA,NA,116,476404,NA,NA,1706
"L12_HYPETROPHICSCAR","Hypertrophic scar","XII Diseases of the skin and subcutaneous tissue (L12_)",NA,NA,NA,NA,NA,2068,465673,NA,NA,1707
"L12_IMPETIGO","Impetigo","XII Diseases of the skin and subcutaneous tissue (L12_)",NA,NA,NA,NA,NA,1734,470507,NA,NA,1708
"L12_INFECT_DERM","Infective dermatitis","XII Diseases of the skin and subcutaneous tissue (L12_)",NA,NA,NA,NA,NA,4713,432874,NA,NA,1709
"L12_INFECT_SKIN","Infections of the skin and subcutaneous tissue","XII Diseases of the skin and subcutaneous tissue (L12_)",NA,NA,NA,NA,NA,29841,470507,NA,NA,1710
"L12_INFECT_SKIN_OTHER","Other local infections of skin and subcutaneous tissue","XII Diseases of the skin and subcutaneous tissue (L12_)",NA,NA,NA,NA,NA,3961,470507,NA,NA,1711
"L12_INTERNALSUBSTANCEDERM","Dermatitis due to substances taken internally","XII Diseases of the skin and subcutaneous tissue (L12_)",NA,NA,NA,NA,NA,2157,432874,NA,NA,1712
"L12_LICHENPLANO","Lichen planopilaris","XII Diseases of the skin and subcutaneous tissue (L12_)",NA,NA,NA,NA,NA,99,476404,NA,NA,1713
"L12_LICHENSCLERATROPH","Lichen sclerosus et atrophicus","XII Diseases of the skin and subcutaneous tissue (L12_)",NA,NA,NA,NA,NA,3788,465673,NA,NA,1714
"L12_LICHENSIMPLEX","Lichen simplex chronicus","XII Diseases of the skin and subcutaneous tissue (L12_)",NA,NA,NA,NA,NA,1241,432874,NA,NA,1715
"L12_LICHSIMPANDPRURIGO","Lichen simplex chronicus and prurigo","XII Diseases of the skin and subcutaneous tissue (L12_)",NA,NA,NA,NA,NA,2381,432874,NA,NA,1716
"L12_LIVEDOIDVASC","Livedoid vasculitis","XII Diseases of the skin and subcutaneous tissue (L12_)",NA,NA,NA,NA,NA,115,465673,NA,NA,1717
"L12_LOCALCONNECTISSUENAS","Other and unspecified localized connective tissue disorders","XII Diseases of the skin and subcutaneous tissue (L12_)",NA,NA,NA,NA,NA,109,465673,NA,NA,1718
"L12_LOCALDCONNECTISSUEOTH","Other localized connective tissue disorders","XII Diseases of the skin and subcutaneous tissue (L12_)",NA,NA,NA,NA,NA,671,465673,NA,NA,1719
"L12_LOCALSCLERODERMA","Localized scleroderma [morphea]","XII Diseases of the skin and subcutaneous tissue (L12_)",NA,NA,NA,NA,NA,498,465673,NA,NA,1720
"L12_LUPUS","Lupus erythematosus","XII Diseases of the skin and subcutaneous tissue (L12_)",NA,NA,NA,NA,NA,850,465673,NA,NA,1721
"L12_LYMPHADENITIS","Acute lymphadenitis","XII Diseases of the skin and subcutaneous tissue (L12_)",NA,NA,NA,NA,NA,2412,470507,NA,NA,1722
"L12_NAILDIS","Nail disorders","XII Diseases of the skin and subcutaneous tissue (L12_)",NA,NA,NA,NA,NA,3236,476404,NA,NA,1723
"L12_NAILNAS","Other and unspecified nail disorders","XII Diseases of the skin and subcutaneous tissue (L12_)",NA,NA,NA,NA,NA,708,476404,NA,NA,1724
"L12_NAIL_GRYPHOSIS","Onychogryphosis","XII Diseases of the skin and subcutaneous tissue (L12_)",NA,NA,NA,NA,NA,89,476404,NA,NA,1725
"L12_NAIL_INGROW","Ingrowing nail","XII Diseases of the skin and subcutaneous tissue (L12_)",NA,NA,NA,NA,NA,2074,476404,NA,NA,1726
"L12_NAIL_LYSIS","Onycholysis","XII Diseases of the skin and subcutaneous tissue (L12_)",NA,NA,NA,NA,NA,224,476404,NA,NA,1727
"L12_NECROLIPOIDIC","Necrobiosis lipoidica, not elsewhere classified","XII Diseases of the skin and subcutaneous tissue (L12_)",NA,NA,NA,NA,NA,207,465673,NA,NA,1728
"L12_NONIONRADISKINNAS","Other and unspecified skin changes due to chronic exposure to nonionizing radiation","XII Diseases of the skin and subcutaneous tissue (L12_)",NA,NA,NA,NA,NA,447,482972,NA,NA,1729
"L12_OTHACUSKINSUN","Other acute skin changes due to ultraviolet radiation","XII Diseases of the skin and subcutaneous tissue (L12_)",NA,NA,NA,NA,NA,1289,482972,NA,NA,1730
"L12_OTHACUSKINSUNNAS","Other and unspecified acute skin changes due to ultraviolet radiation","XII Diseases of the skin and subcutaneous tissue (L12_)",NA,NA,NA,NA,NA,932,482972,NA,NA,1731
"L12_OTHERBULL","Other and unspecified bullous disorders","XII Diseases of the skin and subcutaneous tissue (L12_)",NA,NA,NA,NA,NA,336,498266,NA,NA,1732
"L12_OTHERCONTACT","Other contact dermatitis","XII Diseases of the skin and subcutaneous tissue (L12_)",NA,NA,NA,NA,NA,3454,432874,NA,NA,1733
"L12_OTHERDISSKINANDSUBCUTIS","Other disorders of skin and subcutaneous tissue, not elsewhere classified","XII Diseases of the skin and subcutaneous tissue (L12_)",NA,NA,NA,NA,NA,5849,465673,NA,NA,1734
"L12_OTHERINFILTRATIVESKIN","Other infiltrative disorders of skin and subcutaneous tissue","XII Diseases of the skin and subcutaneous tissue (L12_)",NA,NA,NA,NA,NA,165,465673,NA,NA,1735
"L12_OTHERMELANIN","Other melanin hyperpigmentation","XII Diseases of the skin and subcutaneous tissue (L12_)",NA,NA,NA,NA,NA,733,465673,NA,NA,1736
"L12_OTHERSKINSUBCUTIS","Other disorders of skin and subcutaneous tissue","XII Diseases of the skin and subcutaneous tissue (L12_)",NA,NA,NA,NA,NA,34675,465673,NA,NA,1737
"L12_OTHPIGMENTATION","Other disorders of pigmentation","XII Diseases of the skin and subcutaneous tissue (L12_)",NA,NA,NA,NA,NA,1535,465673,NA,NA,1738
"L12_PAPULOSQUAMOUS","Papulosquamous disorders","XII Diseases of the skin and subcutaneous tissue (L12_)",NA,NA,NA,NA,NA,18167,482181,NA,NA,1739
"L12_PAPULOSQUAOTH","Other papulosquamous disorders","XII Diseases of the skin and subcutaneous tissue (L12_)",NA,NA,NA,NA,NA,376,482181,NA,NA,1740
"L12_PAPULOSQUONAS","Other and unspecified papulosquamous disorders","XII Diseases of the skin and subcutaneous tissue (L12_)",NA,NA,NA,NA,NA,201,482181,NA,NA,1741
"L12_PARAPSORI","Parapsoriasis","XII Diseases of the skin and subcutaneous tissue (L12_)",NA,NA,NA,NA,NA,678,482181,NA,NA,1742
"L12_PARAPSO_PITYLICHETVARACUT","Pityriasis lichenoides et varioliformis acuta","XII Diseases of the skin and subcutaneous tissue (L12_)",NA,NA,NA,NA,NA,51,482181,NA,NA,1743
"L12_PARAPSO_PLAQUE","Small plaque parapsoriasis","XII Diseases of the skin and subcutaneous tissue (L12_)",NA,NA,NA,NA,NA,93,482181,NA,NA,1744
"L12_PARAPSO_RETIFORM","Other and unspecified parapsoriasis","XII Diseases of the skin and subcutaneous tissue (L12_)",NA,NA,NA,NA,NA,153,482181,NA,NA,1745
"L12_PEMPHIGOID_BULL","Bullous pemphigoid","XII Diseases of the skin and subcutaneous tissue (L12_)",NA,NA,NA,NA,NA,701,498266,NA,NA,1746
"L12_PEMPHIGOID_CICA","Cicatricial pemphigoid","XII Diseases of the skin and subcutaneous tissue (L12_)",NA,NA,NA,NA,NA,70,498266,NA,NA,1747
"L12_PEMPHIGOID_NAS","Other and unspecified pemphigoid","XII Diseases of the skin and subcutaneous tissue (L12_)",NA,NA,NA,NA,NA,274,498266,NA,NA,1748
"L12_PEMPHIGUS","Pemphigus","XII Diseases of the skin and subcutaneous tissue (L12_)",NA,NA,NA,NA,NA,231,498266,NA,NA,1749
"L12_PEMPHIGUS_NAS","Other and unspecified pemphigus","XII Diseases of the skin and subcutaneous tissue (L12_)",NA,NA,NA,NA,NA,109,498266,NA,NA,1750
"L12_PEMPHIGUS_VULG","Pemphigus vulgaris","XII Diseases of the skin and subcutaneous tissue (L12_)",NA,NA,NA,NA,NA,75,498266,NA,NA,1751
"L12_PEMPHIKELA","Severe bullous disorders, KELA reimbursement","XII Diseases of the skin and subcutaneous tissue (L12_)",NA,NA,NA,NA,NA,70,498266,NA,NA,1752
"L12_PERIORALDERM","Perioral dermatitis","XII Diseases of the skin and subcutaneous tissue (L12_)",NA,NA,NA,NA,NA,779,476404,NA,NA,1753
"L12_PIGMENTNAS","Other and unspecified disorders of pigmentation","XII Diseases of the skin and subcutaneous tissue (L12_)",NA,NA,NA,NA,NA,241,465673,NA,NA,1754
"L12_PIGPURPDERM","Pigmented purpuric dermatosis","XII Diseases of the skin and subcutaneous tissue (L12_)",NA,NA,NA,NA,NA,324,465673,NA,NA,1755
"L12_PILONIDALCYST","Pilonidal cyst","XII Diseases of the skin and subcutaneous tissue (L12_)",NA,NA,NA,NA,NA,3784,470507,NA,NA,1756
"L12_PITYRIASISRUBRA","Pityriasis rubra pilaris","XII Diseases of the skin and subcutaneous tissue (L12_)",NA,NA,NA,NA,NA,80,482181,NA,NA,1757
"L12_PITYROCHEA","Pityriasis rosea","XII Diseases of the skin and subcutaneous tissue (L12_)",NA,NA,NA,NA,NA,271,482181,NA,NA,1758
"L12_POIKOLOCIVAT","Poikiloderma of Civatte","XII Diseases of the skin and subcutaneous tissue (L12_)",NA,NA,NA,NA,NA,57,482972,NA,NA,1759
"L12_POLYMORPHLIGHTERUPT","Polymorphous light eruption","XII Diseases of the skin and subcutaneous tissue (L12_)",NA,NA,NA,NA,NA,269,482972,NA,NA,1760
"L12_PRURIGONAS","Other  prurigo","XII Diseases of the skin and subcutaneous tissue (L12_)",NA,NA,NA,NA,NA,392,432874,NA,NA,1761
"L12_PRURITUS","Pruritus","XII Diseases of the skin and subcutaneous tissue (L12_)",NA,NA,NA,NA,NA,4387,432874,NA,NA,1762
"L12_PSORIASIS","Psoriasis","XII Diseases of the skin and subcutaneous tissue (L12_)",NA,NA,NA,NA,NA,12760,482181,NA,NA,1763
"L12_PSORI_ACRODERM","Acrodermatitis continua","XII Diseases of the skin and subcutaneous tissue (L12_)",NA,NA,NA,NA,NA,68,482181,NA,NA,1764
"L12_PSORI_GUTTATE","Guttate psoriasis","XII Diseases of the skin and subcutaneous tissue (L12_)",NA,NA,NA,NA,NA,496,482181,NA,NA,1765
"L12_PSORI_NAS","Other and unspecified psoriasis","XII Diseases of the skin and subcutaneous tissue (L12_)",NA,NA,NA,NA,NA,2452,482181,NA,NA,1766
"L12_PSORI_PUSTGEN","Generalized pustular psoriasis","XII Diseases of the skin and subcutaneous tissue (L12_)",NA,NA,NA,NA,NA,122,482181,NA,NA,1767
"L12_PSORI_PUSTUPALM","Pustulosis palmaris et plantaris","XII Diseases of the skin and subcutaneous tissue (L12_)",NA,NA,NA,NA,NA,1525,482181,NA,NA,1768
"L12_PSORI_VULG","Psoriasis vulgaris","XII Diseases of the skin and subcutaneous tissue (L12_)",NA,NA,NA,NA,NA,7912,482181,NA,NA,1769
"L12_PYODERMA","Pyoderma","XII Diseases of the skin and subcutaneous tissue (L12_)",NA,NA,NA,NA,NA,703,470507,NA,NA,1770
"L12_PYOGENGRANUL","Pyogenic granuloma","XII Diseases of the skin and subcutaneous tissue (L12_)",NA,NA,NA,NA,NA,611,465673,NA,NA,1771
"L12_RADIODERMATITIS","Radiodermatitis","XII Diseases of the skin and subcutaneous tissue (L12_)",NA,NA,NA,NA,NA,79,482972,NA,NA,1772
"L12_RHINOPHYMA","Rhinophyma","XII Diseases of the skin and subcutaneous tissue (L12_)",NA,NA,NA,NA,NA,199,476404,NA,NA,1773
"L12_ROSACEANAS","Other and unspecified rosacea","XII Diseases of the skin and subcutaneous tissue (L12_)",NA,NA,NA,NA,NA,3232,476404,NA,NA,1774
"L12_SCARCONDITIONS","Scar conditions and fibrosis of skin","XII Diseases of the skin and subcutaneous tissue (L12_)",NA,NA,NA,NA,NA,1495,465673,NA,NA,1775
"L12_SEBORRHOEIC","Seborrhoeic dermatitis","XII Diseases of the skin and subcutaneous tissue (L12_)",NA,NA,NA,NA,NA,3787,432874,NA,NA,1776
"L12_SEBORRKERAT","Seborrhoeic keratosis","XII Diseases of the skin and subcutaneous tissue (L12_)",NA,NA,NA,NA,NA,9078,465673,NA,NA,1777
"L12_SKINRADIOTH","Other disorders of skin and subcutaneous tissue related to radiation","XII Diseases of the skin and subcutaneous tissue (L12_)",NA,NA,NA,NA,NA,57,482972,NA,NA,1778
"L12_SKINSUBCUTISNAS","Other and unspecified disorders of skin and subcutaneous tissue","XII Diseases of the skin and subcutaneous tissue (L12_)",NA,NA,NA,NA,NA,2434,465673,NA,NA,1779
"L12_SUNBURN","Sunburn","XII Diseases of the skin and subcutaneous tissue (L12_)",NA,NA,NA,NA,NA,69,482972,NA,NA,1780
"L12_TELOGEFFLU","Telogen effluvium","XII Diseases of the skin and subcutaneous tissue (L12_)",NA,NA,NA,NA,NA,66,476404,NA,NA,1781
"L12_ULCERLOWLIMB","Ulcer of lower limb, not elsewhere classified","XII Diseases of the skin and subcutaneous tissue (L12_)",NA,NA,NA,NA,NA,5324,465673,NA,NA,1782
"L12_URTICARIA","Urticaria","XII Diseases of the skin and subcutaneous tissue (L12_)",NA,NA,NA,NA,NA,13990,482901,NA,NA,1783
"L12_URTICA_ALLERG","Allergic urticaria","XII Diseases of the skin and subcutaneous tissue (L12_)",NA,NA,NA,NA,NA,3315,482901,NA,NA,1784
"L12_URTICA_COLDHEAT","Urticaria due to cold and heat","XII Diseases of the skin and subcutaneous tissue (L12_)",NA,NA,NA,NA,NA,297,482901,NA,NA,1785
"L12_URTICA_IDIOPAT","Idiopathic urticaria","XII Diseases of the skin and subcutaneous tissue (L12_)",NA,NA,NA,NA,NA,744,482901,NA,NA,1786
"L12_URTICA_NAS","Other and unspecified urticaria","XII Diseases of the skin and subcutaneous tissue (L12_)",NA,NA,NA,NA,NA,8629,482901,NA,NA,1787
"L12_URTIGA_CONTACT","Contact urticaria","XII Diseases of the skin and subcutaneous tissue (L12_)",NA,NA,NA,NA,NA,112,482901,NA,NA,1788
"L12_VASCULITISNAS","Other and unspecified vasculitis limited to skin","XII Diseases of the skin and subcutaneous tissue (L12_)",NA,NA,NA,NA,NA,801,465673,NA,NA,1789
"L12_VITILIGO","Vitiligo","XII Diseases of the skin and subcutaneous tissue (L12_)",NA,NA,NA,NA,NA,391,465673,NA,NA,1790
"L12_XEROSCUT","Xerosis cutis","XII Diseases of the skin and subcutaneous tissue (L12_)",NA,NA,NA,NA,NA,495,465673,NA,NA,1791
"LICHENOID_DRUG_REACTION","Lichenoid drug reaction","XII Diseases of the skin and subcutaneous tissue (L12_)",NA,NA,NA,NA,NA,91,500257,NA,NA,1792
"LOCALIZED_SKIN_ERUPT_DRUGS_MEDICAM","Localized skin eruption due to drugs and medicaments","XII Diseases of the skin and subcutaneous tissue (L12_)",NA,NA,NA,NA,NA,385,499963,NA,NA,1793
"LUNG_TRANSPLANTATION","Lung transplantation","Interstitial lung disease endpoints",NA,NA,NA,NA,NA,244,500104,NA,NA,1794
"M13_ABSCTENDON","Abscess of tendon sheath","XIII Diseases of the musculoskeletal system and connective tissue (M13_)",NA,NA,NA,NA,NA,210,357549,NA,NA,1795
"M13_ACHILLESTEND","Achilles tendinitis","XIII Diseases of the musculoskeletal system and connective tissue (M13_)",NA,NA,NA,NA,NA,4343,353224,NA,NA,1796
"M13_ADHCAPSULITIS","Adhesive capsulitis of shoulder","XIII Diseases of the musculoskeletal system and connective tissue (M13_)",NA,NA,NA,NA,NA,7372,357549,NA,NA,1797
"M13_ALGONEURO","Algoneurodystrophy","XIII Diseases of the musculoskeletal system and connective tissue (M13_)",NA,NA,NA,NA,NA,1195,473264,NA,NA,1798
"M13_ANKLEFOOT","Other acquired deformities of ankle and foot","XIII Diseases of the musculoskeletal system and connective tissue (M13_)",NA,NA,NA,NA,NA,293,315115,NA,NA,1799
"M13_ANKYLOSISJOINT","Ankylosis of joint","XIII Diseases of the musculoskeletal system and connective tissue (M13_)",NA,NA,NA,NA,NA,197,315115,NA,NA,1800
"M13_ANKYLOSPON","Ankylosing spondylitis","XIII Diseases of the musculoskeletal system and connective tissue (M13_)",NA,NA,NA,NA,NA,3838,353224,NA,NA,1801
"M13_ANKYLOSPON_STRICT","Ankylosing spondylitis, strict definition","XIII Diseases of the musculoskeletal system and connective tissue (M13_)",NA,NA,NA,NA,NA,1705,496755,NA,NA,1802
"M13_ARTHINOTH","Arthropathies in other diseases classified elsewhere","XIII Diseases of the musculoskeletal system and connective tissue (M13_)",NA,NA,NA,NA,NA,1339,315115,NA,NA,1803
"M13_ARTHROSIS_INCLAVO","Artrosis, including avohilmo","XIII Diseases of the musculoskeletal system and connective tissue (M13_)",NA,NA,NA,NA,NA,136897,363451,NA,NA,1804
"M13_ARTHROSIS_KNEE_PRIM_KNEESURG","Gonarthrosis, primary, with knee surgery","XIII Diseases of the musculoskeletal system and connective tissue (M13_)",NA,NA,NA,NA,NA,26661,445363,NA,NA,1805
"M13_ARTHROSIS_POLY","Polyarthrosis","XIII Diseases of the musculoskeletal system and connective tissue (M13_)",NA,NA,NA,NA,NA,8758,315115,NA,NA,1806
"M13_ARTHTROSIS_COX","Coxarthrosis","XIII Diseases of the musculoskeletal system and connective tissue (M13_)",NA,NA,NA,NA,NA,30802,315115,NA,NA,1807
"M13_ARTHTROSIS_COX_PRIM_HIPSURG","Coxarthrosis, primary, with hip surgery","XIII Diseases of the musculoskeletal system and connective tissue (M13_)",NA,NA,NA,NA,NA,20586,472592,NA,NA,1808
"M13_ARTHTROSIS_COX_PRIM_ICD10","Coxarthrosis, primary","XIII Diseases of the musculoskeletal system and connective tissue (M13_)",NA,NA,NA,NA,NA,27756,472592,NA,NA,1809
"M13_ATLOAXSUBLUX","Atlantoaxial subluxation","XIII Diseases of the musculoskeletal system and connective tissue (M13_)",NA,NA,NA,NA,NA,234,353224,NA,NA,1810
"M13_BAKERCYST","Synovial cyst of popliteal space [Baker]","XIII Diseases of the musculoskeletal system and connective tissue (M13_)",NA,NA,NA,NA,NA,2891,357549,NA,NA,1811
"M13_BICIPITALTEND","Bicipital tendinitis","XIII Diseases of the musculoskeletal system and connective tissue (M13_)",NA,NA,NA,NA,NA,1825,357549,NA,NA,1812
"M13_BIOMECHLESIO","Biomechanical lesions, not elsewhere classified","XIII Diseases of the musculoskeletal system and connective tissue (M13_)",NA,NA,NA,NA,NA,1707,494616,NA,NA,1813
"M13_BONECONTINUITY","Disorders of continuity of bone","XIII Diseases of the musculoskeletal system and connective tissue (M13_)",NA,NA,NA,NA,NA,3781,473264,NA,NA,1814
"M13_BONEDENSOTH","Other disorders of bone density and structure","XIII Diseases of the musculoskeletal system and connective tissue (M13_)",NA,NA,NA,NA,NA,956,473264,NA,NA,1815
"M13_BONEDISNAS","Other specified/unspecified disorders of  bone/cartilage","XIII Diseases of the musculoskeletal system and connective tissue (M13_)",NA,NA,NA,NA,NA,1030,473264,NA,NA,1816
"M13_BONEHYPERTRPH","Hypertrophy of bone","XIII Diseases of the musculoskeletal system and connective tissue (M13_)",NA,NA,NA,NA,NA,111,473264,NA,NA,1817
"M13_BURSCYSTOTH","Other bursal cyst","XIII Diseases of the musculoskeletal system and connective tissue (M13_)",NA,NA,NA,NA,NA,553,357549,NA,NA,1818
"M13_BURSELBOWOTH","Other bursitis of elbow","XIII Diseases of the musculoskeletal system and connective tissue (M13_)",NA,NA,NA,NA,NA,271,357549,NA,NA,1819
"M13_BURSITISHIPOTH","Other bursitis of hip","XIII Diseases of the musculoskeletal system and connective tissue (M13_)",NA,NA,NA,NA,NA,709,357549,NA,NA,1820
"M13_BURSITISKNEEOTH","Other bursitis of knee","XIII Diseases of the musculoskeletal system and connective tissue (M13_)",NA,NA,NA,NA,NA,497,357549,NA,NA,1821
"M13_BURSITISOTH","Other bursitis, not elsewhere classified","XIII Diseases of the musculoskeletal system and connective tissue (M13_)",NA,NA,NA,NA,NA,356,357549,NA,NA,1822
"M13_BURSOPATHY","Other bursopathies","XIII Diseases of the musculoskeletal system and connective tissue (M13_)",NA,NA,NA,NA,NA,5544,357549,NA,NA,1823
"M13_CALCANSPUR","Calcaneal spur","XIII Diseases of the musculoskeletal system and connective tissue (M13_)",NA,NA,NA,NA,NA,438,357549,NA,NA,1824
"M13_CALCBURS","Calcium deposit in bursa","XIII Diseases of the musculoskeletal system and connective tissue (M13_)",NA,NA,NA,NA,NA,74,357549,NA,NA,1825
"M13_CALCIOSSIMUSCLE","Calcification and ossification of muscle","XIII Diseases of the musculoskeletal system and connective tissue (M13_)",NA,NA,NA,NA,NA,86,357549,NA,NA,1826
"M13_CALCTENDINITIS","Calcific tendinitis","XIII Diseases of the musculoskeletal system and connective tissue (M13_)",NA,NA,NA,NA,NA,332,357549,NA,NA,1827
"M13_CARTILAGE","Other articular cartilage disorders","XIII Diseases of the musculoskeletal system and connective tissue (M13_)",NA,NA,NA,NA,NA,917,315115,NA,NA,1828
"M13_CERVICALGIA","Cervicalgia","XIII Diseases of the musculoskeletal system and connective tissue (M13_)",NA,NA,NA,NA,NA,9398,353224,NA,NA,1829
"M13_CERVICDISC","Cervical disc disorders","XIII Diseases of the musculoskeletal system and connective tissue (M13_)",NA,NA,NA,NA,NA,17993,353224,NA,NA,1830
"M13_CERVICOCRANSDR","Cervicocranial syndrome","XIII Diseases of the musculoskeletal system and connective tissue (M13_)",NA,NA,NA,NA,NA,4595,353224,NA,NA,1831
"M13_CHONDROMALACIA","Chondromalacia","XIII Diseases of the musculoskeletal system and connective tissue (M13_)",NA,NA,NA,NA,NA,1039,491365,NA,NA,1832
"M13_CHRONSYNOVITISHANDWRIST","Chronic crepitant synovitis/bursitis of hand and wrist/periarthritis of wrist","XIII Diseases of the musculoskeletal system and connective tissue (M13_)",NA,NA,NA,NA,NA,512,357549,NA,NA,1833
"M13_CHURGSTRAUSS","Polyarteritis with lung involvement [Churg-Strauss]/EGPA","XIII Diseases of the musculoskeletal system and connective tissue (M13_)",NA,NA,NA,NA,NA,134,484260,NA,NA,1834
"M13_CLAWCLUBHANDFOOT","Acquired clawhand, clubhand, clawfoot and clubfoot","XIII Diseases of the musculoskeletal system and connective tissue (M13_)",NA,NA,NA,NA,NA,182,315115,NA,NA,1835
"M13_CONNECTNAS","Other specified/unspecified systemic involvement of connective tissue","XIII Diseases of the musculoskeletal system and connective tissue (M13_)",NA,NA,NA,NA,NA,2195,484260,NA,NA,1836
"M13_CONTRACTUREJOINT","Contracture of joint","XIII Diseases of the musculoskeletal system and connective tissue (M13_)",NA,NA,NA,NA,NA,457,315115,NA,NA,1837
"M13_CRYSTALARTH","Other crystal arthropathies","XIII Diseases of the musculoskeletal system and connective tissue (M13_)",NA,NA,NA,NA,NA,620,315115,NA,NA,1838
"M13_DEFORMACQ","Other acquired deformities of musculoskeletal system and connective tissue","XIII Diseases of the musculoskeletal system and connective tissue (M13_)",NA,NA,NA,NA,NA,1694,494616,NA,NA,1839
"M13_DEFORMDORSO","Deforming dorsopathies","XIII Diseases of the musculoskeletal system and connective tissue (M13_)",NA,NA,NA,NA,NA,13532,353224,NA,NA,1840
"M13_DEFORMDORSONAS","Other specified/unspecified deforming dorsopathies","XIII Diseases of the musculoskeletal system and connective tissue (M13_)",NA,NA,NA,NA,NA,704,353224,NA,NA,1841
"M13_DEQUERVAIN","Radial styloid tenosynovitis [de Quervain]","XIII Diseases of the musculoskeletal system and connective tissue (M13_)",NA,NA,NA,NA,NA,2251,357549,NA,NA,1842
"M13_DERMATOMYOTH","Other dermatomyositis","XIII Diseases of the musculoskeletal system and connective tissue (M13_)",NA,NA,NA,NA,NA,169,484260,NA,NA,1843
"M13_DERMATOPOLYNAS","Dermatopolymyositis, unspecified","XIII Diseases of the musculoskeletal system and connective tissue (M13_)",NA,NA,NA,NA,NA,174,484260,NA,NA,1844
"M13_DIASTASIS","Diastasis of muscle","XIII Diseases of the musculoskeletal system and connective tissue (M13_)",NA,NA,NA,NA,NA,268,357549,NA,NA,1845
"M13_DIFFASCITIS","Diffuse (eosinophilic) fasciitis","XIII Diseases of the musculoskeletal system and connective tissue (M13_)",NA,NA,NA,NA,NA,51,484260,NA,NA,1846
"M13_DISCINFECTION","Infection of intervertebral disc (pyogenic)","XIII Diseases of the musculoskeletal system and connective tissue (M13_)",NA,NA,NA,NA,NA,423,353224,NA,NA,1847
"M13_DISCITIS","Discitis, unspecified","XIII Diseases of the musculoskeletal system and connective tissue (M13_)",NA,NA,NA,NA,NA,557,353224,NA,NA,1848
"M13_DISSYNOTENDNAS","Other specified/unspecified disorders of synovium and tendon +Other specified/unspecified bursopathies","XIII Diseases of the musculoskeletal system and connective tissue (M13_)",NA,NA,NA,NA,NA,1904,357549,NA,NA,1849
"M13_DORSALGIA","Dorsalgia","XIII Diseases of the musculoskeletal system and connective tissue (M13_)",NA,NA,NA,NA,NA,83888,353224,NA,NA,1850
"M13_DORSALGIANAS","Other/unspecified dorsalgia","XIII Diseases of the musculoskeletal system and connective tissue (M13_)",NA,NA,NA,NA,NA,19307,353224,NA,NA,1851
"M13_DORSOPATHY","Dorsopathies","XIII Diseases of the musculoskeletal system and connective tissue (M13_)",NA,NA,NA,NA,NA,147124,353224,NA,NA,1852
"M13_DORSOPATHYNAS","Other specified/unspecified dorsopathies","XIII Diseases of the musculoskeletal system and connective tissue (M13_)",NA,NA,NA,NA,NA,1360,353224,NA,NA,1853
"M13_DORSOPATHYOTH","Other dorsopathies, not elsewhere classified","XIII Diseases of the musculoskeletal system and connective tissue (M13_)",NA,NA,NA,NA,NA,111401,353224,NA,NA,1854
"M13_DUPUTRYEN","Palmar fascial fibromatosis [Dupuytren]","XIII Diseases of the musculoskeletal system and connective tissue (M13_)",NA,NA,NA,NA,NA,6766,357549,NA,NA,1855
"M13_EARLY_LUMBAR_PROLAPSE","Early lumbar disc prolapse, operated","XIII Diseases of the musculoskeletal system and connective tissue (M13_)",NA,NA,NA,NA,NA,4559,353224,NA,NA,1856
"M13_ENTEROARTHR","Enteropathic arthropathies","XIII Diseases of the musculoskeletal system and connective tissue (M13_)",NA,NA,NA,NA,NA,861,315115,NA,NA,1857
"M13_ENTESOPATHYLOW","Enthesopathies of lower limb, excluding foot","XIII Diseases of the musculoskeletal system and connective tissue (M13_)",NA,NA,NA,NA,NA,10315,353224,NA,NA,1858
"M13_ENTESOPATHYLOWNAS","Other/unspecified enthesopathies of lower limb, excluding foot","XIII Diseases of the musculoskeletal system and connective tissue (M13_)",NA,NA,NA,NA,NA,2961,353224,NA,NA,1859
"M13_ENTESOPATHYNAS","Other/unspecified enthesopathies, not elsewhere classified","XIII Diseases of the musculoskeletal system and connective tissue (M13_)",NA,NA,NA,NA,NA,3671,357549,NA,NA,1860
"M13_ENTESOPATHYOTH","Other enthesopathies","XIII Diseases of the musculoskeletal system and connective tissue (M13_)",NA,NA,NA,NA,NA,14662,357549,NA,NA,1861
"M13_FATIGFRACT","Fatigue fracture of vertebra","XIII Diseases of the musculoskeletal system and connective tissue (M13_)",NA,NA,NA,NA,NA,163,353224,NA,NA,1862
"M13_FATPADHYPERTROPHY","Hypertrophy of (infrapatellar) fat pad","XIII Diseases of the musculoskeletal system and connective tissue (M13_)",NA,NA,NA,NA,NA,379,357549,NA,NA,1863
"M13_FIBROBLASTIC","Fibroblastic disorders","XIII Diseases of the musculoskeletal system and connective tissue (M13_)",NA,NA,NA,NA,NA,10869,357549,NA,NA,1864
"M13_FIBROBLASTNAS","Other fibroblastic disorders","XIII Diseases of the musculoskeletal system and connective tissue (M13_)",NA,NA,NA,NA,NA,135,357549,NA,NA,1865
"M13_FINGERDEFORM","Deformity of finger(s)","XIII Diseases of the musculoskeletal system and connective tissue (M13_)",NA,NA,NA,NA,NA,214,315115,NA,NA,1866
"M13_FLATFOOT","Flat foot [pes planus] (acquired)","XIII Diseases of the musculoskeletal system and connective tissue (M13_)",NA,NA,NA,NA,NA,3872,315115,NA,NA,1867
"M13_FOREIGNBODY","Residual foreign body in soft tissue","XIII Diseases of the musculoskeletal system and connective tissue (M13_)",NA,NA,NA,NA,NA,1974,357549,NA,NA,1868
"M13_FORESTIER","Ankylosing hyperostosis [Forestier]","XIII Diseases of the musculoskeletal system and connective tissue (M13_)",NA,NA,NA,NA,NA,457,353224,NA,NA,1869
"M13_GANGLION","Ganglion","XIII Diseases of the musculoskeletal system and connective tissue (M13_)",NA,NA,NA,NA,NA,10146,357549,NA,NA,1870
"M13_GIANTCELL","Giant cell arteritis","XIII Diseases of the musculoskeletal system and connective tissue (M13_)",NA,NA,NA,NA,NA,1387,484260,NA,NA,1871
"M13_GLUTEALTEND","Gluteal tendinitis","XIII Diseases of the musculoskeletal system and connective tissue (M13_)",NA,NA,NA,NA,NA,1346,353224,NA,NA,1872
"M13_GOUT","Gout","XIII Diseases of the musculoskeletal system and connective tissue (M13_)",NA,NA,NA,NA,NA,12342,315115,NA,NA,1873
"M13_HALLUDEFORMOTH","Other deformity of hallux (acquired)","XIII Diseases of the musculoskeletal system and connective tissue (M13_)",NA,NA,NA,NA,NA,282,315115,NA,NA,1874
"M13_HALLUXRIGIDUS","Hallux rigidus","XIII Diseases of the musculoskeletal system and connective tissue (M13_)",NA,NA,NA,NA,NA,5903,315115,NA,NA,1875
"M13_HALLUXVALGUS","Hallux valgus (acquired)","XIII Diseases of the musculoskeletal system and connective tissue (M13_)",NA,NA,NA,NA,NA,19367,315115,NA,NA,1876
"M13_HAMMERTOE","Other hammer toe(s) (acquired)","XIII Diseases of the musculoskeletal system and connective tissue (M13_)",NA,NA,NA,NA,NA,7456,315115,NA,NA,1877
"M13_HTROMBMICROANG","Thrombotic microangiopathy","XIII Diseases of the musculoskeletal system and connective tissue (M13_)",NA,NA,NA,NA,NA,204,484260,NA,NA,1878
"M13_HYPERANG","Hypersensitivity angiitis","XIII Diseases of the musculoskeletal system and connective tissue (M13_)",NA,NA,NA,NA,NA,175,484260,NA,NA,1879
"M13_HYPERMOBILITY","Hypermobility syndrome","XIII Diseases of the musculoskeletal system and connective tissue (M13_)",NA,NA,NA,NA,NA,2150,484260,NA,NA,1880
"M13_ILIOTIBBAND","Iliotibial band syndrome","XIII Diseases of the musculoskeletal system and connective tissue (M13_)",NA,NA,NA,NA,NA,414,353224,NA,NA,1881
"M13_IMPINGEMENT","Impingement syndrome of shoulder","XIII Diseases of the musculoskeletal system and connective tissue (M13_)",NA,NA,NA,NA,NA,11331,357549,NA,NA,1882
"M13_INFBURSA","Infective bursitis","XIII Diseases of the musculoskeletal system and connective tissue (M13_)",NA,NA,NA,NA,NA,1042,357549,NA,NA,1883
"M13_INTERHYDRARTHR","Intermittent hydrarthrosis","XIII Diseases of the musculoskeletal system and connective tissue (M13_)",NA,NA,NA,NA,NA,84,315115,NA,NA,1884
"M13_JUVERHEU","Juvenile rheumatoid arthirtis","XIII Diseases of the musculoskeletal system and connective tissue (M13_)",NA,NA,NA,NA,NA,908,315115,NA,NA,1885
"M13_JUVOSTEOCHONRHIP","Juvenile osteochondrosis","XIII Diseases of the musculoskeletal system and connective tissue (M13_)",NA,NA,NA,NA,NA,1308,491365,NA,NA,1886
"M13_KAWASAKI","Mucocutaneous lymph node syndrome [Kawasaki]","XIII Diseases of the musculoskeletal system and connective tissue (M13_)",NA,NA,NA,NA,NA,79,484260,NA,NA,1887
"M13_KISSING","Kissing spine","XIII Diseases of the musculoskeletal system and connective tissue (M13_)",NA,NA,NA,NA,NA,68,353224,NA,NA,1888
"M13_KNUCKLEPADS","Knuckle pads","XIII Diseases of the musculoskeletal system and connective tissue (M13_)",NA,NA,NA,NA,NA,54,357549,NA,NA,1889
"M13_LATERALEPICOND","Lateral epicondylitis","XIII Diseases of the musculoskeletal system and connective tissue (M13_)",NA,NA,NA,NA,NA,5911,357549,NA,NA,1890
"M13_LIMBDEFORM","Other specified acquired deformities of limbs","XIII Diseases of the musculoskeletal system and connective tissue (M13_)",NA,NA,NA,NA,NA,172,315115,NA,NA,1891
"M13_LIMBLENGTH","Unequal limb length (acquired)","XIII Diseases of the musculoskeletal system and connective tissue (M13_)",NA,NA,NA,NA,NA,347,315115,NA,NA,1892
"M13_LOOSEJOINT","Loose body in joint","XIII Diseases of the musculoskeletal system and connective tissue (M13_)",NA,NA,NA,NA,NA,923,315115,NA,NA,1893
"M13_LORDOSIS","Lordosis","XIII Diseases of the musculoskeletal system and connective tissue (M13_)",NA,NA,NA,NA,NA,96,353224,NA,NA,1894
"M13_LOWBACKPAIN","Low back pain","XIII Diseases of the musculoskeletal system and connective tissue (M13_)",NA,NA,NA,NA,NA,42521,353224,NA,NA,1895
"M13_LOWBACKPAINORANDSCIATICA","Lower back pain or/and sciatica","XIII Diseases of the musculoskeletal system and connective tissue (M13_)",NA,NA,NA,NA,NA,60099,440249,NA,NA,1896
"M13_LUMBAR_PROLAPSE","Lumbar disc prolapse","XIII Diseases of the musculoskeletal system and connective tissue (M13_)",NA,NA,NA,NA,NA,35290,353224,NA,NA,1897
"M13_MCTD","Mixed connective tissue disease","XIII Diseases of the musculoskeletal system and connective tissue (M13_)",NA,NA,NA,NA,NA,2415,497933,NA,NA,1898
"M13_MEDIALEPICOND","Medial epicondylitis","XIII Diseases of the musculoskeletal system and connective tissue (M13_)",NA,NA,NA,NA,NA,1479,357549,NA,NA,1899
"M13_MENISCUSDERANGEMENTS","Meniscus derangement","XIII Diseases of the musculoskeletal system and connective tissue (M13_)",NA,NA,NA,NA,NA,31840,315115,NA,NA,1900
"M13_METATARSALGIA","Metatarsalgia","XIII Diseases of the musculoskeletal system and connective tissue (M13_)",NA,NA,NA,NA,NA,3901,357549,NA,NA,1901
"M13_MICROPOLYANG","Microscopic polyangiitis","XIII Diseases of the musculoskeletal system and connective tissue (M13_)",NA,NA,NA,NA,NA,184,497757,NA,NA,1902
"M13_MONOARTHRITIS","Monoarthritis, not elsewhere classified","XIII Diseases of the musculoskeletal system and connective tissue (M13_)",NA,NA,NA,NA,NA,1709,315115,NA,NA,1903
"M13_MULTIFIBRO","Multifocal fibrosclerosis","XIII Diseases of the musculoskeletal system and connective tissue (M13_)",NA,NA,NA,NA,NA,218,484260,NA,NA,1904
"M13_MUSCLE","Disorders of muscles","XIII Diseases of the musculoskeletal system and connective tissue (M13_)",NA,NA,NA,NA,NA,4232,357549,NA,NA,1905
"M13_MUSCLEATROPH","Muscle wasting and atrophy, not elsewhere classified","XIII Diseases of the musculoskeletal system and connective tissue (M13_)",NA,NA,NA,NA,NA,210,357549,NA,NA,1906
"M13_MUSCLEDISNAS","Other specified disorders of muscle","XIII Diseases of the musculoskeletal system and connective tissue (M13_)",NA,NA,NA,NA,NA,1092,357549,NA,NA,1907
"M13_MUSCLESTRAIN","Muscle strain","XIII Diseases of the musculoskeletal system and connective tissue (M13_)",NA,NA,NA,NA,NA,1206,357549,NA,NA,1908
"M13_MUSCONTRAC","Contracture of muscle","XIII Diseases of the musculoskeletal system and connective tissue (M13_)",NA,NA,NA,NA,NA,142,357549,NA,NA,1909
"M13_MUSCULOSKELEOTH","Other disorders of the musculoskeletal system and connective tissue","XIII Diseases of the musculoskeletal system and connective tissue (M13_)",NA,NA,NA,NA,NA,5732,494616,NA,NA,1910
"M13_MYALGIA","Myalgia","XIII Diseases of the musculoskeletal system and connective tissue (M13_)",NA,NA,NA,NA,NA,10632,357549,NA,NA,1911
"M13_MYOSITIS","Myositis","XIII Diseases of the musculoskeletal system and connective tissue (M13_)",NA,NA,NA,NA,NA,932,357549,NA,NA,1912
"M13_MYOSITISOSSIF","Myositis ossificans","XIII Diseases of the musculoskeletal system and connective tissue (M13_)",NA,NA,NA,NA,NA,107,357549,NA,NA,1913
"M13_NECROFASC","Necrotizing fasciitis","XIII Diseases of the musculoskeletal system and connective tissue (M13_)",NA,NA,NA,NA,NA,154,357549,NA,NA,1914
"M13_NEURALGIA","Neuralgia and neuritis, unspecified","XIII Diseases of the musculoskeletal system and connective tissue (M13_)",NA,NA,NA,NA,NA,1972,357549,NA,NA,1915
"M13_OLECRANONBURSITIS","Olecranon bursitis","XIII Diseases of the musculoskeletal system and connective tissue (M13_)",NA,NA,NA,NA,NA,2342,357549,NA,NA,1916
"M13_OSTEOCHONDRO","Osteopathies and chondropathies","XIII Diseases of the musculoskeletal system and connective tissue (M13_)",NA,NA,NA,NA,NA,27084,473264,NA,NA,1917
"M13_OSTEOCHONDROPATHY","Other osteochondropathies","XIII Diseases of the musculoskeletal system and connective tissue (M13_)",NA,NA,NA,NA,NA,2860,491365,NA,NA,1918
"M13_OSTEOMALACIA","Osteomalacia","XIII Diseases of the musculoskeletal system and connective tissue (M13_)",NA,NA,NA,NA,NA,309,473264,NA,NA,1919
"M13_OSTEOMYELITIS","Osteomyelitis","XIII Diseases of the musculoskeletal system and connective tissue (M13_)",NA,NA,NA,NA,NA,2336,473264,NA,NA,1920
"M13_OSTEOMYELVERTEB","Osteomyelitis of vertebra","XIII Diseases of the musculoskeletal system and connective tissue (M13_)",NA,NA,NA,NA,NA,111,353224,NA,NA,1921
"M13_OSTEONECROSIS","Osteonecrosis","XIII Diseases of the musculoskeletal system and connective tissue (M13_)",NA,NA,NA,NA,NA,2043,473264,NA,NA,1922
"M13_OSTEOPATHYINOTH","Osteopathy in diseases classified elsewhere","XIII Diseases of the musculoskeletal system and connective tissue (M13_)",NA,NA,NA,NA,NA,227,473264,NA,NA,1923
"M13_OSTEOPOROSIS","Osteoporosis","XIII Diseases of the musculoskeletal system and connective tissue (M13_)",NA,NA,NA,NA,NA,10461,473264,NA,NA,1924
"M13_OTERSPECARTHR","Other specific arthropathies","XIII Diseases of the musculoskeletal system and connective tissue (M13_)",NA,NA,NA,NA,NA,69,315115,NA,NA,1925
"M13_OVERLAP","Other overlap syndromes","XIII Diseases of the musculoskeletal system and connective tissue (M13_)",NA,NA,NA,NA,NA,653,484260,NA,NA,1926
"M13_OVERUSENAS","Other/unspecified soft tissue disorders related to use, overuse and pressure","XIII Diseases of the musculoskeletal system and connective tissue (M13_)",NA,NA,NA,NA,NA,1109,357549,NA,NA,1927
"M13_PAGET","Paget disease","XIII Diseases of the musculoskeletal system and connective tissue (M13_)",NA,NA,NA,NA,NA,164,473264,NA,NA,1928
"M13_PALINDROMIC","Palindromic rheumatism","XIII Diseases of the musculoskeletal system and connective tissue (M13_)",NA,NA,NA,NA,NA,380,315115,NA,NA,1929
"M13_PANNICULITIS","Panniculitis affecting regions of neck and back","XIII Diseases of the musculoskeletal system and connective tissue (M13_)",NA,NA,NA,NA,NA,1494,353224,NA,NA,1930
"M13_PANNICULITISNAS","Panniculitis, unspecified","XIII Diseases of the musculoskeletal system and connective tissue (M13_)",NA,NA,NA,NA,NA,357,357549,NA,NA,1931
"M13_PATELLADISLOCATIO","Recurrent dislocation of patella","XIII Diseases of the musculoskeletal system and connective tissue (M13_)",NA,NA,NA,NA,NA,2266,315115,NA,NA,1932
"M13_PATELLAOTH","Other disorders of patella","XIII Diseases of the musculoskeletal system and connective tissue (M13_)",NA,NA,NA,NA,NA,8408,315115,NA,NA,1933
"M13_PATELLARTEND","Patellar tendinitis","XIII Diseases of the musculoskeletal system and connective tissue (M13_)",NA,NA,NA,NA,NA,671,353224,NA,NA,1934
"M13_PERONEALTEND","Peroneal tendinitis","XIII Diseases of the musculoskeletal system and connective tissue (M13_)",NA,NA,NA,NA,NA,570,353224,NA,NA,1935
"M13_PLANTARFASC","Plantar fascial fibromatosis","XIII Diseases of the musculoskeletal system and connective tissue (M13_)",NA,NA,NA,NA,NA,4020,357549,NA,NA,1936
"M13_POLNODOSA","Polyarteritis nodosa","XIII Diseases of the musculoskeletal system and connective tissue (M13_)",NA,NA,NA,NA,NA,242,484260,NA,NA,1937
"M13_POLYARTERETAL","Polyarteritis nodosa and related conditions","XIII Diseases of the musculoskeletal system and connective tissue (M13_)",NA,NA,NA,NA,NA,495,484260,NA,NA,1938
"M13_POLYARTHRITIS","Polyarthritis, unspecified","XIII Diseases of the musculoskeletal system and connective tissue (M13_)",NA,NA,NA,NA,NA,1398,315115,NA,NA,1939
"M13_POLYARTHROPATHIES","Polyarthropathies","XIII Diseases of the musculoskeletal system and connective tissue (M13_)",NA,NA,NA,NA,NA,43664,315115,NA,NA,1940
"M13_POLYMYALGIA","Polymyalgia rheumatica","XIII Diseases of the musculoskeletal system and connective tissue (M13_)",NA,NA,NA,NA,NA,4992,484260,NA,NA,1941
"M13_POLYMYO","Polymyositis","XIII Diseases of the musculoskeletal system and connective tissue (M13_)",NA,NA,NA,NA,NA,287,484260,NA,NA,1942
"M13_POSTOPMUSCULOSKE","Postprocedural musculoskeletal disorders, not elsewhere classified","XIII Diseases of the musculoskeletal system and connective tissue (M13_)",NA,NA,NA,NA,NA,2467,494616,NA,NA,1943
"M13_POYARTOTH","Other conditions related to polyarteritis nodosa","XIII Diseases of the musculoskeletal system and connective tissue (M13_)",NA,NA,NA,NA,NA,83,484260,NA,NA,1944
"M13_PREPATELLARBURSITIS","Prepatellar bursitis","XIII Diseases of the musculoskeletal system and connective tissue (M13_)",NA,NA,NA,NA,NA,1725,357549,NA,NA,1945
"M13_PSOASTEND","Psoas tendinitis","XIII Diseases of the musculoskeletal system and connective tissue (M13_)",NA,NA,NA,NA,NA,154,353224,NA,NA,1946
"M13_PSORIARTH","Psoriatic arthropathies","XIII Diseases of the musculoskeletal system and connective tissue (M13_)",NA,NA,NA,NA,NA,4290,315115,NA,NA,1947
"M13_PYOGARTH","Pyogenic arthritis","XIII Diseases of the musculoskeletal system and connective tissue (M13_)",NA,NA,NA,NA,NA,2695,315115,NA,NA,1948
"M13_RADICULOPATHY","Radiculopathy","XIII Diseases of the musculoskeletal system and connective tissue (M13_)",NA,NA,NA,NA,NA,7349,353224,NA,NA,1949
"M13_REACTARTH","Reactive arthropathies","XIII Diseases of the musculoskeletal system and connective tissue (M13_)",NA,NA,NA,NA,NA,3779,315115,NA,NA,1950
"M13_RECUDISLOCATIO","Recurrent dislocation and subluxation of joint","XIII Diseases of the musculoskeletal system and connective tissue (M13_)",NA,NA,NA,NA,NA,3043,315115,NA,NA,1951
"M13_RELAPSPOLYCHONDR","Relapsing polychondritis","XIII Diseases of the musculoskeletal system and connective tissue (M13_)",NA,NA,NA,NA,NA,78,491365,NA,NA,1952
"M13_RHEUMA","Rheumatoid arthritis","XIII Diseases of the musculoskeletal system and connective tissue (M13_)",NA,NA,NA,NA,NA,16314,315115,NA,NA,1953
"M13_RHEUMATISM","Rheumatism, unspecified","XIII Diseases of the musculoskeletal system and connective tissue (M13_)",NA,NA,NA,NA,NA,6018,357549,NA,NA,1954
"M13_ROTATORCUFF","Rotator cuff syndrome","XIII Diseases of the musculoskeletal system and connective tissue (M13_)",NA,NA,NA,NA,NA,33117,357549,NA,NA,1955
"M13_RUPTUREMUSC","Other rupture of muscle","XIII Diseases of the musculoskeletal system and connective tissue (M13_)",NA,NA,NA,NA,NA,213,357549,NA,NA,1956
"M13_SACROCOGG","Sacrococcygeal disorders, not elsewhere classified","XIII Diseases of the musculoskeletal system and connective tissue (M13_)",NA,NA,NA,NA,NA,1181,353224,NA,NA,1957
"M13_SACROILIITIS","Sacroiliitis, not elsewhere classified","XIII Diseases of the musculoskeletal system and connective tissue (M13_)",NA,NA,NA,NA,NA,1976,353224,NA,NA,1958
"M13_SCIATICA","Sciatica+with lumbago","XIII Diseases of the musculoskeletal system and connective tissue (M13_)",NA,NA,NA,NA,NA,26541,353224,NA,NA,1959
"M13_SHORTACHILLES","Short Achilles tendon (acquired)","XIII Diseases of the musculoskeletal system and connective tissue (M13_)",NA,NA,NA,NA,NA,1021,357549,NA,NA,1960
"M13_SHOULDER","Shoulder lesions","XIII Diseases of the musculoskeletal system and connective tissue (M13_)",NA,NA,NA,NA,NA,47311,357549,NA,NA,1961
"M13_SHOULDERBURSITIS","Bursitis of shoulder","XIII Diseases of the musculoskeletal system and connective tissue (M13_)",NA,NA,NA,NA,NA,921,357549,NA,NA,1962
"M13_SHOULDERNAS","Other shoulder lesions","XIII Diseases of the musculoskeletal system and connective tissue (M13_)",NA,NA,NA,NA,NA,3880,357549,NA,NA,1963
"M13_SJOGREN","Sicca syndrome [Sjögren]","XIII Diseases of the musculoskeletal system and connective tissue (M13_)",NA,NA,NA,NA,NA,3309,484260,NA,NA,1964
"M13_SOFTOVERUSE","Soft tissue disorders related to use, overuse and pressure","XIII Diseases of the musculoskeletal system and connective tissue (M13_)",NA,NA,NA,NA,NA,12261,357549,NA,NA,1965
"M13_SOFTTISSUE","Soft tissue disorders","XIII Diseases of the musculoskeletal system and connective tissue (M13_)",NA,NA,NA,NA,NA,142799,357549,NA,NA,1966
"M13_SOFTTISSUENAS","Other specified/unspecified soft tissue disorders","XIII Diseases of the musculoskeletal system and connective tissue (M13_)",NA,NA,NA,NA,NA,1969,357549,NA,NA,1967
"M13_SOFTTISSUEOTH","Other soft tissue disorders, not elsewhere classified","XIII Diseases of the musculoskeletal system and connective tissue (M13_)",NA,NA,NA,NA,NA,63182,357549,NA,NA,1968
"M13_SPINALOSTEOCHON","Spinal osteochondrosis","XIII Diseases of the musculoskeletal system and connective tissue (M13_)",NA,NA,NA,NA,NA,416,353224,NA,NA,1969
"M13_SPINEFUSION","Other fusion of spine","XIII Diseases of the musculoskeletal system and connective tissue (M13_)",NA,NA,NA,NA,NA,59,353224,NA,NA,1970
"M13_SPINENTHES","Spinal enthesopathy","XIII Diseases of the musculoskeletal system and connective tissue (M13_)",NA,NA,NA,NA,NA,1463,353224,NA,NA,1971
"M13_SPININSTAB","Spinal instabilities","XIII Diseases of the musculoskeletal system and connective tissue (M13_)",NA,NA,NA,NA,NA,1086,353224,NA,NA,1972
"M13_SPINSTENOSIS","Spinal stenosis","XIII Diseases of the musculoskeletal system and connective tissue (M13_)",NA,NA,NA,NA,NA,26090,353224,NA,NA,1973
"M13_SPONDYLINFLAMNAS","Other specified/unspecified inflammatory spondylopathies","XIII Diseases of the musculoskeletal system and connective tissue (M13_)",NA,NA,NA,NA,NA,1986,353224,NA,NA,1974
"M13_SPONDYLOINFECTION","Other infective spondylopathies","XIII Diseases of the musculoskeletal system and connective tissue (M13_)",NA,NA,NA,NA,NA,74,353224,NA,NA,1975
"M13_SPONDYLOLISTHESIS","Spondylolisthesis/Spondylolysis","XIII Diseases of the musculoskeletal system and connective tissue (M13_)",NA,NA,NA,NA,NA,8037,353224,NA,NA,1976
"M13_SPONDYLOPATHINOTH","Spondylopathies in diseases classified elsewhere","XIII Diseases of the musculoskeletal system and connective tissue (M13_)",NA,NA,NA,NA,NA,392,353224,NA,NA,1977
"M13_SPONDYLOPATHY","Spondylopathies","XIII Diseases of the musculoskeletal system and connective tissue (M13_)",NA,NA,NA,NA,NA,52465,353224,NA,NA,1978
"M13_SPONDYLOPATHYNAS","Other specified/unspecified spondylopathies","XIII Diseases of the musculoskeletal system and connective tissue (M13_)",NA,NA,NA,NA,NA,914,353224,NA,NA,1979
"M13_SPONDYLOSIS","Spondylosis","XIII Diseases of the musculoskeletal system and connective tissue (M13_)",NA,NA,NA,NA,NA,27369,353224,NA,NA,1980
"M13_SPONTRUPTSYNOTEND","Spontaneous rupture of synovium and tendon","XIII Diseases of the musculoskeletal system and connective tissue (M13_)",NA,NA,NA,NA,NA,3192,357549,NA,NA,1981
"M13_SYNOHYPERTROPH","Synovial hypertrophy, not elsewhere classified","XIII Diseases of the musculoskeletal system and connective tissue (M13_)",NA,NA,NA,NA,NA,368,357549,NA,NA,1982
"M13_SYNOTEND","Disorders of synovium and tendon","XIII Diseases of the musculoskeletal system and connective tissue (M13_)",NA,NA,NA,NA,NA,28818,357549,NA,NA,1983
"M13_SYNOTENDINOTH","Disorders of synovium and tendon in diseases classified elsewhere","XIII Diseases of the musculoskeletal system and connective tissue (M13_)",NA,NA,NA,NA,NA,753,357549,NA,NA,1984
"M13_SYSTCONINOTH","Systemic disorders of connective tissue in diseases classified elsewhere","XIII Diseases of the musculoskeletal system and connective tissue (M13_)",NA,NA,NA,NA,NA,141,484260,NA,NA,1985
"M13_SYSTCONNECT","Systemic connective tissue disorders","XIII Diseases of the musculoskeletal system and connective tissue (M13_)",NA,NA,NA,NA,NA,16088,484260,NA,NA,1986
"M13_SYSTSLCE","Systemic sclerosis","XIII Diseases of the musculoskeletal system and connective tissue (M13_)",NA,NA,NA,NA,NA,854,484260,NA,NA,1987
"M13_TAKAYASU","Aortic arch syndrome [Takayasu]","XIII Diseases of the musculoskeletal system and connective tissue (M13_)",NA,NA,NA,NA,NA,68,484260,NA,NA,1988
"M13_TEMPARTERIT","Temporal arteritis","XIII Diseases of the musculoskeletal system and connective tissue (M13_)",NA,NA,NA,NA,NA,1225,484260,NA,NA,1989
"M13_TENDONCONTRACT","Oher contracture of tendon (sheath)","XIII Diseases of the musculoskeletal system and connective tissue (M13_)",NA,NA,NA,NA,NA,125,357549,NA,NA,1990
"M13_TENDOSYNOVITISNAS","Other/unspecified synovitis and tenosynovitis","XIII Diseases of the musculoskeletal system and connective tissue (M13_)",NA,NA,NA,NA,NA,5047,357549,NA,NA,1991
"M13_THORACISPINEPAIN","Pain in thoracic spine","XIII Diseases of the musculoskeletal system and connective tissue (M13_)",NA,NA,NA,NA,NA,6744,353224,NA,NA,1992
"M13_TIBIALCOLLATERAL","Tibial collateral bursitis [Pellegrini-Stieda]","XIII Diseases of the musculoskeletal system and connective tissue (M13_)",NA,NA,NA,NA,NA,391,353224,NA,NA,1993
"M13_TIETZE","Chondrocostal junction syndrome [Tietze]","XIII Diseases of the musculoskeletal system and connective tissue (M13_)",NA,NA,NA,NA,NA,1309,491365,NA,NA,1994
"M13_TOEDEFORMOTH","Other deformities of toe(s)","XIII Diseases of the musculoskeletal system and connective tissue (M13_)",NA,NA,NA,NA,NA,1310,315115,NA,NA,1995
"M13_TORTICOLLIS","Torticollis","XIII Diseases of the musculoskeletal system and connective tissue (M13_)",NA,NA,NA,NA,NA,643,353224,NA,NA,1996
"M13_TRIGGERFINGER","Trigger finger","XIII Diseases of the musculoskeletal system and connective tissue (M13_)",NA,NA,NA,NA,NA,6104,357549,NA,NA,1997
"M13_TROCHANTERICBURSITIS","Trochanteric bursitis","XIII Diseases of the musculoskeletal system and connective tissue (M13_)",NA,NA,NA,NA,NA,5646,357549,NA,NA,1998
"M13_VARUS","Varus deformity, not elsewhere classified","XIII Diseases of the musculoskeletal system and connective tissue (M13_)",NA,NA,NA,NA,NA,398,315115,NA,NA,1999
"M13_VERTEBCOLLAPSE","Collapsed vertebra, not elsewhere classified","XIII Diseases of the musculoskeletal system and connective tissue (M13_)",NA,NA,NA,NA,NA,266,353224,NA,NA,2000
"M13_VILLONODULAR","Villonodular synovitis (pigmented)","XIII Diseases of the musculoskeletal system and connective tissue (M13_)",NA,NA,NA,NA,NA,288,315115,NA,NA,2001
"M13_WEGENER","Wegener granulomatosis","XIII Diseases of the musculoskeletal system and connective tissue (M13_)",NA,NA,NA,NA,NA,537,484260,NA,NA,2002
"MACULAR_CYST","Macular cyst","VII Diseases of the eye and adnexa (H7_)",NA,NA,NA,NA,NA,807,455449,NA,NA,2003
"MACULAR_HOLE","Macular hole","VII Diseases of the eye and adnexa (H7_)",NA,NA,NA,NA,NA,1849,455449,NA,NA,2004
"MACULAR_PUCKER","Macular pucker","VII Diseases of the eye and adnexa (H7_)",NA,NA,NA,NA,NA,5315,455449,NA,NA,2005
"MACULA_NAS","Degenerative macular diseases","VII Diseases of the eye and adnexa (H7_)",NA,NA,NA,NA,NA,4683,455449,NA,NA,2006
"MACULA_NAS_ADVERSE","Degenerative macular diseases, drug-induced","VII Diseases of the eye and adnexa (H7_)",NA,NA,NA,NA,NA,124,500224,NA,NA,2007
"MATERNCAREFETUSALCO","Maternal care for (suspected) damage to fetus from alcohol","Alcohol related diseases",NA,NA,NA,NA,NA,114,500234,NA,NA,2008
"MEMLOSS","Memory loss","Neurological endpoints",NA,NA,NA,NA,NA,3377,472508,NA,NA,2009
"MENINGITIS","Meningitis","Comorbidities of Neurological endpoints",NA,NA,NA,NA,NA,1878,495910,NA,NA,2010
"MIGRAINE_TRIPTAN","Migraine, single triptan purchase ok & required. ICD-code if available is included","Neurological endpoints",NA,NA,NA,NA,NA,55116,445232,NA,NA,2011
"MIGRAINE_UNSPE","Migraine, unspecified, drug-induced","VI Diseases of the nervous system (G6_)",NA,NA,NA,NA,NA,250,500098,NA,NA,2012
"MUCOPROCT","Mucosal proctocolitis","Gastrointestinal endpoints",NA,NA,NA,NA,NA,5538,476577,NA,NA,2013
"MYCOBLUNGATYPICA","Atypical mycobacterium lung infection","Interstitial lung disease endpoints",NA,NA,NA,NA,NA,393,483164,NA,NA,2014
"MYELOPROF_NONCML","Myeloproliferative diseases (CML excluded)","Other, not yet classified endpoints (same as #MISC)",NA,NA,NA,NA,NA,2791,497256,NA,NA,2015
"N14_ABNORMALBLEED","Other abnormal uterine and vaginal bleeding","XIV Diseases of the genitourinary system (N14_)",NA,NA,NA,NA,NA,13509,130160,NA,NA,2016
"N14_ACUTENEPHRITIC","Acute nephritic syndrome","XIV Diseases of the genitourinary system (N14_)",NA,NA,NA,NA,NA,762,492922,NA,NA,2017
"N14_ACUTERENFAIL","Acute renal failure","XIV Diseases of the genitourinary system (N14_)",NA,NA,NA,NA,NA,8383,480448,NA,NA,2018
"N14_AMENORRHEAPRIM","Amenorrhoea","XIV Diseases of the genitourinary system (N14_)",NA,NA,NA,NA,NA,3123,130160,NA,NA,2019
"N14_ATROPHOV","Acquired atrophy of ovary and fallopian tube","XIV Diseases of the genitourinary system (N14_)",NA,NA,NA,NA,NA,101,130160,NA,NA,2020
"N14_BARTHOABSCESS","Abscess of Bartholin gland","XIV Diseases of the genitourinary system (N14_)",NA,NA,NA,NA,NA,997,250564,NA,NA,2021
"N14_BARTHOCYS","Cyst of Bartholin Gland","XIV Diseases of the genitourinary system (N14_)",NA,NA,NA,NA,NA,1428,250564,NA,NA,2022
"N14_BARTHOOTHNAS","Other and unspecified disease of Bartholin gland","XIV Diseases of the genitourinary system (N14_)",NA,NA,NA,NA,NA,1020,250564,NA,NA,2023
"N14_BENIGNMAMDYSP","Benign mammary dysplasia","XIV Diseases of the genitourinary system (N14_)",NA,NA,NA,NA,NA,5681,258508,NA,NA,2024
"N14_BREAST","Disorders of breast","XIV Diseases of the genitourinary system (N14_)",NA,NA,NA,NA,NA,23556,258508,NA,NA,2025
"N14_BREASTDISOTH","Other disorders of breast","XIV Diseases of the genitourinary system (N14_)",NA,NA,NA,NA,NA,5052,258508,NA,NA,2026
"N14_CALCUKIDUR","Calculus of kidney and ureter","XIV Diseases of the genitourinary system (N14_)",NA,NA,NA,NA,NA,12999,486185,NA,NA,2027
"N14_CALCULOWER","Calculus of lower urinary tract","XIV Diseases of the genitourinary system (N14_)",NA,NA,NA,NA,NA,1878,486185,NA,NA,2028
"N14_CERVICAL_DYSPLASIA_ALL","All dysplastic lesions of the cervix uteri","XIV Diseases of the genitourinary system (N14_)",NA,NA,NA,NA,NA,11576,270488,NA,NA,2029
"N14_CERVICAL_DYSPLASIA_NOS","Dysplastic lesion of unknown severity of the cervix uteri","XIV Diseases of the genitourinary system (N14_)",NA,NA,NA,NA,NA,358,281706,NA,NA,2030
"N14_CERVICAL_HSIL","HSIL lesion of the cervix uteri","XIV Diseases of the genitourinary system (N14_)",NA,NA,NA,NA,NA,7856,274208,NA,NA,2031
"N14_CERVICAL_LSIL","LSIL lesion of the cervix uteri","XIV Diseases of the genitourinary system (N14_)",NA,NA,NA,NA,NA,4655,277409,NA,NA,2032
"N14_CHRONEPHROPATH","Chronic nephritic syndrome","XIV Diseases of the genitourinary system (N14_)",NA,NA,NA,NA,NA,1438,492922,NA,NA,2033
"N14_CHRONKIDNEYDIS","Chronic kidney disease","XIV Diseases of the genitourinary system (N14_)",NA,NA,NA,NA,NA,12787,480448,NA,NA,2034
"N14_CHRONTUBULOINTNEPHRITIS","Chronic tubulo-interstitial nephritis","XIV Diseases of the genitourinary system (N14_)",NA,NA,NA,NA,NA,1494,447142,NA,NA,2035
"N14_CYSTITIS","Cystitis","XIV Diseases of the genitourinary system (N14_)",NA,NA,NA,NA,NA,61460,403328,NA,NA,2036
"N14_CYSTKID","Cyst of kidney","XIV Diseases of the genitourinary system (N14_)",NA,NA,NA,NA,NA,2377,495511,NA,NA,2037
"N14_DIALYSIS","Dialysis","XIV Diseases of the genitourinary system (N14_)",NA,NA,NA,NA,NA,1432,480448,NA,NA,2038
"N14_DISIMPAIRRENTUB","Disorders resulting from impaired renal tubular function","XIV Diseases of the genitourinary system (N14_)",NA,NA,NA,NA,NA,1186,495511,NA,NA,2039
"N14_DRUGSANDHEAVYMETAL","Drug- and heavy-metal-induced tubulo-interstitial and tubular conditions","XIV Diseases of the genitourinary system (N14_)",NA,NA,NA,NA,NA,95,447142,NA,NA,2040
"N14_ENDOMETRIOSIS","Endometriosis","XIV Diseases of the genitourinary system (N14_)",NA,NA,NA,NA,NA,20190,130160,NA,NA,2041
"N14_ENDOMETRIOSIS_ASRM_STAGE3_4","Endometriosis ASRM stages 3,4","XIV Diseases of the genitourinary system (N14_)",NA,NA,NA,NA,NA,10127,271937,NA,NA,2042
"N14_ENDOMETRIOSIS_DEEP","Deep endometriosis","XIV Diseases of the genitourinary system (N14_)",NA,NA,NA,NA,NA,3806,271937,NA,NA,2043
"N14_ENDOMETRIOSIS_FALLOPIAN_TUBE","Endometriosis of fallopian tube","XIV Diseases of the genitourinary system (N14_)",NA,NA,NA,NA,NA,280,130160,NA,NA,2044
"N14_ENDOMETRIOSIS_INTESTINE","Endometriosis of intestine","XIV Diseases of the genitourinary system (N14_)",NA,NA,NA,NA,NA,617,130160,NA,NA,2045
"N14_ENDOMETRIOSIS_NOS","Unspecified/other endometriosis","XIV Diseases of the genitourinary system (N14_)",NA,NA,NA,NA,NA,4152,130160,NA,NA,2046
"N14_ENDOMETRIOSIS_OVARY","Endometriosis of ovary","XIV Diseases of the genitourinary system (N14_)",NA,NA,NA,NA,NA,7878,130160,NA,NA,2047
"N14_ENDOMETRIOSIS_PELVICPERITONEUM","Endometriosis of pelvic peritoneum","XIV Diseases of the genitourinary system (N14_)",NA,NA,NA,NA,NA,7617,130160,NA,NA,2048
"N14_ENDOMETRIOSIS_RECTPVAGSEPT_VAGINA","Endometriosis of rectovaginal septum and vagina","XIV Diseases of the genitourinary system (N14_)",NA,NA,NA,NA,NA,3226,130160,NA,NA,2049
"N14_ENDOMETRIOSIS_SKIN_SCAR","Endometriosis in cutaneous scar","XIV Diseases of the genitourinary system (N14_)",NA,NA,NA,NA,NA,118,130160,NA,NA,2050
"N14_ENDOMETRIOSIS_UTERUS","Adenomyosis (Endometriosis of uterus)","XIV Diseases of the genitourinary system (N14_)",NA,NA,NA,NA,NA,5673,130160,NA,NA,2051
"N14_ENDOMET_INFERT","Endometriosis diagnosis and infertility diagnosis occurring together","XIV Diseases of the genitourinary system (N14_)",NA,NA,NA,NA,NA,4413,268626,NA,NA,2052
"N14_EROSECTROPUT","Erosion and ectropion of cervix uteri","XIV Diseases of the genitourinary system (N14_)",NA,NA,NA,NA,NA,1072,130160,NA,NA,2053
"N14_FEMALEGENINF","Inflammatory diseases of female pelvic organs","XIV Diseases of the genitourinary system (N14_)",NA,NA,NA,NA,NA,31500,250564,NA,NA,2054
"N14_FEMALEGENNONINF","Noninflammatory disorders of female genital tract","XIV Diseases of the genitourinary system (N14_)",NA,NA,NA,NA,NA,151904,130160,NA,NA,2055
"N14_FEMALEINFERT","Female infertility","XIV Diseases of the genitourinary system (N14_)",NA,NA,NA,NA,NA,18189,130160,NA,NA,2056
"N14_FEMALE_GENITAL_DYSPLASIA_ALL","All dysplastic lesions of the cervix uteri, vagina or vulva","XIV Diseases of the genitourinary system (N14_)",NA,NA,NA,NA,NA,13239,268825,NA,NA,2057
"N14_FEMALE_GENITAL_DYSPLASIA_NOS","Dysplastic lesion of unknown severity in the cervix uteri, vagina or vulva","XIV Diseases of the genitourinary system (N14_)",NA,NA,NA,NA,NA,446,281618,NA,NA,2058
"N14_FEMALE_GENITAL_HSIL","HSIL lesion of the cervix uteri, vagina or vulva","XIV Diseases of the genitourinary system (N14_)",NA,NA,NA,NA,NA,8608,273456,NA,NA,2059
"N14_FEMALE_GENITAL_LSIL","LSIL lesion of the cervix uteri, vagina or vulva","XIV Diseases of the genitourinary system (N14_)",NA,NA,NA,NA,NA,5877,276187,NA,NA,2060
"N14_FEMGENFISTUL","Fistulae involving female genital tract","XIV Diseases of the genitourinary system (N14_)",NA,NA,NA,NA,NA,571,130160,NA,NA,2061
"N14_FEMGENPAIN","Pain and other conditions associated with female genital organs and menstrual cycle","XIV Diseases of the genitourinary system (N14_)",NA,NA,NA,NA,NA,9904,130160,NA,NA,2062
"N14_FEMGENPROL","Female genital prolapse","XIV Diseases of the genitourinary system (N14_)",NA,NA,NA,NA,NA,23074,130160,NA,NA,2063
"N14_FEMPELINFINOTH","Female pelvic inflammatory disorders in diseases classified elsewhere","XIV Diseases of the genitourinary system (N14_)",NA,NA,NA,NA,NA,133,250564,NA,NA,2064
"N14_FIANOV","Female infertility, associated with anovulation","XIV Diseases of the genitourinary system (N14_)",NA,NA,NA,NA,NA,3617,130160,NA,NA,2065
"N14_FIOTHNAS","Female infertility, cervigal, vaginal, other or unspecified origin","XIV Diseases of the genitourinary system (N14_)",NA,NA,NA,NA,NA,15336,130160,NA,NA,2066
"N14_FITUB","Female infertility, tubal origin","XIV Diseases of the genitourinary system (N14_)",NA,NA,NA,NA,NA,2038,130160,NA,NA,2067
"N14_FIUTERINE","Female infertility, uterine origin","XIV Diseases of the genitourinary system (N14_)",NA,NA,NA,NA,NA,147,130160,NA,NA,2068
"N14_GALACTORRHEA","Galactorrhea","XIV Diseases of the genitourinary system (N14_)",NA,NA,NA,NA,NA,366,258508,NA,NA,2069
"N14_GENITOUROTH","Other disorders of the genitourinary system","XIV Diseases of the genitourinary system (N14_)",NA,NA,NA,NA,NA,4858,495490,NA,NA,2070
"N14_GLOMEINOTH","Glomerular disorders in diseases classified elsewhere","XIV Diseases of the genitourinary system (N14_)",NA,NA,NA,NA,NA,4446,492922,NA,NA,2071
"N14_GLOMERULAR","Glomerular diseases","XIV Diseases of the genitourinary system (N14_)",NA,NA,NA,NA,NA,7426,492922,NA,NA,2072
"N14_GLOMER_NEPHRITIS","Glomerulonephritis","XIV Diseases of the genitourinary system (N14_)",NA,NA,NA,NA,NA,3905,496443,NA,NA,2073
"N14_HABITABORT","Habitual aborter","XIV Diseases of the genitourinary system (N14_)",NA,NA,NA,NA,NA,811,130160,NA,NA,2074
"N14_HENOCHSCHONLEIN_NEPHRITIS","Henoch-Schönlein purpura nephritis (HSPN)","XIV Diseases of the genitourinary system (N14_)",NA,NA,NA,NA,NA,126,500222,NA,NA,2075
"N14_HYDROCELE","Hydrocele","XIV Diseases of the genitourinary system (N14_)",NA,NA,NA,NA,NA,5108,153573,NA,NA,2076
"N14_HYDRONEPHR","Hydronephrosis","XIV Diseases of the genitourinary system (N14_)",NA,NA,NA,NA,NA,4509,447142,NA,NA,2077
"N14_HYPERTROPHYBREAST","Hypertrophy of breast","XIV Diseases of the genitourinary system (N14_)",NA,NA,NA,NA,NA,7272,258508,NA,NA,2078
"N14_IGA_NEPHROPATHY","IgA nephropathy (IgA glomerulonephritis)","XIV Diseases of the genitourinary system (N14_)",NA,NA,NA,NA,NA,822,499526,NA,NA,2079
"N14_IMPOTENCE","Impotence","XIV Diseases of the genitourinary system (N14_)",NA,NA,NA,NA,NA,1919,153573,NA,NA,2080
"N14_INFCERVIX","Inflammatory disease of cervix uteri","XIV Diseases of the genitourinary system (N14_)",NA,NA,NA,NA,NA,2426,250564,NA,NA,2081
"N14_INFLAMALEGEN","Inflammatory disorders of male genital organs, not elsewhere classified","XIV Diseases of the genitourinary system (N14_)",NA,NA,NA,NA,NA,484,153573,NA,NA,2082
"N14_INFLAMMBREAST","Inflammatory disorders of breast","XIV Diseases of the genitourinary system (N14_)",NA,NA,NA,NA,NA,2468,258508,NA,NA,2083
"N14_INFLUTH","Inflammatory disease of uterus","XIV Diseases of the genitourinary system (N14_)",NA,NA,NA,NA,NA,6060,250564,NA,NA,2084
"N14_ISOLPROTEINURIA","Isolated proteinuria with specified morphological lesion","XIV Diseases of the genitourinary system (N14_)",NA,NA,NA,NA,NA,380,492922,NA,NA,2085
"N14_KIDUROTH","Other disorders of kidney and ureter","XIV Diseases of the genitourinary system (N14_)",NA,NA,NA,NA,NA,4837,495511,NA,NA,2086
"N14_LUMPNASBREAST","Unspecified lump in breast","XIV Diseases of the genitourinary system (N14_)",NA,NA,NA,NA,NA,6394,258508,NA,NA,2087
"N14_MAEMABROAD","Haematosalpinx/Haematoma of broad ligament","XIV Diseases of the genitourinary system (N14_)",NA,NA,NA,NA,NA,65,130160,NA,NA,2088
"N14_MALEGEN","Diseases of male genital organs","XIV Diseases of the genitourinary system (N14_)",NA,NA,NA,NA,NA,64711,153573,NA,NA,2089
"N14_MALEGENINOTH","Disorders of male genital organs in diseases classified elsewhere","XIV Diseases of the genitourinary system (N14_)",NA,NA,NA,NA,NA,215,153573,NA,NA,2090
"N14_MALEINFERT","Male infertility","XIV Diseases of the genitourinary system (N14_)",NA,NA,NA,NA,NA,1852,153573,NA,NA,2091
"N14_MENOPAUSOT","Other menopausal disorders","XIV Diseases of the genitourinary system (N14_)",NA,NA,NA,NA,NA,24386,130160,NA,NA,2092
"N14_MENSIRREG","Irregular menses","XIV Diseases of the genitourinary system (N14_)",NA,NA,NA,NA,NA,24344,239434,NA,NA,2093
"N14_NEPHRITICNAS","Unspecified nephritic syndrome","XIV Diseases of the genitourinary system (N14_)",NA,NA,NA,NA,NA,798,492922,NA,NA,2094
"N14_NEPHROPATHYHER","Hereditary nephropathy, not elsewhere classified","XIV Diseases of the genitourinary system (N14_)",NA,NA,NA,NA,NA,94,492922,NA,NA,2095
"N14_NEPHROTICSYND","Nephrotic syndrome","XIV Diseases of the genitourinary system (N14_)",NA,NA,NA,NA,NA,1106,492922,NA,NA,2096
"N14_NEUROMUSCDYSBLADD","Neuromuscular dysfunction of bladder","XIV Diseases of the genitourinary system (N14_)",NA,NA,NA,NA,NA,3550,403328,NA,NA,2097
"N14_OBSTRUREFLUROPATH","Other obstructive and reflux uropathy","XIV Diseases of the genitourinary system (N14_)",NA,NA,NA,NA,NA,1755,447142,NA,NA,2098
"N14_OLIGOMEN","Oligomenorrhoea","XIV Diseases of the genitourinary system (N14_)",NA,NA,NA,NA,NA,1445,130160,NA,NA,2099
"N14_ORHCEPINDIDYMITIS","Orchitis and epididymitis","XIV Diseases of the genitourinary system (N14_)",NA,NA,NA,NA,NA,3741,153573,NA,NA,2100
"N14_OTHBLADD","Other disorders of  bladder","XIV Diseases of the genitourinary system (N14_)",NA,NA,NA,NA,NA,4699,403328,NA,NA,2101
"N14_OTHDISMALEGEN","Other disorders of male genital organs","XIV Diseases of the genitourinary system (N14_)",NA,NA,NA,NA,NA,1425,153573,NA,NA,2102
"N14_OTHETNASKIDUR","Other specified disorders of kidney and ureter","XIV Diseases of the genitourinary system (N14_)",NA,NA,NA,NA,NA,1170,495511,NA,NA,2103
"N14_OTHFEMPELINF","Other female pelvic inflammatory diseases","XIV Diseases of the genitourinary system (N14_)",NA,NA,NA,NA,NA,6793,250564,NA,NA,2104
"N14_OTHINFVAGVULV","Other inflammation of vagina/vulva","XIV Diseases of the genitourinary system (N14_)",NA,NA,NA,NA,NA,1382,250564,NA,NA,2105
"N14_OTHNONINFCERVIX","Other noninflammatory disorders of cervix uteri","XIV Diseases of the genitourinary system (N14_)",NA,NA,NA,NA,NA,1865,130160,NA,NA,2106
"N14_OTHNONINFOVA","Other and unspecified noninflammatory disorders of ovary, fallopian tube and broad ligament","XIV Diseases of the genitourinary system (N14_)",NA,NA,NA,NA,NA,1079,130160,NA,NA,2107
"N14_OTHNONINFUTER","Other noninflammatory disorders of uterus, except cervix","XIV Diseases of the genitourinary system (N14_)",NA,NA,NA,NA,NA,11466,130160,NA,NA,2108
"N14_OTHNONINFVAG","Other noninflammatory disorders of vagina","XIV Diseases of the genitourinary system (N14_)",NA,NA,NA,NA,NA,3250,130160,NA,NA,2109
"N14_OTHNONINFVULV","Other noninflammatory disorders of vulva and perineum","XIV Diseases of the genitourinary system (N14_)",NA,NA,NA,NA,NA,3879,130160,NA,NA,2110
"N14_OTHPENIS","Other disorders of penis","XIV Diseases of the genitourinary system (N14_)",NA,NA,NA,NA,NA,3777,153573,NA,NA,2111
"N14_OVARTORS","Torsion of ovary, ovarian pedicle and fallopian tube","XIV Diseases of the genitourinary system (N14_)",NA,NA,NA,NA,NA,881,130160,NA,NA,2112
"N14_OVARYCYST","Ovarian cyst","XIV Diseases of the genitourinary system (N14_)",NA,NA,NA,NA,NA,28358,130160,NA,NA,2113
"N14_OVAR_HYPERSTIM","Ovarian hyperstimulation (induction)","XIV Diseases of the genitourinary system (N14_)",NA,NA,NA,NA,NA,614,263875,NA,NA,2114
"N14_PHIMOSIS","Redundant prepuce, phimosis and paraphimosis","XIV Diseases of the genitourinary system (N14_)",NA,NA,NA,NA,NA,9687,153573,NA,NA,2115
"N14_POLYPFEMGEN","Polyp of the female genital tract","XIV Diseases of the genitourinary system (N14_)",NA,NA,NA,NA,NA,19618,130160,NA,NA,2116
"N14_POSTMENATRVAG","Postmenopausal atrophic vaginitis","XIV Diseases of the genitourinary system (N14_)",NA,NA,NA,NA,NA,12046,130160,NA,NA,2117
"N14_POSTMENBLEED","Postmenopausal bleeding","XIV Diseases of the genitourinary system (N14_)",NA,NA,NA,NA,NA,16009,130160,NA,NA,2118
"N14_PREMENSTSYNDROM","Premenstrual syndrome","XIV Diseases of the genitourinary system (N14_)",NA,NA,NA,NA,NA,423,130160,NA,NA,2119
"N14_PROHERNOV","Prolapse and hernia of ovary and fallopian tube","XIV Diseases of the genitourinary system (N14_)",NA,NA,NA,NA,NA,1506,130160,NA,NA,2120
"N14_PROSTAOTH","Other disorders of prostate","XIV Diseases of the genitourinary system (N14_)",NA,NA,NA,NA,NA,1307,153573,NA,NA,2121
"N14_PROSTATITIS","Inflammatory diseases of prostate (prostatitis)","XIV Diseases of the genitourinary system (N14_)",NA,NA,NA,NA,NA,5255,153573,NA,NA,2122
"N14_PROSTHYPERPLA","Hyperplasia of prostate","XIV Diseases of the genitourinary system (N14_)",NA,NA,NA,NA,NA,41137,153573,NA,NA,2123
"N14_PYELONEPHR","Acute tubulo-interstitial nephritis","XIV Diseases of the genitourinary system (N14_)",NA,NA,NA,NA,NA,33228,447142,NA,NA,2124
"N14_RAPIDPROGNEPHRITIC","Rapidly progressive nephritic syndrome","XIV Diseases of the genitourinary system (N14_)",NA,NA,NA,NA,NA,77,492922,NA,NA,2125
"N14_RECURANDPERHEAMATUR","Recurrent and persistent haematuria","XIV Diseases of the genitourinary system (N14_)",NA,NA,NA,NA,NA,285,492922,NA,NA,2126
"N14_RENALCOLNAS","Unspecified renal colic","XIV Diseases of the genitourinary system (N14_)",NA,NA,NA,NA,NA,207,486185,NA,NA,2127
"N14_RENALTUB","Renal tubulo-interstitial diseases","XIV Diseases of the genitourinary system (N14_)",NA,NA,NA,NA,NA,53206,447142,NA,NA,2128
"N14_RENALTUBULOINOTH","Renal tubulo-interstitial disorders in diseases classified elsewhere","XIV Diseases of the genitourinary system (N14_)",NA,NA,NA,NA,NA,328,447142,NA,NA,2129
"N14_RENALTUBULOOTH","Other renal tubulo-interstitial diseases","XIV Diseases of the genitourinary system (N14_)",NA,NA,NA,NA,NA,874,447142,NA,NA,2130
"N14_RENFAIL","Renal failure","XIV Diseases of the genitourinary system (N14_)",NA,NA,NA,NA,NA,19900,480448,NA,NA,2131
"N14_RENFAILNAS","Unspecified kidney failure","XIV Diseases of the genitourinary system (N14_)",NA,NA,NA,NA,NA,3743,480448,NA,NA,2132
"N14_SALPHOOPH","Salpingitis and oophoritis","XIV Diseases of the genitourinary system (N14_)",NA,NA,NA,NA,NA,7538,250564,NA,NA,2133
"N14_SMALLKIDNEY","Small kidney of unknown cause","XIV Diseases of the genitourinary system (N14_)",NA,NA,NA,NA,NA,78,495511,NA,NA,2134
"N14_SPERMATOCELE","Spermatocele","XIV Diseases of the genitourinary system (N14_)",NA,NA,NA,NA,NA,3014,153573,NA,NA,2135
"N14_TORSIOTEST","Torsion of testis","XIV Diseases of the genitourinary system (N14_)",NA,NA,NA,NA,NA,778,153573,NA,NA,2136
"N14_TUBULOINTNEPHRNAS","Tubulo-interstitial nephritis, not specified as acute or chronic","XIV Diseases of the genitourinary system (N14_)",NA,NA,NA,NA,NA,2844,447142,NA,NA,2137
"N14_ULCERVAGVUL","Ulcer of vagina/vulva","XIV Diseases of the genitourinary system (N14_)",NA,NA,NA,NA,NA,868,250564,NA,NA,2138
"N14_UNSPECKIDCONTR","Unspecified contracted kidney","XIV Diseases of the genitourinary system (N14_)",NA,NA,NA,NA,NA,193,495511,NA,NA,2139
"N14_URETHRALSTRICT","Urethral stricture","XIV Diseases of the genitourinary system (N14_)",NA,NA,NA,NA,NA,2132,403328,NA,NA,2140
"N14_URETHRAOTH","Other disorders of urethra and urinary system","XIV Diseases of the genitourinary system (N14_)",NA,NA,NA,NA,NA,46125,403328,NA,NA,2141
"N14_URETHRITISANDURSYNDR","Urethritis and urethral syndrome","XIV Diseases of the genitourinary system (N14_)",NA,NA,NA,NA,NA,815,403328,NA,NA,2142
"N14_URINOTH","Other diseases of urinary system","XIV Diseases of the genitourinary system (N14_)",NA,NA,NA,NA,NA,97020,403328,NA,NA,2143
"N14_UTER_POLYP","Uterine polyps","XIV Diseases of the genitourinary system (N14_)",NA,NA,NA,NA,NA,3935,130160,NA,NA,2144
"N14_VAGINAL_DYSPLASIA_ALL","All dysplastic lesions of the vagina","XIV Diseases of the genitourinary system (N14_)",NA,NA,NA,NA,NA,915,281149,NA,NA,2145
"N14_VAGINAL_HSIL","HSIL lesion of the vagina","XIV Diseases of the genitourinary system (N14_)",NA,NA,NA,NA,NA,468,281596,NA,NA,2146
"N14_VAGINAL_LSIL","LSIL lesion of the vagina","XIV Diseases of the genitourinary system (N14_)",NA,NA,NA,NA,NA,499,281565,NA,NA,2147
"N14_VAGINITIS","Vaginitis/vulvovaginitis/vulvitis/abscess of vulva","XIV Diseases of the genitourinary system (N14_)",NA,NA,NA,NA,NA,7279,250564,NA,NA,2148
"N14_VULVAL_DYSPLASIA_ALL","All dysplastic lesions of the vulva","XIV Diseases of the genitourinary system (N14_)",NA,NA,NA,NA,NA,1554,280510,NA,NA,2149
"N14_VULVAL_DYSPLASIA_NOS","Dysplastic lesion of the vulva of unknown severity","XIV Diseases of the genitourinary system (N14_)",NA,NA,NA,NA,NA,52,282012,NA,NA,2150
"N14_VULVAL_LSIL","LSIL lesion of the vulva","XIV Diseases of the genitourinary system (N14_)",NA,NA,NA,NA,NA,1047,281017,NA,NA,2151
"N14_VULVOVAGINFINOTH","Vulvovaginal ulceration/inflammation in other diseases","XIV Diseases of the genitourinary system (N14_)",NA,NA,NA,NA,NA,2320,250564,NA,NA,2152
"NAFLD","Nonalcoholic fatty liver disease","Gastrointestinal endpoints",NA,NA,NA,NA,NA,3504,496844,NA,NA,2153
"NECROVASC_FG","Other necrotizing vasculopathies (FG)","Rheuma endpoints",NA,NA,NA,NA,NA,2250,374317,NA,NA,2154
"NEPHROP_INDUCED_OTHER_DRUGS_MEDICAM_BIOLO_SUBST","Nephropathy induced by other drugs, medicaments and biological substances","XIV Diseases of the genitourinary system (N14_)",NA,NA,NA,NA,NA,56,500292,NA,NA,2155
"NEURODEGOTH","Other degenerative diseases of the nervous system","Comorbidities of Gastrointestinal endpoints",NA,NA,NA,NA,NA,19083,272129,NA,NA,2156
"NIV","Non-invasive ventilation","Interstitial lung disease endpoints",NA,NA,NA,NA,NA,10936,211497,NA,NA,2157
"NONALLERG_ASTHMA_EXMORE","Non-allergic asthma (mode) (more control exclusions)","Asthma and related endpoints",NA,NA,NA,NA,NA,9758,259839,NA,NA,2158
"O15_ABORT_FAILED","Failed attempted abortion","XV Pregnancy, childbirth and the puerperium (O15_)",NA,NA,NA,NA,NA,453,199279,NA,NA,2159
"O15_ABORT_MEDICAL","Medical abortion","XV Pregnancy, childbirth and the puerperium (O15_)",NA,NA,NA,NA,NA,48485,199279,NA,NA,2160
"O15_ABORT_OTHER","Other abortion","XV Pregnancy, childbirth and the puerperium (O15_)",NA,NA,NA,NA,NA,301,199279,NA,NA,2161
"O15_ABORT_SPONTAN","Spontaneous abortion","XV Pregnancy, childbirth and the puerperium (O15_)",NA,NA,NA,NA,NA,23167,199279,NA,NA,2162
"O15_ABORT_UNS","Unspecified abortion","XV Pregnancy, childbirth and the puerperium (O15_)",NA,NA,NA,NA,NA,1965,199279,NA,NA,2163
"O15_AMNIOT_OTHER","Other disorders of amniotic fluid and membranes","XV Pregnancy, childbirth and the puerperium (O15_)",NA,NA,NA,NA,NA,6066,221186,NA,NA,2164
"O15_ANTENAT_ABNORM","Abnormal findings on antenatal screening of mother","XV Pregnancy, childbirth and the puerperium (O15_)",NA,NA,NA,NA,NA,3609,237906,NA,NA,2165
"O15_BIRTH_BREAT_INFECT","Infections of breast associated with childbirth","XV Pregnancy, childbirth and the puerperium (O15_)",NA,NA,NA,NA,NA,1398,270228,NA,NA,2166
"O15_BREAST_LACT_OTHER_DIS","Other disorders of breast and lactation associated with childbirth","XV Pregnancy, childbirth and the puerperium (O15_)",NA,NA,NA,NA,NA,652,270228,NA,NA,2167
"O15_COMPLIC_ABORT_ECTOP_MOLAR","Complications following abortion and ectopic and molar pregnancy","XV Pregnancy, childbirth and the puerperium (O15_)",NA,NA,NA,NA,NA,1274,199279,NA,NA,2168
"O15_COMPLIC_LAB_DELIV","Complications of labour and delivery","XV Pregnancy, childbirth and the puerperium (O15_)",NA,NA,NA,NA,NA,67139,214925,NA,NA,2169
"O15_COMPLIC_PUERP","Complications predominantly related to the puerperium","XV Pregnancy, childbirth and the puerperium (O15_)",NA,NA,NA,NA,NA,11836,270228,NA,NA,2170
"O15_CONCEPT_ABNORM","Other abnormal products of conception","XV Pregnancy, childbirth and the puerperium (O15_)",NA,NA,NA,NA,NA,16633,199279,NA,NA,2171
"O15_DELIV_CAESAR","Single delivery by caesarean section","XV Pregnancy, childbirth and the puerperium (O15_)",NA,NA,NA,NA,NA,18567,119890,NA,NA,2172
"O15_DELIV_FORCEP_VAC","Single delivery by forceps and vacuum extractor","XV Pregnancy, childbirth and the puerperium (O15_)",NA,NA,NA,NA,NA,11333,119890,NA,NA,2173
"O15_DELIV_MULTIP","Multiple delivery","XV Pregnancy, childbirth and the puerperium (O15_)",NA,NA,NA,NA,NA,3271,119890,NA,NA,2174
"O15_DELIV_OTHER_ASSIST","Other assisted single delivery","XV Pregnancy, childbirth and the puerperium (O15_)",NA,NA,NA,NA,NA,628,119890,NA,NA,2175
"O15_DELIV_PERIN_LACER","Perineal laceration during delivery","XV Pregnancy, childbirth and the puerperium (O15_)",NA,NA,NA,NA,NA,7500,214925,NA,NA,2176
"O15_DELIV_SPONT","Single spontaneous delivery","XV Pregnancy, childbirth and the puerperium (O15_)",NA,NA,NA,NA,NA,144966,119890,NA,NA,2177
"O15_ECLAMPSIA","Eclampsia","XV Pregnancy, childbirth and the puerperium (O15_)",NA,NA,NA,NA,NA,88,259313,NA,NA,2178
"O15_EXCESS_VOMIT_PREG","Excessive vomiting in pregnancy","XV Pregnancy, childbirth and the puerperium (O15_)",NA,NA,NA,NA,NA,3329,237906,NA,NA,2179
"O15_EXIST_HYPERT_COMPLIC","Pre-existing hypertension complicating pregnancy, childbirth and the puerperium","XV Pregnancy, childbirth and the puerperium (O15_)",NA,NA,NA,NA,NA,3174,259313,NA,NA,2180
"O15_FAILED_INDUCT","Failed induction of labour","XV Pregnancy, childbirth and the puerperium (O15_)",NA,NA,NA,NA,NA,2255,214925,NA,NA,2181
"O15_FALSE_LAB","False labour","XV Pregnancy, childbirth and the puerperium (O15_)",NA,NA,NA,NA,NA,21029,221186,NA,NA,2182
"O15_GESTAT_HYPERT","Gestational [pregnancy-induced] hypertension","XV Pregnancy, childbirth and the puerperium (O15_)",NA,NA,NA,NA,NA,12050,259313,NA,NA,2183
"O15_GESTAT_OEDEM_PREINUR","Gestational [pregnancy-induced] oedema and proteinuria without hypertension","XV Pregnancy, childbirth and the puerperium (O15_)",NA,NA,NA,NA,NA,3491,259313,NA,NA,2184
"O15_HAEMORRH_EARLY_PREG","Haemorrhage in early pregnancy","XV Pregnancy, childbirth and the puerperium (O15_)",NA,NA,NA,NA,NA,13013,237906,NA,NA,2185
"O15_HYPTENSPREG","Pregnancy hypertension","XV Pregnancy, childbirth and the puerperium (O15_)",NA,NA,NA,NA,NA,20405,261659,NA,NA,2186
"O15_ICP_EXMORE","Intrahepatic Cholestasis of Pregnancy (ICP)  (more control exclusions)","XV Pregnancy, childbirth and the puerperium (O15_)",NA,NA,NA,NA,NA,2853,177289,NA,NA,2187
"O15_ICP_WIDE","Intrahepatic Cholestasis of Pregnancy (ICP) , incl. ICD-8","XV Pregnancy, childbirth and the puerperium (O15_)",NA,NA,NA,NA,NA,3482,278582,NA,NA,2188
"O15_ICP_WIDE_EXMORE","Intrahepatic Cholestasis of Pregnancy (ICP) , incl. ICD-8 (more control exclusions)","XV Pregnancy, childbirth and the puerperium (O15_)",NA,NA,NA,NA,NA,3482,176660,NA,NA,2189
"O15_LABOUR_ABNORM_FORCES","Abnormalities of forces of labour","XV Pregnancy, childbirth and the puerperium (O15_)",NA,NA,NA,NA,NA,4378,214925,NA,NA,2190
"O15_LABOUR_ANEST_COMPLIC","Complications of anaesthesia during labour and delivery","XV Pregnancy, childbirth and the puerperium (O15_)",NA,NA,NA,NA,NA,137,214925,NA,NA,2191
"O15_LABOUR_FETAL_STRESS","Labour and delivery complicated by fetal stress [distress]","XV Pregnancy, childbirth and the puerperium (O15_)",NA,NA,NA,NA,NA,12168,214925,NA,NA,2192
"O15_LABOUR_INTRAPART_HAEMORRH","Labour and delivery complicated by intrapartum haemorrhage, not elsewhere classified","XV Pregnancy, childbirth and the puerperium (O15_)",NA,NA,NA,NA,NA,1896,214925,NA,NA,2193
"O15_LABOUR_LONG","Long labour","XV Pregnancy, childbirth and the puerperium (O15_)",NA,NA,NA,NA,NA,11260,214925,NA,NA,2194
"O15_LABOUR_MALPOS","Obstructed labour due to malposition and malpresentation of fetus","XV Pregnancy, childbirth and the puerperium (O15_)",NA,NA,NA,NA,NA,10484,214925,NA,NA,2195
"O15_LABOUR_OTHER","Other complications of labour and delivery, not elsewhere classified","XV Pregnancy, childbirth and the puerperium (O15_)",NA,NA,NA,NA,NA,4944,214925,NA,NA,2196
"O15_LABOUR_PELVIC_ABNORM","Obstructed labour due to maternal pelvic abnormality","XV Pregnancy, childbirth and the puerperium (O15_)",NA,NA,NA,NA,NA,6313,214925,NA,NA,2197
"O15_LABOUR_UMBILICAL","Labour and delivery complicated by umbilical cord complications","XV Pregnancy, childbirth and the puerperium (O15_)",NA,NA,NA,NA,NA,1975,214925,NA,NA,2198
"O15_MATERN_CARE","Maternal care related to the fetus and amniotic cavity and possible delivery problems","XV Pregnancy, childbirth and the puerperium (O15_)",NA,NA,NA,NA,NA,60878,221186,NA,NA,2199
"O15_MATERN_CARE_CERVICAL_INCOMPETENCE","Maternal care for cervical incompetence","XV Pregnancy, childbirth and the puerperium (O15_)",NA,NA,NA,NA,NA,1428,268921,NA,NA,2200
"O15_MATERN_CARE_DISPROP","Maternal care for known or suspected disproportion","XV Pregnancy, childbirth and the puerperium (O15_)",NA,NA,NA,NA,NA,1736,221186,NA,NA,2201
"O15_MATERN_CARE_FETAL_ABNORM","Maternal care for known or suspected fetal abnormality and damage","XV Pregnancy, childbirth and the puerperium (O15_)",NA,NA,NA,NA,NA,7051,221186,NA,NA,2202
"O15_MATERN_CARE_OTHER","Maternal care for other known or suspected fetal problems","XV Pregnancy, childbirth and the puerperium (O15_)",NA,NA,NA,NA,NA,14538,221186,NA,NA,2203
"O15_MATERN_CARE_PELVIC_ABNORM","Maternal care for known or suspected abnormality of pelvic organs","XV Pregnancy, childbirth and the puerperium (O15_)",NA,NA,NA,NA,NA,13143,221186,NA,NA,2204
"O15_MATERN_HYPERT_UNS","Unspecified maternal hypertension","XV Pregnancy, childbirth and the puerperium (O15_)",NA,NA,NA,NA,NA,426,259313,NA,NA,2205
"O15_MATERN_INFECT_ELSEWHERE","Maternal infectious and parasitic diseases classifiable elsewhere but complicating pregnancy, childbirth and  the puerperium","XV Pregnancy, childbirth and the puerperium (O15_)",NA,NA,NA,NA,NA,743,263245,NA,NA,2206
"O15_MEMBR_PREMAT_RUPT","Premature rupture of membranes","XV Pregnancy, childbirth and the puerperium (O15_)",NA,NA,NA,NA,NA,10408,221186,NA,NA,2207
"O15_MULTIP_GEST","Multiple gestation","XV Pregnancy, childbirth and the puerperium (O15_)",NA,NA,NA,NA,NA,3921,221186,NA,NA,2208
"O15_MULTIP_GEST_COMPLIC","Complications specific to multiple gestation","XV Pregnancy, childbirth and the puerperium (O15_)",NA,NA,NA,NA,NA,144,221186,NA,NA,2209
"O15_OBSTET_TRAUMA_OTHER","Other obstetric trauma","XV Pregnancy, childbirth and the puerperium (O15_)",NA,NA,NA,NA,NA,2104,214925,NA,NA,2210
"O15_OTHER_MATERN_DIS_ELSEWHERE","Other maternal diseases classifiable elsewhere but complicating pregnancy, childbirth and the puerperium","XV Pregnancy, childbirth and the puerperium (O15_)",NA,NA,NA,NA,NA,18286,263245,NA,NA,2211
"O15_PLAC_DISORD","Placental disorders","XV Pregnancy, childbirth and the puerperium (O15_)",NA,NA,NA,NA,NA,333,221186,NA,NA,2212
"O15_PLAC_PRAEVIA","Placenta praevia","XV Pregnancy, childbirth and the puerperium (O15_)",NA,NA,NA,NA,NA,1815,221186,NA,NA,2213
"O15_PLAC_PREMAT_SEPAR","Premature separation of placenta [abruptio placentae]","XV Pregnancy, childbirth and the puerperium (O15_)",NA,NA,NA,NA,NA,875,221186,NA,NA,2214
"O15_POLYHYDR","Polyhydramnios","XV Pregnancy, childbirth and the puerperium (O15_)",NA,NA,NA,NA,NA,1811,221186,NA,NA,2215
"O15_POOR_FETGRO","Poor fetal growth","XV Pregnancy, childbirth and the puerperium (O15_)",NA,NA,NA,NA,NA,5315,276749,NA,NA,2216
"O15_POSTPART_HAEMORRH_ANATOMY","Postpartum haemorrhage due to anatomy","XV Pregnancy, childbirth and the puerperium (O15_)",NA,NA,NA,NA,NA,4372,202676,NA,NA,2217
"O15_POSTPART_HAEMORRH_PLACENTA","Postpartum haemorrhage due to retained placenta","XV Pregnancy, childbirth and the puerperium (O15_)",NA,NA,NA,NA,NA,5306,201742,NA,NA,2218
"O15_POSTPART_HEAMORRH_ALLW","Postpartum haemorrhage","XV Pregnancy, childbirth and the puerperium (O15_)",NA,NA,NA,NA,NA,11734,270330,NA,NA,2219
"O15_PREECLAMPS","Pre-eclampsia","XV Pregnancy, childbirth and the puerperium (O15_)",NA,NA,NA,NA,NA,9023,259313,NA,NA,2220
"O15_PREECLAMPS_CHRONIC_HYPERT","Pre-eclampsia superimposed on chronic hypertension","XV Pregnancy, childbirth and the puerperium (O15_)",NA,NA,NA,NA,NA,204,259313,NA,NA,2221
"O15_PREEC_OR_FETGRO","Pre-eclampsia or poor fetal growth","XV Pregnancy, childbirth and the puerperium (O15_)",NA,NA,NA,NA,NA,14303,267761,NA,NA,2222
"O15_PREG_ABORT","Pregnancy with abortive outcome","XV Pregnancy, childbirth and the puerperium (O15_)",NA,NA,NA,NA,NA,82785,199279,NA,NA,2223
"O15_PREG_ANESTH_COMPL","Complications of anaesthesia during pregnancy","XV Pregnancy, childbirth and the puerperium (O15_)",NA,NA,NA,NA,NA,78,237906,NA,NA,2224
"O15_PREG_ECTOP","Ectopic pregnancy","XV Pregnancy, childbirth and the puerperium (O15_)",NA,NA,NA,NA,NA,7586,199279,NA,NA,2225
"O15_PREG_GU_INFECT","Infections of genitourinary tract in pregnancy","XV Pregnancy, childbirth and the puerperium (O15_)",NA,NA,NA,NA,NA,4028,237906,NA,NA,2226
"O15_PREG_HYDAT","Hydatidiform mole","XV Pregnancy, childbirth and the puerperium (O15_)",NA,NA,NA,NA,NA,524,199279,NA,NA,2227
"O15_PREG_MATERN_CARE","Maternal care for other conditions predominantly related to pregnancy","XV Pregnancy, childbirth and the puerperium (O15_)",NA,NA,NA,NA,NA,9628,237906,NA,NA,2228
"O15_PREG_OTHER_MAT_DISORD","Other maternal disorders predominantly related to pregnancy","XV Pregnancy, childbirth and the puerperium (O15_)",NA,NA,NA,NA,NA,44158,237906,NA,NA,2229
"O15_PREG_PROLONGED","Prolonged pregnancy","XV Pregnancy, childbirth and the puerperium (O15_)",NA,NA,NA,NA,NA,7049,221186,NA,NA,2230
"O15_PREG_VENOUS_HAEMORRH","Venous complications and haemorrhoids in pregnancy","XV Pregnancy, childbirth and the puerperium (O15_)",NA,NA,NA,NA,NA,685,237906,NA,NA,2231
"O15_PRETERM","Preterm labour and delivery","XV Pregnancy, childbirth and the puerperium (O15_)",NA,NA,NA,NA,NA,11405,214925,NA,NA,2232
"O15_PRE_OR_ECLAMPSIA","Pre-eclampsia or eclampsia","XV Pregnancy, childbirth and the puerperium (O15_)",NA,NA,NA,NA,NA,9717,259181,NA,NA,2233
"O15_PUERP_ANEST_COMPL","Complications of anaesthesia during the puerperium","XV Pregnancy, childbirth and the puerperium (O15_)",NA,NA,NA,NA,NA,125,270228,NA,NA,2234
"O15_PUERP_COMPL_NAS","Complications of the puerperium, not elsewhere classified","XV Pregnancy, childbirth and the puerperium (O15_)",NA,NA,NA,NA,NA,1576,270228,NA,NA,2235
"O15_PUERP_INFECT_OTHER","Other puerperal infections","XV Pregnancy, childbirth and the puerperium (O15_)",NA,NA,NA,NA,NA,3168,270228,NA,NA,2236
"O15_PUERP_SEPSIS","Puerperal sepsis","XV Pregnancy, childbirth and the puerperium (O15_)",NA,NA,NA,NA,NA,5246,270228,NA,NA,2237
"O15_RETAINED_PLAC_MEMB_NO_HEAMORRH","Retained placenta and membranes, without haemorrhage","XV Pregnancy, childbirth and the puerperium (O15_)",NA,NA,NA,NA,NA,4995,214925,NA,NA,2238
"O15_TWIN_GEST","Twin gestation","XV Pregnancy, childbirth and the puerperium (O15_)",NA,NA,NA,NA,NA,3795,221186,NA,NA,2239
"O15_VENOUS_COMPLIC","Venous complications and haemorrhoids in the puerperium","XV Pregnancy, childbirth and the puerperium (O15_)",NA,NA,NA,NA,NA,389,270228,NA,NA,2240
"OFFICIAL_TILASTOKESKUS_DEATH","Alcohol related diseases, tilastokeskus definition, death only","Alcohol related diseases",NA,NA,NA,NA,NA,2900,497448,NA,NA,2241
"OSTEON_DRUGS","Osteonecrosis due to drugs","XIII Diseases of the musculoskeletal system and connective tissue (M13_)",NA,NA,NA,NA,NA,377,499971,NA,NA,2242
"OSTEOPOROSIS_FRACTURE_FG","Osteoporosis with pathological fracture (FG)","Rheuma endpoints",NA,NA,NA,NA,NA,2429,374317,NA,NA,2243
"OSTPOPATFRACTURE","Drug-induced osteoporosis with pathological fracture","Rheuma endpoints",NA,NA,NA,NA,NA,494,497919,NA,NA,2244
"OSTPOPATFRCTURE_POSTEMENO","Postmenopausal osteoporosis with pathological fracture","Rheuma endpoints",NA,NA,NA,NA,NA,2001,279785,NA,NA,2245
"OTHER_DRUGADVERS_SECONDA_PARKINSONI","Other drug-induced secondary parkinsonism","VI Diseases of the nervous system (G6_)",NA,NA,NA,NA,NA,303,500045,NA,NA,2246
"OTHER_SYSTCON_FG","Other systemic involvement of connective tissue (FG)","Rheuma endpoints",NA,NA,NA,NA,NA,12032,374317,NA,NA,2247
"P16_BACTERIAL_SEPSIS_NEWBO","Bacterial sepsis of newborn","XVI Certain conditions originating in the perinatal period (P16_)",NA,NA,NA,NA,NA,203,499933,NA,NA,2248
"P16_BIRTHINJY_PERIP_NERVOUS_SYSTEM","Birth injury to peripheral nervous system","XVI Certain conditions originating in the perinatal period (P16_)",NA,NA,NA,NA,NA,107,500131,NA,NA,2249
"P16_BIRTH_ASPHYXIA","Birth asphyxia","XVI Certain conditions originating in the perinatal period (P16_)",NA,NA,NA,NA,NA,190,499476,NA,NA,2250
"P16_BIRTH_TRAUMA","Birth trauma","XVI Certain conditions originating in the perinatal period (P16_)",NA,NA,NA,NA,NA,217,500131,NA,NA,2251
"P16_CARDIOV_DISORD_ORIGINA_PERINA_PERIOD","Cardiovascular disorders originating in the perinatal period","XVI Certain conditions originating in the perinatal period (P16_)",NA,NA,NA,NA,NA,120,499476,NA,NA,2252
"P16_CHRONIC_RESPI_DISEA_ORIGINA_PERINA_PERIOD","Chronic respiratory disease originating in the perinatal period","XVI Certain conditions originating in the perinatal period (P16_)",NA,NA,NA,NA,NA,69,499476,NA,NA,2253
"P16_DISORD_MUSCLE_TONE_NEWBO","Disorders of muscle tone of newborn","XVI Certain conditions originating in the perinatal period (P16_)",NA,NA,NA,NA,NA,56,500002,NA,NA,2254
"P16_DISORD_RELATED_GESTATION_LOW_BIRTHWGHTT_NECIFIED","Disorders related to short gestation and low birth weight, not elsewhere classified","XVI Certain conditions originating in the perinatal period (P16_)",NA,NA,NA,NA,NA,782,499424,NA,NA,2255
"P16_DISORD_RELATED_LONG_GESTATION_HIGH_BIRTHWGHTT","Disorders related to long gestation and high birth weight","XVI Certain conditions originating in the perinatal period (P16_)",NA,NA,NA,NA,NA,91,499424,NA,NA,2256
"P16_FEEDI_PROBL_NEWBO","Feeding problems of newborn","XVI Certain conditions originating in the perinatal period (P16_)",NA,NA,NA,NA,NA,151,500002,NA,NA,2257
"P16_FETAL_DEATH_UNSP_CAUSE","Fetal death of unspecified cause","XVI Certain conditions originating in the perinatal period (P16_)",NA,NA,NA,NA,NA,60,500002,NA,NA,2258
"P16_FET_NEWB_COMPLICATIO_PLACEN_CORD_MEMBRANES","Fetus and newborn affected by complications of placenta, cord and membranes","XVI Certain conditions originating in the perinatal period (P16_)",NA,NA,NA,NA,NA,54,499887,NA,NA,2259
"P16_FET_NEWB_MATERN_COMPLICATIO_PREGNAC","Fetus and newborn affected by maternal complications of pregnancy","XVI Certain conditions originating in the perinatal period (P16_)",NA,NA,NA,NA,NA,205,499887,NA,NA,2260
"P16_FET_NEWB_MATERN_COND_UNREL_PRESENT_PREGNAC","Fetus and newborn affected by maternal conditions that may be unrelated to present pregnancy","XVI Certain conditions originating in the perinatal period (P16_)",NA,NA,NA,NA,NA,133,499887,NA,NA,2261
"P16_FET_NEWB_MATERN_FACTO_COMPLICATIO_PREGNAC_LABOUR_DELIV","Fetus and newborn affected by maternal factors and by complications of pregnancy, labour and delivery","XVI Certain conditions originating in the perinatal period (P16_)",NA,NA,NA,NA,NA,461,499887,NA,NA,2262
"P16_FET_NEWB_OTH_COMPLICATIO_LABOUR_DELIV","Fetus and newborn affected by other complications of labour and delivery","XVI Certain conditions originating in the perinatal period (P16_)",NA,NA,NA,NA,NA,79,499887,NA,NA,2263
"P16_INFECTIONS_SPECIFIC_PERINA_PERIOD","Infections specific to the perinatal period","XVI Certain conditions originating in the perinatal period (P16_)",NA,NA,NA,NA,NA,415,499933,NA,NA,2264
"P16_INTERSTITIAL_EMPHY_RELATED_COND_ORIGINA_PERINA_PERIOD","Interstitial emphysema and related conditions originating in the perinatal period","XVI Certain conditions originating in the perinatal period (P16_)",NA,NA,NA,NA,NA,52,499476,NA,NA,2265
"P16_NEONTAL_JAUND_OTH_UNSP_CAUSES","Neonatal jaundice from other and unspecified causes","XVI Certain conditions originating in the perinatal period (P16_)",NA,NA,NA,NA,NA,499,499688,NA,NA,2266
"P16_OTH_DISORD_ORIGINA_PERINA_PERIOD","Other disorders originating in the perinatal period","XVI Certain conditions originating in the perinatal period (P16_)",NA,NA,NA,NA,NA,346,500002,NA,NA,2267
"P16_OTH_INFECTIONS_SPECIFIC_PERINA_PERIOD","Other infections specific to the perinatal period","XVI Certain conditions originating in the perinatal period (P16_)",NA,NA,NA,NA,NA,201,499933,NA,NA,2268
"P16_OTH_PERINA_HAEMATOL_DISORD","Other perinatal haematological disorders","XVI Certain conditions originating in the perinatal period (P16_)",NA,NA,NA,NA,NA,55,499688,NA,NA,2269
"P16_RESPI_CARDIOV_DISORD_SPECIFIC_PERINA_PERIOD","Respiratory and cardiovascular disorders specific to the perinatal period","XVI Certain conditions originating in the perinatal period (P16_)",NA,NA,NA,NA,NA,872,499476,NA,NA,2270
"P16_RESPI_DISTR_NEWBO","Respiratory distress of newborn","XVI Certain conditions originating in the perinatal period (P16_)",NA,NA,NA,NA,NA,498,499476,NA,NA,2271
"P16_SLOW_FETAL_GROWTH_FETAL_MALNUTRITION","Slow fetal growth and fetal malnutrition","XVI Certain conditions originating in the perinatal period (P16_)",NA,NA,NA,NA,NA,200,499424,NA,NA,2272
"P16_TRANSITO_DISORD_CARBOH_METABOLISM_SPECIFIC_FETUS_NEWBO","Transitory disorders of carbohydrate metabolism specific to fetus and newborn","XVI Certain conditions originating in the perinatal period (P16_)",NA,NA,NA,NA,NA,471,499865,NA,NA,2273
"PAIN","Pain (limb, back, neck, head abdominally)","Miscellaneous, not yet classified endpoints",NA,NA,NA,NA,NA,237944,261418,NA,NA,2274
"PD2ND_EXMORE","Secondary parkinsonism (more control exclusions)","Neurological endpoints",NA,NA,NA,NA,NA,946,216760,NA,NA,2275
"PD_DEMENTIA_EXMORE","Dementia due to Parkinson's disease (more control exclusions)","Neurological endpoints",NA,NA,NA,NA,NA,755,216760,NA,NA,2276
"PHANTOMLIMB","Phantom limb syndrome with pain","VI Diseases of the nervous system (G6_)",NA,NA,NA,NA,NA,91,262404,NA,NA,2277
"PHLEBI_THROMBOP_LOWER_EXTREMITI_UNSPE","Phlebitis and thrombophlebitis of lower extremities, unspecified, drug-induced","IX Diseases of the circulatory system (I9_)",NA,NA,NA,NA,NA,306,500042,NA,NA,2278
"PHLEBI_THROMBOP_OTHER_DEEP_VESSE_LOWER_EXTREMITI","Phlebitis and thrombophlebitis of other deep vessels of lower extremities, drug-induced","IX Diseases of the circulatory system (I9_)",NA,NA,NA,NA,NA,112,500236,NA,NA,2279
"PHLEBI_THROMBOP_SUPERF_VESSE_LOWER_EXTREMITI","Phlebitis and thrombophlebitis of superficial vessels of lower extremities, drug-induced","IX Diseases of the circulatory system (I9_)",NA,NA,NA,NA,NA,101,500247,NA,NA,2280
"PNEUMO_SEPTHICHE","Pneumococcal septicemia","Asthma and related endpoints",NA,NA,NA,NA,NA,1167,499120,NA,NA,2281
"POLLENALLERG","Pollen allergy","Comorbidities of Asthma",NA,NA,NA,NA,NA,8776,487439,NA,NA,2282
"POLYCYTVERA","Polycythaemia vera","Other, not yet classified endpoints (same as #MISC)",NA,NA,NA,NA,NA,1205,378022,NA,NA,2283
"PRIM_COXARTHROSIS","Primary coxarthrosis, bilateral","Rheuma endpoints",NA,NA,NA,NA,NA,11863,469546,NA,NA,2284
"PRIM_KNEEARTHROSIS","Primary gonarthrosis, bilateral","Rheuma endpoints",NA,NA,NA,NA,NA,23582,438992,NA,NA,2285
"PSORI_STRICT","Psoriasis (vulgaris), strict definition","XII Diseases of the skin and subcutaneous tissue (L12_)",NA,NA,NA,NA,NA,1147,482181,NA,NA,2286
"Q17_ANKYLOGLOSSIA","Ankyloglossia","XVII Congenital malformations, deformations and chromosomal abnormalities (Q17)",NA,NA,NA,NA,NA,594,499754,NA,NA,2287
"Q17_APVR","Abnormal pulmonary venous return","XVII Congenital malformations, deformations and chromosomal abnormalities (Q17)",NA,NA,NA,NA,NA,87,500261,NA,NA,2288
"Q17_ASD","Atrial septal defect","XVII Congenital malformations, deformations and chromosomal abnormalities (Q17)",NA,NA,NA,NA,NA,1409,494430,NA,NA,2289
"Q17_AVSD","Atrioventricular septal defect","XVII Congenital malformations, deformations and chromosomal abnormalities (Q17)",NA,NA,NA,NA,NA,137,500211,NA,NA,2290
"Q17_BICUSP_AORTIC_VALVE","Bicuspidal aortic valve syndrome","XVII Congenital malformations, deformations and chromosomal abnormalities (Q17)",NA,NA,NA,NA,NA,1261,494430,NA,NA,2291
"Q17_CHROMOSOMAL_ABNORMALITI_NOT_ELSEW_CLASSIFIED","Chromosomal abnormalities, not elsewhere classified","XVII Congenital malformations, deformations and chromosomal abnormalities (Q17)",NA,NA,NA,NA,NA,646,499702,NA,NA,2292
"Q17_CLEFT_AND_CARIES","Caries in Clefts patients","XVII Congenital malformations, deformations and chromosomal abnormalities (Q17)",NA,NA,NA,NA,NA,359,499989,NA,NA,2293
"Q17_CLEFT_HARD_PALATE_NOS","Cleft hard palate NOS","XVII Congenital malformations, deformations and chromosomal abnormalities (Q17)",NA,NA,NA,NA,NA,176,499451,NA,NA,2294
"Q17_CLEFT_LIP","Cleft lip","XVII Congenital malformations, deformations and chromosomal abnormalities (Q17)",NA,NA,NA,NA,NA,110,499746,NA,NA,2295
"Q17_CLEFT_LIP_CLEFT_PALATE","Cleft lip, lip and palate or palate","XVII Congenital malformations, deformations and chromosomal abnormalities (Q17)",NA,NA,NA,NA,NA,600,499748,NA,NA,2296
"Q17_CLEFT_LIP_OR_LIP_AND_PALATE","Cleft lip and cleft lip and palate","XVII Congenital malformations, deformations and chromosomal abnormalities (Q17)",NA,NA,NA,NA,NA,270,499357,NA,NA,2297
"Q17_CLEFT_PALATE","Cleft palate","XVII Congenital malformations, deformations and chromosomal abnormalities (Q17)",NA,NA,NA,NA,NA,388,499748,NA,NA,2298
"Q17_COMPLEX_CARD_DEFEC","Complex cardiac defects","XVII Congenital malformations, deformations and chromosomal abnormalities (Q17)",NA,NA,NA,NA,NA,205,500143,NA,NA,2299
"Q17_CONGEN_ABSENCE_ATRES_STENO_LARGE_INTESTINE","Congenital absence, atresia and stenosis of large intestine","XVII Congenital malformations, deformations and chromosomal abnormalities (Q17)",NA,NA,NA,NA,NA,50,498691,NA,NA,2300
"Q17_CONGEN_DEFORMITI_FEET","Congenital deformities of feet","XVII Congenital malformations, deformations and chromosomal abnormalities (Q17)",NA,NA,NA,NA,NA,937,496702,NA,NA,2301
"Q17_CONGEN_DEFORMITI_HIP","Congenital deformities of hip","XVII Congenital malformations, deformations and chromosomal abnormalities (Q17)",NA,NA,NA,NA,NA,671,496702,NA,NA,2302
"Q17_CONGEN_HYDROCEPHALUS","Congenital hydrocephalus","Neurological endpoints",NA,NA,NA,NA,NA,143,499525,NA,NA,2303
"Q17_CONGEN_ICHTHYOSIS","Congenital ichthyosis","XVII Congenital malformations, deformations and chromosomal abnormalities (Q17)",NA,NA,NA,NA,NA,110,496855,NA,NA,2304
"Q17_CONGEN_MALFO_ANTER_SEGMENT_EYE","Congenital malformations of anterior segment of eye","XVII Congenital malformations, deformations and chromosomal abnormalities (Q17)",NA,NA,NA,NA,NA,280,497731,NA,NA,2305
"Q17_CONGEN_MALFO_BREAST","Congenital malformations of breast","XVII Congenital malformations, deformations and chromosomal abnormalities (Q17)",NA,NA,NA,NA,NA,620,496855,NA,NA,2306
"Q17_CONGEN_MALFO_CARDIAC_CHAMB_CONNECTIO","Congenital malformations of cardiac chambers and connections","XVII Congenital malformations, deformations and chromosomal abnormalities (Q17)",NA,NA,NA,NA,NA,214,494430,NA,NA,2307
"Q17_CONGEN_MALFO_CIRCULATO_SYSTEM","Congenital malformations of the circulatory system","XVII Congenital malformations, deformations and chromosomal abnormalities (Q17)",NA,NA,NA,NA,NA,5918,494430,NA,NA,2308
"Q17_CONGEN_MALFO_EAR_CAUSI_IMPAIRM_HEARING","Congenital malformations of ear causing impairment of hearing","XVII Congenital malformations, deformations and chromosomal abnormalities (Q17)",NA,NA,NA,NA,NA,128,497731,NA,NA,2309
"Q17_CONGEN_MALFO_EYELID_LACRIMAL_APPARA_ORBIT","Congenital malformations of eyelid, lacrimal apparatus and orbit","XVII Congenital malformations, deformations and chromosomal abnormalities (Q17)",NA,NA,NA,NA,NA,320,497731,NA,NA,2310
"Q17_CONGEN_MALFO_EYE_EAR_FACE_NECK","Congenital malformations of eye, ear, face and neck","XVII Congenital malformations, deformations and chromosomal abnormalities (Q17)",NA,NA,NA,NA,NA,2617,497731,NA,NA,2311
"Q17_CONGEN_MALFO_GALLB_BILE_DUCTS_LIVER","Congenital malformations of gallbladder, bile ducts and liver","XVII Congenital malformations, deformations and chromosomal abnormalities (Q17)",NA,NA,NA,NA,NA,315,498691,NA,NA,2312
"Q17_CONGEN_MALFO_GENITAL_ORGANS","Congenital malformations of genital organs","XVII Congenital malformations, deformations and chromosomal abnormalities (Q17)",NA,NA,NA,NA,NA,3957,496391,NA,NA,2313
"Q17_CONGEN_MALFO_GREAT_ARTERIES","Congenital malformations of great arteries","XVII Congenital malformations, deformations and chromosomal abnormalities (Q17)",NA,NA,NA,NA,NA,750,494430,NA,NA,2314
"Q17_CONGEN_MALFO_GREAT_VEINS","Congenital malformations of great veins","XVII Congenital malformations, deformations and chromosomal abnormalities (Q17)",NA,NA,NA,NA,NA,102,494430,NA,NA,2315
"Q17_CONGEN_MALFO_LARYNX","Congenital malformations of larynx","XVII Congenital malformations, deformations and chromosomal abnormalities (Q17)",NA,NA,NA,NA,NA,98,499763,NA,NA,2316
"Q17_CONGEN_MALFO_LUNG","Congenital malformations of lung","XVII Congenital malformations, deformations and chromosomal abnormalities (Q17)",NA,NA,NA,NA,NA,84,499763,NA,NA,2317
"Q17_CONGEN_MALFO_NERVOUS_SYSTEM","Congenital malformations of the nervous system","XVII Congenital malformations, deformations and chromosomal abnormalities (Q17)",NA,NA,NA,NA,NA,823,499525,NA,NA,2318
"Q17_CONGEN_MALFO_NOSE","Congenital malformations of nose","XVII Congenital malformations, deformations and chromosomal abnormalities (Q17)",NA,NA,NA,NA,NA,56,499763,NA,NA,2319
"Q17_CONGEN_MALFO_OESOPHAGUS","Congenital malformations of oesophagus","XVII Congenital malformations, deformations and chromosomal abnormalities (Q17)",NA,NA,NA,NA,NA,161,498691,NA,NA,2320
"Q17_CONGEN_MALFO_OVARIES_FALLOP_TUBES_BROAD_LIGAM","Congenital malformations of ovaries, fallopian tubes and broad ligaments","XVII Congenital malformations, deformations and chromosomal abnormalities (Q17)",NA,NA,NA,NA,NA,2215,278792,NA,NA,2321
"Q17_CONGEN_MALFO_POSTERI_SEGMENT_EYE","Congenital malformations of posterior segment of eye","XVII Congenital malformations, deformations and chromosomal abnormalities (Q17)",NA,NA,NA,NA,NA,171,497731,NA,NA,2322
"Q17_CONGEN_MALFO_PULMONARY_TRICU_VALVES","Congenital malformations of pulmonary and tricuspid valves","XVII Congenital malformations, deformations and chromosomal abnormalities (Q17)",NA,NA,NA,NA,NA,257,494430,NA,NA,2323
"Q17_CONGEN_MALFO_RESPI_SYSTEM","Congenital malformations of the respiratory system","XVII Congenital malformations, deformations and chromosomal abnormalities (Q17)",NA,NA,NA,NA,NA,585,499763,NA,NA,2324
"Q17_CONGEN_MALFO_RETI","Congenital retinoschisis","XVII Congenital malformations, deformations and chromosomal abnormalities (Q17)",NA,NA,NA,NA,NA,86,497731,NA,NA,2325
"Q17_CONGEN_MALFO_SPINE_BONY_THORAX","Congenital malformations of spine and bony thorax","XVII Congenital malformations, deformations and chromosomal abnormalities (Q17)",NA,NA,NA,NA,NA,207,496702,NA,NA,2326
"Q17_CONGEN_MALFO_TRACHEA_BRONCHUS","Congenital malformations of trachea and bronchus","XVII Congenital malformations, deformations and chromosomal abnormalities (Q17)",NA,NA,NA,NA,NA,313,499763,NA,NA,2327
"Q17_CONGEN_MALFO_URINARY_SYSTEM","Congenital malformations of the urinary system","XVII Congenital malformations, deformations and chromosomal abnormalities (Q17)",NA,NA,NA,NA,NA,2168,498180,NA,NA,2328
"Q17_CONGEN_MALFO_UTERUS_CERVIX","Congenital malformations of uterus and cervix","XVII Congenital malformations, deformations and chromosomal abnormalities (Q17)",NA,NA,NA,NA,NA,776,278792,NA,NA,2329
"Q17_CONGEN_MUSCULOS_DEFORMITI_HEAD_FACE_SPINE_CHEST","Congenital musculoskeletal deformities of head, face, spine and chest","XVII Congenital malformations, deformations and chromosomal abnormalities (Q17)",NA,NA,NA,NA,NA,439,496702,NA,NA,2330
"Q17_CONGEN_OBSTRUCTIVE_DEFECTS_RENAL_PELVIS_CONGEN_MALFO_URETER","Congenital obstructive defects of renal pelvis and congenital malformations of ureter","XVII Congenital malformations, deformations and chromosomal abnormalities (Q17)",NA,NA,NA,NA,NA,720,498180,NA,NA,2331
"Q17_CONOTR_DEFEC","Conotruncal defects","XVII Congenital malformations, deformations and chromosomal abnormalities (Q17)",NA,NA,NA,NA,NA,464,499884,NA,NA,2332
"Q17_CRANIOSYNOSTOSIS","Craniosynostosis EXCLUDE syndromes","XVII Congenital malformations, deformations and chromosomal abnormalities (Q17)",NA,NA,NA,NA,NA,70,500278,NA,NA,2333
"Q17_CYSTIC_KIDNEY_DISEA","Cystic kidney disease","XVII Congenital malformations, deformations and chromosomal abnormalities (Q17)",NA,NA,NA,NA,NA,1142,498180,NA,NA,2334
"Q17_DOWNS_SYNDR","Down's syndrome","XVII Congenital malformations, deformations and chromosomal abnormalities (Q17)",NA,NA,NA,NA,NA,124,499702,NA,NA,2335
"Q17_EHLER_SYNDR","Ehlers-Danlos syndrome","XVII Congenital malformations, deformations and chromosomal abnormalities (Q17)",NA,NA,NA,NA,NA,353,499995,NA,NA,2336
"Q17_EPIDERMOL_BULLOSA","Epidermolysis bullosa","XVII Congenital malformations, deformations and chromosomal abnormalities (Q17)",NA,NA,NA,NA,NA,53,496855,NA,NA,2337
"Q17_LVOTO_BROAD","Left ventricular outflow tract obstruction (LVOTO), broad definition","XVII Congenital malformations, deformations and chromosomal abnormalities (Q17)",NA,NA,NA,NA,NA,3879,496469,NA,NA,2338
"Q17_LVOTO_NARROW","Left ventricular outflow tract obstruction, narrow definition","XVII Congenital malformations, deformations and chromosomal abnormalities (Q17)",NA,NA,NA,NA,NA,1761,498587,NA,NA,2339
"Q17_MARFAN","Marfan's syndrome","XVII Congenital malformations, deformations and chromosomal abnormalities (Q17)",NA,NA,NA,NA,NA,186,496855,NA,NA,2340
"Q17_MASTOCYTOSIS","Mastocytosis","XVII Congenital malformations, deformations and chromosomal abnormalities (Q17)",NA,NA,NA,NA,NA,183,496855,NA,NA,2341
"Q17_NEUROFIBROMATOSIS_1","Neurofibromatosis, type 1","XVII Congenital malformations, deformations and chromosomal abnormalities (Q17)",NA,NA,NA,NA,NA,231,496855,NA,NA,2342
"Q17_NEUROFIBROMATOSIS_2","Neurofibromatosis, type 2","XVII Congenital malformations, deformations and chromosomal abnormalities (Q17)",NA,NA,NA,NA,NA,64,496855,NA,NA,2343
"Q17_OSTEOCHONDROD_W_DEFECTS_GROWTH_TUBULAR_BONES_SPINE","Osteochondrodysplasia with defects of growth of tubular bones and spine","XVII Congenital malformations, deformations and chromosomal abnormalities (Q17)",NA,NA,NA,NA,NA,68,496702,NA,NA,2344
"Q17_OTHER_CHROMOSOME_ABNORMALITI_NOT_ELSEW_CLASSIFIED","Other chromosome abnormalities, not elsewhere classified","XVII Congenital malformations, deformations and chromosomal abnormalities (Q17)",NA,NA,NA,NA,NA,138,499702,NA,NA,2345
"Q17_OTHER_CONGEN_MALFO","Other congenital malformations","XVII Congenital malformations, deformations and chromosomal abnormalities (Q17)",NA,NA,NA,NA,NA,3493,496855,NA,NA,2346
"Q17_OTHER_CONGEN_MALFO_CIRCULATO_SYSTEM","Other congenital malformations of circulatory system","XVII Congenital malformations, deformations and chromosomal abnormalities (Q17)",NA,NA,NA,NA,NA,884,494430,NA,NA,2347
"Q17_OTHER_CONGEN_MALFO_DIGES_SYSTEM1","Other congenital malformations of the digestive system","XVII Congenital malformations, deformations and chromosomal abnormalities (Q17)",NA,NA,NA,NA,NA,1657,498691,NA,NA,2348
"Q17_OTHER_CONGEN_MALFO_DIGES_SYSTEM2","Other congenital malformations of digestive system","XVII Congenital malformations, deformations and chromosomal abnormalities (Q17)",NA,NA,NA,NA,NA,82,498691,NA,NA,2349
"Q17_OTHER_CONGEN_MALFO_EAR","Other congenital malformations of ear","XVII Congenital malformations, deformations and chromosomal abnormalities (Q17)",NA,NA,NA,NA,NA,495,497731,NA,NA,2350
"Q17_OTHER_CONGEN_MALFO_FACE_NECK","Other congenital malformations of face and neck","XVII Congenital malformations, deformations and chromosomal abnormalities (Q17)",NA,NA,NA,NA,NA,1095,497731,NA,NA,2351
"Q17_OTHER_CONGEN_MALFO_FEMALE_GENITALIA","Other congenital malformations of female genitalia","XVII Congenital malformations, deformations and chromosomal abnormalities (Q17)",NA,NA,NA,NA,NA,329,278792,NA,NA,2352
"Q17_OTHER_CONGEN_MALFO_HEART","Other congenital malformations of heart","XVII Congenital malformations, deformations and chromosomal abnormalities (Q17)",NA,NA,NA,NA,NA,230,494430,NA,NA,2353
"Q17_OTHER_CONGEN_MALFO_INTESTINE","Other congenital malformations of intestine","XVII Congenital malformations, deformations and chromosomal abnormalities (Q17)",NA,NA,NA,NA,NA,301,498691,NA,NA,2354
"Q17_OTHER_CONGEN_MALFO_KIDNEY","Other congenital malformations of kidney","XVII Congenital malformations, deformations and chromosomal abnormalities (Q17)",NA,NA,NA,NA,NA,135,498180,NA,NA,2355
"Q17_OTHER_CONGEN_MALFO_LIMBS","Other congenital malformations of limb(s)","XVII Congenital malformations, deformations and chromosomal abnormalities (Q17)",NA,NA,NA,NA,NA,288,496702,NA,NA,2356
"Q17_OTHER_CONGEN_MALFO_MALE_GENITAL_ORGANS","Other congenital malformations of male genital organs","XVII Congenital malformations, deformations and chromosomal abnormalities (Q17)",NA,NA,NA,NA,NA,234,217599,NA,NA,2357
"Q17_OTHER_CONGEN_MALFO_NERVOUS_SYSTEM","Other congenital malformations of nervous system","XVII Congenital malformations, deformations and chromosomal abnormalities (Q17)",NA,NA,NA,NA,NA,361,499525,NA,NA,2358
"Q17_OTHER_CONGEN_MALFO_NOT_ELSEW_CLASSIFIED","Other congenital malformations, not elsewhere classified","XVII Congenital malformations, deformations and chromosomal abnormalities (Q17)",NA,NA,NA,NA,NA,288,496855,NA,NA,2359
"Q17_OTHER_CONGEN_MALFO_PERIP_VASCULAR_SYSTEM","Other congenital malformations of peripheral vascular system","XVII Congenital malformations, deformations and chromosomal abnormalities (Q17)",NA,NA,NA,NA,NA,474,494430,NA,NA,2360
"Q17_OTHER_CONGEN_MALFO_RESPI_SYSTEM","Other congenital malformations of respiratory system","XVII Congenital malformations, deformations and chromosomal abnormalities (Q17)",NA,NA,NA,NA,NA,59,499763,NA,NA,2361
"Q17_OTHER_CONGEN_MALFO_SKIN","Other congenital malformations of skin","XVII Congenital malformations, deformations and chromosomal abnormalities (Q17)",NA,NA,NA,NA,NA,1515,496855,NA,NA,2362
"Q17_OTHER_CONGEN_MALFO_SKULL_FACE_BONES","Other congenital malformations of skull and face bones","XVII Congenital malformations, deformations and chromosomal abnormalities (Q17)",NA,NA,NA,NA,NA,115,496702,NA,NA,2363
"Q17_OTHER_CONGEN_MALFO_TONGUE_MOUTH_PHARYNX","Other congenital malformations of tongue, mouth and pharynx","XVII Congenital malformations, deformations and chromosomal abnormalities (Q17)",NA,NA,NA,NA,NA,531,498691,NA,NA,2364
"Q17_OTHER_CONGEN_MALFO_UPPER_ALIME_TRACT","Other congenital malformations of upper alimentary tract","XVII Congenital malformations, deformations and chromosomal abnormalities (Q17)",NA,NA,NA,NA,NA,237,498691,NA,NA,2365
"Q17_OTHER_CONGEN_MALFO_URINARY_SYSTEM","Other congenital malformations of urinary system","XVII Congenital malformations, deformations and chromosomal abnormalities (Q17)",NA,NA,NA,NA,NA,167,498180,NA,NA,2366
"Q17_OTHER_CONGEN_MUSCULOS_DEFORMITI","Other congenital musculoskeletal deformities","XVII Congenital malformations, deformations and chromosomal abnormalities (Q17)",NA,NA,NA,NA,NA,115,496702,NA,NA,2367
"Q17_OTHER_OSTEOCHONDROD","Other osteochondrodysplasias","XVII Congenital malformations, deformations and chromosomal abnormalities (Q17)",NA,NA,NA,NA,NA,306,496702,NA,NA,2368
"Q17_OTHER_SEX_CHROMOSOME_ABNORMALITI_MALE_PHENOT_NOT_ELSEW_CLASSIFIED","Other sex chromosome abnormalities, male phenotype, not elsewhere classified","XVII Congenital malformations, deformations and chromosomal abnormalities (Q17)",NA,NA,NA,NA,NA,64,218019,NA,NA,2369
"Q17_OTHER_SPECIFE_CONGEN_MALFO_SYNDR_AFFECTING_MULTIPLE_SYSTEMS","Other specified congenital malformation syndromes affecting multiple systems","XVII Congenital malformations, deformations and chromosomal abnormalities (Q17)",NA,NA,NA,NA,NA,585,496855,NA,NA,2370
"Q17_PDA","Isolated patent ductus arteriosus","XVII Congenital malformations, deformations and chromosomal abnormalities (Q17)",NA,NA,NA,NA,NA,96,500252,NA,NA,2371
"Q17_PHAKOMATOSES_NOT_ELSEW_CLASSIFIED","Phakomatoses, not elsewhere classified","XVII Congenital malformations, deformations and chromosomal abnormalities (Q17)",NA,NA,NA,NA,NA,396,496855,NA,NA,2372
"Q17_REDUCT_DEFECTS_UPPER_LIMB","Reduction defects of upper limb","XVII Congenital malformations, deformations and chromosomal abnormalities (Q17)",NA,NA,NA,NA,NA,83,496702,NA,NA,2373
"Q17_RENAL_AGENE_OTHER_REDUCT_DEFECTS_KIDNEY","Renal agenesis and other reduction defects of kidney","XVII Congenital malformations, deformations and chromosomal abnormalities (Q17)",NA,NA,NA,NA,NA,162,498180,NA,NA,2374
"Q17_RVOTO","Right ventricular outflow tract obstruction","XVII Congenital malformations, deformations and chromosomal abnormalities (Q17)",NA,NA,NA,NA,NA,275,500073,NA,NA,2375
"Q17_SEPTA_DEFEC","Septal defects","XVII Congenital malformations, deformations and chromosomal abnormalities (Q17)",NA,NA,NA,NA,NA,2420,497928,NA,NA,2376
"Q17_SPINA_BIFIDA","Spina bifida","XVII Congenital malformations, deformations and chromosomal abnormalities (Q17)",NA,NA,NA,NA,NA,78,499525,NA,NA,2377
"Q17_SYNDACTYLY","Syndactyly","XVII Congenital malformations, deformations and chromosomal abnormalities (Q17)",NA,NA,NA,NA,NA,77,496702,NA,NA,2378
"Q17_UNDES_TESTICLE","Undescended testicle","XVII Congenital malformations, deformations and chromosomal abnormalities (Q17)",NA,NA,NA,NA,NA,370,217599,NA,NA,2379
"Q17_VACTREL","Vertebral, anorectal, cardiavascular, thracheoesophagial, renal and limb anomaly","XVII Congenital malformations, deformations and chromosomal abnormalities (Q17)",NA,NA,NA,NA,NA,6938,493410,NA,NA,2380
"REITER","Reiter disease","Rheuma endpoints",NA,NA,NA,NA,NA,213,497416,NA,NA,2381
"RESP_ILL_DIS_CLASS_ELSEWHERE","Respiratory disorders in diseases classified elsewhere","Interstitial lung disease endpoints",NA,NA,NA,NA,NA,463,499885,NA,NA,2382
"RHEUMAT_LUNG","Rheumatoid lung disease","Rheuma endpoints",NA,NA,NA,NA,NA,131,451874,NA,NA,2383
"RHEUMA_ARHTROPAT_REACTIVE","Reactive arthropathies, FINNGEN","Rheuma endpoints",NA,NA,NA,NA,NA,2932,374317,NA,NA,2384
"RHEUMA_NOS","Other/unspecified rheumatoid arthritis","Rheuma endpoints",NA,NA,NA,NA,NA,5042,495193,NA,NA,2385
"RHEUMA_OTHER_WIDE","Other (seronegative) rheumatoid arthritis, wide","Rheuma endpoints",NA,NA,NA,NA,NA,8048,492300,NA,NA,2386
"RHEUMA_SERONEG","Seronegative rheumatoid arthritis","Rheuma endpoints",NA,NA,NA,NA,NA,5002,374317,NA,NA,2387
"RHEUMA_SEROPOS_STRICT","Seropositive rheumatoid arthritis, strict definition","Rheuma endpoints",NA,NA,NA,NA,NA,6179,488830,NA,NA,2388
"RHEUMA_SEROPOS_WIDE","Seropositive rheumatoid arthritis, wide","Rheuma endpoints",NA,NA,NA,NA,NA,11918,488425,NA,NA,2389
"RHEU_ARTHRITIS_OTH","Other arthritis (FG)","Rheuma endpoints",NA,NA,NA,NA,NA,15011,374317,NA,NA,2390
"RHINITIS_VASOMOTOR","Vasomotor rhinitis (mode)","Comorbidities of Asthma",NA,NA,NA,NA,NA,2781,492187,NA,NA,2391
"RX_ANTIHYP","Antihypertensive medication - note that there are other indications","Drug purchase endpoints",NA,NA,NA,NA,NA,273281,227067,NA,NA,2392
"RX_ASTMA_BIOL","Biological medicines for asthma","Drug purchase endpoints",NA,NA,NA,NA,NA,458,499890,NA,NA,2393
"RX_CODEINE_TRAMADOL","Codeine or tramadol medication","Drug purchase endpoints",NA,NA,NA,NA,NA,84151,416197,NA,NA,2394
"RX_CROHN_1STLINE","First line medication for Crohn's disease","Drug purchase endpoints",NA,NA,NA,NA,NA,106320,394028,NA,NA,2395
"RX_CROHN_2NDLINE","Second line medication for Crohn's disease","Drug purchase endpoints",NA,NA,NA,NA,NA,28457,471891,NA,NA,2396
"RX_GLUCOSAMINE","Glucosamine medication","Drug purchase endpoints",NA,NA,NA,NA,NA,23215,477133,NA,NA,2397
"RX_INFERTILITY","Medical treatment for female infertility","Drug purchase endpoints",NA,NA,NA,NA,NA,9381,272683,NA,NA,2398
"RX_N05C","Use of hypnotics and sedatives","V Mental and behavioural disorders (F5_)",NA,NA,NA,NA,NA,86095,414253,NA,NA,2399
"RX_PARACETAMOL_NSAID","Paracetamol of NSAID medication","Drug purchase endpoints",NA,NA,NA,NA,NA,427348,73000,NA,NA,2400
"RX_RHEUMA_BIOLOGICAL","Biological medication for rheuma","Drug purchase endpoints",NA,NA,NA,NA,NA,6733,493615,NA,NA,2401
"RX_STATIN","Statin medication","IX Diseases of the circulatory system (I9_)",NA,NA,NA,NA,NA,183578,316770,NA,NA,2402
"SCND_OTH_COXARTHROSIS","Other secondary coxarthrosis","Rheuma endpoints",NA,NA,NA,NA,NA,1197,469546,NA,NA,2403
"SCND_OTH_KNEEARTHROSIS","Other secondary gonarthrosis","Rheuma endpoints",NA,NA,NA,NA,NA,1891,438992,NA,NA,2404
"SFN","Small fibre neuropathy","Neurological endpoints",NA,NA,NA,NA,NA,895,491583,NA,NA,2405
"SLE_FG","SLE (Finngen)","Rheuma endpoints",NA,NA,NA,NA,NA,1306,372273,NA,NA,2406
"SLE_OTH","Other forms of systemic lupus erythematosus","Rheuma endpoints",NA,NA,NA,NA,NA,291,499042,NA,NA,2407
"SMOKING_DEPEND","Smoking dependency","V Mental and behavioural disorders (F5_)",NA,NA,NA,NA,NA,3200,495423,NA,NA,2408
"SPONDYLOARTHRITIS","Spondyloarthritis","Comorbidities of Interstitial lung disease endpoints",NA,NA,NA,NA,NA,8508,451874,NA,NA,2409
"SPONDYLOPATHY_FG","Spondylopathies (FG)","Rheuma endpoints",NA,NA,NA,NA,NA,6317,374317,NA,NA,2410
"ST19_FRACT_FEMUR","Fracture of femur","XIX Injury, poisoning and certain other consequences of external causes (ST19_)",NA,NA,NA,NA,NA,12229,476877,NA,NA,2411
"ST19_FRACT_FOOT_ANKLE","Fracture of foot, except ankle","XIX Injury, poisoning and certain other consequences of external causes (ST19_)",NA,NA,NA,NA,NA,10987,462569,NA,NA,2412
"ST19_FRACT_FOREA","Fracture of forearm","XIX Injury, poisoning and certain other consequences of external causes (ST19_)",NA,NA,NA,NA,NA,27907,462982,NA,NA,2413
"ST19_FRACT_INVOLVI_MULTIPLE_BODY_REGIONS","Fractures involving multiple body regions","XIX Injury, poisoning and certain other consequences of external causes (ST19_)",NA,NA,NA,NA,NA,74,498952,NA,NA,2414
"ST19_FRACT_LOWER_LEG_INCLU_ANKLE","Fracture of lower leg, including ankle","XIX Injury, poisoning and certain other consequences of external causes (ST19_)",NA,NA,NA,NA,NA,28218,423508,NA,NA,2415
"ST19_FRACT_NECK","Fracture of neck","XIX Injury, poisoning and certain other consequences of external causes (ST19_)",NA,NA,NA,NA,NA,2108,490069,NA,NA,2416
"ST19_FRACT_RIBS_STERNUM_THORACIC_SPINE","Fracture of rib(s), sternum and thoracic spine","XIX Injury, poisoning and certain other consequences of external causes (ST19_)",NA,NA,NA,NA,NA,12995,478997,NA,NA,2417
"ST19_FRACT_SHOUL_UPPER_ARM","Fracture of shoulder and upper arm","XIX Injury, poisoning and certain other consequences of external causes (ST19_)",NA,NA,NA,NA,NA,16817,454533,NA,NA,2418
"ST19_FRACT_SKULL_FACIAL_BONES","Fracture of skull and facial bones","XIX Injury, poisoning and certain other consequences of external causes (ST19_)",NA,NA,NA,NA,NA,9677,430988,NA,NA,2419
"ST19_FRACT_SPINE_LEVEL_UNSPE","Fracture of spine, level unspecified","XIX Injury, poisoning and certain other consequences of external causes (ST19_)",NA,NA,NA,NA,NA,62,496520,NA,NA,2420
"ST19_FRACT_WRIST_HAND_LEVEL","Fracture at wrist and hand level","XIX Injury, poisoning and certain other consequences of external causes (ST19_)",NA,NA,NA,NA,NA,16641,441025,NA,NA,2421
"ST19_TOXIC_EFFECT_ALCOHOL","Toxic effect of alcohol","Alcohol related diseases",NA,NA,NA,NA,NA,797,495678,NA,NA,2422
"ST19_TOXIC_EFFECT_ETHAN","Toxic effect of ethanol","Alcohol related diseases",NA,NA,NA,NA,NA,1604,498744,NA,NA,2423
"STILL_ADULT","Adult-onset Still disease","Rheuma endpoints",NA,NA,NA,NA,NA,144,451874,NA,NA,2424
"SYSTINOTH_FG","Systemic disorders of connective tissue in diseases classified elsewhere (FG)","Rheuma endpoints",NA,NA,NA,NA,NA,75,374317,NA,NA,2425
"SYSTSCLE_STRICT","Systemic sclerosis,strict definition","Rheuma endpoints",NA,NA,NA,NA,NA,313,499508,NA,NA,2426
"T1D","Type 1 diabetes, definitions combined","Diabetes endpoints",NA,NA,NA,NA,NA,4721,403489,NA,NA,2427
"T1D_EARLY","Type1 diabetes, definitions combined, early onset","Diabetes endpoints",NA,NA,NA,NA,NA,3051,497297,NA,NA,2428
"T1D_STRICT2","Type 1 diabetes, strict definition, subgroup 2","Diabetes endpoints",NA,NA,NA,NA,NA,100,398397,NA,NA,2429
"T2D","Type 2 diabetes, definitions combined","Diabetes endpoints",NA,NA,NA,NA,NA,82878,403489,NA,NA,2430
"T2D_WIDE","Type 2 diabetes, wide definition","Diabetes endpoints",NA,NA,NA,NA,NA,55418,405261,NA,NA,2431
"TBC_RESP","Respiratory tuberculosis","I Certain infectious and parasitic diseases (AB1_)",NA,NA,NA,NA,NA,2226,497387,NA,NA,2432
"TEMPOROMANDIB","Temporomandibular joint disorders","XI Diseases of the digestive system (K11_)",NA,NA,NA,NA,NA,7966,262404,NA,NA,2433
"TEMPOROMANDIB_INCLAVO","Temporomandibular joint disorders, including avohilmo","XI Diseases of the digestive system (K11_)",NA,NA,NA,NA,NA,20799,479549,NA,NA,2434
"THROMBOCYTAEMIA","Essential (haemorrhagic) thrombocythaemia","Other, not yet classified endpoints (same as #MISC)",NA,NA,NA,NA,NA,1307,377885,NA,NA,2435
"THYROIDITIS","Thyroiditis","Comorbidities of Gastrointestinal endpoints",NA,NA,NA,NA,NA,2729,486722,NA,NA,2436
"THYROTOXICOSIS","Thyrotoxicosis","Comorbidities of Gastrointestinal endpoints",NA,NA,NA,NA,NA,11003,486722,NA,NA,2437
"TONGUEABNORMALITY","Tongue abnormality","XI Diseases of the digestive system (K11_)",NA,NA,NA,NA,NA,2151,498197,NA,NA,2438
"TRACHEOBRONCHOMAL","Tracheo-bronchomalasia","COPD and related endpoints",NA,NA,NA,NA,NA,169,180057,NA,NA,2439
"TRAUMBRAIN_NONCONCUS","severe traumatic brain injury, does not include concussion","Neurological endpoints",NA,NA,NA,NA,NA,9395,490953,NA,NA,2440
"U22_COVID19_CONFIRMED","Covid-19 confirmed case","XXII Codes for special purposes (U22_)",NA,NA,NA,NA,NA,12478,478886,NA,NA,2441
"U22_COVID19_SUSPECTED","Covid-19 suspected case","XXII Codes for special purposes (U22_)",NA,NA,NA,NA,NA,9587,478886,NA,NA,2442
"ULCERENTER","Ulcerative enterocolitis","Gastrointestinal endpoints",NA,NA,NA,NA,NA,1210,476577,NA,NA,2443
"ULCERILEO","Ulcerative ileocolitis","Gastrointestinal endpoints",NA,NA,NA,NA,NA,1596,476577,NA,NA,2444
"ULCERNAS","Ulcerative colitis, NAS","Gastrointestinal endpoints",NA,NA,NA,NA,NA,6080,476577,NA,NA,2445
"ULCEROTH","Other ulcerative colitis","Gastrointestinal endpoints",NA,NA,NA,NA,NA,2281,476577,NA,NA,2446
"ULCERPROCT","Ulcerative proctitis","Gastrointestinal endpoints",NA,NA,NA,NA,NA,2417,476577,NA,NA,2447
"ULCERRECT","Ulcerative rectosigmoiditis","Gastrointestinal endpoints",NA,NA,NA,NA,NA,3391,476577,NA,NA,2448
"ULCER_ARTHR","Arthropathy in ulcerative colitis","Rheuma endpoints",NA,NA,NA,NA,NA,447,495332,NA,NA,2449
"VAGINAL_LICHEN_PLANUS","Vaginal lichen planus","XIV Diseases of the genitourinary system (N14_)",NA,NA,NA,NA,NA,132,500216,NA,NA,2450
"VD_MI","Vascular dementia (multiple infarctions)","Neurological endpoints",NA,NA,NA,NA,NA,620,474702,NA,NA,2451
"VD_MX","Vascular dementia (mixed)","Neurological endpoints",NA,NA,NA,NA,NA,531,474702,NA,NA,2452
"VD_O","Vascular dementia (other)","Neurological endpoints",NA,NA,NA,NA,NA,200,474702,NA,NA,2453
"VD_SC","Vascular dementia (subcortical)","Neurological endpoints",NA,NA,NA,NA,NA,1031,474702,NA,NA,2454
"VD_SO","Vascular dementia (sudden onset)","Neurological endpoints",NA,NA,NA,NA,NA,184,474702,NA,NA,2455
"VD_U","Vascular dementia (undefined)","Neurological endpoints",NA,NA,NA,NA,NA,1656,474702,NA,NA,2456
"VIRALPNEUMOKNOWN","Viral pneumonia (known virus, not influenza)","Interstitial lung disease endpoints",NA,NA,NA,NA,NA,777,482839,NA,NA,2457
"VIRALPNEUMONAS","Viral pneumonia (unknown virus, not influenza)","Interstitial lung disease endpoints",NA,NA,NA,NA,NA,2513,481551,NA,NA,2458
"VIT_DEF","Vitamin deficiency, wide","IV Endocrine, nutritional and metabolic diseases (E4_)",NA,NA,NA,NA,NA,1784,467142,NA,NA,2459
"VOCALCORDDYS","Vocal cord dysfunction","COPD and related endpoints",NA,NA,NA,NA,NA,6926,180057,NA,NA,2460
"VWXY20_SUICI_OTHER_INTENTI_SELF_H","Suicide or other Intentional self-harm","Psychiatric endpoints from Katri Räikkönen",NA,NA,NA,NA,NA,11538,488810,NA,NA,2461
"WEIGHT_IRN","Weight, inverse-rank normalized","Quantitative endpoints",NA,NA,NA,NA,NA,370087,0,NA,NA,2462
"WET_AMD","Wet age-related macular degeneration","VII Diseases of the eye and adnexa (H7_)",NA,NA,NA,NA,NA,6699,331070,NA,NA,2463
"YERSINIAENTERITIS","Enteritis due to Yersinia enterocolitica","I Certain infectious and parasitic diseases (AB1_)",NA,NA,NA,NA,NA,180,492689,NA,NA,2464
"Z21_KIDNEY_TRANSPLANT_STATUS","Kidney transplant status","XXI Factors influencing health status and contact with health services (Z21_)",NA,NA,NA,NA,NA,1840,493510,NA,NA,2465
"Z21_LUNG_TRANSPLANT_STATUS","Lung transplant status","XXI Factors influencing health status and contact with health services (Z21_)",NA,NA,NA,NA,NA,243,500104,NA,NA,2466
"Z21_PREVIOUS_SUICIDE_ATTEMPT","Previous suicide attempt","XXI Factors influencing health status and contact with health services (Z21_)",NA,NA,NA,NA,NA,348,5e+05,NA,NA,2467
"Z21_PROBL_RELATED_MEDICAL_FACILITI_OTH_HEALTH_CARE","Problems related to medical facilities and other health care","XXI Factors influencing health status and contact with health services (Z21_)",NA,NA,NA,NA,NA,2504,400757,NA,NA,2468
"Z21_PROCREATIVE_MANAG","Procreative management","XXI Factors influencing health status and contact with health services (Z21_)",NA,NA,NA,NA,NA,17610,389530,NA,NA,2469
"Z21_TOBAC_USE","Tobacco use","XXI Factors influencing health status and contact with health services (Z21_)",NA,NA,NA,NA,NA,1887,498461,NA,NA,2470
