disease,ligand,receptor,sender,receiver,mean_ligand,mean_receptor,score
Normal,SERPINE1,LRP1,"CD4-positive, alpha-beta T cell","CD4-positive, alpha-beta T cell",0.013310912996530533,0.014970630407333374,0.0001992727629840374
Normal,SERPINE1,PLAUR,"CD4-positive, alpha-beta T cell","CD4-positive, alpha-beta T cell",0.013310912996530533,0.06878918409347534,0.0009156468440778553
Normal,SERPINE1,ITGAV,"CD4-positive, alpha-beta T cell","CD4-positive, alpha-beta T cell",0.013310912996530533,0.1432809829711914,0.001907200668938458
Normal,SERPINE1,ITGB3,"CD4-positive, alpha-beta T cell","CD4-positive, alpha-beta T cell",0.013310912996530533,0.0004901275970041752,6.524045602418482e-06
Normal,SERPINE1,VTN,"CD4-positive, alpha-beta T cell","CD4-positive, alpha-beta T cell",0.013310912996530533,0.0007507849368266761,9.993633284466341e-06
Normal,SERPINE1,PLAU,"CD4-positive, alpha-beta T cell","CD4-positive, alpha-beta T cell",0.013310912996530533,0.002736940048635006,3.643117088358849e-05
Normal,SERPINE1,LRP1,"CD4-positive, alpha-beta T cell",natural killer cell,0.013310912996530533,0.015207733027637005,0.00020242881146259606
Normal,SERPINE1,PLAUR,"CD4-positive, alpha-beta T cell",natural killer cell,0.013310912996530533,0.03888087719678879,0.0005175399710424244
Normal,SERPINE1,ITGAV,"CD4-positive, alpha-beta T cell",natural killer cell,0.013310912996530533,0.12946993112564087,0.0017233629478141665
Normal,SERPINE1,ITGB3,"CD4-positive, alpha-beta T cell",natural killer cell,0.013310912996530533,0.0020600573625415564,2.7421243430580944e-05
Normal,SERPINE1,VTN,"CD4-positive, alpha-beta T cell",natural killer cell,0.013310912996530533,0.00036771950544789433,4.894682206213474e-06
Normal,SERPINE1,PLAU,"CD4-positive, alpha-beta T cell",natural killer cell,0.013310912996530533,0.002590348245576024,3.4479900932637975e-05
Normal,SERPINE1,LRP1,"CD4-positive, alpha-beta T cell",capillary endothelial cell,0.013310912996530533,0.04081709682941437,0.0005433128098957241
Normal,SERPINE1,PLAUR,"CD4-positive, alpha-beta T cell",capillary endothelial cell,0.013310912996530533,0.15086756646633148,0.0020081850234419107
Normal,SERPINE1,ITGAV,"CD4-positive, alpha-beta T cell",capillary endothelial cell,0.013310912996530533,1.0649206638336182,0.014175066724419594
Normal,SERPINE1,ITGB3,"CD4-positive, alpha-beta T cell",capillary endothelial cell,0.013310912996530533,0.005221290048211813,6.950013630557805e-05
Normal,SERPINE1,VTN,"CD4-positive, alpha-beta T cell",capillary endothelial cell,0.013310912996530533,0.0013286990579217672,1.768619767972268e-05
Normal,SERPINE1,PLAU,"CD4-positive, alpha-beta T cell",capillary endothelial cell,0.013310912996530533,0.10289759933948517,0.0013696609530597925
Normal,SERPINE1,LRP1,"CD4-positive, alpha-beta T cell",macrophage,0.013310912996530533,1.0355989933013916,0.013784768059849739
Normal,SERPINE1,PLAUR,"CD4-positive, alpha-beta T cell",macrophage,0.013310912996530533,1.4066904783248901,0.018724335357546806
Normal,SERPINE1,ITGAV,"CD4-positive, alpha-beta T cell",macrophage,0.013310912996530533,0.4482908248901367,0.0059671602211892605
Normal,SERPINE1,ITGB3,"CD4-positive, alpha-beta T cell",macrophage,0.013310912996530533,0.001214474905282259,1.6165769920917228e-05
Normal,SERPINE1,VTN,"CD4-positive, alpha-beta T cell",macrophage,0.013310912996530533,0.02266676351428032,0.0003017153067048639
Normal,SERPINE1,PLAU,"CD4-positive, alpha-beta T cell",macrophage,0.013310912996530533,0.10081015527248383,0.0013418751768767834
Normal,SERPINE1,LRP1,"CD4-positive, alpha-beta T cell","CD8-positive, alpha-beta T cell",0.013310912996530533,0.018964122980833054,0.00025242980336770415
Normal,SERPINE1,PLAUR,"CD4-positive, alpha-beta T cell","CD8-positive, alpha-beta T cell",0.013310912996530533,0.05417943745851517,0.0007211777847260237
Normal,SERPINE1,ITGAV,"CD4-positive, alpha-beta T cell","CD8-positive, alpha-beta T cell",0.013310912996530533,0.1800706833600998,0.0023969050962477922
Normal,SERPINE1,ITGB3,"CD4-positive, alpha-beta T cell","CD8-positive, alpha-beta T cell",0.013310912996530533,0.0023529811296612024,3.132032725261524e-05
Normal,SERPINE1,VTN,"CD4-positive, alpha-beta T cell","CD8-positive, alpha-beta T cell",0.013310912996530533,0.0,0.0
Normal,SERPINE1,PLAU,"CD4-positive, alpha-beta T cell","CD8-positive, alpha-beta T cell",0.013310912996530533,0.0027266780380159616,3.629457569331862e-05
Normal,SERPINE1,LRP1,"CD4-positive, alpha-beta T cell",monocyte,0.013310912996530533,0.5015445351600647,0.006676015444099903
Normal,SERPINE1,PLAUR,"CD4-positive, alpha-beta T cell",monocyte,0.013310912996530533,1.9285908937454224,0.025671305134892464
Normal,SERPINE1,ITGAV,"CD4-positive, alpha-beta T cell",monocyte,0.013310912996530533,0.22583134472370148,0.0030060214921832085
Normal,SERPINE1,ITGB3,"CD4-positive, alpha-beta T cell",monocyte,0.013310912996530533,0.0019068242982029915,2.53815724136075e-05
Normal,SERPINE1,VTN,"CD4-positive, alpha-beta T cell",monocyte,0.013310912996530533,0.0002542365400586277,3.3841204185591778e-06
Normal,SERPINE1,PLAU,"CD4-positive, alpha-beta T cell",monocyte,0.013310912996530533,0.021660732105374336,0.0002883241104427725
Normal,SERPINE1,LRP1,"CD4-positive, alpha-beta T cell",fibroblast,0.013310912996530533,1.1042487621307373,0.014698559418320656
Normal,SERPINE1,PLAUR,"CD4-positive, alpha-beta T cell",fibroblast,0.013310912996530533,0.3658265173435211,0.004869484808295965
Normal,SERPINE1,ITGAV,"CD4-positive, alpha-beta T cell",fibroblast,0.013310912996530533,0.48545774817466736,0.006461885757744312
Normal,SERPINE1,ITGB3,"CD4-positive, alpha-beta T cell",fibroblast,0.013310912996530533,0.016091804951429367,0.00021419661061372608
Normal,SERPINE1,VTN,"CD4-positive, alpha-beta T cell",fibroblast,0.013310912996530533,0.007628223858773708,0.00010153862240258604
Normal,SERPINE1,PLAU,"CD4-positive, alpha-beta T cell",fibroblast,0.013310912996530533,0.0512564443051815,0.0006822700961492956
Normal,SERPINE1,LRP1,"CD4-positive, alpha-beta T cell",conventional dendritic cell,0.013310912996530533,0.6445091366767883,0.008579005487263203
Normal,SERPINE1,PLAUR,"CD4-positive, alpha-beta T cell",conventional dendritic cell,0.013310912996530533,1.2957876920700073,0.017248116433620453
Normal,SERPINE1,ITGAV,"CD4-positive, alpha-beta T cell",conventional dendritic cell,0.013310912996530533,0.5384222269058228,0.007166891358792782
Normal,SERPINE1,ITGB3,"CD4-positive, alpha-beta T cell",conventional dendritic cell,0.013310912996530533,0.0274202860891819,0.0003649890422821045
Normal,SERPINE1,VTN,"CD4-positive, alpha-beta T cell",conventional dendritic cell,0.013310912996530533,0.006924258079379797,9.216820035362616e-05
Normal,SERPINE1,PLAU,"CD4-positive, alpha-beta T cell",conventional dendritic cell,0.013310912996530533,0.3481919765472412,0.004634753335267305
Normal,SERPINE1,LRP1,"CD4-positive, alpha-beta T cell",mast cell,0.013310912996530533,0.014076117426156998,0.00018736597849056125
Normal,SERPINE1,PLAUR,"CD4-positive, alpha-beta T cell",mast cell,0.013310912996530533,0.6777046322822571,0.009020867757499218
Normal,SERPINE1,ITGAV,"CD4-positive, alpha-beta T cell",mast cell,0.013310912996530533,0.3965514004230499,0.005278461147099733
Normal,SERPINE1,ITGB3,"CD4-positive, alpha-beta T cell",mast cell,0.013310912996530533,0.034890614449977875,0.00046442594612017274
Normal,SERPINE1,VTN,"CD4-positive, alpha-beta T cell",mast cell,0.013310912996530533,0.0005058146198280156,6.7328542172617745e-06
Normal,SERPINE1,PLAU,"CD4-positive, alpha-beta T cell",mast cell,0.013310912996530533,0.04867101460695267,0.0006478556315414608
Normal,SERPINE1,LRP1,"CD4-positive, alpha-beta T cell",pulmonary alveolar type 2 cell,0.013310912996530533,0.04979923740029335,0.0006628733244724572
Normal,SERPINE1,PLAUR,"CD4-positive, alpha-beta T cell",pulmonary alveolar type 2 cell,0.013310912996530533,0.08510953187942505,0.0011328855762258172
Normal,SERPINE1,ITGAV,"CD4-positive, alpha-beta T cell",pulmonary alveolar type 2 cell,0.013310912996530533,0.3477472960948944,0.004628833848983049
Normal,SERPINE1,ITGB3,"CD4-positive, alpha-beta T cell",pulmonary alveolar type 2 cell,0.013310912996530533,0.001568294013850391,2.0875424525002018e-05
Normal,SERPINE1,VTN,"CD4-positive, alpha-beta T cell",pulmonary alveolar type 2 cell,0.013310912996530533,0.001968085067346692,2.6197008992312476e-05
Normal,SERPINE1,PLAU,"CD4-positive, alpha-beta T cell",pulmonary alveolar type 2 cell,0.013310912996530533,0.0009738014778122306,1.2962186701770406e-05
Normal,SERPINE1,LRP1,"CD4-positive, alpha-beta T cell",vein endothelial cell,0.013310912996530533,0.01389493141323328,0.00018495421682018787
Normal,SERPINE1,PLAUR,"CD4-positive, alpha-beta T cell",vein endothelial cell,0.013310912996530533,0.36070504784584045,0.004801313392817974
Normal,SERPINE1,ITGAV,"CD4-positive, alpha-beta T cell",vein endothelial cell,0.013310912996530533,1.3018479347229004,0.017328783869743347
Normal,SERPINE1,ITGB3,"CD4-positive, alpha-beta T cell",vein endothelial cell,0.013310912996530533,0.14101922512054443,0.0018770946189761162
Normal,SERPINE1,VTN,"CD4-positive, alpha-beta T cell",vein endothelial cell,0.013310912996530533,0.00043039844604209065,5.728996256948449e-06
Normal,SERPINE1,PLAU,"CD4-positive, alpha-beta T cell",vein endothelial cell,0.013310912996530533,0.01011657528579235,0.00013466084783431143
Normal,SERPINE1,LRP1,"CD4-positive, alpha-beta T cell",lung multiciliated epithelial cell,0.013310912996530533,0.10350595414638519,0.001377758802846074
Normal,SERPINE1,PLAUR,"CD4-positive, alpha-beta T cell",lung multiciliated epithelial cell,0.013310912996530533,0.09738852828741074,0.0012963302433490753
Normal,SERPINE1,ITGAV,"CD4-positive, alpha-beta T cell",lung multiciliated epithelial cell,0.013310912996530533,0.18617400527000427,0.002478145994246006
Normal,SERPINE1,ITGB3,"CD4-positive, alpha-beta T cell",lung multiciliated epithelial cell,0.013310912996530533,0.06405186653137207,0.0008525887969881296
Normal,SERPINE1,VTN,"CD4-positive, alpha-beta T cell",lung multiciliated epithelial cell,0.013310912996530533,0.005472810938954353,7.284810999408364e-05
Normal,SERPINE1,PLAU,"CD4-positive, alpha-beta T cell",lung multiciliated epithelial cell,0.013310912996530533,0.02393346093595028,0.0003185762034263462
Normal,SERPINE1,LRP1,"CD4-positive, alpha-beta T cell",smooth muscle cell,0.013310912996530533,0.571965754032135,0.007613386493176222
Normal,SERPINE1,PLAUR,"CD4-positive, alpha-beta T cell",smooth muscle cell,0.013310912996530533,0.08600547164678574,0.001144811394624412
Normal,SERPINE1,ITGAV,"CD4-positive, alpha-beta T cell",smooth muscle cell,0.013310912996530533,0.44389525055885315,0.005908651277422905
Normal,SERPINE1,ITGB3,"CD4-positive, alpha-beta T cell",smooth muscle cell,0.013310912996530533,0.016222920268774033,0.00021594188001472503
Normal,SERPINE1,VTN,"CD4-positive, alpha-beta T cell",smooth muscle cell,0.013310912996530533,0.06872478872537613,0.0009147896780632436
Normal,SERPINE1,PLAU,"CD4-positive, alpha-beta T cell",smooth muscle cell,0.013310912996530533,0.0348949059844017,0.00046448304783552885
Normal,SERPINE1,LRP1,"CD4-positive, alpha-beta T cell",endothelial cell,0.013310912996530533,0.04382266476750374,0.0005833196919411421
Normal,SERPINE1,PLAUR,"CD4-positive, alpha-beta T cell",endothelial cell,0.013310912996530533,0.28734296560287476,0.003824797226116061
Normal,SERPINE1,ITGAV,"CD4-positive, alpha-beta T cell",endothelial cell,0.013310912996530533,1.3687506914138794,0.018219321966171265
Normal,SERPINE1,ITGB3,"CD4-positive, alpha-beta T cell",endothelial cell,0.013310912996530533,0.01795002818107605,0.0002389312576269731
Normal,SERPINE1,VTN,"CD4-positive, alpha-beta T cell",endothelial cell,0.013310912996530533,0.0,0.0
Normal,SERPINE1,PLAU,"CD4-positive, alpha-beta T cell",endothelial cell,0.013310912996530533,0.032519325613975525,0.0004328619106672704
Normal,SERPINE1,LRP1,"CD4-positive, alpha-beta T cell",B cell,0.013310912996530533,0.027416327968239784,0.0003649363643489778
Normal,SERPINE1,PLAUR,"CD4-positive, alpha-beta T cell",B cell,0.013310912996530533,0.011772379279136658,0.00015670112043153495
Normal,SERPINE1,ITGAV,"CD4-positive, alpha-beta T cell",B cell,0.013310912996530533,0.06915748119354248,0.0009205492096953094
Normal,SERPINE1,ITGB3,"CD4-positive, alpha-beta T cell",B cell,0.013310912996530533,0.02003781497478485,0.0002667216176632792
Normal,SERPINE1,VTN,"CD4-positive, alpha-beta T cell",B cell,0.013310912996530533,0.0,0.0
Normal,SERPINE1,PLAU,"CD4-positive, alpha-beta T cell",B cell,0.013310912996530533,0.006701188627630472,8.919894025893882e-05
Normal,SERPINE1,LRP1,"CD4-positive, alpha-beta T cell",pulmonary alveolar type 1 cell,0.013310912996530533,0.0587434358894825,0.0007819287711754441
Normal,SERPINE1,PLAUR,"CD4-positive, alpha-beta T cell",pulmonary alveolar type 1 cell,0.013310912996530533,0.12368427217006683,0.0016463506035506725
Normal,SERPINE1,ITGAV,"CD4-positive, alpha-beta T cell",pulmonary alveolar type 1 cell,0.013310912996530533,0.41951435804367065,0.005584119353443384
Normal,SERPINE1,ITGB3,"CD4-positive, alpha-beta T cell",pulmonary alveolar type 1 cell,0.013310912996530533,0.015503257513046265,0.00020636251429095864
Normal,SERPINE1,VTN,"CD4-positive, alpha-beta T cell",pulmonary alveolar type 1 cell,0.013310912996530533,0.0,0.0
Normal,SERPINE1,PLAU,"CD4-positive, alpha-beta T cell",pulmonary alveolar type 1 cell,0.013310912996530533,0.0010918190237134695,1.453310778742889e-05
Normal,SERPINE1,LRP1,"CD4-positive, alpha-beta T cell",club cell,0.013310912996530533,0.08631543815135956,0.0011489372700452805
Normal,SERPINE1,PLAUR,"CD4-positive, alpha-beta T cell",club cell,0.013310912996530533,0.11950922757387161,0.0015907769557088614
Normal,SERPINE1,ITGAV,"CD4-positive, alpha-beta T cell",club cell,0.013310912996530533,0.21280433237552643,0.0028326199389994144
Normal,SERPINE1,ITGB3,"CD4-positive, alpha-beta T cell",club cell,0.013310912996530533,0.028953084722161293,0.0003853919915854931
Normal,SERPINE1,VTN,"CD4-positive, alpha-beta T cell",club cell,0.013310912996530533,0.0,0.0
Normal,SERPINE1,PLAU,"CD4-positive, alpha-beta T cell",club cell,0.013310912996530533,0.005933290813118219,7.897751493146643e-05
Normal,SERPINE1,LRP1,"CD4-positive, alpha-beta T cell",neutrophil,0.013310912996530533,0.014111633412539959,0.0001878387265605852
Normal,SERPINE1,PLAUR,"CD4-positive, alpha-beta T cell",neutrophil,0.013310912996530533,2.2625458240509033,0.030116550624370575
Normal,SERPINE1,ITGAV,"CD4-positive, alpha-beta T cell",neutrophil,0.013310912996530533,0.037097059190273285,0.0004937957273796201
Normal,SERPINE1,ITGB3,"CD4-positive, alpha-beta T cell",neutrophil,0.013310912996530533,0.0,0.0
Normal,SERPINE1,VTN,"CD4-positive, alpha-beta T cell",neutrophil,0.013310912996530533,0.0,0.0
Normal,SERPINE1,PLAU,"CD4-positive, alpha-beta T cell",neutrophil,0.013310912996530533,0.11391173303127289,0.001516269170679152
Normal,SERPINE1,LRP1,"CD4-positive, alpha-beta T cell",plasma cell,0.013310912996530533,0.03262129798531532,0.00043421925511211157
Normal,SERPINE1,PLAUR,"CD4-positive, alpha-beta T cell",plasma cell,0.013310912996530533,0.07067731022834778,0.0009407795150764287
Normal,SERPINE1,ITGAV,"CD4-positive, alpha-beta T cell",plasma cell,0.013310912996530533,0.1007995754480362,0.0013417344307526946
Normal,SERPINE1,ITGB3,"CD4-positive, alpha-beta T cell",plasma cell,0.013310912996530533,0.004957778379321098,6.599255721084774e-05
Normal,SERPINE1,VTN,"CD4-positive, alpha-beta T cell",plasma cell,0.013310912996530533,0.0,0.0
Normal,SERPINE1,PLAU,"CD4-positive, alpha-beta T cell",plasma cell,0.013310912996530533,0.0011446947464719415,1.5236932085826993e-05
Normal,SERPINE1,LRP1,"CD4-positive, alpha-beta T cell",leukocyte,0.013310912996530533,0.19113506376743317,0.0025441821198910475
Normal,SERPINE1,PLAUR,"CD4-positive, alpha-beta T cell",leukocyte,0.013310912996530533,0.35691437125205994,0.004750856198370457
Normal,SERPINE1,ITGAV,"CD4-positive, alpha-beta T cell",leukocyte,0.013310912996530533,0.33996498584747314,0.004525244235992432
Normal,SERPINE1,ITGB3,"CD4-positive, alpha-beta T cell",leukocyte,0.013310912996530533,0.004113916307687759,5.4759981139795855e-05
Normal,SERPINE1,VTN,"CD4-positive, alpha-beta T cell",leukocyte,0.013310912996530533,0.005431992933154106,7.230478513520211e-05
Normal,SERPINE1,PLAU,"CD4-positive, alpha-beta T cell",leukocyte,0.013310912996530533,0.0676087811589241,0.0008999346173368394
Normal,SERPINE1,LRP1,"CD4-positive, alpha-beta T cell",endothelial cell of lymphatic vessel,0.013310912996530533,0.02008569985628128,0.00026735899155028164
Normal,SERPINE1,PLAUR,"CD4-positive, alpha-beta T cell",endothelial cell of lymphatic vessel,0.013310912996530533,0.09317221492528915,0.0012402072316035628
Normal,SERPINE1,ITGAV,"CD4-positive, alpha-beta T cell",endothelial cell of lymphatic vessel,0.013310912996530533,0.6201860308647156,0.008255242370069027
Normal,SERPINE1,ITGB3,"CD4-positive, alpha-beta T cell",endothelial cell of lymphatic vessel,0.013310912996530533,0.03770211338996887,0.0005018495721742511
Normal,SERPINE1,VTN,"CD4-positive, alpha-beta T cell",endothelial cell of lymphatic vessel,0.013310912996530533,0.005374448373913765,7.153881597332656e-05
Normal,SERPINE1,PLAU,"CD4-positive, alpha-beta T cell",endothelial cell of lymphatic vessel,0.013310912996530533,0.008077932521700859,0.00010752465459518135
Normal,SERPINE1,LRP1,natural killer cell,"CD4-positive, alpha-beta T cell",0.013663219287991524,0.014970630407333374,0.00020454700279515237
Normal,SERPINE1,PLAUR,natural killer cell,"CD4-positive, alpha-beta T cell",0.013663219287991524,0.06878918409347534,0.0009398817201144993
Normal,SERPINE1,ITGAV,natural killer cell,"CD4-positive, alpha-beta T cell",0.013663219287991524,0.1432809829711914,0.0019576794002205133
Normal,SERPINE1,ITGB3,natural killer cell,"CD4-positive, alpha-beta T cell",0.013663219287991524,0.0004901275970041752,6.696720902255038e-06
Normal,SERPINE1,VTN,natural killer cell,"CD4-positive, alpha-beta T cell",0.013663219287991524,0.0007507849368266761,1.0258138900098857e-05
Normal,SERPINE1,PLAU,natural killer cell,"CD4-positive, alpha-beta T cell",0.013663219287991524,0.002736940048635006,3.7395413528429344e-05
Normal,SERPINE1,LRP1,natural killer cell,natural killer cell,0.013663219287991524,0.015207733027637005,0.00020778659381903708
Normal,SERPINE1,PLAUR,natural killer cell,natural killer cell,0.013663219287991524,0.03888087719678879,0.0005312379798851907
Normal,SERPINE1,ITGAV,natural killer cell,natural killer cell,0.013663219287991524,0.12946993112564087,0.0017689761007204652
Normal,SERPINE1,ITGB3,natural killer cell,natural killer cell,0.013663219287991524,0.0020600573625415564,2.814701474562753e-05
Normal,SERPINE1,VTN,natural killer cell,natural killer cell,0.013663219287991524,0.00036771950544789433,5.024232450523414e-06
Normal,SERPINE1,PLAU,natural killer cell,natural killer cell,0.013663219287991524,0.002590348245576024,3.5392495192354545e-05
Normal,SERPINE1,LRP1,natural killer cell,capillary endothelial cell,0.013663219287991524,0.04081709682941437,0.0005576929543167353
Normal,SERPINE1,PLAUR,natural killer cell,capillary endothelial cell,0.013663219287991524,0.15086756646633148,0.0020613365340977907
Normal,SERPINE1,ITGAV,natural killer cell,capillary endothelial cell,0.013663219287991524,1.0649206638336182,0.014550244435667992
Normal,SERPINE1,ITGB3,natural killer cell,capillary endothelial cell,0.013663219287991524,0.005221290048211813,7.133962935768068e-05
Normal,SERPINE1,VTN,natural killer cell,capillary endothelial cell,0.013663219287991524,0.0013286990579217672,1.8154307326767594e-05
Normal,SERPINE1,PLAU,natural killer cell,capillary endothelial cell,0.013663219287991524,0.10289759933948517,0.0014059124514460564
Normal,SERPINE1,LRP1,natural killer cell,macrophage,0.013663219287991524,1.0355989933013916,0.014149616472423077
Normal,SERPINE1,PLAUR,natural killer cell,macrophage,0.013663219287991524,1.4066904783248901,0.01921992003917694
Normal,SERPINE1,ITGAV,natural killer cell,macrophage,0.013663219287991524,0.4482908248901367,0.0061250957660377026
Normal,SERPINE1,ITGB3,natural killer cell,macrophage,0.013663219287991524,0.001214474905282259,1.659363624639809e-05
Normal,SERPINE1,VTN,natural killer cell,macrophage,0.013663219287991524,0.02266676351428032,0.0003097009612247348
Normal,SERPINE1,PLAU,natural killer cell,macrophage,0.013663219287991524,0.10081015527248383,0.0013773912796750665
Normal,SERPINE1,LRP1,natural killer cell,"CD8-positive, alpha-beta T cell",0.013663219287991524,0.018964122980833054,0.0002591109659988433
Normal,SERPINE1,PLAUR,natural killer cell,"CD8-positive, alpha-beta T cell",0.013663219287991524,0.05417943745851517,0.0007402655319310725
Normal,SERPINE1,ITGAV,natural killer cell,"CD8-positive, alpha-beta T cell",0.013663219287991524,0.1800706833600998,0.002460345160216093
Normal,SERPINE1,ITGB3,natural killer cell,"CD8-positive, alpha-beta T cell",0.013663219287991524,0.0023529811296612024,3.2149298931472003e-05
Normal,SERPINE1,VTN,natural killer cell,"CD8-positive, alpha-beta T cell",0.013663219287991524,0.0,0.0
Normal,SERPINE1,PLAU,natural killer cell,"CD8-positive, alpha-beta T cell",0.013663219287991524,0.0027266780380159616,3.7255198549246415e-05
Normal,SERPINE1,LRP1,natural killer cell,monocyte,0.013663219287991524,0.5015445351600647,0.006852712947875261
Normal,SERPINE1,PLAUR,natural killer cell,monocyte,0.013663219287991524,1.9285908937454224,0.026350760832428932
Normal,SERPINE1,ITGAV,natural killer cell,monocyte,0.013663219287991524,0.22583134472370148,0.0030855832155793905
Normal,SERPINE1,ITGB3,natural killer cell,monocyte,0.013663219287991524,0.0019068242982029915,2.605335794214625e-05
Normal,SERPINE1,VTN,natural killer cell,monocyte,0.013663219287991524,0.0002542365400586277,3.4736895031528547e-06
Normal,SERPINE1,PLAU,natural killer cell,monocyte,0.013663219287991524,0.021660732105374336,0.0002959553385153413
Normal,SERPINE1,LRP1,natural killer cell,fibroblast,0.013663219287991524,1.1042487621307373,0.015087593346834183
Normal,SERPINE1,PLAUR,natural killer cell,fibroblast,0.013663219287991524,0.3658265173435211,0.004998367745429277
Normal,SERPINE1,ITGAV,natural killer cell,fibroblast,0.013663219287991524,0.48545774817466736,0.006632915697991848
Normal,SERPINE1,ITGB3,natural killer cell,fibroblast,0.013663219287991524,0.016091804951429367,0.00021986586216371506
Normal,SERPINE1,VTN,natural killer cell,fibroblast,0.013663219287991524,0.007628223858773708,0.00010422609193483368
Normal,SERPINE1,PLAU,natural killer cell,fibroblast,0.013663219287991524,0.0512564443051815,0.0007003280334174633
Normal,SERPINE1,LRP1,natural killer cell,conventional dendritic cell,0.013663219287991524,0.6445091366767883,0.008806069381535053
Normal,SERPINE1,PLAUR,natural killer cell,conventional dendritic cell,0.013663219287991524,1.2957876920700073,0.017704632133245468
Normal,SERPINE1,ITGAV,natural killer cell,conventional dendritic cell,0.013663219287991524,0.5384222269058228,0.007356580812484026
Normal,SERPINE1,ITGB3,natural killer cell,conventional dendritic cell,0.013663219287991524,0.0274202860891819,0.00037464938941411674
Normal,SERPINE1,VTN,natural killer cell,conventional dendritic cell,0.013663219287991524,0.006924258079379797,9.460765431867912e-05
Normal,SERPINE1,PLAU,natural killer cell,conventional dendritic cell,0.013663219287991524,0.3481919765472412,0.004757423419505358
Normal,SERPINE1,LRP1,natural killer cell,mast cell,0.013663219287991524,0.014076117426156998,0.0001923250820254907
Normal,SERPINE1,PLAUR,natural killer cell,mast cell,0.013663219287991524,0.6777046322822571,0.00925962720066309
Normal,SERPINE1,ITGAV,natural killer cell,mast cell,0.013663219287991524,0.3965514004230499,0.005418168846517801
Normal,SERPINE1,ITGB3,natural killer cell,mast cell,0.013663219287991524,0.034890614449977875,0.00047671812353655696
Normal,SERPINE1,VTN,natural killer cell,mast cell,0.013663219287991524,0.0005058146198280156,6.911056061653653e-06
Normal,SERPINE1,PLAU,natural killer cell,mast cell,0.013663219287991524,0.04867101460695267,0.0006650027353316545
Normal,SERPINE1,LRP1,natural killer cell,pulmonary alveolar type 2 cell,0.013663219287991524,0.04979923740029335,0.000680417928379029
Normal,SERPINE1,PLAUR,natural killer cell,pulmonary alveolar type 2 cell,0.013663219287991524,0.08510953187942505,0.0011628702050074935
Normal,SERPINE1,ITGAV,natural killer cell,pulmonary alveolar type 2 cell,0.013663219287991524,0.3477472960948944,0.004751347471028566
Normal,SERPINE1,ITGB3,natural killer cell,pulmonary alveolar type 2 cell,0.013663219287991524,0.001568294013850391,2.1427944375318475e-05
Normal,SERPINE1,VTN,natural killer cell,pulmonary alveolar type 2 cell,0.013663219287991524,0.001968085067346692,2.68903786491137e-05
Normal,SERPINE1,PLAU,natural killer cell,pulmonary alveolar type 2 cell,0.013663219287991524,0.0009738014778122306,1.3305263564689085e-05
Normal,SERPINE1,LRP1,natural killer cell,vein endothelial cell,0.013663219287991524,0.01389493141323328,0.0001898494956549257
Normal,SERPINE1,PLAUR,natural killer cell,vein endothelial cell,0.013663219287991524,0.36070504784584045,0.004928392358124256
Normal,SERPINE1,ITGAV,natural killer cell,vein endothelial cell,0.013663219287991524,1.3018479347229004,0.01778743416070938
Normal,SERPINE1,ITGB3,natural killer cell,vein endothelial cell,0.013663219287991524,0.14101922512054443,0.001926776603795588
Normal,SERPINE1,VTN,natural killer cell,vein endothelial cell,0.013663219287991524,0.00043039844604209065,5.880628123122733e-06
Normal,SERPINE1,PLAU,natural killer cell,vein endothelial cell,0.013663219287991524,0.01011657528579235,0.0001382249902235344
Normal,SERPINE1,LRP1,natural killer cell,lung multiciliated epithelial cell,0.013663219287991524,0.10350595414638519,0.0014142245054244995
Normal,SERPINE1,PLAUR,natural killer cell,lung multiciliated epithelial cell,0.013663219287991524,0.09738852828741074,0.0013306408654898405
Normal,SERPINE1,ITGAV,natural killer cell,lung multiciliated epithelial cell,0.013663219287991524,0.18617400527000427,0.0025437362492084503
Normal,SERPINE1,ITGB3,natural killer cell,lung multiciliated epithelial cell,0.013663219287991524,0.06405186653137207,0.0008751546847634017
Normal,SERPINE1,VTN,natural killer cell,lung multiciliated epithelial cell,0.013663219287991524,0.005472810938954353,7.477621693396941e-05
Normal,SERPINE1,PLAU,natural killer cell,lung multiciliated epithelial cell,0.013663219287991524,0.02393346093595028,0.0003270081360824406
Normal,SERPINE1,LRP1,natural killer cell,smooth muscle cell,0.013663219287991524,0.571965754032135,0.007814893499016762
Normal,SERPINE1,PLAUR,natural killer cell,smooth muscle cell,0.013663219287991524,0.08600547164678574,0.0011751116253435612
Normal,SERPINE1,ITGAV,natural killer cell,smooth muscle cell,0.013663219287991524,0.44389525055885315,0.0060650380328297615
Normal,SERPINE1,ITGB3,natural killer cell,smooth muscle cell,0.013663219287991524,0.016222920268774033,0.00022165731934364885
Normal,SERPINE1,VTN,natural killer cell,smooth muscle cell,0.013663219287991524,0.06872478872537613,0.0009390018531121314
Normal,SERPINE1,PLAU,natural killer cell,smooth muscle cell,0.013663219287991524,0.0348949059844017,0.0004767767386510968
Normal,SERPINE1,LRP1,natural killer cell,endothelial cell,0.013663219287991524,0.04382266476750374,0.0005987586919218302
Normal,SERPINE1,PLAUR,natural killer cell,endothelial cell,0.013663219287991524,0.28734296560287476,0.003926029894500971
Normal,SERPINE1,ITGAV,natural killer cell,endothelial cell,0.013663219287991524,1.3687506914138794,0.018701540306210518
Normal,SERPINE1,ITGB3,natural killer cell,endothelial cell,0.013663219287991524,0.01795002818107605,0.0002452551852911711
Normal,SERPINE1,VTN,natural killer cell,endothelial cell,0.013663219287991524,0.0,0.0
Normal,SERPINE1,PLAU,natural killer cell,endothelial cell,0.013663219287991524,0.032519325613975525,0.0004443186626303941
Normal,SERPINE1,LRP1,natural killer cell,B cell,0.013663219287991524,0.027416327968239784,0.00037459531449712813
Normal,SERPINE1,PLAUR,natural killer cell,B cell,0.013663219287991524,0.011772379279136658,0.00016084860544651747
Normal,SERPINE1,ITGAV,natural killer cell,B cell,0.013663219287991524,0.06915748119354248,0.0009449138306081295
Normal,SERPINE1,ITGB3,natural killer cell,B cell,0.013663219287991524,0.02003781497478485,0.00027378107188269496
Normal,SERPINE1,VTN,natural killer cell,B cell,0.013663219287991524,0.0,0.0
Normal,SERPINE1,PLAU,natural killer cell,B cell,0.013663219287991524,0.006701188627630472,9.155980660580099e-05
Normal,SERPINE1,LRP1,natural killer cell,pulmonary alveolar type 1 cell,0.013663219287991524,0.0587434358894825,0.0008026244468055665
Normal,SERPINE1,PLAUR,natural killer cell,pulmonary alveolar type 1 cell,0.013663219287991524,0.12368427217006683,0.0016899253241717815
Normal,SERPINE1,ITGAV,natural killer cell,pulmonary alveolar type 1 cell,0.013663219287991524,0.41951435804367065,0.005731916520744562
Normal,SERPINE1,ITGB3,natural killer cell,pulmonary alveolar type 1 cell,0.013663219287991524,0.015503257513046265,0.0002118244010489434
Normal,SERPINE1,VTN,natural killer cell,pulmonary alveolar type 1 cell,0.013663219287991524,0.0,0.0
Normal,SERPINE1,PLAU,natural killer cell,pulmonary alveolar type 1 cell,0.013663219287991524,0.0010918190237134695,1.491776311013382e-05
Normal,SERPINE1,LRP1,natural killer cell,club cell,0.013663219287991524,0.08631543815135956,0.001179346814751625
Normal,SERPINE1,PLAUR,natural killer cell,club cell,0.013663219287991524,0.11950922757387161,0.001632880768738687
Normal,SERPINE1,ITGAV,natural killer cell,club cell,0.013663219287991524,0.21280433237552643,0.002907592337578535
Normal,SERPINE1,ITGB3,natural killer cell,club cell,0.013663219287991524,0.028953084722161293,0.0003955923311877996
Normal,SERPINE1,VTN,natural killer cell,club cell,0.013663219287991524,0.0,0.0
Normal,SERPINE1,PLAU,natural killer cell,club cell,0.013663219287991524,0.005933290813118219,8.106785389827564e-05
Normal,SERPINE1,LRP1,natural killer cell,neutrophil,0.013663219287991524,0.014111633412539959,0.00019281034474261105
Normal,SERPINE1,PLAUR,natural killer cell,neutrophil,0.013663219287991524,2.2625458240509033,0.030913660302758217
Normal,SERPINE1,ITGAV,natural killer cell,neutrophil,0.013663219287991524,0.037097059190273285,0.0005068652681075037
Normal,SERPINE1,ITGB3,natural killer cell,neutrophil,0.013663219287991524,0.0,0.0
Normal,SERPINE1,VTN,natural killer cell,neutrophil,0.013663219287991524,0.0,0.0
Normal,SERPINE1,PLAU,natural killer cell,neutrophil,0.013663219287991524,0.11391173303127289,0.0015564010245725513
Normal,SERPINE1,LRP1,natural killer cell,plasma cell,0.013663219287991524,0.03262129798531532,0.0004457119503058493
Normal,SERPINE1,PLAUR,natural killer cell,plasma cell,0.013663219287991524,0.07067731022834778,0.0009656795882619917
Normal,SERPINE1,ITGAV,natural killer cell,plasma cell,0.013663219287991524,0.1007995754480362,0.0013772466918453574
Normal,SERPINE1,ITGB3,natural killer cell,plasma cell,0.013663219287991524,0.004957778379321098,6.7739216319751e-05
Normal,SERPINE1,VTN,natural killer cell,plasma cell,0.013663219287991524,0.0,0.0
Normal,SERPINE1,PLAU,natural killer cell,plasma cell,0.013663219287991524,0.0011446947464719415,1.5640214769518934e-05
Normal,SERPINE1,LRP1,natural killer cell,leukocyte,0.013663219287991524,0.19113506376743317,0.0026115202344954014
Normal,SERPINE1,PLAUR,natural killer cell,leukocyte,0.013663219287991524,0.35691437125205994,0.004876599181443453
Normal,SERPINE1,ITGAV,natural killer cell,leukocyte,0.013663219287991524,0.33996498584747314,0.004645016044378281
Normal,SERPINE1,ITGB3,natural killer cell,leukocyte,0.013663219287991524,0.004113916307687759,5.620934098260477e-05
Normal,SERPINE1,VTN,natural killer cell,leukocyte,0.013663219287991524,0.005431992933154106,7.421850750688463e-05
Normal,SERPINE1,PLAU,natural killer cell,leukocyte,0.013663219287991524,0.0676087811589241,0.0009237535996362567
Normal,SERPINE1,LRP1,natural killer cell,endothelial cell of lymphatic vessel,0.013663219287991524,0.02008569985628128,0.00027443532599136233
Normal,SERPINE1,PLAUR,natural killer cell,endothelial cell of lymphatic vessel,0.013663219287991524,0.09317221492528915,0.0012730323942378163
Normal,SERPINE1,ITGAV,natural killer cell,endothelial cell of lymphatic vessel,0.013663219287991524,0.6201860308647156,0.008473738096654415
Normal,SERPINE1,ITGB3,natural killer cell,endothelial cell of lymphatic vessel,0.013663219287991524,0.03770211338996887,0.0005151322693563998
Normal,SERPINE1,VTN,natural killer cell,endothelial cell of lymphatic vessel,0.013663219287991524,0.005374448373913765,7.343226752709597e-05
Normal,SERPINE1,PLAU,natural killer cell,endothelial cell of lymphatic vessel,0.013663219287991524,0.008077932521700859,0.00011037056538043544
Normal,SERPINE1,LRP1,capillary endothelial cell,"CD4-positive, alpha-beta T cell",1.2754091024398804,0.014970630407333374,0.019093677401542664
Normal,SERPINE1,PLAUR,capillary endothelial cell,"CD4-positive, alpha-beta T cell",1.2754091024398804,0.06878918409347534,0.08773434907197952
Normal,SERPINE1,ITGAV,capillary endothelial cell,"CD4-positive, alpha-beta T cell",1.2754091024398804,0.1432809829711914,0.18274186551570892
Normal,SERPINE1,ITGB3,capillary endothelial cell,"CD4-positive, alpha-beta T cell",1.2754091024398804,0.0004901275970041752,0.0006251131999306381
Normal,SERPINE1,VTN,capillary endothelial cell,"CD4-positive, alpha-beta T cell",1.2754091024398804,0.0007507849368266761,0.0009575579315423965
Normal,SERPINE1,PLAU,capillary endothelial cell,"CD4-positive, alpha-beta T cell",1.2754091024398804,0.002736940048635006,0.003490718314424157
Normal,SERPINE1,LRP1,capillary endothelial cell,natural killer cell,1.2754091024398804,0.015207733027637005,0.019396081566810608
Normal,SERPINE1,PLAUR,capillary endothelial cell,natural killer cell,1.2754091024398804,0.03888087719678879,0.04958902299404144
Normal,SERPINE1,ITGAV,capillary endothelial cell,natural killer cell,1.2754091024398804,0.12946993112564087,0.16512712836265564
Normal,SERPINE1,ITGB3,capillary endothelial cell,natural killer cell,1.2754091024398804,0.0020600573625415564,0.0026274158153682947
Normal,SERPINE1,VTN,capillary endothelial cell,natural killer cell,1.2754091024398804,0.00036771950544789433,0.00046899280278012156
Normal,SERPINE1,PLAU,capillary endothelial cell,natural killer cell,1.2754091024398804,0.002590348245576024,0.0033037536777555943
Normal,SERPINE1,LRP1,capillary endothelial cell,capillary endothelial cell,1.2754091024398804,0.04081709682941437,0.052058495581150055
Normal,SERPINE1,PLAUR,capillary endothelial cell,capillary endothelial cell,1.2754091024398804,0.15086756646633148,0.19241787493228912
Normal,SERPINE1,ITGAV,capillary endothelial cell,capillary endothelial cell,1.2754091024398804,1.0649206638336182,1.358209490776062
Normal,SERPINE1,ITGB3,capillary endothelial cell,capillary endothelial cell,1.2754091024398804,0.005221290048211813,0.006659280974417925
Normal,SERPINE1,VTN,capillary endothelial cell,capillary endothelial cell,1.2754091024398804,0.0013286990579217672,0.0016946349060162902
Normal,SERPINE1,PLAU,capillary endothelial cell,capillary endothelial cell,1.2754091024398804,0.10289759933948517,0.13123653829097748
Normal,SERPINE1,LRP1,capillary endothelial cell,macrophage,1.2754091024398804,1.0355989933013916,1.3208123445510864
Normal,SERPINE1,PLAUR,capillary endothelial cell,macrophage,1.2754091024398804,1.4066904783248901,1.794105887413025
Normal,SERPINE1,ITGAV,capillary endothelial cell,macrophage,1.2754091024398804,0.4482908248901367,0.5717542171478271
Normal,SERPINE1,ITGB3,capillary endothelial cell,macrophage,1.2754091024398804,0.001214474905282259,0.0015489523066207767
Normal,SERPINE1,VTN,capillary endothelial cell,macrophage,1.2754091024398804,0.02266676351428032,0.02890939638018608
Normal,SERPINE1,PLAU,capillary endothelial cell,macrophage,1.2754091024398804,0.10081015527248383,0.1285741925239563
Normal,SERPINE1,LRP1,capillary endothelial cell,"CD8-positive, alpha-beta T cell",1.2754091024398804,0.018964122980833054,0.024187015369534492
Normal,SERPINE1,PLAUR,capillary endothelial cell,"CD8-positive, alpha-beta T cell",1.2754091024398804,0.05417943745851517,0.06910094618797302
Normal,SERPINE1,ITGAV,capillary endothelial cell,"CD8-positive, alpha-beta T cell",1.2754091024398804,0.1800706833600998,0.22966378927230835
Normal,SERPINE1,ITGB3,capillary endothelial cell,"CD8-positive, alpha-beta T cell",1.2754091024398804,0.0023529811296612024,0.0030010135378688574
Normal,SERPINE1,VTN,capillary endothelial cell,"CD8-positive, alpha-beta T cell",1.2754091024398804,0.0,0.0
Normal,SERPINE1,PLAU,capillary endothelial cell,"CD8-positive, alpha-beta T cell",1.2754091024398804,0.0027266780380159616,0.0034776299726217985
Normal,SERPINE1,LRP1,capillary endothelial cell,monocyte,1.2754091024398804,0.5015445351600647,0.6396744847297668
Normal,SERPINE1,PLAUR,capillary endothelial cell,monocyte,1.2754091024398804,1.9285908937454224,2.459742307662964
Normal,SERPINE1,ITGAV,capillary endothelial cell,monocyte,1.2754091024398804,0.22583134472370148,0.2880273461341858
Normal,SERPINE1,ITGB3,capillary endothelial cell,monocyte,1.2754091024398804,0.0019068242982029915,0.0024319810327142477
Normal,SERPINE1,VTN,capillary endothelial cell,monocyte,1.2754091024398804,0.0002542365400586277,0.0003242555831093341
Normal,SERPINE1,PLAU,capillary endothelial cell,monocyte,1.2754091024398804,0.021660732105374336,0.027626294642686844
Normal,SERPINE1,LRP1,capillary endothelial cell,fibroblast,1.2754091024398804,1.1042487621307373,1.4083689451217651
Normal,SERPINE1,PLAUR,capillary endothelial cell,fibroblast,1.2754091024398804,0.3658265173435211,0.46657848358154297
Normal,SERPINE1,ITGAV,capillary endothelial cell,fibroblast,1.2754091024398804,0.48545774817466736,0.6191572546958923
Normal,SERPINE1,ITGB3,capillary endothelial cell,fibroblast,1.2754091024398804,0.016091804951429367,0.020523633807897568
Normal,SERPINE1,VTN,capillary endothelial cell,fibroblast,1.2754091024398804,0.007628223858773708,0.009729105979204178
Normal,SERPINE1,PLAU,capillary endothelial cell,fibroblast,1.2754091024398804,0.0512564443051815,0.06537293642759323
Normal,SERPINE1,LRP1,capillary endothelial cell,conventional dendritic cell,1.2754091024398804,0.6445091366767883,0.8220128417015076
Normal,SERPINE1,PLAUR,capillary endothelial cell,conventional dendritic cell,1.2754091024398804,1.2957876920700073,1.6526594161987305
Normal,SERPINE1,ITGAV,capillary endothelial cell,conventional dendritic cell,1.2754091024398804,0.5384222269058228,0.6867086291313171
Normal,SERPINE1,ITGB3,capillary endothelial cell,conventional dendritic cell,1.2754091024398804,0.0274202860891819,0.03497208282351494
Normal,SERPINE1,VTN,capillary endothelial cell,conventional dendritic cell,1.2754091024398804,0.006924258079379797,0.008831261657178402
Normal,SERPINE1,PLAU,capillary endothelial cell,conventional dendritic cell,1.2754091024398804,0.3481919765472412,0.4440872073173523
Normal,SERPINE1,LRP1,capillary endothelial cell,mast cell,1.2754091024398804,0.014076117426156998,0.01795280911028385
Normal,SERPINE1,PLAUR,capillary endothelial cell,mast cell,1.2754091024398804,0.6777046322822571,0.8643506765365601
Normal,SERPINE1,ITGAV,capillary endothelial cell,mast cell,1.2754091024398804,0.3965514004230499,0.5057652592658997
Normal,SERPINE1,ITGB3,capillary endothelial cell,mast cell,1.2754091024398804,0.034890614449977875,0.04449980705976486
Normal,SERPINE1,VTN,capillary endothelial cell,mast cell,1.2754091024398804,0.0005058146198280156,0.0006451205699704587
Normal,SERPINE1,PLAU,capillary endothelial cell,mast cell,1.2754091024398804,0.04867101460695267,0.062075454741716385
Normal,SERPINE1,LRP1,capillary endothelial cell,pulmonary alveolar type 2 cell,1.2754091024398804,0.04979923740029335,0.06351440399885178
Normal,SERPINE1,PLAUR,capillary endothelial cell,pulmonary alveolar type 2 cell,1.2754091024398804,0.08510953187942505,0.10854946821928024
Normal,SERPINE1,ITGAV,capillary endothelial cell,pulmonary alveolar type 2 cell,1.2754091024398804,0.3477472960948944,0.44352006912231445
Normal,SERPINE1,ITGB3,capillary endothelial cell,pulmonary alveolar type 2 cell,1.2754091024398804,0.001568294013850391,0.002000216394662857
Normal,SERPINE1,VTN,capillary endothelial cell,pulmonary alveolar type 2 cell,1.2754091024398804,0.001968085067346692,0.0025101136416196823
Normal,SERPINE1,PLAU,capillary endothelial cell,pulmonary alveolar type 2 cell,1.2754091024398804,0.0009738014778122306,0.0012419952545315027
Normal,SERPINE1,LRP1,capillary endothelial cell,vein endothelial cell,1.2754091024398804,0.01389493141323328,0.017721721902489662
Normal,SERPINE1,PLAUR,capillary endothelial cell,vein endothelial cell,1.2754091024398804,0.36070504784584045,0.4600464999675751
Normal,SERPINE1,ITGAV,capillary endothelial cell,vein endothelial cell,1.2754091024398804,1.3018479347229004,1.660388708114624
Normal,SERPINE1,ITGB3,capillary endothelial cell,vein endothelial cell,1.2754091024398804,0.14101922512054443,0.17985720932483673
Normal,SERPINE1,VTN,capillary endothelial cell,vein endothelial cell,1.2754091024398804,0.00043039844604209065,0.0005489340983331203
Normal,SERPINE1,PLAU,capillary endothelial cell,vein endothelial cell,1.2754091024398804,0.01011657528579235,0.012902772054076195
Normal,SERPINE1,LRP1,capillary endothelial cell,lung multiciliated epithelial cell,1.2754091024398804,0.10350595414638519,0.13201244175434113
Normal,SERPINE1,PLAUR,capillary endothelial cell,lung multiciliated epithelial cell,1.2754091024398804,0.09738852828741074,0.12421021610498428
Normal,SERPINE1,ITGAV,capillary endothelial cell,lung multiciliated epithelial cell,1.2754091024398804,0.18617400527000427,0.23744802176952362
Normal,SERPINE1,ITGB3,capillary endothelial cell,lung multiciliated epithelial cell,1.2754091024398804,0.06405186653137207,0.08169233053922653
Normal,SERPINE1,VTN,capillary endothelial cell,lung multiciliated epithelial cell,1.2754091024398804,0.005472810938954353,0.00698007270693779
Normal,SERPINE1,PLAU,capillary endothelial cell,lung multiciliated epithelial cell,1.2754091024398804,0.02393346093595028,0.030524954199790955
Normal,SERPINE1,LRP1,capillary endothelial cell,smooth muscle cell,1.2754091024398804,0.571965754032135,0.729490339756012
Normal,SERPINE1,PLAUR,capillary endothelial cell,smooth muscle cell,1.2754091024398804,0.08600547164678574,0.10969216376543045
Normal,SERPINE1,ITGAV,capillary endothelial cell,smooth muscle cell,1.2754091024398804,0.44389525055885315,0.566148042678833
Normal,SERPINE1,ITGB3,capillary endothelial cell,smooth muscle cell,1.2754091024398804,0.016222920268774033,0.020690860226750374
Normal,SERPINE1,VTN,capillary endothelial cell,smooth muscle cell,1.2754091024398804,0.06872478872537613,0.08765222132205963
Normal,SERPINE1,PLAU,capillary endothelial cell,smooth muscle cell,1.2754091024398804,0.0348949059844017,0.0445052795112133
Normal,SERPINE1,LRP1,capillary endothelial cell,endothelial cell,1.2754091024398804,0.04382266476750374,0.05589182674884796
Normal,SERPINE1,PLAUR,capillary endothelial cell,endothelial cell,1.2754091024398804,0.28734296560287476,0.3664798438549042
Normal,SERPINE1,ITGAV,capillary endothelial cell,endothelial cell,1.2754091024398804,1.3687506914138794,1.7457170486450195
Normal,SERPINE1,ITGB3,capillary endothelial cell,endothelial cell,1.2754091024398804,0.01795002818107605,0.02289362996816635
Normal,SERPINE1,VTN,capillary endothelial cell,endothelial cell,1.2754091024398804,0.0,0.0
Normal,SERPINE1,PLAU,capillary endothelial cell,endothelial cell,1.2754091024398804,0.032519325613975525,0.04147544503211975
Normal,SERPINE1,LRP1,capillary endothelial cell,B cell,1.2754091024398804,0.027416327968239784,0.03496703505516052
Normal,SERPINE1,PLAUR,capillary endothelial cell,B cell,1.2754091024398804,0.011772379279136658,0.01501460000872612
Normal,SERPINE1,ITGAV,capillary endothelial cell,B cell,1.2754091024398804,0.06915748119354248,0.08820407837629318
Normal,SERPINE1,ITGB3,capillary endothelial cell,B cell,1.2754091024398804,0.02003781497478485,0.02555641159415245
Normal,SERPINE1,VTN,capillary endothelial cell,B cell,1.2754091024398804,0.0,0.0
Normal,SERPINE1,PLAU,capillary endothelial cell,B cell,1.2754091024398804,0.006701188627630472,0.008546756580471992
Normal,SERPINE1,LRP1,capillary endothelial cell,pulmonary alveolar type 1 cell,1.2754091024398804,0.0587434358894825,0.07492191344499588
Normal,SERPINE1,PLAUR,capillary endothelial cell,pulmonary alveolar type 1 cell,1.2754091024398804,0.12368427217006683,0.1577480435371399
Normal,SERPINE1,ITGAV,capillary endothelial cell,pulmonary alveolar type 1 cell,1.2754091024398804,0.41951435804367065,0.5350524187088013
Normal,SERPINE1,ITGB3,capillary endothelial cell,pulmonary alveolar type 1 cell,1.2754091024398804,0.015503257513046265,0.01977299526333809
Normal,SERPINE1,VTN,capillary endothelial cell,pulmonary alveolar type 1 cell,1.2754091024398804,0.0,0.0
Normal,SERPINE1,PLAU,capillary endothelial cell,pulmonary alveolar type 1 cell,1.2754091024398804,0.0010918190237134695,0.0013925159582868218
Normal,SERPINE1,LRP1,capillary endothelial cell,club cell,1.2754091024398804,0.08631543815135956,0.11008749902248383
Normal,SERPINE1,PLAUR,capillary endothelial cell,club cell,1.2754091024398804,0.11950922757387161,0.15242315828800201
Normal,SERPINE1,ITGAV,capillary endothelial cell,club cell,1.2754091024398804,0.21280433237552643,0.27141258120536804
Normal,SERPINE1,ITGB3,capillary endothelial cell,club cell,1.2754091024398804,0.028953084722161293,0.036927029490470886
Normal,SERPINE1,VTN,capillary endothelial cell,club cell,1.2754091024398804,0.0,0.0
Normal,SERPINE1,PLAU,capillary endothelial cell,club cell,1.2754091024398804,0.005933290813118219,0.007567373104393482
Normal,SERPINE1,LRP1,capillary endothelial cell,neutrophil,1.2754091024398804,0.014111633412539959,0.01799810491502285
Normal,SERPINE1,PLAUR,capillary endothelial cell,neutrophil,1.2754091024398804,2.2625458240509033,2.885671615600586
Normal,SERPINE1,ITGAV,capillary endothelial cell,neutrophil,1.2754091024398804,0.037097059190273285,0.04731392860412598
Normal,SERPINE1,ITGB3,capillary endothelial cell,neutrophil,1.2754091024398804,0.0,0.0
Normal,SERPINE1,VTN,capillary endothelial cell,neutrophil,1.2754091024398804,0.0,0.0
Normal,SERPINE1,PLAU,capillary endothelial cell,neutrophil,1.2754091024398804,0.11391173303127289,0.14528405666351318
Normal,SERPINE1,LRP1,capillary endothelial cell,plasma cell,1.2754091024398804,0.03262129798531532,0.041605498641729355
Normal,SERPINE1,PLAUR,capillary endothelial cell,plasma cell,1.2754091024398804,0.07067731022834778,0.09014248847961426
Normal,SERPINE1,ITGAV,capillary endothelial cell,plasma cell,1.2754091024398804,0.1007995754480362,0.12856069207191467
Normal,SERPINE1,ITGB3,capillary endothelial cell,plasma cell,1.2754091024398804,0.004957778379321098,0.006323195528239012
Normal,SERPINE1,VTN,capillary endothelial cell,plasma cell,1.2754091024398804,0.0,0.0
Normal,SERPINE1,PLAU,capillary endothelial cell,plasma cell,1.2754091024398804,0.0011446947464719415,0.001459954073652625
Normal,SERPINE1,LRP1,capillary endothelial cell,leukocyte,1.2754091024398804,0.19113506376743317,0.2437753975391388
Normal,SERPINE1,PLAUR,capillary endothelial cell,leukocyte,1.2754091024398804,0.35691437125205994,0.4552118480205536
Normal,SERPINE1,ITGAV,capillary endothelial cell,leukocyte,1.2754091024398804,0.33996498584747314,0.4335944354534149
Normal,SERPINE1,ITGB3,capillary endothelial cell,leukocyte,1.2754091024398804,0.004113916307687759,0.005246926099061966
Normal,SERPINE1,VTN,capillary endothelial cell,leukocyte,1.2754091024398804,0.005431992933154106,0.006928013172000647
Normal,SERPINE1,PLAU,capillary endothelial cell,leukocyte,1.2754091024398804,0.0676087811589241,0.0862288549542427
Normal,SERPINE1,LRP1,capillary endothelial cell,endothelial cell of lymphatic vessel,1.2754091024398804,0.02008569985628128,0.025617484003305435
Normal,SERPINE1,PLAUR,capillary endothelial cell,endothelial cell of lymphatic vessel,1.2754091024398804,0.09317221492528915,0.11883269250392914
Normal,SERPINE1,ITGAV,capillary endothelial cell,endothelial cell of lymphatic vessel,1.2754091024398804,0.6201860308647156,0.7909908890724182
Normal,SERPINE1,ITGB3,capillary endothelial cell,endothelial cell of lymphatic vessel,1.2754091024398804,0.03770211338996887,0.048085618764162064
Normal,SERPINE1,VTN,capillary endothelial cell,endothelial cell of lymphatic vessel,1.2754091024398804,0.005374448373913765,0.006854620296508074
Normal,SERPINE1,PLAU,capillary endothelial cell,endothelial cell of lymphatic vessel,1.2754091024398804,0.008077932521700859,0.010302668437361717
Normal,SERPINE1,LRP1,macrophage,"CD4-positive, alpha-beta T cell",0.16411598026752472,0.014970630407333374,0.0024569197557866573
Normal,SERPINE1,PLAUR,macrophage,"CD4-positive, alpha-beta T cell",0.16411598026752472,0.06878918409347534,0.011289404705166817
Normal,SERPINE1,ITGAV,macrophage,"CD4-positive, alpha-beta T cell",0.16411598026752472,0.1432809829711914,0.023514699190855026
Normal,SERPINE1,ITGB3,macrophage,"CD4-positive, alpha-beta T cell",0.16411598026752472,0.0004901275970041752,8.043777052080259e-05
Normal,SERPINE1,VTN,macrophage,"CD4-positive, alpha-beta T cell",0.16411598026752472,0.0007507849368266761,0.00012321581016294658
Normal,SERPINE1,PLAU,macrophage,"CD4-positive, alpha-beta T cell",0.16411598026752472,0.002736940048635006,0.0004491755971685052
Normal,SERPINE1,LRP1,macrophage,natural killer cell,0.16411598026752472,0.015207733027637005,0.0024958320427685976
Normal,SERPINE1,PLAUR,macrophage,natural killer cell,0.16411598026752472,0.03888087719678879,0.006380973383784294
Normal,SERPINE1,ITGAV,macrophage,natural killer cell,0.16411598026752472,0.12946993112564087,0.02124808542430401
Normal,SERPINE1,ITGB3,macrophage,natural killer cell,0.16411598026752472,0.0020600573625415564,0.0003380883426871151
Normal,SERPINE1,VTN,macrophage,natural killer cell,0.16411598026752472,0.00036771950544789433,6.034864782122895e-05
Normal,SERPINE1,PLAU,macrophage,natural killer cell,0.16411598026752472,0.002590348245576024,0.0004251175560057163
Normal,SERPINE1,LRP1,macrophage,capillary endothelial cell,0.16411598026752472,0.04081709682941437,0.0066987378522753716
Normal,SERPINE1,PLAUR,macrophage,capillary endothelial cell,0.16411598026752472,0.15086756646633148,0.024759778752923012
Normal,SERPINE1,ITGAV,macrophage,capillary endothelial cell,0.16411598026752472,1.0649206638336182,0.1747705042362213
Normal,SERPINE1,ITGB3,macrophage,capillary endothelial cell,0.16411598026752472,0.005221290048211813,0.0008568971534259617
Normal,SERPINE1,VTN,macrophage,capillary endothelial cell,0.16411598026752472,0.0013286990579217672,0.00021806075528729707
Normal,SERPINE1,PLAU,macrophage,capillary endothelial cell,0.16411598026752472,0.10289759933948517,0.016887139528989792
Normal,SERPINE1,LRP1,macrophage,macrophage,0.16411598026752472,1.0355989933013916,0.16995833814144135
Normal,SERPINE1,PLAUR,macrophage,macrophage,0.16411598026752472,1.4066904783248901,0.2308603823184967
Normal,SERPINE1,ITGAV,macrophage,macrophage,0.16411598026752472,0.4482908248901367,0.07357168942689896
Normal,SERPINE1,ITGB3,macrophage,macrophage,0.16411598026752472,0.001214474905282259,0.00019931474525947124
Normal,SERPINE1,VTN,macrophage,macrophage,0.16411598026752472,0.02266676351428032,0.0037199780344963074
Normal,SERPINE1,PLAU,macrophage,macrophage,0.16411598026752472,0.10081015527248383,0.016544558107852936
Normal,SERPINE1,LRP1,macrophage,"CD8-positive, alpha-beta T cell",0.16411598026752472,0.018964122980833054,0.0031123156659305096
Normal,SERPINE1,PLAUR,macrophage,"CD8-positive, alpha-beta T cell",0.16411598026752472,0.05417943745851517,0.008891711942851543
Normal,SERPINE1,ITGAV,macrophage,"CD8-positive, alpha-beta T cell",0.16411598026752472,0.1800706833600998,0.029552476480603218
Normal,SERPINE1,ITGB3,macrophage,"CD8-positive, alpha-beta T cell",0.16411598026752472,0.0023529811296612024,0.00038616181700490415
Normal,SERPINE1,VTN,macrophage,"CD8-positive, alpha-beta T cell",0.16411598026752472,0.0,0.0
Normal,SERPINE1,PLAU,macrophage,"CD8-positive, alpha-beta T cell",0.16411598026752472,0.0027266780380159616,0.0004474914458114654
Normal,SERPINE1,LRP1,macrophage,monocyte,0.16411598026752472,0.5015445351600647,0.0823114737868309
Normal,SERPINE1,PLAUR,macrophage,monocyte,0.16411598026752472,1.9285908937454224,0.3165125846862793
Normal,SERPINE1,ITGAV,macrophage,monocyte,0.16411598026752472,0.22583134472370148,0.03706253319978714
Normal,SERPINE1,ITGB3,macrophage,monocyte,0.16411598026752472,0.0019068242982029915,0.00031294033396989107
Normal,SERPINE1,VTN,macrophage,monocyte,0.16411598026752472,0.0002542365400586277,4.172427725279704e-05
Normal,SERPINE1,PLAU,macrophage,monocyte,0.16411598026752472,0.021660732105374336,0.0035548722371459007
Normal,SERPINE1,LRP1,macrophage,fibroblast,0.16411598026752472,1.1042487621307373,0.18122486770153046
Normal,SERPINE1,PLAUR,macrophage,fibroblast,0.16411598026752472,0.3658265173435211,0.06003797799348831
Normal,SERPINE1,ITGAV,macrophage,fibroblast,0.16411598026752472,0.48545774817466736,0.07967137545347214
Normal,SERPINE1,ITGB3,macrophage,fibroblast,0.16411598026752472,0.016091804951429367,0.0026409223210066557
Normal,SERPINE1,VTN,macrophage,fibroblast,0.16411598026752472,0.007628223858773708,0.001251913490705192
Normal,SERPINE1,PLAU,macrophage,fibroblast,0.16411598026752472,0.0512564443051815,0.00841200165450573
Normal,SERPINE1,LRP1,macrophage,conventional dendritic cell,0.16411598026752472,0.6445091366767883,0.10577424615621567
Normal,SERPINE1,PLAUR,macrophage,conventional dendritic cell,0.16411598026752472,1.2957876920700073,0.21265946328639984
Normal,SERPINE1,ITGAV,macrophage,conventional dendritic cell,0.16411598026752472,0.5384222269058228,0.08836369216442108
Normal,SERPINE1,ITGB3,macrophage,conventional dendritic cell,0.16411598026752472,0.0274202860891819,0.004500106908380985
Normal,SERPINE1,VTN,macrophage,conventional dendritic cell,0.16411598026752472,0.006924258079379797,0.0011363814119249582
Normal,SERPINE1,PLAU,macrophage,conventional dendritic cell,0.16411598026752472,0.3481919765472412,0.05714386701583862
Normal,SERPINE1,LRP1,macrophage,mast cell,0.16411598026752472,0.014076117426156998,0.0023101158440113068
Normal,SERPINE1,PLAUR,macrophage,mast cell,0.16411598026752472,0.6777046322822571,0.11122216284275055
Normal,SERPINE1,ITGAV,macrophage,mast cell,0.16411598026752472,0.3965514004230499,0.0650804191827774
Normal,SERPINE1,ITGB3,macrophage,mast cell,0.16411598026752472,0.034890614449977875,0.005726107396185398
Normal,SERPINE1,VTN,macrophage,mast cell,0.16411598026752472,0.0005058146198280156,8.301225898321718e-05
Normal,SERPINE1,PLAU,macrophage,mast cell,0.16411598026752472,0.04867101460695267,0.007987691089510918
Normal,SERPINE1,LRP1,macrophage,pulmonary alveolar type 2 cell,0.16411598026752472,0.04979923740029335,0.00817285105586052
Normal,SERPINE1,PLAUR,macrophage,pulmonary alveolar type 2 cell,0.16411598026752472,0.08510953187942505,0.013967834413051605
Normal,SERPINE1,ITGAV,macrophage,pulmonary alveolar type 2 cell,0.16411598026752472,0.3477472960948944,0.057070888578891754
Normal,SERPINE1,ITGB3,macrophage,pulmonary alveolar type 2 cell,0.16411598026752472,0.001568294013850391,0.00025738211115822196
Normal,SERPINE1,VTN,macrophage,pulmonary alveolar type 2 cell,0.16411598026752472,0.001968085067346692,0.00032299422309733927
Normal,SERPINE1,PLAU,macrophage,pulmonary alveolar type 2 cell,0.16411598026752472,0.0009738014778122306,0.0001598163798917085
Normal,SERPINE1,LRP1,macrophage,vein endothelial cell,0.16411598026752472,0.01389493141323328,0.00228038034401834
Normal,SERPINE1,PLAUR,macrophage,vein endothelial cell,0.16411598026752472,0.36070504784584045,0.05919746309518814
Normal,SERPINE1,ITGAV,macrophage,vein endothelial cell,0.16411598026752472,1.3018479347229004,0.2136540561914444
Normal,SERPINE1,ITGB3,macrophage,vein endothelial cell,0.16411598026752472,0.14101922512054443,0.023143507540225983
Normal,SERPINE1,VTN,macrophage,vein endothelial cell,0.16411598026752472,0.00043039844604209065,7.063526572892442e-05
Normal,SERPINE1,PLAU,macrophage,vein endothelial cell,0.16411598026752472,0.01011657528579235,0.0016602916875854135
Normal,SERPINE1,LRP1,macrophage,lung multiciliated epithelial cell,0.16411598026752472,0.10350595414638519,0.01698698103427887
Normal,SERPINE1,PLAUR,macrophage,lung multiciliated epithelial cell,0.16411598026752472,0.09738852828741074,0.015983013436198235
Normal,SERPINE1,ITGAV,macrophage,lung multiciliated epithelial cell,0.16411598026752472,0.18617400527000427,0.03055412881076336
Normal,SERPINE1,ITGB3,macrophage,lung multiciliated epithelial cell,0.16411598026752472,0.06405186653137207,0.010511934757232666
Normal,SERPINE1,VTN,macrophage,lung multiciliated epithelial cell,0.16411598026752472,0.005472810938954353,0.0008981757564470172
Normal,SERPINE1,PLAU,macrophage,lung multiciliated epithelial cell,0.16411598026752472,0.02393346093595028,0.003927863202989101
Normal,SERPINE1,LRP1,macrophage,smooth muscle cell,0.16411598026752472,0.571965754032135,0.09386871755123138
Normal,SERPINE1,PLAUR,macrophage,smooth muscle cell,0.16411598026752472,0.08600547164678574,0.014114872552454472
Normal,SERPINE1,ITGAV,macrophage,smooth muscle cell,0.16411598026752472,0.44389525055885315,0.072850301861763
Normal,SERPINE1,ITGB3,macrophage,smooth muscle cell,0.16411598026752472,0.016222920268774033,0.0026624405290931463
Normal,SERPINE1,VTN,macrophage,smooth muscle cell,0.16411598026752472,0.06872478872537613,0.01127883605659008
Normal,SERPINE1,PLAU,macrophage,smooth muscle cell,0.16411598026752472,0.0348949059844017,0.005726811476051807
Normal,SERPINE1,LRP1,macrophage,endothelial cell,0.16411598026752472,0.04382266476750374,0.007191999815404415
Normal,SERPINE1,PLAUR,macrophage,endothelial cell,0.16411598026752472,0.28734296560287476,0.04715757071971893
Normal,SERPINE1,ITGAV,macrophage,endothelial cell,0.16411598026752472,1.3687506914138794,0.2246338576078415
Normal,SERPINE1,ITGB3,macrophage,endothelial cell,0.16411598026752472,0.01795002818107605,0.0029458864592015743
Normal,SERPINE1,VTN,macrophage,endothelial cell,0.16411598026752472,0.0,0.0
Normal,SERPINE1,PLAU,macrophage,endothelial cell,0.16411598026752472,0.032519325613975525,0.005336941219866276
Normal,SERPINE1,LRP1,macrophage,B cell,0.16411598026752472,0.027416327968239784,0.004499457310885191
Normal,SERPINE1,PLAUR,macrophage,B cell,0.16411598026752472,0.011772379279136658,0.001932035549543798
Normal,SERPINE1,ITGAV,macrophage,B cell,0.16411598026752472,0.06915748119354248,0.011349847540259361
Normal,SERPINE1,ITGB3,macrophage,B cell,0.16411598026752472,0.02003781497478485,0.0032885256223380566
Normal,SERPINE1,VTN,macrophage,B cell,0.16411598026752472,0.0,0.0
Normal,SERPINE1,PLAU,macrophage,B cell,0.16411598026752472,0.006701188627630472,0.0010997721692547202
Normal,SERPINE1,LRP1,macrophage,pulmonary alveolar type 1 cell,0.16411598026752472,0.0587434358894825,0.009640736505389214
Normal,SERPINE1,PLAUR,macrophage,pulmonary alveolar type 1 cell,0.16411598026752472,0.12368427217006683,0.020298564806580544
Normal,SERPINE1,ITGAV,macrophage,pulmonary alveolar type 1 cell,0.16411598026752472,0.41951435804367065,0.06884901225566864
Normal,SERPINE1,ITGB3,macrophage,pulmonary alveolar type 1 cell,0.16411598026752472,0.015503257513046265,0.0025443322956562042
Normal,SERPINE1,VTN,macrophage,pulmonary alveolar type 1 cell,0.16411598026752472,0.0,0.0
Normal,SERPINE1,PLAU,macrophage,pulmonary alveolar type 1 cell,0.16411598026752472,0.0010918190237134695,0.00017918494995683432
Normal,SERPINE1,LRP1,macrophage,club cell,0.16411598026752472,0.08631543815135956,0.014165742322802544
Normal,SERPINE1,PLAUR,macrophage,club cell,0.16411598026752472,0.11950922757387161,0.019613374024629593
Normal,SERPINE1,ITGAV,macrophage,club cell,0.16411598026752472,0.21280433237552643,0.034924592822790146
Normal,SERPINE1,ITGB3,macrophage,club cell,0.16411598026752472,0.028953084722161293,0.004751663655042648
Normal,SERPINE1,VTN,macrophage,club cell,0.16411598026752472,0.0,0.0
Normal,SERPINE1,PLAU,macrophage,club cell,0.16411598026752472,0.005933290813118219,0.0009737478103488684
Normal,SERPINE1,LRP1,macrophage,neutrophil,0.16411598026752472,0.014111633412539959,0.0023159445263445377
Normal,SERPINE1,PLAUR,macrophage,neutrophil,0.16411598026752472,2.2625458240509033,0.3713199198246002
Normal,SERPINE1,ITGAV,macrophage,neutrophil,0.16411598026752472,0.037097059190273285,0.006088220048695803
Normal,SERPINE1,ITGB3,macrophage,neutrophil,0.16411598026752472,0.0,0.0
Normal,SERPINE1,VTN,macrophage,neutrophil,0.16411598026752472,0.0,0.0
Normal,SERPINE1,PLAU,macrophage,neutrophil,0.16411598026752472,0.11391173303127289,0.018694736063480377
Normal,SERPINE1,LRP1,macrophage,plasma cell,0.16411598026752472,0.03262129798531532,0.005353676155209541
Normal,SERPINE1,PLAUR,macrophage,plasma cell,0.16411598026752472,0.07067731022834778,0.011599276214838028
Normal,SERPINE1,ITGAV,macrophage,plasma cell,0.16411598026752472,0.1007995754480362,0.016542820259928703
Normal,SERPINE1,ITGB3,macrophage,plasma cell,0.16411598026752472,0.004957778379321098,0.0008136506658047438
Normal,SERPINE1,VTN,macrophage,plasma cell,0.16411598026752472,0.0,0.0
Normal,SERPINE1,PLAU,macrophage,plasma cell,0.16411598026752472,0.0011446947464719415,0.00018786269356496632
Normal,SERPINE1,LRP1,macrophage,leukocyte,0.16411598026752472,0.19113506376743317,0.03136831894516945
Normal,SERPINE1,PLAUR,macrophage,leukocyte,0.16411598026752472,0.35691437125205994,0.0585753507912159
Normal,SERPINE1,ITGAV,macrophage,leukocyte,0.16411598026752472,0.33996498584747314,0.05579368770122528
Normal,SERPINE1,ITGB3,macrophage,leukocyte,0.16411598026752472,0.004113916307687759,0.0006751593900844455
Normal,SERPINE1,VTN,macrophage,leukocyte,0.16411598026752472,0.005431992933154106,0.0008914768695831299
Normal,SERPINE1,PLAU,macrophage,leukocyte,0.16411598026752472,0.0676087811589241,0.011095681227743626
Normal,SERPINE1,LRP1,macrophage,endothelial cell of lymphatic vessel,0.16411598026752472,0.02008569985628128,0.0032963843550533056
Normal,SERPINE1,PLAUR,macrophage,endothelial cell of lymphatic vessel,0.16411598026752472,0.09317221492528915,0.015291049145162106
Normal,SERPINE1,ITGAV,macrophage,endothelial cell of lymphatic vessel,0.16411598026752472,0.6201860308647156,0.10178244113922119
Normal,SERPINE1,ITGB3,macrophage,endothelial cell of lymphatic vessel,0.16411598026752472,0.03770211338996887,0.006187519524246454
Normal,SERPINE1,VTN,macrophage,endothelial cell of lymphatic vessel,0.16411598026752472,0.005374448373913765,0.0008820328512229025
Normal,SERPINE1,PLAU,macrophage,endothelial cell of lymphatic vessel,0.16411598026752472,0.008077932521700859,0.0013257177779451013
Normal,SERPINE1,LRP1,"CD8-positive, alpha-beta T cell","CD4-positive, alpha-beta T cell",0.020963314920663834,0.014970630407333374,0.000313834025291726
Normal,SERPINE1,PLAUR,"CD8-positive, alpha-beta T cell","CD4-positive, alpha-beta T cell",0.020963314920663834,0.06878918409347534,0.0014420492807403207
Normal,SERPINE1,ITGAV,"CD8-positive, alpha-beta T cell","CD4-positive, alpha-beta T cell",0.020963314920663834,0.1432809829711914,0.0030036442913115025
Normal,SERPINE1,ITGB3,"CD8-positive, alpha-beta T cell","CD4-positive, alpha-beta T cell",0.020963314920663834,0.0004901275970041752,1.0274698979628738e-05
Normal,SERPINE1,VTN,"CD8-positive, alpha-beta T cell","CD4-positive, alpha-beta T cell",0.020963314920663834,0.0007507849368266761,1.5738940419396386e-05
Normal,SERPINE1,PLAU,"CD8-positive, alpha-beta T cell","CD4-positive, alpha-beta T cell",0.020963314920663834,0.002736940048635006,5.737533501815051e-05
Normal,SERPINE1,LRP1,"CD8-positive, alpha-beta T cell",natural killer cell,0.020963314920663834,0.015207733027637005,0.0003188044938724488
Normal,SERPINE1,PLAUR,"CD8-positive, alpha-beta T cell",natural killer cell,0.020963314920663834,0.03888087719678879,0.0008150720968842506
Normal,SERPINE1,ITGAV,"CD8-positive, alpha-beta T cell",natural killer cell,0.020963314920663834,0.12946993112564087,0.0027141189202666283
Normal,SERPINE1,ITGB3,"CD8-positive, alpha-beta T cell",natural killer cell,0.020963314920663834,0.0020600573625415564,4.3185631511732936e-05
Normal,SERPINE1,VTN,"CD8-positive, alpha-beta T cell",natural killer cell,0.020963314920663834,0.00036771950544789433,7.708619705226738e-06
Normal,SERPINE1,PLAU,"CD8-positive, alpha-beta T cell",natural killer cell,0.020963314920663834,0.002590348245576024,5.4302287026075646e-05
Normal,SERPINE1,LRP1,"CD8-positive, alpha-beta T cell",capillary endothelial cell,0.020963314920663834,0.04081709682941437,0.0008556616376154125
Normal,SERPINE1,PLAUR,"CD8-positive, alpha-beta T cell",capillary endothelial cell,0.020963314920663834,0.15086756646633148,0.0031626843847334385
Normal,SERPINE1,ITGAV,"CD8-positive, alpha-beta T cell",capillary endothelial cell,0.020963314920663834,1.0649206638336182,0.022324267774820328
Normal,SERPINE1,ITGB3,"CD8-positive, alpha-beta T cell",capillary endothelial cell,0.020963314920663834,0.005221290048211813,0.00010945554822683334
Normal,SERPINE1,VTN,"CD8-positive, alpha-beta T cell",capillary endothelial cell,0.020963314920663834,0.0013286990579217672,2.7853937353938818e-05
Normal,SERPINE1,PLAU,"CD8-positive, alpha-beta T cell",capillary endothelial cell,0.020963314920663834,0.10289759933948517,0.0021570748649537563
Normal,SERPINE1,LRP1,"CD8-positive, alpha-beta T cell",macrophage,0.020963314920663834,1.0355989933013916,0.021709587424993515
Normal,SERPINE1,PLAUR,"CD8-positive, alpha-beta T cell",macrophage,0.020963314920663834,1.4066904783248901,0.02948889508843422
Normal,SERPINE1,ITGAV,"CD8-positive, alpha-beta T cell",macrophage,0.020963314920663834,0.4482908248901367,0.009397661313414574
Normal,SERPINE1,ITGB3,"CD8-positive, alpha-beta T cell",macrophage,0.020963314920663834,0.001214474905282259,2.5459419703111053e-05
Normal,SERPINE1,VTN,"CD8-positive, alpha-beta T cell",macrophage,0.020963314920663834,0.02266676351428032,0.0004751704982481897
Normal,SERPINE1,PLAU,"CD8-positive, alpha-beta T cell",macrophage,0.020963314920663834,0.10081015527248383,0.0021133150439709425
Normal,SERPINE1,LRP1,"CD8-positive, alpha-beta T cell","CD8-positive, alpha-beta T cell",0.020963314920663834,0.018964122980833054,0.00039755087345838547
Normal,SERPINE1,PLAUR,"CD8-positive, alpha-beta T cell","CD8-positive, alpha-beta T cell",0.020963314920663834,0.05417943745851517,0.0011357805924490094
Normal,SERPINE1,ITGAV,"CD8-positive, alpha-beta T cell","CD8-positive, alpha-beta T cell",0.020963314920663834,0.1800706833600998,0.0037748783361166716
Normal,SERPINE1,ITGB3,"CD8-positive, alpha-beta T cell","CD8-positive, alpha-beta T cell",0.020963314920663834,0.0023529811296612024,4.932628507958725e-05
Normal,SERPINE1,VTN,"CD8-positive, alpha-beta T cell","CD8-positive, alpha-beta T cell",0.020963314920663834,0.0,0.0
Normal,SERPINE1,PLAU,"CD8-positive, alpha-beta T cell","CD8-positive, alpha-beta T cell",0.020963314920663834,0.0027266780380159616,5.7160210417350754e-05
Normal,SERPINE1,LRP1,"CD8-positive, alpha-beta T cell",monocyte,0.020963314920663834,0.5015445351600647,0.010514035820960999
Normal,SERPINE1,PLAUR,"CD8-positive, alpha-beta T cell",monocyte,0.020963314920663834,1.9285908937454224,0.04042965918779373
Normal,SERPINE1,ITGAV,"CD8-positive, alpha-beta T cell",monocyte,0.020963314920663834,0.22583134472370148,0.00473417341709137
Normal,SERPINE1,ITGB3,"CD8-positive, alpha-beta T cell",monocyte,0.020963314920663834,0.0019068242982029915,3.9973358070710674e-05
Normal,SERPINE1,VTN,"CD8-positive, alpha-beta T cell",monocyte,0.020963314920663834,0.0002542365400586277,5.329640771378763e-06
Normal,SERPINE1,PLAU,"CD8-positive, alpha-beta T cell",monocyte,0.020963314920663834,0.021660732105374336,0.0004540807567536831
Normal,SERPINE1,LRP1,"CD8-positive, alpha-beta T cell",fibroblast,0.020963314920663834,1.1042487621307373,0.023148713633418083
Normal,SERPINE1,PLAUR,"CD8-positive, alpha-beta T cell",fibroblast,0.020963314920663834,0.3658265173435211,0.007668936625123024
Normal,SERPINE1,ITGAV,"CD8-positive, alpha-beta T cell",fibroblast,0.020963314920663834,0.48545774817466736,0.010176803916692734
Normal,SERPINE1,ITGB3,"CD8-positive, alpha-beta T cell",fibroblast,0.020963314920663834,0.016091804951429367,0.00033733758027665317
Normal,SERPINE1,VTN,"CD8-positive, alpha-beta T cell",fibroblast,0.020963314920663834,0.007628223858773708,0.00015991285908967257
Normal,SERPINE1,PLAU,"CD8-positive, alpha-beta T cell",fibroblast,0.020963314920663834,0.0512564443051815,0.0010745050385594368
Normal,SERPINE1,LRP1,"CD8-positive, alpha-beta T cell",conventional dendritic cell,0.020963314920663834,0.6445091366767883,0.013511047698557377
Normal,SERPINE1,PLAUR,"CD8-positive, alpha-beta T cell",conventional dendritic cell,0.020963314920663834,1.2957876920700073,0.027164004743099213
Normal,SERPINE1,ITGAV,"CD8-positive, alpha-beta T cell",conventional dendritic cell,0.020963314920663834,0.5384222269058228,0.011287114582955837
Normal,SERPINE1,ITGB3,"CD8-positive, alpha-beta T cell",conventional dendritic cell,0.020963314920663834,0.0274202860891819,0.0005748200928792357
Normal,SERPINE1,VTN,"CD8-positive, alpha-beta T cell",conventional dendritic cell,0.020963314920663834,0.006924258079379797,0.00014515539805870503
Normal,SERPINE1,PLAU,"CD8-positive, alpha-beta T cell",conventional dendritic cell,0.020963314920663834,0.3481919765472412,0.007299257908016443
Normal,SERPINE1,LRP1,"CD8-positive, alpha-beta T cell",mast cell,0.020963314920663834,0.014076117426156998,0.000295082078082487
Normal,SERPINE1,PLAUR,"CD8-positive, alpha-beta T cell",mast cell,0.020963314920663834,0.6777046322822571,0.014206935651600361
Normal,SERPINE1,ITGAV,"CD8-positive, alpha-beta T cell",mast cell,0.020963314920663834,0.3965514004230499,0.008313031867146492
Normal,SERPINE1,ITGB3,"CD8-positive, alpha-beta T cell",mast cell,0.020963314920663834,0.034890614449977875,0.0007314229151234031
Normal,SERPINE1,VTN,"CD8-positive, alpha-beta T cell",mast cell,0.020963314920663834,0.0005058146198280156,1.0603551345411688e-05
Normal,SERPINE1,PLAU,"CD8-positive, alpha-beta T cell",mast cell,0.020963314920663834,0.04867101460695267,0.0010203057900071144
Normal,SERPINE1,LRP1,"CD8-positive, alpha-beta T cell",pulmonary alveolar type 2 cell,0.020963314920663834,0.04979923740029335,0.00104395707603544
Normal,SERPINE1,PLAUR,"CD8-positive, alpha-beta T cell",pulmonary alveolar type 2 cell,0.020963314920663834,0.08510953187942505,0.0017841779626905918
Normal,SERPINE1,ITGAV,"CD8-positive, alpha-beta T cell",pulmonary alveolar type 2 cell,0.020963314920663834,0.3477472960948944,0.007289936300367117
Normal,SERPINE1,ITGB3,"CD8-positive, alpha-beta T cell",pulmonary alveolar type 2 cell,0.020963314920663834,0.001568294013850391,3.287664003437385e-05
Normal,SERPINE1,VTN,"CD8-positive, alpha-beta T cell",pulmonary alveolar type 2 cell,0.020963314920663834,0.001968085067346692,4.125758641748689e-05
Normal,SERPINE1,PLAU,"CD8-positive, alpha-beta T cell",pulmonary alveolar type 2 cell,0.020963314920663834,0.0009738014778122306,2.0414106984389946e-05
Normal,SERPINE1,LRP1,"CD8-positive, alpha-beta T cell",vein endothelial cell,0.020963314920663834,0.01389493141323328,0.00029128382448107004
Normal,SERPINE1,PLAUR,"CD8-positive, alpha-beta T cell",vein endothelial cell,0.020963314920663834,0.36070504784584045,0.007561573293060064
Normal,SERPINE1,ITGAV,"CD8-positive, alpha-beta T cell",vein endothelial cell,0.020963314920663834,1.3018479347229004,0.02729104831814766
Normal,SERPINE1,ITGB3,"CD8-positive, alpha-beta T cell",vein endothelial cell,0.020963314920663834,0.14101922512054443,0.002956230426207185
Normal,SERPINE1,VTN,"CD8-positive, alpha-beta T cell",vein endothelial cell,0.020963314920663834,0.00043039844604209065,9.02257852430921e-06
Normal,SERPINE1,PLAU,"CD8-positive, alpha-beta T cell",vein endothelial cell,0.020963314920663834,0.01011657528579235,0.0002120769495377317
Normal,SERPINE1,LRP1,"CD8-positive, alpha-beta T cell",lung multiciliated epithelial cell,0.020963314920663834,0.10350595414638519,0.0021698279306292534
Normal,SERPINE1,PLAUR,"CD8-positive, alpha-beta T cell",lung multiciliated epithelial cell,0.020963314920663834,0.09738852828741074,0.0020415864419192076
Normal,SERPINE1,ITGAV,"CD8-positive, alpha-beta T cell",lung multiciliated epithelial cell,0.020963314920663834,0.18617400527000427,0.0039028243627399206
Normal,SERPINE1,ITGB3,"CD8-positive, alpha-beta T cell",lung multiciliated epithelial cell,0.020963314920663834,0.06405186653137207,0.0013427394442260265
Normal,SERPINE1,VTN,"CD8-positive, alpha-beta T cell",lung multiciliated epithelial cell,0.020963314920663834,0.005472810938954353,0.00011472826008684933
Normal,SERPINE1,PLAU,"CD8-positive, alpha-beta T cell",lung multiciliated epithelial cell,0.020963314920663834,0.02393346093595028,0.0005017246585339308
Normal,SERPINE1,LRP1,"CD8-positive, alpha-beta T cell",smooth muscle cell,0.020963314920663834,0.571965754032135,0.011990298517048359
Normal,SERPINE1,PLAUR,"CD8-positive, alpha-beta T cell",smooth muscle cell,0.020963314920663834,0.08600547164678574,0.0018029598286375403
Normal,SERPINE1,ITGAV,"CD8-positive, alpha-beta T cell",smooth muscle cell,0.020963314920663834,0.44389525055885315,0.009305516257882118
Normal,SERPINE1,ITGB3,"CD8-positive, alpha-beta T cell",smooth muscle cell,0.020963314920663834,0.016222920268774033,0.00034008617512881756
Normal,SERPINE1,VTN,"CD8-positive, alpha-beta T cell",smooth muscle cell,0.020963314920663834,0.06872478872537613,0.0014406994450837374
Normal,SERPINE1,PLAU,"CD8-positive, alpha-beta T cell",smooth muscle cell,0.020963314920663834,0.0348949059844017,0.0007315129041671753
Normal,SERPINE1,LRP1,"CD8-positive, alpha-beta T cell",endothelial cell,0.020963314920663834,0.04382266476750374,0.0009186683455482125
Normal,SERPINE1,PLAUR,"CD8-positive, alpha-beta T cell",endothelial cell,0.020963314920663834,0.28734296560287476,0.006023661233484745
Normal,SERPINE1,ITGAV,"CD8-positive, alpha-beta T cell",endothelial cell,0.020963314920663834,1.3687506914138794,0.02869355119764805
Normal,SERPINE1,ITGB3,"CD8-positive, alpha-beta T cell",endothelial cell,0.020963314920663834,0.01795002818107605,0.00037629209691658616
Normal,SERPINE1,VTN,"CD8-positive, alpha-beta T cell",endothelial cell,0.020963314920663834,0.0,0.0
Normal,SERPINE1,PLAU,"CD8-positive, alpha-beta T cell",endothelial cell,0.020963314920663834,0.032519325613975525,0.0006817128742113709
Normal,SERPINE1,LRP1,"CD8-positive, alpha-beta T cell",B cell,0.020963314920663834,0.027416327968239784,0.0005747370887547731
Normal,SERPINE1,PLAUR,"CD8-positive, alpha-beta T cell",B cell,0.020963314920663834,0.011772379279136658,0.00024678808404132724
Normal,SERPINE1,ITGAV,"CD8-positive, alpha-beta T cell",B cell,0.020963314920663834,0.06915748119354248,0.0014497700612992048
Normal,SERPINE1,ITGB3,"CD8-positive, alpha-beta T cell",B cell,0.020963314920663834,0.02003781497478485,0.00042005901923403144
Normal,SERPINE1,VTN,"CD8-positive, alpha-beta T cell",B cell,0.020963314920663834,0.0,0.0
Normal,SERPINE1,PLAU,"CD8-positive, alpha-beta T cell",B cell,0.020963314920663834,0.006701188627630472,0.00014047912554815412
Normal,SERPINE1,LRP1,"CD8-positive, alpha-beta T cell",pulmonary alveolar type 1 cell,0.020963314920663834,0.0587434358894825,0.001231457106769085
Normal,SERPINE1,PLAUR,"CD8-positive, alpha-beta T cell",pulmonary alveolar type 1 cell,0.020963314920663834,0.12368427217006683,0.002592832315713167
Normal,SERPINE1,ITGAV,"CD8-positive, alpha-beta T cell",pulmonary alveolar type 1 cell,0.020963314920663834,0.41951435804367065,0.008794412016868591
Normal,SERPINE1,ITGB3,"CD8-positive, alpha-beta T cell",pulmonary alveolar type 1 cell,0.020963314920663834,0.015503257513046265,0.0003249996807426214
Normal,SERPINE1,VTN,"CD8-positive, alpha-beta T cell",pulmonary alveolar type 1 cell,0.020963314920663834,0.0,0.0
Normal,SERPINE1,PLAU,"CD8-positive, alpha-beta T cell",pulmonary alveolar type 1 cell,0.020963314920663834,0.0010918190237134695,2.2888145394972526e-05
Normal,SERPINE1,LRP1,"CD8-positive, alpha-beta T cell",club cell,0.020963314920663834,0.08631543815135956,0.0018094576662406325
Normal,SERPINE1,PLAUR,"CD8-positive, alpha-beta T cell",club cell,0.020963314920663834,0.11950922757387161,0.002505309646949172
Normal,SERPINE1,ITGAV,"CD8-positive, alpha-beta T cell",club cell,0.020963314920663834,0.21280433237552643,0.004461084026843309
Normal,SERPINE1,ITGB3,"CD8-positive, alpha-beta T cell",club cell,0.020963314920663834,0.028953084722161293,0.0006069526425562799
Normal,SERPINE1,VTN,"CD8-positive, alpha-beta T cell",club cell,0.020963314920663834,0.0,0.0
Normal,SERPINE1,PLAU,"CD8-positive, alpha-beta T cell",club cell,0.020963314920663834,0.005933290813118219,0.00012438144767656922
Normal,SERPINE1,LRP1,"CD8-positive, alpha-beta T cell",neutrophil,0.020963314920663834,0.014111633412539959,0.00029582661227323115
Normal,SERPINE1,PLAUR,"CD8-positive, alpha-beta T cell",neutrophil,0.020963314920663834,2.2625458240509033,0.047430459409952164
Normal,SERPINE1,ITGAV,"CD8-positive, alpha-beta T cell",neutrophil,0.020963314920663834,0.037097059190273285,0.0007776773418299854
Normal,SERPINE1,ITGB3,"CD8-positive, alpha-beta T cell",neutrophil,0.020963314920663834,0.0,0.0
Normal,SERPINE1,VTN,"CD8-positive, alpha-beta T cell",neutrophil,0.020963314920663834,0.0,0.0
Normal,SERPINE1,PLAU,"CD8-positive, alpha-beta T cell",neutrophil,0.020963314920663834,0.11391173303127289,0.002387967426329851
Normal,SERPINE1,LRP1,"CD8-positive, alpha-beta T cell",plasma cell,0.020963314920663834,0.03262129798531532,0.000683850550558418
Normal,SERPINE1,PLAUR,"CD8-positive, alpha-beta T cell",plasma cell,0.020963314920663834,0.07067731022834778,0.0014816307229921222
Normal,SERPINE1,ITGAV,"CD8-positive, alpha-beta T cell",plasma cell,0.020963314920663834,0.1007995754480362,0.0021130931563675404
Normal,SERPINE1,ITGB3,"CD8-positive, alpha-beta T cell",plasma cell,0.020963314920663834,0.004957778379321098,0.00010393146658316255
Normal,SERPINE1,VTN,"CD8-positive, alpha-beta T cell",plasma cell,0.020963314920663834,0.0,0.0
Normal,SERPINE1,PLAU,"CD8-positive, alpha-beta T cell",plasma cell,0.020963314920663834,0.0011446947464719415,2.399659570073709e-05
Normal,SERPINE1,LRP1,"CD8-positive, alpha-beta T cell",leukocyte,0.020963314920663834,0.19113506376743317,0.0040068244561553
Normal,SERPINE1,PLAUR,"CD8-positive, alpha-beta T cell",leukocyte,0.020963314920663834,0.35691437125205994,0.007482108194380999
Normal,SERPINE1,ITGAV,"CD8-positive, alpha-beta T cell",leukocyte,0.020963314920663834,0.33996498584747314,0.007126793265342712
Normal,SERPINE1,ITGB3,"CD8-positive, alpha-beta T cell",leukocyte,0.020963314920663834,0.004113916307687759,8.624132169643417e-05
Normal,SERPINE1,VTN,"CD8-positive, alpha-beta T cell",leukocyte,0.020963314920663834,0.005431992933154106,0.0001138725783675909
Normal,SERPINE1,PLAU,"CD8-positive, alpha-beta T cell",leukocyte,0.020963314920663834,0.0676087811589241,0.0014173041563481092
Normal,SERPINE1,LRP1,"CD8-positive, alpha-beta T cell",endothelial cell of lymphatic vessel,0.020963314920663834,0.02008569985628128,0.00042106283945031464
Normal,SERPINE1,PLAUR,"CD8-positive, alpha-beta T cell",endothelial cell of lymphatic vessel,0.020963314920663834,0.09317221492528915,0.0019531985744833946
Normal,SERPINE1,ITGAV,"CD8-positive, alpha-beta T cell",endothelial cell of lymphatic vessel,0.020963314920663834,0.6201860308647156,0.013001155108213425
Normal,SERPINE1,ITGB3,"CD8-positive, alpha-beta T cell",endothelial cell of lymphatic vessel,0.020963314920663834,0.03770211338996887,0.0007903612568043172
Normal,SERPINE1,VTN,"CD8-positive, alpha-beta T cell",endothelial cell of lymphatic vessel,0.020963314920663834,0.005374448373913765,0.00011266625369898975
Normal,SERPINE1,PLAU,"CD8-positive, alpha-beta T cell",endothelial cell of lymphatic vessel,0.020963314920663834,0.008077932521700859,0.0001693402446107939
Normal,SERPINE1,LRP1,monocyte,"CD4-positive, alpha-beta T cell",0.02895655855536461,0.014970630407333374,0.0004334979457780719
Normal,SERPINE1,PLAUR,monocyte,"CD4-positive, alpha-beta T cell",0.02895655855536461,0.06878918409347534,0.0019918980542570353
Normal,SERPINE1,ITGAV,monocyte,"CD4-positive, alpha-beta T cell",0.02895655855536461,0.1432809829711914,0.004148924257606268
Normal,SERPINE1,ITGB3,monocyte,"CD4-positive, alpha-beta T cell",0.02895655855536461,0.0004901275970041752,1.4192408343660645e-05
Normal,SERPINE1,VTN,monocyte,"CD4-positive, alpha-beta T cell",0.02895655855536461,0.0007507849368266761,2.174014844058547e-05
Normal,SERPINE1,PLAU,monocyte,"CD4-positive, alpha-beta T cell",0.02895655855536461,0.002736940048635006,7.925236423034221e-05
Normal,SERPINE1,LRP1,monocyte,natural killer cell,0.02895655855536461,0.015207733027637005,0.0004403635975904763
Normal,SERPINE1,PLAUR,monocyte,natural killer cell,0.02895655855536461,0.03888087719678879,0.0011258564190939069
Normal,SERPINE1,ITGAV,monocyte,natural killer cell,0.02895655855536461,0.12946993112564087,0.0037490036338567734
Normal,SERPINE1,ITGB3,monocyte,natural killer cell,0.02895655855536461,0.0020600573625415564,5.965217133052647e-05
Normal,SERPINE1,VTN,monocyte,natural killer cell,0.02895655855536461,0.00036771950544789433,1.0647891031112522e-05
Normal,SERPINE1,PLAU,monocyte,natural killer cell,0.02895655855536461,0.002590348245576024,7.50075705582276e-05
Normal,SERPINE1,LRP1,monocyte,capillary endothelial cell,0.02895655855536461,0.04081709682941437,0.0011819226201623678
Normal,SERPINE1,PLAUR,monocyte,capillary endothelial cell,0.02895655855536461,0.15086756646633148,0.004368605557829142
Normal,SERPINE1,ITGAV,monocyte,capillary endothelial cell,0.02895655855536461,1.0649206638336182,0.03083643689751625
Normal,SERPINE1,ITGB3,monocyte,capillary endothelial cell,0.02895655855536461,0.005221290048211813,0.00015119058662094176
Normal,SERPINE1,VTN,monocyte,capillary endothelial cell,0.02895655855536461,0.0013286990579217672,3.8474550819955766e-05
Normal,SERPINE1,PLAU,monocyte,capillary endothelial cell,0.02895655855536461,0.10289759933948517,0.002979560289531946
Normal,SERPINE1,LRP1,monocyte,macrophage,0.02895655855536461,1.0355989933013916,0.029987383633852005
Normal,SERPINE1,PLAUR,monocyte,macrophage,0.02895655855536461,1.4066904783248901,0.040732916444540024
Normal,SERPINE1,ITGAV,monocyte,macrophage,0.02895655855536461,0.4482908248901367,0.012980959378182888
Normal,SERPINE1,ITGB3,monocyte,macrophage,0.02895655855536461,0.001214474905282259,3.5167013265891e-05
Normal,SERPINE1,VTN,monocyte,macrophage,0.02895655855536461,0.02266676351428032,0.0006563514471054077
Normal,SERPINE1,PLAU,monocyte,macrophage,0.02895655855536461,0.10081015527248383,0.002919115126132965
Normal,SERPINE1,LRP1,monocyte,"CD8-positive, alpha-beta T cell",0.02895655855536461,0.018964122980833054,0.0005491357296705246
Normal,SERPINE1,PLAUR,monocyte,"CD8-positive, alpha-beta T cell",0.02895655855536461,0.05417943745851517,0.0015688500134274364
Normal,SERPINE1,ITGAV,monocyte,"CD8-positive, alpha-beta T cell",0.02895655855536461,0.1800706833600998,0.0052142273634672165
Normal,SERPINE1,ITGB3,monocyte,"CD8-positive, alpha-beta T cell",0.02895655855536461,0.0023529811296612024,6.813423533458263e-05
Normal,SERPINE1,VTN,monocyte,"CD8-positive, alpha-beta T cell",0.02895655855536461,0.0,0.0
Normal,SERPINE1,PLAU,monocyte,"CD8-positive, alpha-beta T cell",0.02895655855536461,0.0027266780380159616,7.895521412137896e-05
Normal,SERPINE1,LRP1,monocyte,monocyte,0.02895655855536461,0.5015445351600647,0.014523003250360489
Normal,SERPINE1,PLAUR,monocyte,monocyte,0.02895655855536461,1.9285908937454224,0.05584535375237465
Normal,SERPINE1,ITGAV,monocyte,monocyte,0.02895655855536461,0.22583134472370148,0.006539298687130213
Normal,SERPINE1,ITGB3,monocyte,monocyte,0.02895655855536461,0.0019068242982029915,5.5215070460690185e-05
Normal,SERPINE1,VTN,monocyte,monocyte,0.02895655855536461,0.0002542365400586277,7.361815278272843e-06
Normal,SERPINE1,PLAU,monocyte,monocyte,0.02895655855536461,0.021660732105374336,0.0006272202590480447
Normal,SERPINE1,LRP1,monocyte,fibroblast,0.02895655855536461,1.1042487621307373,0.031975243240594864
Normal,SERPINE1,PLAUR,monocyte,fibroblast,0.02895655855536461,0.3658265173435211,0.010593077167868614
Normal,SERPINE1,ITGAV,monocyte,fibroblast,0.02895655855536461,0.48545774817466736,0.014057185500860214
Normal,SERPINE1,ITGB3,monocyte,fibroblast,0.02895655855536461,0.016091804951429367,0.0004659632977563888
Normal,SERPINE1,VTN,monocyte,fibroblast,0.02895655855536461,0.007628223858773708,0.00022088711557444185
Normal,SERPINE1,PLAU,monocyte,fibroblast,0.02895655855536461,0.0512564443051815,0.0014842102536931634
Normal,SERPINE1,LRP1,monocyte,conventional dendritic cell,0.02895655855536461,0.6445091366767883,0.018662767484784126
Normal,SERPINE1,PLAUR,monocyte,conventional dendritic cell,0.02895655855536461,1.2957876920700073,0.03752155229449272
Normal,SERPINE1,ITGAV,monocyte,conventional dendritic cell,0.02895655855536461,0.5384222269058228,0.015590854920446873
Normal,SERPINE1,ITGB3,monocyte,conventional dendritic cell,0.02895655855536461,0.0274202860891819,0.0007939971401356161
Normal,SERPINE1,VTN,monocyte,conventional dendritic cell,0.02895655855536461,0.006924258079379797,0.00020050269085913897
Normal,SERPINE1,PLAU,monocyte,conventional dendritic cell,0.02895655855536461,0.3481919765472412,0.010082441382110119
Normal,SERPINE1,LRP1,monocyte,mast cell,0.02895655855536461,0.014076117426156998,0.0004075959150213748
Normal,SERPINE1,PLAUR,monocyte,mast cell,0.02895655855536461,0.6777046322822571,0.01962399296462536
Normal,SERPINE1,ITGAV,monocyte,mast cell,0.02895655855536461,0.3965514004230499,0.011482764035463333
Normal,SERPINE1,ITGB3,monocyte,mast cell,0.02895655855536461,0.034890614449977875,0.0010103121167048812
Normal,SERPINE1,VTN,monocyte,mast cell,0.02895655855536461,0.0005058146198280156,1.4646650924987625e-05
Normal,SERPINE1,PLAU,monocyte,mast cell,0.02895655855536461,0.04867101460695267,0.0014093450736254454
Normal,SERPINE1,LRP1,monocyte,pulmonary alveolar type 2 cell,0.02895655855536461,0.04979923740029335,0.0014420145889744163
Normal,SERPINE1,PLAUR,monocyte,pulmonary alveolar type 2 cell,0.02895655855536461,0.08510953187942505,0.0024644790682941675
Normal,SERPINE1,ITGAV,monocyte,pulmonary alveolar type 2 cell,0.02895655855536461,0.3477472960948944,0.010069564916193485
Normal,SERPINE1,ITGB3,monocyte,pulmonary alveolar type 2 cell,0.02895655855536461,0.001568294013850391,4.5412398321786895e-05
Normal,SERPINE1,VTN,monocyte,pulmonary alveolar type 2 cell,0.02895655855536461,0.001968085067346692,5.698897075490095e-05
Normal,SERPINE1,PLAU,monocyte,pulmonary alveolar type 2 cell,0.02895655855536461,0.0009738014778122306,2.81979391729692e-05
Normal,SERPINE1,LRP1,monocyte,vein endothelial cell,0.02895655855536461,0.01389493141323328,0.0004023493966087699
Normal,SERPINE1,PLAUR,monocyte,vein endothelial cell,0.02895655855536461,0.36070504784584045,0.010444777086377144
Normal,SERPINE1,ITGAV,monocyte,vein endothelial cell,0.02895655855536461,1.3018479347229004,0.03769703581929207
Normal,SERPINE1,ITGB3,monocyte,vein endothelial cell,0.02895655855536461,0.14101922512054443,0.004083431325852871
Normal,SERPINE1,VTN,monocyte,vein endothelial cell,0.02895655855536461,0.00043039844604209065,1.2462857739592437e-05
Normal,SERPINE1,PLAU,monocyte,vein endothelial cell,0.02895655855536461,0.01011657528579235,0.00029294120031408966
Normal,SERPINE1,LRP1,monocyte,lung multiciliated epithelial cell,0.02895655855536461,0.10350595414638519,0.002997176256030798
Normal,SERPINE1,PLAUR,monocyte,lung multiciliated epithelial cell,0.02895655855536461,0.09738852828741074,0.002820036606863141
Normal,SERPINE1,ITGAV,monocyte,lung multiciliated epithelial cell,0.02895655855536461,0.18617400527000427,0.005390958394855261
Normal,SERPINE1,ITGB3,monocyte,lung multiciliated epithelial cell,0.02895655855536461,0.06405186653137207,0.0018547215731814504
Normal,SERPINE1,VTN,monocyte,lung multiciliated epithelial cell,0.02895655855536461,0.005472810938954353,0.00015847377653699368
Normal,SERPINE1,PLAU,monocyte,lung multiciliated epithelial cell,0.02895655855536461,0.02393346093595028,0.0006930306553840637
Normal,SERPINE1,LRP1,monocyte,smooth muscle cell,0.02895655855536461,0.571965754032135,0.01656216010451317
Normal,SERPINE1,PLAUR,monocyte,smooth muscle cell,0.02895655855536461,0.08600547164678574,0.0024904224555939436
Normal,SERPINE1,ITGAV,monocyte,smooth muscle cell,0.02895655855536461,0.44389525055885315,0.012853679247200489
Normal,SERPINE1,ITGB3,monocyte,smooth muscle cell,0.02895655855536461,0.016222920268774033,0.0004697599506471306
Normal,SERPINE1,VTN,monocyte,smooth muscle cell,0.02895655855536461,0.06872478872537613,0.0019900333136320114
Normal,SERPINE1,PLAU,monocyte,smooth muscle cell,0.02895655855536461,0.0348949059844017,0.0010104363318532705
Normal,SERPINE1,LRP1,monocyte,endothelial cell,0.02895655855536461,0.04382266476750374,0.001268953550606966
Normal,SERPINE1,PLAUR,monocyte,endothelial cell,0.02895655855536461,0.28734296560287476,0.008320463821291924
Normal,SERPINE1,ITGAV,monocyte,endothelial cell,0.02895655855536461,1.3687506914138794,0.03963430970907211
Normal,SERPINE1,ITGB3,monocyte,endothelial cell,0.02895655855536461,0.01795002818107605,0.0005197710706852376
Normal,SERPINE1,VTN,monocyte,endothelial cell,0.02895655855536461,0.0,0.0
Normal,SERPINE1,PLAU,monocyte,endothelial cell,0.02895655855536461,0.032519325613975525,0.0009416477405466139
Normal,SERPINE1,LRP1,monocyte,B cell,0.02895655855536461,0.027416327968239784,0.0007938825292512774
Normal,SERPINE1,PLAUR,monocyte,B cell,0.02895655855536461,0.011772379279136658,0.0003408875782042742
Normal,SERPINE1,ITGAV,monocyte,B cell,0.02895655855536461,0.06915748119354248,0.002002562629058957
Normal,SERPINE1,ITGB3,monocyte,B cell,0.02895655855536461,0.02003781497478485,0.0005802261875942349
Normal,SERPINE1,VTN,monocyte,B cell,0.02895655855536461,0.0,0.0
Normal,SERPINE1,PLAU,monocyte,B cell,0.02895655855536461,0.006701188627630472,0.00019404335762374103
Normal,SERPINE1,LRP1,monocyte,pulmonary alveolar type 1 cell,0.02895655855536461,0.0587434358894825,0.0017010077135637403
Normal,SERPINE1,PLAUR,monocyte,pulmonary alveolar type 1 cell,0.02895655855536461,0.12368427217006683,0.003581470809876919
Normal,SERPINE1,ITGAV,monocyte,pulmonary alveolar type 1 cell,0.02895655855536461,0.41951435804367065,0.012147692032158375
Normal,SERPINE1,ITGB3,monocyte,pulmonary alveolar type 1 cell,0.02895655855536461,0.015503257513046265,0.0004489209968596697
Normal,SERPINE1,VTN,monocyte,pulmonary alveolar type 1 cell,0.02895655855536461,0.0,0.0
Normal,SERPINE1,PLAU,monocyte,pulmonary alveolar type 1 cell,0.02895655855536461,0.0010918190237134695,3.161532004014589e-05
Normal,SERPINE1,LRP1,monocyte,club cell,0.02895655855536461,0.08631543815135956,0.0024993980769068003
Normal,SERPINE1,PLAUR,monocyte,club cell,0.02895655855536461,0.11950922757387161,0.003460576059296727
Normal,SERPINE1,ITGAV,monocyte,club cell,0.02895655855536461,0.21280433237552643,0.00616208091378212
Normal,SERPINE1,ITGB3,monocyte,club cell,0.02895655855536461,0.028953084722161293,0.0008383817039430141
Normal,SERPINE1,VTN,monocyte,club cell,0.02895655855536461,0.0,0.0
Normal,SERPINE1,PLAU,monocyte,club cell,0.02895655855536461,0.005933290813118219,0.000171807681908831
Normal,SERPINE1,LRP1,monocyte,neutrophil,0.02895655855536461,0.014111633412539959,0.00040862432797439396
Normal,SERPINE1,PLAUR,monocyte,neutrophil,0.02895655855536461,2.2625458240509033,0.06551554054021835
Normal,SERPINE1,ITGAV,monocyte,neutrophil,0.02895655855536461,0.037097059190273285,0.0010742031736299396
Normal,SERPINE1,ITGB3,monocyte,neutrophil,0.02895655855536461,0.0,0.0
Normal,SERPINE1,VTN,monocyte,neutrophil,0.02895655855536461,0.0,0.0
Normal,SERPINE1,PLAU,monocyte,neutrophil,0.02895655855536461,0.11391173303127289,0.003298491705209017
Normal,SERPINE1,LRP1,monocyte,plasma cell,0.02895655855536461,0.03262129798531532,0.0009446004987694323
Normal,SERPINE1,PLAUR,monocyte,plasma cell,0.02895655855536461,0.07067731022834778,0.0020465715788304806
Normal,SERPINE1,ITGAV,monocyte,plasma cell,0.02895655855536461,0.1007995754480362,0.0029188087210059166
Normal,SERPINE1,ITGB3,monocyte,plasma cell,0.02895655855536461,0.004957778379321098,0.00014356020255945623
Normal,SERPINE1,VTN,monocyte,plasma cell,0.02895655855536461,0.0,0.0
Normal,SERPINE1,PLAU,monocyte,plasma cell,0.02895655855536461,0.0011446947464719415,3.314642162877135e-05
Normal,SERPINE1,LRP1,monocyte,leukocyte,0.02895655855536461,0.19113506376743317,0.0055346135050058365
Normal,SERPINE1,PLAUR,monocyte,leukocyte,0.02895655855536461,0.35691437125205994,0.010335012339055538
Normal,SERPINE1,ITGAV,monocyte,leukocyte,0.02895655855536461,0.33996498584747314,0.009844215586781502
Normal,SERPINE1,ITGB3,monocyte,leukocyte,0.02895655855536461,0.004113916307687759,0.00011912485933862627
Normal,SERPINE1,VTN,monocyte,leukocyte,0.02895655855536461,0.005431992933154106,0.00015729182632640004
Normal,SERPINE1,PLAU,monocyte,leukocyte,0.02895655855536461,0.0676087811589241,0.0019577175844460726
Normal,SERPINE1,LRP1,monocyte,endothelial cell of lymphatic vessel,0.02895655855536461,0.02008569985628128,0.0005816127522848547
Normal,SERPINE1,PLAUR,monocyte,endothelial cell of lymphatic vessel,0.02895655855536461,0.09317221492528915,0.002697946736589074
Normal,SERPINE1,ITGAV,monocyte,endothelial cell of lymphatic vessel,0.02895655855536461,0.6201860308647156,0.01795845292508602
Normal,SERPINE1,ITGB3,monocyte,endothelial cell of lymphatic vessel,0.02895655855536461,0.03770211338996887,0.0010917234467342496
Normal,SERPINE1,VTN,monocyte,endothelial cell of lymphatic vessel,0.02895655855536461,0.005374448373913765,0.00015562553016934544
Normal,SERPINE1,PLAU,monocyte,endothelial cell of lymphatic vessel,0.02895655855536461,0.008077932521700859,0.00023390912974718958
Normal,SERPINE1,LRP1,fibroblast,"CD4-positive, alpha-beta T cell",0.4689750373363495,0.014970630407333374,0.007020852062851191
Normal,SERPINE1,PLAUR,fibroblast,"CD4-positive, alpha-beta T cell",0.4689750373363495,0.06878918409347534,0.032260410487651825
Normal,SERPINE1,ITGAV,fibroblast,"CD4-positive, alpha-beta T cell",0.4689750373363495,0.1432809829711914,0.06719520688056946
Normal,SERPINE1,ITGB3,fibroblast,"CD4-positive, alpha-beta T cell",0.4689750373363495,0.0004901275970041752,0.00022985761461313814
Normal,SERPINE1,VTN,fibroblast,"CD4-positive, alpha-beta T cell",0.4689750373363495,0.0007507849368266761,0.000352099392330274
Normal,SERPINE1,PLAU,fibroblast,"CD4-positive, alpha-beta T cell",0.4689750373363495,0.002736940048635006,0.001283556572161615
Normal,SERPINE1,LRP1,fibroblast,natural killer cell,0.4689750373363495,0.015207733027637005,0.007132047321647406
Normal,SERPINE1,PLAUR,fibroblast,natural killer cell,0.4689750373363495,0.03888087719678879,0.018234161660075188
Normal,SERPINE1,ITGAV,fibroblast,natural killer cell,0.4689750373363495,0.12946993112564087,0.06071816757321358
Normal,SERPINE1,ITGB3,fibroblast,natural killer cell,0.4689750373363495,0.0020600573625415564,0.0009661155054345727
Normal,SERPINE1,VTN,fibroblast,natural killer cell,0.4689750373363495,0.00036771950544789433,0.00017245126946363598
Normal,SERPINE1,PLAU,fibroblast,natural killer cell,0.4689750373363495,0.002590348245576024,0.0012148086680099368
Normal,SERPINE1,LRP1,fibroblast,capillary endothelial cell,0.4689750373363495,0.04081709682941437,0.01914219930768013
Normal,SERPINE1,PLAUR,fibroblast,capillary endothelial cell,0.4689750373363495,0.15086756646633148,0.07075311988592148
Normal,SERPINE1,ITGAV,fibroblast,capillary endothelial cell,0.4689750373363495,1.0649206638336182,0.49942120909690857
Normal,SERPINE1,ITGB3,fibroblast,capillary endothelial cell,0.4689750373363495,0.005221290048211813,0.0024486547335982323
Normal,SERPINE1,VTN,fibroblast,capillary endothelial cell,0.4689750373363495,0.0013286990579217672,0.0006231266888789833
Normal,SERPINE1,PLAU,fibroblast,capillary endothelial cell,0.4689750373363495,0.10289759933948517,0.04825640469789505
Normal,SERPINE1,LRP1,fibroblast,macrophage,0.4689750373363495,1.0355989933013916,0.4856700897216797
Normal,SERPINE1,PLAUR,fibroblast,macrophage,0.4689750373363495,1.4066904783248901,0.659702718257904
Normal,SERPINE1,ITGAV,fibroblast,macrophage,0.4689750373363495,0.4482908248901367,0.21023720502853394
Normal,SERPINE1,ITGB3,fibroblast,macrophage,0.4689750373363495,0.001214474905282259,0.0005695584113709629
Normal,SERPINE1,VTN,fibroblast,macrophage,0.4689750373363495,0.02266676351428032,0.010630146600306034
Normal,SERPINE1,PLAU,fibroblast,macrophage,0.4689750373363495,0.10081015527248383,0.04727744683623314
Normal,SERPINE1,LRP1,fibroblast,"CD8-positive, alpha-beta T cell",0.4689750373363495,0.018964122980833054,0.008893700316548347
Normal,SERPINE1,PLAUR,fibroblast,"CD8-positive, alpha-beta T cell",0.4689750373363495,0.05417943745851517,0.025408804416656494
Normal,SERPINE1,ITGAV,fibroblast,"CD8-positive, alpha-beta T cell",0.4689750373363495,0.1800706833600998,0.08444865792989731
Normal,SERPINE1,ITGB3,fibroblast,"CD8-positive, alpha-beta T cell",0.4689750373363495,0.0023529811296612024,0.001103489426895976
Normal,SERPINE1,VTN,fibroblast,"CD8-positive, alpha-beta T cell",0.4689750373363495,0.0,0.0
Normal,SERPINE1,PLAU,fibroblast,"CD8-positive, alpha-beta T cell",0.4689750373363495,0.0027266780380159616,0.0012787439627572894
Normal,SERPINE1,LRP1,fibroblast,monocyte,0.4689750373363495,0.5015445351600647,0.23521186411380768
Normal,SERPINE1,PLAUR,fibroblast,monocyte,0.4689750373363495,1.9285908937454224,0.9044609665870667
Normal,SERPINE1,ITGAV,fibroblast,monocyte,0.4689750373363495,0.22583134472370148,0.10590926557779312
Normal,SERPINE1,ITGB3,fibroblast,monocyte,0.4689750373363495,0.0019068242982029915,0.0008942529675550759
Normal,SERPINE1,VTN,fibroblast,monocyte,0.4689750373363495,0.0002542365400586277,0.00011923059355467558
Normal,SERPINE1,PLAU,fibroblast,monocyte,0.4689750373363495,0.021660732105374336,0.010158342309296131
Normal,SERPINE1,LRP1,fibroblast,fibroblast,0.4689750373363495,1.1042487621307373,0.5178651213645935
Normal,SERPINE1,PLAUR,fibroblast,fibroblast,0.4689750373363495,0.3658265173435211,0.1715635061264038
Normal,SERPINE1,ITGAV,fibroblast,fibroblast,0.4689750373363495,0.48545774817466736,0.22766757011413574
Normal,SERPINE1,ITGB3,fibroblast,fibroblast,0.4689750373363495,0.016091804951429367,0.007546654902398586
Normal,SERPINE1,VTN,fibroblast,fibroblast,0.4689750373363495,0.007628223858773708,0.0035774465650320053
Normal,SERPINE1,PLAU,fibroblast,fibroblast,0.4689750373363495,0.0512564443051815,0.02403799258172512
Normal,SERPINE1,LRP1,fibroblast,conventional dendritic cell,0.4689750373363495,0.6445091366767883,0.30225870013237
Normal,SERPINE1,PLAUR,fibroblast,conventional dendritic cell,0.4689750373363495,1.2957876920700073,0.6076920628547668
Normal,SERPINE1,ITGAV,fibroblast,conventional dendritic cell,0.4689750373363495,0.5384222269058228,0.2525065839290619
Normal,SERPINE1,ITGB3,fibroblast,conventional dendritic cell,0.4689750373363495,0.0274202860891819,0.012859429232776165
Normal,SERPINE1,VTN,fibroblast,conventional dendritic cell,0.4689750373363495,0.006924258079379797,0.003247304121032357
Normal,SERPINE1,PLAU,fibroblast,conventional dendritic cell,0.4689750373363495,0.3481919765472412,0.16329334676265717
Normal,SERPINE1,LRP1,fibroblast,mast cell,0.4689750373363495,0.014076117426156998,0.006601347588002682
Normal,SERPINE1,PLAUR,fibroblast,mast cell,0.4689750373363495,0.6777046322822571,0.3178265690803528
Normal,SERPINE1,ITGAV,fibroblast,mast cell,0.4689750373363495,0.3965514004230499,0.18597270548343658
Normal,SERPINE1,ITGB3,fibroblast,mast cell,0.4689750373363495,0.034890614449977875,0.016362827271223068
Normal,SERPINE1,VTN,fibroblast,mast cell,0.4689750373363495,0.0005058146198280156,0.0002372144372202456
Normal,SERPINE1,PLAU,fibroblast,mast cell,0.4689750373363495,0.04867101460695267,0.022825490683317184
Normal,SERPINE1,LRP1,fibroblast,pulmonary alveolar type 2 cell,0.4689750373363495,0.04979923740029335,0.023354599252343178
Normal,SERPINE1,PLAUR,fibroblast,pulmonary alveolar type 2 cell,0.4689750373363495,0.08510953187942505,0.039914246648550034
Normal,SERPINE1,ITGAV,fibroblast,pulmonary alveolar type 2 cell,0.4689750373363495,0.3477472960948944,0.16308480501174927
Normal,SERPINE1,ITGB3,fibroblast,pulmonary alveolar type 2 cell,0.4689750373363495,0.001568294013850391,0.0007354907575063407
Normal,SERPINE1,VTN,fibroblast,pulmonary alveolar type 2 cell,0.4689750373363495,0.001968085067346692,0.0009229827555827796
Normal,SERPINE1,PLAU,fibroblast,pulmonary alveolar type 2 cell,0.4689750373363495,0.0009738014778122306,0.00045668857637792826
Normal,SERPINE1,LRP1,fibroblast,vein endothelial cell,0.4689750373363495,0.01389493141323328,0.006516376044601202
Normal,SERPINE1,PLAUR,fibroblast,vein endothelial cell,0.4689750373363495,0.36070504784584045,0.16916166245937347
Normal,SERPINE1,ITGAV,fibroblast,vein endothelial cell,0.4689750373363495,1.3018479347229004,0.6105341911315918
Normal,SERPINE1,ITGB3,fibroblast,vein endothelial cell,0.4689750373363495,0.14101922512054443,0.0661344975233078
Normal,SERPINE1,VTN,fibroblast,vein endothelial cell,0.4689750373363495,0.00043039844604209065,0.0002018461236730218
Normal,SERPINE1,PLAU,fibroblast,vein endothelial cell,0.4689750373363495,0.01011657528579235,0.004744421225041151
Normal,SERPINE1,LRP1,fibroblast,lung multiciliated epithelial cell,0.4689750373363495,0.10350595414638519,0.048541709780693054
Normal,SERPINE1,PLAUR,fibroblast,lung multiciliated epithelial cell,0.4689750373363495,0.09738852828741074,0.045672789216041565
Normal,SERPINE1,ITGAV,fibroblast,lung multiciliated epithelial cell,0.4689750373363495,0.18617400527000427,0.08731096237897873
Normal,SERPINE1,ITGB3,fibroblast,lung multiciliated epithelial cell,0.4689750373363495,0.06405186653137207,0.030038725584745407
Normal,SERPINE1,VTN,fibroblast,lung multiciliated epithelial cell,0.4689750373363495,0.005472810938954353,0.0025666116271167994
Normal,SERPINE1,PLAU,fibroblast,lung multiciliated epithelial cell,0.4689750373363495,0.02393346093595028,0.01122419536113739
Normal,SERPINE1,LRP1,fibroblast,smooth muscle cell,0.4689750373363495,0.571965754032135,0.2682376503944397
Normal,SERPINE1,PLAUR,fibroblast,smooth muscle cell,0.4689750373363495,0.08600547164678574,0.040334418416023254
Normal,SERPINE1,ITGAV,fibroblast,smooth muscle cell,0.4689750373363495,0.44389525055885315,0.20817579329013824
Normal,SERPINE1,ITGB3,fibroblast,smooth muscle cell,0.4689750373363495,0.016222920268774033,0.007608144544064999
Normal,SERPINE1,VTN,fibroblast,smooth muscle cell,0.4689750373363495,0.06872478872537613,0.032230209559202194
Normal,SERPINE1,PLAU,fibroblast,smooth muscle cell,0.4689750373363495,0.0348949059844017,0.016364838927984238
Normal,SERPINE1,LRP1,fibroblast,endothelial cell,0.4689750373363495,0.04382266476750374,0.020551735535264015
Normal,SERPINE1,PLAUR,fibroblast,endothelial cell,0.4689750373363495,0.28734296560287476,0.1347566843032837
Normal,SERPINE1,ITGAV,fibroblast,endothelial cell,0.4689750373363495,1.3687506914138794,0.6419098973274231
Normal,SERPINE1,ITGB3,fibroblast,endothelial cell,0.4689750373363495,0.01795002818107605,0.008418114855885506
Normal,SERPINE1,VTN,fibroblast,endothelial cell,0.4689750373363495,0.0,0.0
Normal,SERPINE1,PLAU,fibroblast,endothelial cell,0.4689750373363495,0.032519325613975525,0.015250751748681068
Normal,SERPINE1,LRP1,fibroblast,B cell,0.4689750373363495,0.027416327968239784,0.012857573106884956
Normal,SERPINE1,PLAUR,fibroblast,B cell,0.4689750373363495,0.011772379279136658,0.005520951934158802
Normal,SERPINE1,ITGAV,fibroblast,B cell,0.4689750373363495,0.06915748119354248,0.03243313357234001
Normal,SERPINE1,ITGB3,fibroblast,B cell,0.4689750373363495,0.02003781497478485,0.0093972347676754
Normal,SERPINE1,VTN,fibroblast,B cell,0.4689750373363495,0.0,0.0
Normal,SERPINE1,PLAU,fibroblast,B cell,0.4689750373363495,0.006701188627630472,0.003142690286040306
Normal,SERPINE1,LRP1,fibroblast,pulmonary alveolar type 1 cell,0.4689750373363495,0.0587434358894825,0.027549205347895622
Normal,SERPINE1,PLAUR,fibroblast,pulmonary alveolar type 1 cell,0.4689750373363495,0.12368427217006683,0.05800483748316765
Normal,SERPINE1,ITGAV,fibroblast,pulmonary alveolar type 1 cell,0.4689750373363495,0.41951435804367065,0.1967417597770691
Normal,SERPINE1,ITGB3,fibroblast,pulmonary alveolar type 1 cell,0.4689750373363495,0.015503257513046265,0.007270640693604946
Normal,SERPINE1,VTN,fibroblast,pulmonary alveolar type 1 cell,0.4689750373363495,0.0,0.0
Normal,SERPINE1,PLAU,fibroblast,pulmonary alveolar type 1 cell,0.4689750373363495,0.0010918190237134695,0.000512035854626447
Normal,SERPINE1,LRP1,fibroblast,club cell,0.4689750373363495,0.08631543815135956,0.040479786694049835
Normal,SERPINE1,PLAUR,fibroblast,club cell,0.4689750373363495,0.11950922757387161,0.05604684352874756
Normal,SERPINE1,ITGAV,fibroblast,club cell,0.4689750373363495,0.21280433237552643,0.09979991614818573
Normal,SERPINE1,ITGB3,fibroblast,club cell,0.4689750373363495,0.028953084722161293,0.01357827428728342
Normal,SERPINE1,VTN,fibroblast,club cell,0.4689750373363495,0.0,0.0
Normal,SERPINE1,PLAU,fibroblast,club cell,0.4689750373363495,0.005933290813118219,0.0027825653087347746
Normal,SERPINE1,LRP1,fibroblast,neutrophil,0.4689750373363495,0.014111633412539959,0.006618003826588392
Normal,SERPINE1,PLAUR,fibroblast,neutrophil,0.4689750373363495,2.2625458240509033,1.0610774755477905
Normal,SERPINE1,ITGAV,fibroblast,neutrophil,0.4689750373363495,0.037097059190273285,0.017397595569491386
Normal,SERPINE1,ITGB3,fibroblast,neutrophil,0.4689750373363495,0.0,0.0
Normal,SERPINE1,VTN,fibroblast,neutrophil,0.4689750373363495,0.0,0.0
Normal,SERPINE1,PLAU,fibroblast,neutrophil,0.4689750373363495,0.11391173303127289,0.053421758115291595
Normal,SERPINE1,LRP1,fibroblast,plasma cell,0.4689750373363495,0.03262129798531532,0.015298574231564999
Normal,SERPINE1,PLAUR,fibroblast,plasma cell,0.4689750373363495,0.07067731022834778,0.03314589336514473
Normal,SERPINE1,ITGAV,fibroblast,plasma cell,0.4689750373363495,0.1007995754480362,0.04727248474955559
Normal,SERPINE1,ITGB3,fibroblast,plasma cell,0.4689750373363495,0.004957778379321098,0.0023250742815434933
Normal,SERPINE1,VTN,fibroblast,plasma cell,0.4689750373363495,0.0,0.0
Normal,SERPINE1,PLAU,fibroblast,plasma cell,0.4689750373363495,0.0011446947464719415,0.0005368332494981587
Normal,SERPINE1,LRP1,fibroblast,leukocyte,0.4689750373363495,0.19113506376743317,0.08963757008314133
Normal,SERPINE1,PLAUR,fibroblast,leukocyte,0.4689750373363495,0.35691437125205994,0.16738392412662506
Normal,SERPINE1,ITGAV,fibroblast,leukocyte,0.4689750373363495,0.33996498584747314,0.15943509340286255
Normal,SERPINE1,ITGB3,fibroblast,leukocyte,0.4689750373363495,0.004113916307687759,0.001929324003867805
Normal,SERPINE1,VTN,fibroblast,leukocyte,0.4689750373363495,0.005431992933154106,0.002547468990087509
Normal,SERPINE1,PLAU,fibroblast,leukocyte,0.4689750373363495,0.0676087811589241,0.031706832349300385
Normal,SERPINE1,LRP1,fibroblast,endothelial cell of lymphatic vessel,0.4689750373363495,0.02008569985628128,0.009419691748917103
Normal,SERPINE1,PLAUR,fibroblast,endothelial cell of lymphatic vessel,0.4689750373363495,0.09317221492528915,0.043695442378520966
Normal,SERPINE1,ITGAV,fibroblast,endothelial cell of lymphatic vessel,0.4689750373363495,0.6201860308647156,0.29085177183151245
Normal,SERPINE1,ITGB3,fibroblast,endothelial cell of lymphatic vessel,0.4689750373363495,0.03770211338996887,0.01768135093152523
Normal,SERPINE1,VTN,fibroblast,endothelial cell of lymphatic vessel,0.4689750373363495,0.005374448373913765,0.0025204820558428764
Normal,SERPINE1,PLAU,fibroblast,endothelial cell of lymphatic vessel,0.4689750373363495,0.008077932521700859,0.003788348753005266
Normal,SERPINE1,LRP1,conventional dendritic cell,"CD4-positive, alpha-beta T cell",0.15178228914737701,0.014970630407333374,0.0022722764406353235
Normal,SERPINE1,PLAUR,conventional dendritic cell,"CD4-positive, alpha-beta T cell",0.15178228914737701,0.06878918409347534,0.010440980084240437
Normal,SERPINE1,ITGAV,conventional dendritic cell,"CD4-positive, alpha-beta T cell",0.15178228914737701,0.1432809829711914,0.021747516468167305
Normal,SERPINE1,ITGB3,conventional dendritic cell,"CD4-positive, alpha-beta T cell",0.15178228914737701,0.0004901275970041752,7.439268665621057e-05
Normal,SERPINE1,VTN,conventional dendritic cell,"CD4-positive, alpha-beta T cell",0.15178228914737701,0.0007507849368266761,0.00011395585897844285
Normal,SERPINE1,PLAU,conventional dendritic cell,"CD4-positive, alpha-beta T cell",0.15178228914737701,0.002736940048635006,0.00041541902464814484
Normal,SERPINE1,LRP1,conventional dendritic cell,natural killer cell,0.15178228914737701,0.015207733027637005,0.002308264607563615
Normal,SERPINE1,PLAUR,conventional dendritic cell,natural killer cell,0.15178228914737701,0.03888087719678879,0.005901428405195475
Normal,SERPINE1,ITGAV,conventional dendritic cell,natural killer cell,0.15178228914737701,0.12946993112564087,0.019651241600513458
Normal,SERPINE1,ITGB3,conventional dendritic cell,natural killer cell,0.15178228914737701,0.0020600573625415564,0.00031268023303709924
Normal,SERPINE1,VTN,conventional dendritic cell,natural killer cell,0.15178228914737701,0.00036771950544789433,5.581330697168596e-05
Normal,SERPINE1,PLAU,conventional dendritic cell,natural killer cell,0.15178228914737701,0.002590348245576024,0.00039316900074481964
Normal,SERPINE1,LRP1,conventional dendritic cell,capillary endothelial cell,0.15178228914737701,0.04081709682941437,0.006195312365889549
Normal,SERPINE1,PLAUR,conventional dendritic cell,capillary endothelial cell,0.15178228914737701,0.15086756646633148,0.022899024188518524
Normal,SERPINE1,ITGAV,conventional dendritic cell,capillary endothelial cell,0.15178228914737701,1.0649206638336182,0.1616360992193222
Normal,SERPINE1,ITGB3,conventional dendritic cell,capillary endothelial cell,0.15178228914737701,0.005221290048211813,0.0007924993406049907
Normal,SERPINE1,VTN,conventional dendritic cell,capillary endothelial cell,0.15178228914737701,0.0013286990579217672,0.00020167298498563468
Normal,SERPINE1,PLAU,conventional dendritic cell,capillary endothelial cell,0.15178228914737701,0.10289759933948517,0.015618032775819302
Normal,SERPINE1,LRP1,conventional dendritic cell,macrophage,0.15178228914737701,1.0355989933013916,0.15718558430671692
Normal,SERPINE1,PLAUR,conventional dendritic cell,macrophage,0.15178228914737701,1.4066904783248901,0.21351070702075958
Normal,SERPINE1,ITGAV,conventional dendritic cell,macrophage,0.15178228914737701,0.4482908248901367,0.06804260611534119
Normal,SERPINE1,ITGB3,conventional dendritic cell,macrophage,0.15178228914737701,0.001214474905282259,0.0001843357749748975
Normal,SERPINE1,VTN,conventional dendritic cell,macrophage,0.15178228914737701,0.02266676351428032,0.0034404131583869457
Normal,SERPINE1,PLAU,conventional dendritic cell,macrophage,0.15178228914737701,0.10081015527248383,0.015301195904612541
Normal,SERPINE1,LRP1,conventional dendritic cell,"CD8-positive, alpha-beta T cell",0.15178228914737701,0.018964122980833054,0.0028784179594367743
Normal,SERPINE1,PLAUR,conventional dendritic cell,"CD8-positive, alpha-beta T cell",0.15178228914737701,0.05417943745851517,0.008223478682339191
Normal,SERPINE1,ITGAV,conventional dendritic cell,"CD8-positive, alpha-beta T cell",0.15178228914737701,0.1800706833600998,0.02733154036104679
Normal,SERPINE1,ITGB3,conventional dendritic cell,"CD8-positive, alpha-beta T cell",0.15178228914737701,0.0023529811296612024,0.0003571408742573112
Normal,SERPINE1,VTN,conventional dendritic cell,"CD8-positive, alpha-beta T cell",0.15178228914737701,0.0,0.0
Normal,SERPINE1,PLAU,conventional dendritic cell,"CD8-positive, alpha-beta T cell",0.15178228914737701,0.0027266780380159616,0.00041386144584976137
Normal,SERPINE1,LRP1,conventional dendritic cell,monocyte,0.15178228914737701,0.5015445351600647,0.07612557709217072
Normal,SERPINE1,PLAUR,conventional dendritic cell,monocyte,0.15178228914737701,1.9285908937454224,0.29272595047950745
Normal,SERPINE1,ITGAV,conventional dendritic cell,monocyte,0.15178228914737701,0.22583134472370148,0.03427719697356224
Normal,SERPINE1,ITGB3,conventional dendritic cell,monocyte,0.15178228914737701,0.0019068242982029915,0.0002894221688620746
Normal,SERPINE1,VTN,conventional dendritic cell,monocyte,0.15178228914737701,0.0002542365400586277,3.85886050935369e-05
Normal,SERPINE1,PLAU,conventional dendritic cell,monocyte,0.15178228914737701,0.021660732105374336,0.0032877156045287848
Normal,SERPINE1,LRP1,conventional dendritic cell,fibroblast,0.15178228914737701,1.1042487621307373,0.16760540008544922
Normal,SERPINE1,PLAUR,conventional dendritic cell,fibroblast,0.15178228914737701,0.3658265173435211,0.05552598461508751
Normal,SERPINE1,ITGAV,conventional dendritic cell,fibroblast,0.15178228914737701,0.48545774817466736,0.07368388772010803
Normal,SERPINE1,ITGB3,conventional dendritic cell,fibroblast,0.15178228914737701,0.016091804951429367,0.002442450961098075
Normal,SERPINE1,VTN,conventional dendritic cell,fibroblast,0.15178228914737701,0.007628223858773708,0.0011578293051570654
Normal,SERPINE1,PLAU,conventional dendritic cell,fibroblast,0.15178228914737701,0.0512564443051815,0.00777982035651803
Normal,SERPINE1,LRP1,conventional dendritic cell,conventional dendritic cell,0.15178228914737701,0.6445091366767883,0.0978250727057457
Normal,SERPINE1,PLAUR,conventional dendritic cell,conventional dendritic cell,0.15178228914737701,1.2957876920700073,0.19667762517929077
Normal,SERPINE1,ITGAV,conventional dendritic cell,conventional dendritic cell,0.15178228914737701,0.5384222269058228,0.08172295987606049
Normal,SERPINE1,ITGB3,conventional dendritic cell,conventional dendritic cell,0.15178228914737701,0.0274202860891819,0.004161913879215717
Normal,SERPINE1,VTN,conventional dendritic cell,conventional dendritic cell,0.15178228914737701,0.006924258079379797,0.001050979713909328
Normal,SERPINE1,PLAU,conventional dendritic cell,conventional dendritic cell,0.15178228914737701,0.3481919765472412,0.05284937471151352
Normal,SERPINE1,LRP1,conventional dendritic cell,mast cell,0.15178228914737701,0.014076117426156998,0.0021365052089095116
Normal,SERPINE1,PLAUR,conventional dendritic cell,mast cell,0.15178228914737701,0.6777046322822571,0.10286355763673782
Normal,SERPINE1,ITGAV,conventional dendritic cell,mast cell,0.15178228914737701,0.3965514004230499,0.06018947809934616
Normal,SERPINE1,ITGB3,conventional dendritic cell,mast cell,0.15178228914737701,0.034890614449977875,0.005295777227729559
Normal,SERPINE1,VTN,conventional dendritic cell,mast cell,0.15178228914737701,0.0005058146198280156,7.677370012970641e-05
Normal,SERPINE1,PLAU,conventional dendritic cell,mast cell,0.15178228914737701,0.04867101460695267,0.007387397810816765
Normal,SERPINE1,LRP1,conventional dendritic cell,pulmonary alveolar type 2 cell,0.15178228914737701,0.04979923740029335,0.007558642420917749
Normal,SERPINE1,PLAUR,conventional dendritic cell,pulmonary alveolar type 2 cell,0.15178228914737701,0.08510953187942505,0.012918119318783283
Normal,SERPINE1,ITGAV,conventional dendritic cell,pulmonary alveolar type 2 cell,0.15178228914737701,0.3477472960948944,0.052781879901885986
Normal,SERPINE1,ITGB3,conventional dendritic cell,pulmonary alveolar type 2 cell,0.15178228914737701,0.001568294013850391,0.00023803925432730466
Normal,SERPINE1,VTN,conventional dendritic cell,pulmonary alveolar type 2 cell,0.15178228914737701,0.001968085067346692,0.0002987204643432051
Normal,SERPINE1,PLAU,conventional dendritic cell,pulmonary alveolar type 2 cell,0.15178228914737701,0.0009738014778122306,0.00014780581113882363
Normal,SERPINE1,LRP1,conventional dendritic cell,vein endothelial cell,0.15178228914737701,0.01389493141323328,0.0021090044174343348
Normal,SERPINE1,PLAUR,conventional dendritic cell,vein endothelial cell,0.15178228914737701,0.36070504784584045,0.05474863946437836
Normal,SERPINE1,ITGAV,conventional dendritic cell,vein endothelial cell,0.15178228914737701,1.3018479347229004,0.1975974589586258
Normal,SERPINE1,ITGB3,conventional dendritic cell,vein endothelial cell,0.15178228914737701,0.14101922512054443,0.021404221653938293
Normal,SERPINE1,VTN,conventional dendritic cell,vein endothelial cell,0.15178228914737701,0.00043039844604209065,6.532685802085325e-05
Normal,SERPINE1,PLAU,conventional dendritic cell,vein endothelial cell,0.15178228914737701,0.01011657528579235,0.001535516930744052
Normal,SERPINE1,LRP1,conventional dendritic cell,lung multiciliated epithelial cell,0.15178228914737701,0.10350595414638519,0.015710370615124702
Normal,SERPINE1,PLAUR,conventional dendritic cell,lung multiciliated epithelial cell,0.15178228914737701,0.09738852828741074,0.01478185411542654
Normal,SERPINE1,ITGAV,conventional dendritic cell,lung multiciliated epithelial cell,0.15178228914737701,0.18617400527000427,0.02825791761279106
Normal,SERPINE1,ITGB3,conventional dendritic cell,lung multiciliated epithelial cell,0.15178228914737701,0.06405186653137207,0.009721938520669937
Normal,SERPINE1,VTN,conventional dendritic cell,lung multiciliated epithelial cell,0.15178228914737701,0.005472810938954353,0.0008306757663376629
Normal,SERPINE1,PLAU,conventional dendritic cell,lung multiciliated epithelial cell,0.15178228914737701,0.02393346093595028,0.003632675390690565
Normal,SERPINE1,LRP1,conventional dendritic cell,smooth muscle cell,0.15178228914737701,0.571965754032135,0.0868142694234848
Normal,SERPINE1,PLAUR,conventional dendritic cell,smooth muscle cell,0.15178228914737701,0.08600547164678574,0.013054107315838337
Normal,SERPINE1,ITGAV,conventional dendritic cell,smooth muscle cell,0.15178228914737701,0.44389525055885315,0.06737543642520905
Normal,SERPINE1,ITGB3,conventional dendritic cell,smooth muscle cell,0.15178228914737701,0.016222920268774033,0.0024623519275337458
Normal,SERPINE1,VTN,conventional dendritic cell,smooth muscle cell,0.15178228914737701,0.06872478872537613,0.010431205853819847
Normal,SERPINE1,PLAU,conventional dendritic cell,smooth muscle cell,0.15178228914737701,0.0348949059844017,0.0052964286878705025
Normal,SERPINE1,LRP1,conventional dendritic cell,endothelial cell,0.15178228914737701,0.04382266476750374,0.006651504430919886
Normal,SERPINE1,PLAUR,conventional dendritic cell,endothelial cell,0.15178228914737701,0.28734296560287476,0.04361357167363167
Normal,SERPINE1,ITGAV,conventional dendritic cell,endothelial cell,0.15178228914737701,1.3687506914138794,0.20775210857391357
Normal,SERPINE1,ITGB3,conventional dendritic cell,endothelial cell,0.15178228914737701,0.01795002818107605,0.002724496414884925
Normal,SERPINE1,VTN,conventional dendritic cell,endothelial cell,0.15178228914737701,0.0,0.0
Normal,SERPINE1,PLAU,conventional dendritic cell,endothelial cell,0.15178228914737701,0.032519325613975525,0.004935857839882374
Normal,SERPINE1,LRP1,conventional dendritic cell,B cell,0.15178228914737701,0.027416327968239784,0.00416131317615509
Normal,SERPINE1,PLAUR,conventional dendritic cell,B cell,0.15178228914737701,0.011772379279136658,0.0017868386348709464
Normal,SERPINE1,ITGAV,conventional dendritic cell,B cell,0.15178228914737701,0.06915748119354248,0.010496880859136581
Normal,SERPINE1,ITGB3,conventional dendritic cell,B cell,0.15178228914737701,0.02003781497478485,0.0030413854401558638
Normal,SERPINE1,VTN,conventional dendritic cell,B cell,0.15178228914737701,0.0,0.0
Normal,SERPINE1,PLAU,conventional dendritic cell,B cell,0.15178228914737701,0.006701188627630472,0.001017121714539826
Normal,SERPINE1,LRP1,conventional dendritic cell,pulmonary alveolar type 1 cell,0.15178228914737701,0.0587434358894825,0.008916213177144527
Normal,SERPINE1,PLAUR,conventional dendritic cell,pulmonary alveolar type 1 cell,0.15178228914737701,0.12368427217006683,0.01877308264374733
Normal,SERPINE1,ITGAV,conventional dendritic cell,pulmonary alveolar type 1 cell,0.15178228914737701,0.41951435804367065,0.06367485225200653
Normal,SERPINE1,ITGB3,conventional dendritic cell,pulmonary alveolar type 1 cell,0.15178228914737701,0.015503257513046265,0.00235311989672482
Normal,SERPINE1,VTN,conventional dendritic cell,pulmonary alveolar type 1 cell,0.15178228914737701,0.0,0.0
Normal,SERPINE1,PLAU,conventional dendritic cell,pulmonary alveolar type 1 cell,0.15178228914737701,0.0010918190237134695,0.0001657187967794016
Normal,SERPINE1,LRP1,conventional dendritic cell,club cell,0.15178228914737701,0.08631543815135956,0.013101154938340187
Normal,SERPINE1,PLAUR,conventional dendritic cell,club cell,0.15178228914737701,0.11950922757387161,0.01813938468694687
Normal,SERPINE1,ITGAV,conventional dendritic cell,club cell,0.15178228914737701,0.21280433237552643,0.03229992836713791
Normal,SERPINE1,ITGB3,conventional dendritic cell,club cell,0.15178228914737701,0.028953084722161293,0.004394565708935261
Normal,SERPINE1,VTN,conventional dendritic cell,club cell,0.15178228914737701,0.0,0.0
Normal,SERPINE1,PLAU,conventional dendritic cell,club cell,0.15178228914737701,0.005933290813118219,0.0009005684405565262
Normal,SERPINE1,LRP1,conventional dendritic cell,neutrophil,0.15178228914737701,0.014111633412539959,0.0021418959368020296
Normal,SERPINE1,PLAUR,conventional dendritic cell,neutrophil,0.15178228914737701,2.2625458240509033,0.34341439604759216
Normal,SERPINE1,ITGAV,conventional dendritic cell,neutrophil,0.15178228914737701,0.037097059190273285,0.005630676634609699
Normal,SERPINE1,ITGB3,conventional dendritic cell,neutrophil,0.15178228914737701,0.0,0.0
Normal,SERPINE1,VTN,conventional dendritic cell,neutrophil,0.15178228914737701,0.0,0.0
Normal,SERPINE1,PLAU,conventional dendritic cell,neutrophil,0.15178228914737701,0.11391173303127289,0.01728978380560875
Normal,SERPINE1,LRP1,conventional dendritic cell,plasma cell,0.15178228914737701,0.03262129798531532,0.0049513354897499084
Normal,SERPINE1,PLAUR,conventional dendritic cell,plasma cell,0.15178228914737701,0.07067731022834778,0.010727563872933388
Normal,SERPINE1,ITGAV,conventional dendritic cell,plasma cell,0.15178228914737701,0.1007995754480362,0.015299590304493904
Normal,SERPINE1,ITGB3,conventional dendritic cell,plasma cell,0.15178228914737701,0.004957778379321098,0.0007525029359385371
Normal,SERPINE1,VTN,conventional dendritic cell,plasma cell,0.15178228914737701,0.0,0.0
Normal,SERPINE1,PLAU,conventional dendritic cell,plasma cell,0.15178228914737701,0.0011446947464719415,0.00017374438175465912
Normal,SERPINE1,LRP1,conventional dendritic cell,leukocyte,0.15178228914737701,0.19113506376743317,0.029010917991399765
Normal,SERPINE1,PLAUR,conventional dendritic cell,leukocyte,0.15178228914737701,0.35691437125205994,0.05417327955365181
Normal,SERPINE1,ITGAV,conventional dendritic cell,leukocyte,0.15178228914737701,0.33996498584747314,0.05160066485404968
Normal,SERPINE1,ITGB3,conventional dendritic cell,leukocyte,0.15178228914737701,0.004113916307687759,0.0006244196556508541
Normal,SERPINE1,VTN,conventional dendritic cell,leukocyte,0.15178228914737701,0.005431992933154106,0.0008244803175330162
Normal,SERPINE1,PLAU,conventional dendritic cell,leukocyte,0.15178228914737701,0.0676087811589241,0.01026181597262621
Normal,SERPINE1,LRP1,conventional dendritic cell,endothelial cell of lymphatic vessel,0.15178228914737701,0.02008569985628128,0.003048653481528163
Normal,SERPINE1,PLAUR,conventional dendritic cell,endothelial cell of lymphatic vessel,0.15178228914737701,0.09317221492528915,0.014141892082989216
Normal,SERPINE1,ITGAV,conventional dendritic cell,endothelial cell of lymphatic vessel,0.15178228914737701,0.6201860308647156,0.09413325786590576
Normal,SERPINE1,ITGB3,conventional dendritic cell,endothelial cell of lymphatic vessel,0.15178228914737701,0.03770211338996887,0.00572251295670867
Normal,SERPINE1,VTN,conventional dendritic cell,endothelial cell of lymphatic vessel,0.15178228914737701,0.005374448373913765,0.0008157460833899677
Normal,SERPINE1,PLAU,conventional dendritic cell,endothelial cell of lymphatic vessel,0.15178228914737701,0.008077932521700859,0.001226087100803852
Normal,SERPINE1,LRP1,mast cell,"CD4-positive, alpha-beta T cell",0.033359985798597336,0.014970630407333374,0.0004994200426153839
Normal,SERPINE1,PLAUR,mast cell,"CD4-positive, alpha-beta T cell",0.033359985798597336,0.06878918409347534,0.0022948062978684902
Normal,SERPINE1,ITGAV,mast cell,"CD4-positive, alpha-beta T cell",0.033359985798597336,0.1432809829711914,0.004779851529747248
Normal,SERPINE1,ITGB3,mast cell,"CD4-positive, alpha-beta T cell",0.033359985798597336,0.0004901275970041752,1.6350650184904225e-05
Normal,SERPINE1,VTN,mast cell,"CD4-positive, alpha-beta T cell",0.033359985798597336,0.0007507849368266761,2.504617441445589e-05
Normal,SERPINE1,PLAU,mast cell,"CD4-positive, alpha-beta T cell",0.033359985798597336,0.002736940048635006,9.130428225034848e-05
Normal,SERPINE1,LRP1,mast cell,natural killer cell,0.033359985798597336,0.015207733027637005,0.0005073297652415931
Normal,SERPINE1,PLAUR,mast cell,natural killer cell,0.033359985798597336,0.03888087719678879,0.0012970655225217342
Normal,SERPINE1,ITGAV,mast cell,natural killer cell,0.033359985798597336,0.12946993112564087,0.004319115076214075
Normal,SERPINE1,ITGB3,mast cell,natural killer cell,0.033359985798597336,0.0020600573625415564,6.872348603792489e-05
Normal,SERPINE1,VTN,mast cell,natural killer cell,0.033359985798597336,0.00036771950544789433,1.2267117199371569e-05
Normal,SERPINE1,PLAU,mast cell,natural killer cell,0.033359985798597336,0.002590348245576024,8.641398017061874e-05
Normal,SERPINE1,LRP1,mast cell,capillary endothelial cell,0.033359985798597336,0.04081709682941437,0.0013616577489301562
Normal,SERPINE1,PLAUR,mast cell,capillary endothelial cell,0.033359985798597336,0.15086756646633148,0.005032939836382866
Normal,SERPINE1,ITGAV,mast cell,capillary endothelial cell,0.033359985798597336,1.0649206638336182,0.035525739192962646
Normal,SERPINE1,ITGB3,mast cell,capillary endothelial cell,0.033359985798597336,0.005221290048211813,0.0001741821615723893
Normal,SERPINE1,VTN,mast cell,capillary endothelial cell,0.033359985798597336,0.0013286990579217672,4.432538116816431e-05
Normal,SERPINE1,PLAU,mast cell,capillary endothelial cell,0.033359985798597336,0.10289759933948517,0.003432662459090352
Normal,SERPINE1,LRP1,mast cell,macrophage,0.033359985798597336,1.0355989933013916,0.03454756736755371
Normal,SERPINE1,PLAUR,mast cell,macrophage,0.033359985798597336,1.4066904783248901,0.04692717269062996
Normal,SERPINE1,ITGAV,mast cell,macrophage,0.033359985798597336,0.4482908248901367,0.014954975806176662
Normal,SERPINE1,ITGB3,mast cell,macrophage,0.033359985798597336,0.001214474905282259,4.051486394018866e-05
Normal,SERPINE1,VTN,mast cell,macrophage,0.033359985798597336,0.02266676351428032,0.0007561629172414541
Normal,SERPINE1,PLAU,mast cell,macrophage,0.033359985798597336,0.10081015527248383,0.00336302537471056
Normal,SERPINE1,LRP1,mast cell,"CD8-positive, alpha-beta T cell",0.033359985798597336,0.018964122980833054,0.0006326428847387433
Normal,SERPINE1,PLAUR,mast cell,"CD8-positive, alpha-beta T cell",0.033359985798597336,0.05417943745851517,0.001807425287552178
Normal,SERPINE1,ITGAV,mast cell,"CD8-positive, alpha-beta T cell",0.033359985798597336,0.1800706833600998,0.006007155403494835
Normal,SERPINE1,ITGB3,mast cell,"CD8-positive, alpha-beta T cell",0.033359985798597336,0.0023529811296612024,7.849541725590825e-05
Normal,SERPINE1,VTN,mast cell,"CD8-positive, alpha-beta T cell",0.033359985798597336,0.0,0.0
Normal,SERPINE1,PLAU,mast cell,"CD8-positive, alpha-beta T cell",0.033359985798597336,0.0027266780380159616,9.096194116864353e-05
Normal,SERPINE1,LRP1,mast cell,monocyte,0.033359985798597336,0.5015445351600647,0.016731519252061844
Normal,SERPINE1,PLAUR,mast cell,monocyte,0.033359985798597336,1.9285908937454224,0.06433776766061783
Normal,SERPINE1,ITGAV,mast cell,monocyte,0.033359985798597336,0.22583134472370148,0.00753373047336936
Normal,SERPINE1,ITGB3,mast cell,monocyte,0.033359985798597336,0.0019068242982029915,6.361163104884326e-05
Normal,SERPINE1,VTN,mast cell,monocyte,0.033359985798597336,0.0002542365400586277,8.48132731334772e-06
Normal,SERPINE1,PLAU,mast cell,monocyte,0.033359985798597336,0.021660732105374336,0.0007226017187349498
Normal,SERPINE1,LRP1,mast cell,fibroblast,0.033359985798597336,1.1042487621307373,0.03683772310614586
Normal,SERPINE1,PLAUR,mast cell,fibroblast,0.033359985798597336,0.3658265173435211,0.012203967198729515
Normal,SERPINE1,ITGAV,mast cell,fibroblast,0.033359985798597336,0.48545774817466736,0.016194863244891167
Normal,SERPINE1,ITGB3,mast cell,fibroblast,0.033359985798597336,0.016091804951429367,0.0005368223646655679
Normal,SERPINE1,VTN,mast cell,fibroblast,0.033359985798597336,0.007628223858773708,0.0002544774324633181
Normal,SERPINE1,PLAU,mast cell,fibroblast,0.033359985798597336,0.0512564443051815,0.0017099143005907536
Normal,SERPINE1,LRP1,mast cell,conventional dendritic cell,0.033359985798597336,0.6445091366767883,0.02150081656873226
Normal,SERPINE1,PLAUR,mast cell,conventional dendritic cell,0.033359985798597336,1.2957876920700073,0.043227460235357285
Normal,SERPINE1,ITGAV,mast cell,conventional dendritic cell,0.033359985798597336,0.5384222269058228,0.017961757257580757
Normal,SERPINE1,ITGB3,mast cell,conventional dendritic cell,0.033359985798597336,0.0274202860891819,0.0009147403761744499
Normal,SERPINE1,VTN,mast cell,conventional dendritic cell,0.033359985798597336,0.006924258079379797,0.0002309931442141533
Normal,SERPINE1,PLAU,mast cell,conventional dendritic cell,0.033359985798597336,0.3481919765472412,0.01161567959934473
Normal,SERPINE1,LRP1,mast cell,mast cell,0.033359985798597336,0.014076117426156998,0.000469579070340842
Normal,SERPINE1,PLAUR,mast cell,mast cell,0.033359985798597336,0.6777046322822571,0.022608216851949692
Normal,SERPINE1,ITGAV,mast cell,mast cell,0.033359985798597336,0.3965514004230499,0.013228949159383774
Normal,SERPINE1,ITGB3,mast cell,mast cell,0.033359985798597336,0.034890614449977875,0.0011639504227787256
Normal,SERPINE1,VTN,mast cell,mast cell,0.033359985798597336,0.0005058146198280156,1.6873967979336157e-05
Normal,SERPINE1,PLAU,mast cell,mast cell,0.033359985798597336,0.04867101460695267,0.0016236644005402923
Normal,SERPINE1,LRP1,mast cell,pulmonary alveolar type 2 cell,0.033359985798597336,0.04979923740029335,0.0016613018233329058
Normal,SERPINE1,PLAUR,mast cell,pulmonary alveolar type 2 cell,0.033359985798597336,0.08510953187942505,0.002839252818375826
Normal,SERPINE1,ITGAV,mast cell,pulmonary alveolar type 2 cell,0.033359985798597336,0.3477472960948944,0.01160084456205368
Normal,SERPINE1,ITGB3,mast cell,pulmonary alveolar type 2 cell,0.033359985798597336,0.001568294013850391,5.231826435192488e-05
Normal,SERPINE1,VTN,mast cell,pulmonary alveolar type 2 cell,0.033359985798597336,0.001968085067346692,6.565528747159988e-05
Normal,SERPINE1,PLAU,mast cell,pulmonary alveolar type 2 cell,0.033359985798597336,0.0009738014778122306,3.248600478400476e-05
Normal,SERPINE1,LRP1,mast cell,vein endothelial cell,0.033359985798597336,0.01389493141323328,0.00046353472862392664
Normal,SERPINE1,PLAUR,mast cell,vein endothelial cell,0.033359985798597336,0.36070504784584045,0.012033115141093731
Normal,SERPINE1,ITGAV,mast cell,vein endothelial cell,0.033359985798597336,1.3018479347229004,0.043429628014564514
Normal,SERPINE1,ITGB3,mast cell,vein endothelial cell,0.033359985798597336,0.14101922512054443,0.0047043995000422
Normal,SERPINE1,VTN,mast cell,vein endothelial cell,0.033359985798597336,0.00043039844604209065,1.435808644600911e-05
Normal,SERPINE1,PLAU,mast cell,vein endothelial cell,0.033359985798597336,0.01011657528579235,0.00033748880377970636
Normal,SERPINE1,LRP1,mast cell,lung multiciliated epithelial cell,0.033359985798597336,0.10350595414638519,0.0034529571421444416
Normal,SERPINE1,PLAUR,mast cell,lung multiciliated epithelial cell,0.033359985798597336,0.09738852828741074,0.0032488799188286066
Normal,SERPINE1,ITGAV,mast cell,lung multiciliated epithelial cell,0.033359985798597336,0.18617400527000427,0.006210762076079845
Normal,SERPINE1,ITGB3,mast cell,lung multiciliated epithelial cell,0.033359985798597336,0.06405186653137207,0.0021367694716900587
Normal,SERPINE1,VTN,mast cell,lung multiciliated epithelial cell,0.033359985798597336,0.005472810938954353,0.00018257289775647223
Normal,SERPINE1,PLAU,mast cell,lung multiciliated epithelial cell,0.033359985798597336,0.02393346093595028,0.0007984199328348041
Normal,SERPINE1,LRP1,mast cell,smooth muscle cell,0.033359985798597336,0.571965754032135,0.019080769270658493
Normal,SERPINE1,PLAUR,mast cell,smooth muscle cell,0.033359985798597336,0.08600547164678574,0.002869141288101673
Normal,SERPINE1,ITGAV,mast cell,smooth muscle cell,0.033359985798597336,0.44389525055885315,0.014808339066803455
Normal,SERPINE1,ITGB3,mast cell,smooth muscle cell,0.033359985798597336,0.016222920268774033,0.0005411963793449104
Normal,SERPINE1,VTN,mast cell,smooth muscle cell,0.033359985798597336,0.06872478872537613,0.002292657969519496
Normal,SERPINE1,PLAU,mast cell,smooth muscle cell,0.033359985798597336,0.0348949059844017,0.0011640936136245728
Normal,SERPINE1,LRP1,mast cell,endothelial cell,0.033359985798597336,0.04382266476750374,0.0014619234716519713
Normal,SERPINE1,PLAUR,mast cell,endothelial cell,0.033359985798597336,0.28734296560287476,0.009585756808519363
Normal,SERPINE1,ITGAV,mast cell,endothelial cell,0.033359985798597336,1.3687506914138794,0.045661505311727524
Normal,SERPINE1,ITGB3,mast cell,endothelial cell,0.033359985798597336,0.01795002818107605,0.0005988127086311579
Normal,SERPINE1,VTN,mast cell,endothelial cell,0.033359985798597336,0.0,0.0
Normal,SERPINE1,PLAU,mast cell,endothelial cell,0.033359985798597336,0.032519325613975525,0.0010848442325368524
Normal,SERPINE1,LRP1,mast cell,B cell,0.033359985798597336,0.027416327968239784,0.0009146083029918373
Normal,SERPINE1,PLAUR,mast cell,B cell,0.033359985798597336,0.011772379279136658,0.0003927264187950641
Normal,SERPINE1,ITGAV,mast cell,B cell,0.033359985798597336,0.06915748119354248,0.0023070925381034613
Normal,SERPINE1,ITGB3,mast cell,B cell,0.033359985798597336,0.02003781497478485,0.0006684612017124891
Normal,SERPINE1,VTN,mast cell,B cell,0.033359985798597336,0.0,0.0
Normal,SERPINE1,PLAU,mast cell,B cell,0.033359985798597336,0.006701188627630472,0.0002235515567008406
Normal,SERPINE1,LRP1,mast cell,pulmonary alveolar type 1 cell,0.033359985798597336,0.0587434358894825,0.001959680113941431
Normal,SERPINE1,PLAUR,mast cell,pulmonary alveolar type 1 cell,0.033359985798597336,0.12368427217006683,0.004126105457544327
Normal,SERPINE1,ITGAV,mast cell,pulmonary alveolar type 1 cell,0.033359985798597336,0.41951435804367065,0.013994992710649967
Normal,SERPINE1,ITGB3,mast cell,pulmonary alveolar type 1 cell,0.033359985798597336,0.015503257513046265,0.000517188454978168
Normal,SERPINE1,VTN,mast cell,pulmonary alveolar type 1 cell,0.033359985798597336,0.0,0.0
Normal,SERPINE1,PLAU,mast cell,pulmonary alveolar type 1 cell,0.033359985798597336,0.0010918190237134695,3.642306546680629e-05
Normal,SERPINE1,LRP1,mast cell,club cell,0.033359985798597336,0.08631543815135956,0.002879481762647629
Normal,SERPINE1,PLAUR,mast cell,club cell,0.033359985798597336,0.11950922757387161,0.003986826166510582
Normal,SERPINE1,ITGAV,mast cell,club cell,0.033359985798597336,0.21280433237552643,0.0070991492830216885
Normal,SERPINE1,ITGB3,mast cell,club cell,0.033359985798597336,0.028953084722161293,0.00096587446751073
Normal,SERPINE1,VTN,mast cell,club cell,0.033359985798597336,0.0,0.0
Normal,SERPINE1,PLAU,mast cell,club cell,0.033359985798597336,0.005933290813118219,0.00019793449610006064
Normal,SERPINE1,LRP1,mast cell,neutrophil,0.033359985798597336,0.014111633412539959,0.00047076388727873564
Normal,SERPINE1,PLAUR,mast cell,neutrophil,0.033359985798597336,2.2625458240509033,0.07547849416732788
Normal,SERPINE1,ITGAV,mast cell,neutrophil,0.033359985798597336,0.037097059190273285,0.0012375573860481381
Normal,SERPINE1,ITGB3,mast cell,neutrophil,0.033359985798597336,0.0,0.0
Normal,SERPINE1,VTN,mast cell,neutrophil,0.033359985798597336,0.0,0.0
Normal,SERPINE1,PLAU,mast cell,neutrophil,0.033359985798597336,0.11391173303127289,0.0038000938948243856
Normal,SERPINE1,LRP1,mast cell,plasma cell,0.033359985798597336,0.03262129798531532,0.0010882460046559572
Normal,SERPINE1,PLAUR,mast cell,plasma cell,0.033359985798597336,0.07067731022834778,0.0023577939718961716
Normal,SERPINE1,ITGAV,mast cell,plasma cell,0.033359985798597336,0.1007995754480362,0.0033626724034547806
Normal,SERPINE1,ITGB3,mast cell,plasma cell,0.033359985798597336,0.004957778379321098,0.00016539142234250903
Normal,SERPINE1,VTN,mast cell,plasma cell,0.033359985798597336,0.0,0.0
Normal,SERPINE1,PLAU,mast cell,plasma cell,0.033359985798597336,0.0011446947464719415,3.818700133706443e-05
Normal,SERPINE1,LRP1,mast cell,leukocyte,0.033359985798597336,0.19113506376743317,0.006376263219863176
Normal,SERPINE1,PLAUR,mast cell,leukocyte,0.033359985798597336,0.35691437125205994,0.011906658299267292
Normal,SERPINE1,ITGAV,mast cell,leukocyte,0.033359985798597336,0.33996498584747314,0.01134122721850872
Normal,SERPINE1,ITGB3,mast cell,leukocyte,0.033359985798597336,0.004113916307687759,0.00013724018936045468
Normal,SERPINE1,VTN,mast cell,leukocyte,0.033359985798597336,0.005431992933154106,0.0001812112022889778
Normal,SERPINE1,PLAU,mast cell,leukocyte,0.033359985798597336,0.0676087811589241,0.002255427883937955
Normal,SERPINE1,LRP1,mast cell,endothelial cell of lymphatic vessel,0.033359985798597336,0.02008569985628128,0.0006700586527585983
Normal,SERPINE1,PLAUR,mast cell,endothelial cell of lymphatic vessel,0.033359985798597336,0.09317221492528915,0.003108223667368293
Normal,SERPINE1,ITGAV,mast cell,endothelial cell of lymphatic vessel,0.033359985798597336,0.6201860308647156,0.020689398050308228
Normal,SERPINE1,ITGB3,mast cell,endothelial cell of lymphatic vessel,0.033359985798597336,0.03770211338996887,0.0012577419402077794
Normal,SERPINE1,VTN,mast cell,endothelial cell of lymphatic vessel,0.033359985798597336,0.005374448373913765,0.00017929152818396688
Normal,SERPINE1,PLAU,mast cell,endothelial cell of lymphatic vessel,0.033359985798597336,0.008077932521700859,0.00026947970036417246
Normal,SERPINE1,LRP1,pulmonary alveolar type 2 cell,"CD4-positive, alpha-beta T cell",0.023434333503246307,0.014970630407333374,0.00035082674003206193
Normal,SERPINE1,PLAUR,pulmonary alveolar type 2 cell,"CD4-positive, alpha-beta T cell",0.023434333503246307,0.06878918409347534,0.0016120286891236901
Normal,SERPINE1,ITGAV,pulmonary alveolar type 2 cell,"CD4-positive, alpha-beta T cell",0.023434333503246307,0.1432809829711914,0.003357694251462817
Normal,SERPINE1,ITGB3,pulmonary alveolar type 2 cell,"CD4-positive, alpha-beta T cell",0.023434333503246307,0.0004901275970041752,1.1485813956824131e-05
Normal,SERPINE1,VTN,pulmonary alveolar type 2 cell,"CD4-positive, alpha-beta T cell",0.023434333503246307,0.0007507849368266761,1.7594144082977436e-05
Normal,SERPINE1,PLAU,pulmonary alveolar type 2 cell,"CD4-positive, alpha-beta T cell",0.023434333503246307,0.002736940048635006,6.413836672436446e-05
Normal,SERPINE1,LRP1,pulmonary alveolar type 2 cell,natural killer cell,0.023434333503246307,0.015207733027637005,0.00035638309782370925
Normal,SERPINE1,PLAUR,pulmonary alveolar type 2 cell,natural killer cell,0.023434333503246307,0.03888087719678879,0.0009111474500969052
Normal,SERPINE1,ITGAV,pulmonary alveolar type 2 cell,natural killer cell,0.023434333503246307,0.12946993112564087,0.0030340414959937334
Normal,SERPINE1,ITGB3,pulmonary alveolar type 2 cell,natural killer cell,0.023434333503246307,0.0020600573625415564,4.827606971957721e-05
Normal,SERPINE1,VTN,pulmonary alveolar type 2 cell,natural killer cell,0.023434333503246307,0.00036771950544789433,8.617261300969403e-06
Normal,SERPINE1,PLAU,pulmonary alveolar type 2 cell,natural killer cell,0.023434333503246307,0.002590348245576024,6.0703085182467476e-05
Normal,SERPINE1,LRP1,pulmonary alveolar type 2 cell,capillary endothelial cell,0.023434333503246307,0.04081709682941437,0.0009565214859321713
Normal,SERPINE1,PLAUR,pulmonary alveolar type 2 cell,capillary endothelial cell,0.023434333503246307,0.15086756646633148,0.003535480936989188
Normal,SERPINE1,ITGAV,pulmonary alveolar type 2 cell,capillary endothelial cell,0.023434333503246307,1.0649206638336182,0.024955706670880318
Normal,SERPINE1,ITGB3,pulmonary alveolar type 2 cell,capillary endothelial cell,0.023434333503246307,0.005221290048211813,0.00012235745089128613
Normal,SERPINE1,VTN,pulmonary alveolar type 2 cell,capillary endothelial cell,0.023434333503246307,0.0013286990579217672,3.113717684755102e-05
Normal,SERPINE1,PLAU,pulmonary alveolar type 2 cell,capillary endothelial cell,0.023434333503246307,0.10289759933948517,0.00241133663803339
Normal,SERPINE1,LRP1,pulmonary alveolar type 2 cell,macrophage,0.023434333503246307,1.0355989933013916,0.02426857128739357
Normal,SERPINE1,PLAUR,pulmonary alveolar type 2 cell,macrophage,0.023434333503246307,1.4066904783248901,0.032964855432510376
Normal,SERPINE1,ITGAV,pulmonary alveolar type 2 cell,macrophage,0.023434333503246307,0.4482908248901367,0.010505396872758865
Normal,SERPINE1,ITGB3,pulmonary alveolar type 2 cell,macrophage,0.023434333503246307,0.001214474905282259,2.846041024895385e-05
Normal,SERPINE1,VTN,pulmonary alveolar type 2 cell,macrophage,0.023434333503246307,0.02266676351428032,0.0005311804707162082
Normal,SERPINE1,PLAU,pulmonary alveolar type 2 cell,macrophage,0.023434333503246307,0.10081015527248383,0.0023624186869710684
Normal,SERPINE1,LRP1,pulmonary alveolar type 2 cell,"CD8-positive, alpha-beta T cell",0.023434333503246307,0.018964122980833054,0.00044441159116104245
Normal,SERPINE1,PLAUR,pulmonary alveolar type 2 cell,"CD8-positive, alpha-beta T cell",0.023434333503246307,0.05417943745851517,0.0012696590274572372
Normal,SERPINE1,ITGAV,pulmonary alveolar type 2 cell,"CD8-positive, alpha-beta T cell",0.023434333503246307,0.1800706833600998,0.004219836555421352
Normal,SERPINE1,ITGB3,pulmonary alveolar type 2 cell,"CD8-positive, alpha-beta T cell",0.023434333503246307,0.0023529811296612024,5.5140542826848105e-05
Normal,SERPINE1,VTN,pulmonary alveolar type 2 cell,"CD8-positive, alpha-beta T cell",0.023434333503246307,0.0,0.0
Normal,SERPINE1,PLAU,pulmonary alveolar type 2 cell,"CD8-positive, alpha-beta T cell",0.023434333503246307,0.0027266780380159616,6.389788177330047e-05
Normal,SERPINE1,LRP1,pulmonary alveolar type 2 cell,monocyte,0.023434333503246307,0.5015445351600647,0.01175336167216301
Normal,SERPINE1,PLAUR,pulmonary alveolar type 2 cell,monocyte,0.023434333503246307,1.9285908937454224,0.045195240527391434
Normal,SERPINE1,ITGAV,pulmonary alveolar type 2 cell,monocyte,0.023434333503246307,0.22583134472370148,0.0052922070026397705
Normal,SERPINE1,ITGB3,pulmonary alveolar type 2 cell,monocyte,0.023434333503246307,0.0019068242982029915,4.468515544431284e-05
Normal,SERPINE1,VTN,pulmonary alveolar type 2 cell,monocyte,0.023434333503246307,0.0002542365400586277,5.957863777439343e-06
Normal,SERPINE1,PLAU,pulmonary alveolar type 2 cell,monocyte,0.023434333503246307,0.021660732105374336,0.0005076047964394093
Normal,SERPINE1,LRP1,pulmonary alveolar type 2 cell,fibroblast,0.023434333503246307,1.1042487621307373,0.02587733417749405
Normal,SERPINE1,PLAUR,pulmonary alveolar type 2 cell,fibroblast,0.023434333503246307,0.3658265173435211,0.008572900667786598
Normal,SERPINE1,ITGAV,pulmonary alveolar type 2 cell,fibroblast,0.023434333503246307,0.48545774817466736,0.011376379057765007
Normal,SERPINE1,ITGB3,pulmonary alveolar type 2 cell,fibroblast,0.023434333503246307,0.016091804951429367,0.00037710071774199605
Normal,SERPINE1,VTN,pulmonary alveolar type 2 cell,fibroblast,0.023434333503246307,0.007628223858773708,0.00017876234778668731
Normal,SERPINE1,PLAU,pulmonary alveolar type 2 cell,fibroblast,0.023434333503246307,0.0512564443051815,0.0012011606013402343
Normal,SERPINE1,LRP1,pulmonary alveolar type 2 cell,conventional dendritic cell,0.023434333503246307,0.6445091366767883,0.015103641897439957
Normal,SERPINE1,PLAUR,pulmonary alveolar type 2 cell,conventional dendritic cell,0.023434333503246307,1.2957876920700073,0.030365921556949615
Normal,SERPINE1,ITGAV,pulmonary alveolar type 2 cell,conventional dendritic cell,0.023434333503246307,0.5384222269058228,0.0126175656914711
Normal,SERPINE1,ITGB3,pulmonary alveolar type 2 cell,conventional dendritic cell,0.023434333503246307,0.0274202860891819,0.0006425761384889483
Normal,SERPINE1,VTN,pulmonary alveolar type 2 cell,conventional dendritic cell,0.023434333503246307,0.006924258079379797,0.00016226537991315126
Normal,SERPINE1,PLAU,pulmonary alveolar type 2 cell,conventional dendritic cell,0.023434333503246307,0.3481919765472412,0.008159646764397621
Normal,SERPINE1,LRP1,pulmonary alveolar type 2 cell,mast cell,0.023434333503246307,0.014076117426156998,0.0003298644442111254
Normal,SERPINE1,PLAUR,pulmonary alveolar type 2 cell,mast cell,0.023434333503246307,0.6777046322822571,0.015881557017564774
Normal,SERPINE1,ITGAV,pulmonary alveolar type 2 cell,mast cell,0.023434333503246307,0.3965514004230499,0.00929291732609272
Normal,SERPINE1,ITGB3,pulmonary alveolar type 2 cell,mast cell,0.023434333503246307,0.034890614449977875,0.0008176382980309427
Normal,SERPINE1,VTN,pulmonary alveolar type 2 cell,mast cell,0.023434333503246307,0.0005058146198280156,1.1853428077301942e-05
Normal,SERPINE1,PLAU,pulmonary alveolar type 2 cell,mast cell,0.023434333503246307,0.04867101460695267,0.0011405728291720152
Normal,SERPINE1,LRP1,pulmonary alveolar type 2 cell,pulmonary alveolar type 2 cell,0.023434333503246307,0.04979923740029335,0.0011670119129121304
Normal,SERPINE1,PLAUR,pulmonary alveolar type 2 cell,pulmonary alveolar type 2 cell,0.023434333503246307,0.08510953187942505,0.001994485268369317
Normal,SERPINE1,ITGAV,pulmonary alveolar type 2 cell,pulmonary alveolar type 2 cell,0.023434333503246307,0.3477472960948944,0.008149226196110249
Normal,SERPINE1,ITGB3,pulmonary alveolar type 2 cell,pulmonary alveolar type 2 cell,0.023434333503246307,0.001568294013850391,3.6751924199052155e-05
Normal,SERPINE1,VTN,pulmonary alveolar type 2 cell,pulmonary alveolar type 2 cell,0.023434333503246307,0.001968085067346692,4.6120760089252144e-05
Normal,SERPINE1,PLAU,pulmonary alveolar type 2 cell,pulmonary alveolar type 2 cell,0.023434333503246307,0.0009738014778122306,2.2820388039690442e-05
Normal,SERPINE1,LRP1,pulmonary alveolar type 2 cell,vein endothelial cell,0.023434333503246307,0.01389493141323328,0.00032561845728196204
Normal,SERPINE1,PLAUR,pulmonary alveolar type 2 cell,vein endothelial cell,0.023434333503246307,0.36070504784584045,0.008452882058918476
Normal,SERPINE1,ITGAV,pulmonary alveolar type 2 cell,vein endothelial cell,0.023434333503246307,1.3018479347229004,0.03050793893635273
Normal,SERPINE1,ITGB3,pulmonary alveolar type 2 cell,vein endothelial cell,0.023434333503246307,0.14101922512054443,0.003304691519588232
Normal,SERPINE1,VTN,pulmonary alveolar type 2 cell,vein endothelial cell,0.023434333503246307,0.00043039844604209065,1.0086100701300893e-05
Normal,SERPINE1,PLAU,pulmonary alveolar type 2 cell,vein endothelial cell,0.023434333503246307,0.01011657528579235,0.00023707520449534059
Normal,SERPINE1,LRP1,pulmonary alveolar type 2 cell,lung multiciliated epithelial cell,0.023434333503246307,0.10350595414638519,0.00242559309117496
Normal,SERPINE1,PLAUR,pulmonary alveolar type 2 cell,lung multiciliated epithelial cell,0.023434333503246307,0.09738852828741074,0.0022822353057563305
Normal,SERPINE1,ITGAV,pulmonary alveolar type 2 cell,lung multiciliated epithelial cell,0.023434333503246307,0.18617400527000427,0.004362863954156637
Normal,SERPINE1,ITGB3,pulmonary alveolar type 2 cell,lung multiciliated epithelial cell,0.023434333503246307,0.06405186653137207,0.0015010128263384104
Normal,SERPINE1,VTN,pulmonary alveolar type 2 cell,lung multiciliated epithelial cell,0.023434333503246307,0.005472810938954353,0.00012825167505070567
Normal,SERPINE1,PLAU,pulmonary alveolar type 2 cell,lung multiciliated epithelial cell,0.023434333503246307,0.02393346093595028,0.0005608646897599101
Normal,SERPINE1,LRP1,pulmonary alveolar type 2 cell,smooth muscle cell,0.023434333503246307,0.571965754032135,0.013403636403381824
Normal,SERPINE1,PLAUR,pulmonary alveolar type 2 cell,smooth muscle cell,0.023434333503246307,0.08600547164678574,0.0020154810044914484
Normal,SERPINE1,ITGAV,pulmonary alveolar type 2 cell,smooth muscle cell,0.023434333503246307,0.44389525055885315,0.01040238980203867
Normal,SERPINE1,ITGB3,pulmonary alveolar type 2 cell,smooth muscle cell,0.023434333503246307,0.016222920268774033,0.00038017332553863525
Normal,SERPINE1,VTN,pulmonary alveolar type 2 cell,smooth muscle cell,0.023434333503246307,0.06872478872537613,0.0016105195973068476
Normal,SERPINE1,PLAU,pulmonary alveolar type 2 cell,smooth muscle cell,0.023434333503246307,0.0348949059844017,0.0008177388808690012
Normal,SERPINE1,LRP1,pulmonary alveolar type 2 cell,endothelial cell,0.023434333503246307,0.04382266476750374,0.0010269549675285816
Normal,SERPINE1,PLAUR,pulmonary alveolar type 2 cell,endothelial cell,0.023434333503246307,0.28734296560287476,0.006733690854161978
Normal,SERPINE1,ITGAV,pulmonary alveolar type 2 cell,endothelial cell,0.023434333503246307,1.3687506914138794,0.03207575902342796
Normal,SERPINE1,ITGB3,pulmonary alveolar type 2 cell,endothelial cell,0.023434333503246307,0.01795002818107605,0.0004206469457130879
Normal,SERPINE1,VTN,pulmonary alveolar type 2 cell,endothelial cell,0.023434333503246307,0.0,0.0
Normal,SERPINE1,PLAU,pulmonary alveolar type 2 cell,endothelial cell,0.023434333503246307,0.032519325613975525,0.0007620687247253954
Normal,SERPINE1,LRP1,pulmonary alveolar type 2 cell,B cell,0.023434333503246307,0.027416327968239784,0.0006424833554774523
Normal,SERPINE1,PLAUR,pulmonary alveolar type 2 cell,B cell,0.023434333503246307,0.011772379279136658,0.00027587785734795034
Normal,SERPINE1,ITGAV,pulmonary alveolar type 2 cell,B cell,0.023434333503246307,0.06915748119354248,0.0016206594882532954
Normal,SERPINE1,ITGB3,pulmonary alveolar type 2 cell,B cell,0.023434333503246307,0.02003781497478485,0.00046957284212112427
Normal,SERPINE1,VTN,pulmonary alveolar type 2 cell,B cell,0.023434333503246307,0.0,0.0
Normal,SERPINE1,PLAU,pulmonary alveolar type 2 cell,B cell,0.023434333503246307,0.006701188627630472,0.00015703789540566504
Normal,SERPINE1,LRP1,pulmonary alveolar type 2 cell,pulmonary alveolar type 1 cell,0.023434333503246307,0.0587434358894825,0.001376613276079297
Normal,SERPINE1,PLAUR,pulmonary alveolar type 2 cell,pulmonary alveolar type 1 cell,0.023434333503246307,0.12368427217006683,0.0028984583914279938
Normal,SERPINE1,ITGAV,pulmonary alveolar type 2 cell,pulmonary alveolar type 1 cell,0.023434333503246307,0.41951435804367065,0.009831039234995842
Normal,SERPINE1,ITGB3,pulmonary alveolar type 2 cell,pulmonary alveolar type 1 cell,0.023434333503246307,0.015503257513046265,0.0003633084998000413
Normal,SERPINE1,VTN,pulmonary alveolar type 2 cell,pulmonary alveolar type 1 cell,0.023434333503246307,0.0,0.0
Normal,SERPINE1,PLAU,pulmonary alveolar type 2 cell,pulmonary alveolar type 1 cell,0.023434333503246307,0.0010918190237134695,2.55860504694283e-05
Normal,SERPINE1,LRP1,pulmonary alveolar type 2 cell,club cell,0.023434333503246307,0.08631543815135956,0.002022744854912162
Normal,SERPINE1,PLAUR,pulmonary alveolar type 2 cell,club cell,0.023434333503246307,0.11950922757387161,0.0028006189968436956
Normal,SERPINE1,ITGAV,pulmonary alveolar type 2 cell,club cell,0.023434333503246307,0.21280433237552643,0.004986927844583988
Normal,SERPINE1,ITGB3,pulmonary alveolar type 2 cell,club cell,0.023434333503246307,0.028953084722161293,0.0006784962606616318
Normal,SERPINE1,VTN,pulmonary alveolar type 2 cell,club cell,0.023434333503246307,0.0,0.0
Normal,SERPINE1,PLAU,pulmonary alveolar type 2 cell,club cell,0.023434333503246307,0.005933290813118219,0.00013904272054787725
Normal,SERPINE1,LRP1,pulmonary alveolar type 2 cell,neutrophil,0.023434333503246307,0.014111633412539959,0.0003306967264506966
Normal,SERPINE1,PLAUR,pulmonary alveolar type 2 cell,neutrophil,0.023434333503246307,2.2625458240509033,0.053021252155303955
Normal,SERPINE1,ITGAV,pulmonary alveolar type 2 cell,neutrophil,0.023434333503246307,0.037097059190273285,0.0008693448617123067
Normal,SERPINE1,ITGB3,pulmonary alveolar type 2 cell,neutrophil,0.023434333503246307,0.0,0.0
Normal,SERPINE1,VTN,pulmonary alveolar type 2 cell,neutrophil,0.023434333503246307,0.0,0.0
Normal,SERPINE1,PLAU,pulmonary alveolar type 2 cell,neutrophil,0.023434333503246307,0.11391173303127289,0.0026694454718381166
Normal,SERPINE1,LRP1,pulmonary alveolar type 2 cell,plasma cell,0.023434333503246307,0.03262129798531532,0.0007644583820365369
Normal,SERPINE1,PLAUR,pulmonary alveolar type 2 cell,plasma cell,0.023434333503246307,0.07067731022834778,0.0016562757082283497
Normal,SERPINE1,ITGAV,pulmonary alveolar type 2 cell,plasma cell,0.023434333503246307,0.1007995754480362,0.0023621709551662207
Normal,SERPINE1,ITGB3,pulmonary alveolar type 2 cell,plasma cell,0.023434333503246307,0.004957778379321098,0.00011618222924880683
Normal,SERPINE1,VTN,pulmonary alveolar type 2 cell,plasma cell,0.023434333503246307,0.0,0.0
Normal,SERPINE1,PLAU,pulmonary alveolar type 2 cell,plasma cell,0.023434333503246307,0.0011446947464719415,2.6825158784049563e-05
Normal,SERPINE1,LRP1,pulmonary alveolar type 2 cell,leukocyte,0.023434333503246307,0.19113506376743317,0.004479122813791037
Normal,SERPINE1,PLAUR,pulmonary alveolar type 2 cell,leukocyte,0.023434333503246307,0.35691437125205994,0.008364050649106503
Normal,SERPINE1,ITGAV,pulmonary alveolar type 2 cell,leukocyte,0.023434333503246307,0.33996498584747314,0.007966852746903896
Normal,SERPINE1,ITGB3,pulmonary alveolar type 2 cell,leukocyte,0.023434333503246307,0.004113916307687759,9.640688949730247e-05
Normal,SERPINE1,VTN,pulmonary alveolar type 2 cell,leukocyte,0.023434333503246307,0.005431992933154106,0.00012729513400699943
Normal,SERPINE1,PLAU,pulmonary alveolar type 2 cell,leukocyte,0.023434333503246307,0.0676087811589241,0.0015843667788431048
Normal,SERPINE1,LRP1,pulmonary alveolar type 2 cell,endothelial cell of lymphatic vessel,0.023434333503246307,0.02008569985628128,0.00047069499851204455
Normal,SERPINE1,PLAUR,pulmonary alveolar type 2 cell,endothelial cell of lymphatic vessel,0.023434333503246307,0.09317221492528915,0.002183428732678294
Normal,SERPINE1,ITGAV,pulmonary alveolar type 2 cell,endothelial cell of lymphatic vessel,0.023434333503246307,0.6201860308647156,0.014533646404743195
Normal,SERPINE1,ITGB3,pulmonary alveolar type 2 cell,endothelial cell of lymphatic vessel,0.023434333503246307,0.03770211338996887,0.0008835238986648619
Normal,SERPINE1,VTN,pulmonary alveolar type 2 cell,endothelial cell of lymphatic vessel,0.023434333503246307,0.005374448373913765,0.0001259466225747019
Normal,SERPINE1,PLAU,pulmonary alveolar type 2 cell,endothelial cell of lymphatic vessel,0.023434333503246307,0.008077932521700859,0.00018930096121039242
Normal,SERPINE1,LRP1,vein endothelial cell,"CD4-positive, alpha-beta T cell",0.6914610266685486,0.014970630407333374,0.010351607576012611
Normal,SERPINE1,PLAUR,vein endothelial cell,"CD4-positive, alpha-beta T cell",0.6914610266685486,0.06878918409347534,0.0475650392472744
Normal,SERPINE1,ITGAV,vein endothelial cell,"CD4-positive, alpha-beta T cell",0.6914610266685486,0.1432809829711914,0.09907321631908417
Normal,SERPINE1,ITGB3,vein endothelial cell,"CD4-positive, alpha-beta T cell",0.6914610266685486,0.0004901275970041752,0.0003389041230548173
Normal,SERPINE1,VTN,vein endothelial cell,"CD4-positive, alpha-beta T cell",0.6914610266685486,0.0007507849368266761,0.000519138528034091
Normal,SERPINE1,PLAU,vein endothelial cell,"CD4-positive, alpha-beta T cell",0.6914610266685486,0.002736940048635006,0.001892487402074039
Normal,SERPINE1,LRP1,vein endothelial cell,natural killer cell,0.6914610266685486,0.015207733027637005,0.010515554808080196
Normal,SERPINE1,PLAUR,vein endothelial cell,natural killer cell,0.6914610266685486,0.03888087719678879,0.026884611696004868
Normal,SERPINE1,ITGAV,vein endothelial cell,natural killer cell,0.6914610266685486,0.12946993112564087,0.08952341228723526
Normal,SERPINE1,ITGB3,vein endothelial cell,natural killer cell,0.6914610266685486,0.0020600573625415564,0.001424449379555881
Normal,SERPINE1,VTN,vein endothelial cell,natural killer cell,0.6914610266685486,0.00036771950544789433,0.00025426369393244386
Normal,SERPINE1,PLAU,vein endothelial cell,natural killer cell,0.6914610266685486,0.002590348245576024,0.0017911248141899705
Normal,SERPINE1,LRP1,vein endothelial cell,capillary endothelial cell,0.6914610266685486,0.04081709682941437,0.0282234326004982
Normal,SERPINE1,PLAUR,vein endothelial cell,capillary endothelial cell,0.6914610266685486,0.15086756646633148,0.10431904345750809
Normal,SERPINE1,ITGAV,vein endothelial cell,capillary endothelial cell,0.6914610266685486,1.0649206638336182,0.7363511323928833
Normal,SERPINE1,ITGB3,vein endothelial cell,capillary endothelial cell,0.6914610266685486,0.005221290048211813,0.0036103185266256332
Normal,SERPINE1,VTN,vein endothelial cell,capillary endothelial cell,0.6914610266685486,0.0013286990579217672,0.0009187436080537736
Normal,SERPINE1,PLAU,vein endothelial cell,capillary endothelial cell,0.6914610266685486,0.10289759933948517,0.07114967703819275
Normal,SERPINE1,LRP1,vein endothelial cell,macrophage,0.6914610266685486,1.0355989933013916,0.7160763144493103
Normal,SERPINE1,PLAUR,vein endothelial cell,macrophage,0.6914610266685486,1.4066904783248901,0.972671627998352
Normal,SERPINE1,ITGAV,vein endothelial cell,macrophage,0.6914610266685486,0.4482908248901367,0.30997562408447266
Normal,SERPINE1,ITGB3,vein endothelial cell,macrophage,0.6914610266685486,0.001214474905282259,0.0008397620404139161
Normal,SERPINE1,VTN,vein endothelial cell,macrophage,0.6914610266685486,0.02266676351428032,0.015673182904720306
Normal,SERPINE1,PLAU,vein endothelial cell,macrophage,0.6914610266685486,0.10081015527248383,0.06970629096031189
Normal,SERPINE1,LRP1,vein endothelial cell,"CD8-positive, alpha-beta T cell",0.6914610266685486,0.018964122980833054,0.013112952001392841
Normal,SERPINE1,PLAUR,vein endothelial cell,"CD8-positive, alpha-beta T cell",0.6914610266685486,0.05417943745851517,0.03746296837925911
Normal,SERPINE1,ITGAV,vein endothelial cell,"CD8-positive, alpha-beta T cell",0.6914610266685486,0.1800706833600998,0.12451186031103134
Normal,SERPINE1,ITGB3,vein endothelial cell,"CD8-positive, alpha-beta T cell",0.6914610266685486,0.0023529811296612024,0.0016269946936517954
Normal,SERPINE1,VTN,vein endothelial cell,"CD8-positive, alpha-beta T cell",0.6914610266685486,0.0,0.0
Normal,SERPINE1,PLAU,vein endothelial cell,"CD8-positive, alpha-beta T cell",0.6914610266685486,0.0027266780380159616,0.0018853915389627218
Normal,SERPINE1,LRP1,vein endothelial cell,monocyte,0.6914610266685486,0.5015445351600647,0.34679850935935974
Normal,SERPINE1,PLAUR,vein endothelial cell,monocyte,0.6914610266685486,1.9285908937454224,1.333545446395874
Normal,SERPINE1,ITGAV,vein endothelial cell,monocyte,0.6914610266685486,0.22583134472370148,0.1561535745859146
Normal,SERPINE1,ITGB3,vein endothelial cell,monocyte,0.6914610266685486,0.0019068242982029915,0.0013184946728870273
Normal,SERPINE1,VTN,vein endothelial cell,monocyte,0.6914610266685486,0.0002542365400586277,0.00017579465929884464
Normal,SERPINE1,PLAU,vein endothelial cell,monocyte,0.6914610266685486,0.021660732105374336,0.014977551996707916
Normal,SERPINE1,LRP1,vein endothelial cell,fibroblast,0.6914610266685486,1.1042487621307373,0.7635449767112732
Normal,SERPINE1,PLAUR,vein endothelial cell,fibroblast,0.6914610266685486,0.3658265173435211,0.25295478105545044
Normal,SERPINE1,ITGAV,vein endothelial cell,fibroblast,0.6914610266685486,0.48545774817466736,0.33567512035369873
Normal,SERPINE1,ITGB3,vein endothelial cell,fibroblast,0.6914610266685486,0.016091804951429367,0.011126856319606304
Normal,SERPINE1,VTN,vein endothelial cell,fibroblast,0.6914610266685486,0.007628223858773708,0.0052746194414794445
Normal,SERPINE1,PLAU,vein endothelial cell,fibroblast,0.6914610266685486,0.0512564443051815,0.03544183447957039
Normal,SERPINE1,LRP1,vein endothelial cell,conventional dendritic cell,0.6914610266685486,0.6445091366767883,0.44565296173095703
Normal,SERPINE1,PLAUR,vein endothelial cell,conventional dendritic cell,0.6914610266685486,1.2957876920700073,0.8959866762161255
Normal,SERPINE1,ITGAV,vein endothelial cell,conventional dendritic cell,0.6914610266685486,0.5384222269058228,0.3722979724407196
Normal,SERPINE1,ITGB3,vein endothelial cell,conventional dendritic cell,0.6914610266685486,0.0274202860891819,0.01896005868911743
Normal,SERPINE1,VTN,vein endothelial cell,conventional dendritic cell,0.6914610266685486,0.006924258079379797,0.0047878543846309185
Normal,SERPINE1,PLAU,vein endothelial cell,conventional dendritic cell,0.6914610266685486,0.3481919765472412,0.2407611757516861
Normal,SERPINE1,LRP1,vein endothelial cell,mast cell,0.6914610266685486,0.014076117426156998,0.009733086451888084
Normal,SERPINE1,PLAUR,vein endothelial cell,mast cell,0.6914610266685486,0.6777046322822571,0.4686063528060913
Normal,SERPINE1,ITGAV,vein endothelial cell,mast cell,0.6914610266685486,0.3965514004230499,0.27419984340667725
Normal,SERPINE1,ITGB3,vein endothelial cell,mast cell,0.6914610266685486,0.034890614449977875,0.02412549965083599
Normal,SERPINE1,VTN,vein endothelial cell,mast cell,0.6914610266685486,0.0005058146198280156,0.0003497510915622115
Normal,SERPINE1,PLAU,vein endothelial cell,mast cell,0.6914610266685486,0.04867101460695267,0.0336541086435318
Normal,SERPINE1,LRP1,vein endothelial cell,pulmonary alveolar type 2 cell,0.6914610266685486,0.04979923740029335,0.034434232860803604
Normal,SERPINE1,PLAUR,vein endothelial cell,pulmonary alveolar type 2 cell,0.6914610266685486,0.08510953187942505,0.05884992331266403
Normal,SERPINE1,ITGAV,vein endothelial cell,pulmonary alveolar type 2 cell,0.6914610266685486,0.3477472960948944,0.24045370519161224
Normal,SERPINE1,ITGB3,vein endothelial cell,pulmonary alveolar type 2 cell,0.6914610266685486,0.001568294013850391,0.0010844141943380237
Normal,SERPINE1,VTN,vein endothelial cell,pulmonary alveolar type 2 cell,0.6914610266685486,0.001968085067346692,0.001360854133963585
Normal,SERPINE1,PLAU,vein endothelial cell,pulmonary alveolar type 2 cell,0.6914610266685486,0.0009738014778122306,0.0006733457557857037
Normal,SERPINE1,LRP1,vein endothelial cell,vein endothelial cell,0.6914610266685486,0.01389493141323328,0.009607803076505661
Normal,SERPINE1,PLAUR,vein endothelial cell,vein endothelial cell,0.6914610266685486,0.36070504784584045,0.24941347539424896
Normal,SERPINE1,ITGAV,vein endothelial cell,vein endothelial cell,0.6914610266685486,1.3018479347229004,0.9001771211624146
Normal,SERPINE1,ITGB3,vein endothelial cell,vein endothelial cell,0.6914610266685486,0.14101922512054443,0.09750929474830627
Normal,SERPINE1,VTN,vein endothelial cell,vein endothelial cell,0.6914610266685486,0.00043039844604209065,0.0002976037503685802
Normal,SERPINE1,PLAU,vein endothelial cell,vein endothelial cell,0.6914610266685486,0.01011657528579235,0.0069952174089848995
Normal,SERPINE1,LRP1,vein endothelial cell,lung multiciliated epithelial cell,0.6914610266685486,0.10350595414638519,0.07157033681869507
Normal,SERPINE1,PLAUR,vein endothelial cell,lung multiciliated epithelial cell,0.6914610266685486,0.09738852828741074,0.06734037399291992
Normal,SERPINE1,ITGAV,vein endothelial cell,lung multiciliated epithelial cell,0.6914610266685486,0.18617400527000427,0.12873207032680511
Normal,SERPINE1,ITGB3,vein endothelial cell,lung multiciliated epithelial cell,0.6914610266685486,0.06405186653137207,0.04428936913609505
Normal,SERPINE1,VTN,vein endothelial cell,lung multiciliated epithelial cell,0.6914610266685486,0.005472810938954353,0.003784235566854477
Normal,SERPINE1,PLAU,vein endothelial cell,lung multiciliated epithelial cell,0.6914610266685486,0.02393346093595028,0.01654905639588833
Normal,SERPINE1,LRP1,vein endothelial cell,smooth muscle cell,0.6914610266685486,0.571965754032135,0.3954920172691345
Normal,SERPINE1,PLAUR,vein endothelial cell,smooth muscle cell,0.6914610266685486,0.08600547164678574,0.05946943163871765
Normal,SERPINE1,ITGAV,vein endothelial cell,smooth muscle cell,0.6914610266685486,0.44389525055885315,0.30693626403808594
Normal,SERPINE1,ITGB3,vein endothelial cell,smooth muscle cell,0.6914610266685486,0.016222920268774033,0.011217516846954823
Normal,SERPINE1,VTN,vein endothelial cell,smooth muscle cell,0.6914610266685486,0.06872478872537613,0.04752051457762718
Normal,SERPINE1,PLAU,vein endothelial cell,smooth muscle cell,0.6914610266685486,0.0348949059844017,0.024128466844558716
Normal,SERPINE1,LRP1,vein endothelial cell,endothelial cell,0.6914610266685486,0.04382266476750374,0.030301664024591446
Normal,SERPINE1,PLAUR,vein endothelial cell,endothelial cell,0.6914610266685486,0.28734296560287476,0.19868646562099457
Normal,SERPINE1,ITGAV,vein endothelial cell,endothelial cell,0.6914610266685486,1.3687506914138794,0.9464377760887146
Normal,SERPINE1,ITGB3,vein endothelial cell,endothelial cell,0.6914610266685486,0.01795002818107605,0.012411745265126228
Normal,SERPINE1,VTN,vein endothelial cell,endothelial cell,0.6914610266685486,0.0,0.0
Normal,SERPINE1,PLAU,vein endothelial cell,endothelial cell,0.6914610266685486,0.032519325613975525,0.022485846653580666
Normal,SERPINE1,LRP1,vein endothelial cell,B cell,0.6914610266685486,0.027416327968239784,0.01895732246339321
Normal,SERPINE1,PLAUR,vein endothelial cell,B cell,0.6914610266685486,0.011772379279136658,0.008140141144394875
Normal,SERPINE1,ITGAV,vein endothelial cell,B cell,0.6914610266685486,0.06915748119354248,0.047819703817367554
Normal,SERPINE1,ITGB3,vein endothelial cell,B cell,0.6914610266685486,0.02003781497478485,0.01385536789894104
Normal,SERPINE1,VTN,vein endothelial cell,B cell,0.6914610266685486,0.0,0.0
Normal,SERPINE1,PLAU,vein endothelial cell,B cell,0.6914610266685486,0.006701188627630472,0.004633610602468252
Normal,SERPINE1,LRP1,vein endothelial cell,pulmonary alveolar type 1 cell,0.6914610266685486,0.0587434358894825,0.04061879590153694
Normal,SERPINE1,PLAUR,vein endothelial cell,pulmonary alveolar type 1 cell,0.6914610266685486,0.12368427217006683,0.0855228528380394
Normal,SERPINE1,ITGAV,vein endothelial cell,pulmonary alveolar type 1 cell,0.6914610266685486,0.41951435804367065,0.2900778353214264
Normal,SERPINE1,ITGB3,vein endothelial cell,pulmonary alveolar type 1 cell,0.6914610266685486,0.015503257513046265,0.010719898156821728
Normal,SERPINE1,VTN,vein endothelial cell,pulmonary alveolar type 1 cell,0.6914610266685486,0.0,0.0
Normal,SERPINE1,PLAU,vein endothelial cell,pulmonary alveolar type 1 cell,0.6914610266685486,0.0010918190237134695,0.0007549502770416439
Normal,SERPINE1,LRP1,vein endothelial cell,club cell,0.6914610266685486,0.08631543815135956,0.05968376249074936
Normal,SERPINE1,PLAUR,vein endothelial cell,club cell,0.6914610266685486,0.11950922757387161,0.08263597637414932
Normal,SERPINE1,ITGAV,vein endothelial cell,club cell,0.6914610266685486,0.21280433237552643,0.14714589715003967
Normal,SERPINE1,ITGB3,vein endothelial cell,club cell,0.6914610266685486,0.028953084722161293,0.020019929856061935
Normal,SERPINE1,VTN,vein endothelial cell,club cell,0.6914610266685486,0.0,0.0
Normal,SERPINE1,PLAU,vein endothelial cell,club cell,0.6914610266685486,0.005933290813118219,0.004102639388293028
Normal,SERPINE1,LRP1,vein endothelial cell,neutrophil,0.6914610266685486,0.014111633412539959,0.00975764449685812
Normal,SERPINE1,PLAUR,vein endothelial cell,neutrophil,0.6914610266685486,2.2625458240509033,1.5644623041152954
Normal,SERPINE1,ITGAV,vein endothelial cell,neutrophil,0.6914610266685486,0.037097059190273285,0.025651169940829277
Normal,SERPINE1,ITGB3,vein endothelial cell,neutrophil,0.6914610266685486,0.0,0.0
Normal,SERPINE1,VTN,vein endothelial cell,neutrophil,0.6914610266685486,0.0,0.0
Normal,SERPINE1,PLAU,vein endothelial cell,neutrophil,0.6914610266685486,0.11391173303127289,0.07876552641391754
Normal,SERPINE1,LRP1,vein endothelial cell,plasma cell,0.6914610266685486,0.03262129798531532,0.022556357085704803
Normal,SERPINE1,PLAUR,vein endothelial cell,plasma cell,0.6914610266685486,0.07067731022834778,0.04887060448527336
Normal,SERPINE1,ITGAV,vein endothelial cell,plasma cell,0.6914610266685486,0.1007995754480362,0.06969897449016571
Normal,SERPINE1,ITGB3,vein endothelial cell,plasma cell,0.6914610266685486,0.004957778379321098,0.003428110620006919
Normal,SERPINE1,VTN,vein endothelial cell,plasma cell,0.6914610266685486,0.0,0.0
Normal,SERPINE1,PLAU,vein endothelial cell,plasma cell,0.6914610266685486,0.0011446947464719415,0.0007915117894299328
Normal,SERPINE1,LRP1,vein endothelial cell,leukocyte,0.6914610266685486,0.19113506376743317,0.1321624517440796
Normal,SERPINE1,PLAUR,vein endothelial cell,leukocyte,0.6914610266685486,0.35691437125205994,0.24679237604141235
Normal,SERPINE1,ITGAV,vein endothelial cell,leukocyte,0.6914610266685486,0.33996498584747314,0.2350725382566452
Normal,SERPINE1,ITGB3,vein endothelial cell,leukocyte,0.6914610266685486,0.004113916307687759,0.0028446128126233816
Normal,SERPINE1,VTN,vein endothelial cell,leukocyte,0.6914610266685486,0.005431992933154106,0.0037560113705694675
Normal,SERPINE1,PLAU,vein endothelial cell,leukocyte,0.6914610266685486,0.0676087811589241,0.04674883559346199
Normal,SERPINE1,LRP1,vein endothelial cell,endothelial cell of lymphatic vessel,0.6914610266685486,0.02008569985628128,0.01388847827911377
Normal,SERPINE1,PLAUR,vein endothelial cell,endothelial cell of lymphatic vessel,0.6914610266685486,0.09317221492528915,0.06442495435476303
Normal,SERPINE1,ITGAV,vein endothelial cell,endothelial cell of lymphatic vessel,0.6914610266685486,0.6201860308647156,0.428834468126297
Normal,SERPINE1,ITGB3,vein endothelial cell,endothelial cell of lymphatic vessel,0.6914610266685486,0.03770211338996887,0.02606954239308834
Normal,SERPINE1,VTN,vein endothelial cell,endothelial cell of lymphatic vessel,0.6914610266685486,0.005374448373913765,0.003716221544891596
Normal,SERPINE1,PLAU,vein endothelial cell,endothelial cell of lymphatic vessel,0.6914610266685486,0.008077932521700859,0.0055855754762887955
Normal,SERPINE1,LRP1,lung multiciliated epithelial cell,"CD4-positive, alpha-beta T cell",0.07060903310775757,0.014970630407333374,0.0010570617159828544
Normal,SERPINE1,PLAUR,lung multiciliated epithelial cell,"CD4-positive, alpha-beta T cell",0.07060903310775757,0.06878918409347534,0.0048571377992630005
Normal,SERPINE1,ITGAV,lung multiciliated epithelial cell,"CD4-positive, alpha-beta T cell",0.07060903310775757,0.1432809829711914,0.010116931982338428
Normal,SERPINE1,ITGB3,lung multiciliated epithelial cell,"CD4-positive, alpha-beta T cell",0.07060903310775757,0.0004901275970041752,3.460743391769938e-05
Normal,SERPINE1,VTN,lung multiciliated epithelial cell,"CD4-positive, alpha-beta T cell",0.07060903310775757,0.0007507849368266761,5.3012197895441204e-05
Normal,SERPINE1,PLAU,lung multiciliated epithelial cell,"CD4-positive, alpha-beta T cell",0.07060903310775757,0.002736940048635006,0.00019325269386172295
Normal,SERPINE1,LRP1,lung multiciliated epithelial cell,natural killer cell,0.07060903310775757,0.015207733027637005,0.001073803286999464
Normal,SERPINE1,PLAUR,lung multiciliated epithelial cell,natural killer cell,0.07060903310775757,0.03888087719678879,0.002745341043919325
Normal,SERPINE1,ITGAV,lung multiciliated epithelial cell,natural killer cell,0.07060903310775757,0.12946993112564087,0.009141746908426285
Normal,SERPINE1,ITGB3,lung multiciliated epithelial cell,natural killer cell,0.07060903310775757,0.0020600573625415564,0.0001454586599720642
Normal,SERPINE1,VTN,lung multiciliated epithelial cell,natural killer cell,0.07060903310775757,0.00036771950544789433,2.596431841084268e-05
Normal,SERPINE1,PLAU,lung multiciliated epithelial cell,natural killer cell,0.07060903310775757,0.002590348245576024,0.00018290198931936175
Normal,SERPINE1,LRP1,lung multiciliated epithelial cell,capillary endothelial cell,0.07060903310775757,0.04081709682941437,0.0028820557054132223
Normal,SERPINE1,PLAUR,lung multiciliated epithelial cell,capillary endothelial cell,0.07060903310775757,0.15086756646633148,0.010652612894773483
Normal,SERPINE1,ITGAV,lung multiciliated epithelial cell,capillary endothelial cell,0.07060903310775757,1.0649206638336182,0.07519301772117615
Normal,SERPINE1,ITGB3,lung multiciliated epithelial cell,capillary endothelial cell,0.07060903310775757,0.005221290048211813,0.00036867024027742445
Normal,SERPINE1,VTN,lung multiciliated epithelial cell,capillary endothelial cell,0.07060903310775757,0.0013286990579217672,9.381815470987931e-05
Normal,SERPINE1,PLAU,lung multiciliated epithelial cell,capillary endothelial cell,0.07060903310775757,0.10289759933948517,0.007265499792993069
Normal,SERPINE1,LRP1,lung multiciliated epithelial cell,macrophage,0.07060903310775757,1.0355989933013916,0.07312264293432236
Normal,SERPINE1,PLAUR,lung multiciliated epithelial cell,macrophage,0.07060903310775757,1.4066904783248901,0.09932505339384079
Normal,SERPINE1,ITGAV,lung multiciliated epithelial cell,macrophage,0.07060903310775757,0.4482908248901367,0.03165338188409805
Normal,SERPINE1,ITGB3,lung multiciliated epithelial cell,macrophage,0.07060903310775757,0.001214474905282259,8.575290121370926e-05
Normal,SERPINE1,VTN,lung multiciliated epithelial cell,macrophage,0.07060903310775757,0.02266676351428032,0.0016004783101379871
Normal,SERPINE1,PLAU,lung multiciliated epithelial cell,macrophage,0.07060903310775757,0.10081015527248383,0.0071181077510118484
Normal,SERPINE1,LRP1,lung multiciliated epithelial cell,"CD8-positive, alpha-beta T cell",0.07060903310775757,0.018964122980833054,0.0013390383683145046
Normal,SERPINE1,PLAUR,lung multiciliated epithelial cell,"CD8-positive, alpha-beta T cell",0.07060903310775757,0.05417943745851517,0.0038255576509982347
Normal,SERPINE1,ITGAV,lung multiciliated epithelial cell,"CD8-positive, alpha-beta T cell",0.07060903310775757,0.1800706833600998,0.01271461695432663
Normal,SERPINE1,ITGB3,lung multiciliated epithelial cell,"CD8-positive, alpha-beta T cell",0.07060903310775757,0.0023529811296612024,0.00016614171909168363
Normal,SERPINE1,VTN,lung multiciliated epithelial cell,"CD8-positive, alpha-beta T cell",0.07060903310775757,0.0,0.0
Normal,SERPINE1,PLAU,lung multiciliated epithelial cell,"CD8-positive, alpha-beta T cell",0.07060903310775757,0.0027266780380159616,0.00019252809579484165
Normal,SERPINE1,LRP1,lung multiciliated epithelial cell,monocyte,0.07060903310775757,0.5015445351600647,0.03541357442736626
Normal,SERPINE1,PLAUR,lung multiciliated epithelial cell,monocyte,0.07060903310775757,1.9285908937454224,0.1361759454011917
Normal,SERPINE1,ITGAV,lung multiciliated epithelial cell,monocyte,0.07060903310775757,0.22583134472370148,0.015945732593536377
Normal,SERPINE1,ITGB3,lung multiciliated epithelial cell,monocyte,0.07060903310775757,0.0019068242982029915,0.00013463901996146888
Normal,SERPINE1,VTN,lung multiciliated epithelial cell,monocyte,0.07060903310775757,0.0002542365400586277,1.7951395420823246e-05
Normal,SERPINE1,PLAU,lung multiciliated epithelial cell,monocyte,0.07060903310775757,0.021660732105374336,0.001529443310573697
Normal,SERPINE1,LRP1,lung multiciliated epithelial cell,fibroblast,0.07060903310775757,1.1042487621307373,0.07796993851661682
Normal,SERPINE1,PLAUR,lung multiciliated epithelial cell,fibroblast,0.07060903310775757,0.3658265173435211,0.02583065629005432
Normal,SERPINE1,ITGAV,lung multiciliated epithelial cell,fibroblast,0.07060903310775757,0.48545774817466736,0.03427770361304283
Normal,SERPINE1,ITGB3,lung multiciliated epithelial cell,fibroblast,0.07060903310775757,0.016091804951429367,0.001136226812377572
Normal,SERPINE1,VTN,lung multiciliated epithelial cell,fibroblast,0.07060903310775757,0.007628223858773708,0.0005386215052567422
Normal,SERPINE1,PLAU,lung multiciliated epithelial cell,fibroblast,0.07060903310775757,0.0512564443051815,0.0036191679537296295
Normal,SERPINE1,LRP1,lung multiciliated epithelial cell,conventional dendritic cell,0.07060903310775757,0.6445091366767883,0.04550816863775253
Normal,SERPINE1,PLAUR,lung multiciliated epithelial cell,conventional dendritic cell,0.07060903310775757,1.2957876920700073,0.09149431437253952
Normal,SERPINE1,ITGAV,lung multiciliated epithelial cell,conventional dendritic cell,0.07060903310775757,0.5384222269058228,0.03801747411489487
Normal,SERPINE1,ITGB3,lung multiciliated epithelial cell,conventional dendritic cell,0.07060903310775757,0.0274202860891819,0.0019361198646947742
Normal,SERPINE1,VTN,lung multiciliated epithelial cell,conventional dendritic cell,0.07060903310775757,0.006924258079379797,0.0004889151896350086
Normal,SERPINE1,PLAU,lung multiciliated epithelial cell,conventional dendritic cell,0.07060903310775757,0.3481919765472412,0.024585498496890068
Normal,SERPINE1,LRP1,lung multiciliated epithelial cell,mast cell,0.07060903310775757,0.014076117426156998,0.0009939010487869382
Normal,SERPINE1,PLAUR,lung multiciliated epithelial cell,mast cell,0.07060903310775757,0.6777046322822571,0.04785206913948059
Normal,SERPINE1,ITGAV,lung multiciliated epithelial cell,mast cell,0.07060903310775757,0.3965514004230499,0.028000110760331154
Normal,SERPINE1,ITGB3,lung multiciliated epithelial cell,mast cell,0.07060903310775757,0.034890614449977875,0.0024635924492031336
Normal,SERPINE1,VTN,lung multiciliated epithelial cell,mast cell,0.07060903310775757,0.0005058146198280156,3.571508204913698e-05
Normal,SERPINE1,PLAU,lung multiciliated epithelial cell,mast cell,0.07060903310775757,0.04867101460695267,0.0034366133622825146
Normal,SERPINE1,LRP1,lung multiciliated epithelial cell,pulmonary alveolar type 2 cell,0.07060903310775757,0.04979923740029335,0.0035162759013473988
Normal,SERPINE1,PLAUR,lung multiciliated epithelial cell,pulmonary alveolar type 2 cell,0.07060903310775757,0.08510953187942505,0.006009501870721579
Normal,SERPINE1,ITGAV,lung multiciliated epithelial cell,pulmonary alveolar type 2 cell,0.07060903310775757,0.3477472960948944,0.024554099887609482
Normal,SERPINE1,ITGB3,lung multiciliated epithelial cell,pulmonary alveolar type 2 cell,0.07060903310775757,0.001568294013850391,0.00011073572386521846
Normal,SERPINE1,VTN,lung multiciliated epithelial cell,pulmonary alveolar type 2 cell,0.07060903310775757,0.001968085067346692,0.00013896457676310092
Normal,SERPINE1,PLAU,lung multiciliated epithelial cell,pulmonary alveolar type 2 cell,0.07060903310775757,0.0009738014778122306,6.875918188598007e-05
Normal,SERPINE1,LRP1,lung multiciliated epithelial cell,vein endothelial cell,0.07060903310775757,0.01389493141323328,0.000981107703410089
Normal,SERPINE1,PLAUR,lung multiciliated epithelial cell,vein endothelial cell,0.07060903310775757,0.36070504784584045,0.025469034910202026
Normal,SERPINE1,ITGAV,lung multiciliated epithelial cell,vein endothelial cell,0.07060903310775757,1.3018479347229004,0.09192222356796265
Normal,SERPINE1,ITGB3,lung multiciliated epithelial cell,vein endothelial cell,0.07060903310775757,0.14101922512054443,0.00995723158121109
Normal,SERPINE1,VTN,lung multiciliated epithelial cell,vein endothelial cell,0.07060903310775757,0.00043039844604209065,3.039001785509754e-05
Normal,SERPINE1,PLAU,lung multiciliated epithelial cell,vein endothelial cell,0.07060903310775757,0.01011657528579235,0.0007143216207623482
Normal,SERPINE1,LRP1,lung multiciliated epithelial cell,lung multiciliated epithelial cell,0.07060903310775757,0.10350595414638519,0.007308455184102058
Normal,SERPINE1,PLAUR,lung multiciliated epithelial cell,lung multiciliated epithelial cell,0.07060903310775757,0.09738852828741074,0.006876509636640549
Normal,SERPINE1,ITGAV,lung multiciliated epithelial cell,lung multiciliated epithelial cell,0.07060903310775757,0.18617400527000427,0.013145566917955875
Normal,SERPINE1,ITGB3,lung multiciliated epithelial cell,lung multiciliated epithelial cell,0.07060903310775757,0.06405186653137207,0.004522640258073807
Normal,SERPINE1,VTN,lung multiciliated epithelial cell,lung multiciliated epithelial cell,0.07060903310775757,0.005472810938954353,0.0003864298923872411
Normal,SERPINE1,PLAU,lung multiciliated epithelial cell,lung multiciliated epithelial cell,0.07060903310775757,0.02393346093595028,0.0016899185720831156
Normal,SERPINE1,LRP1,lung multiciliated epithelial cell,smooth muscle cell,0.07060903310775757,0.571965754032135,0.04038595035672188
Normal,SERPINE1,PLAUR,lung multiciliated epithelial cell,smooth muscle cell,0.07060903310775757,0.08600547164678574,0.006072763353586197
Normal,SERPINE1,ITGAV,lung multiciliated epithelial cell,smooth muscle cell,0.07060903310775757,0.44389525055885315,0.031343013048172
Normal,SERPINE1,ITGB3,lung multiciliated epithelial cell,smooth muscle cell,0.07060903310775757,0.016222920268774033,0.001145484740845859
Normal,SERPINE1,VTN,lung multiciliated epithelial cell,smooth muscle cell,0.07060903310775757,0.06872478872537613,0.004852591082453728
Normal,SERPINE1,PLAU,lung multiciliated epithelial cell,smooth muscle cell,0.07060903310775757,0.0348949059844017,0.002463895594701171
Normal,SERPINE1,LRP1,lung multiciliated epithelial cell,endothelial cell,0.07060903310775757,0.04382266476750374,0.0030942759476602077
Normal,SERPINE1,PLAUR,lung multiciliated epithelial cell,endothelial cell,0.07060903310775757,0.28734296560287476,0.02028900943696499
Normal,SERPINE1,ITGAV,lung multiciliated epithelial cell,endothelial cell,0.07060903310775757,1.3687506914138794,0.09664615988731384
Normal,SERPINE1,ITGB3,lung multiciliated epithelial cell,endothelial cell,0.07060903310775757,0.01795002818107605,0.0012674340978264809
Normal,SERPINE1,VTN,lung multiciliated epithelial cell,endothelial cell,0.07060903310775757,0.0,0.0
Normal,SERPINE1,PLAU,lung multiciliated epithelial cell,endothelial cell,0.07060903310775757,0.032519325613975525,0.0022961581125855446
Normal,SERPINE1,LRP1,lung multiciliated epithelial cell,B cell,0.07060903310775757,0.027416327968239784,0.0019358403515070677
Normal,SERPINE1,PLAUR,lung multiciliated epithelial cell,B cell,0.07060903310775757,0.011772379279136658,0.0008312363061122596
Normal,SERPINE1,ITGAV,lung multiciliated epithelial cell,B cell,0.07060903310775757,0.06915748119354248,0.004883142653852701
Normal,SERPINE1,ITGB3,lung multiciliated epithelial cell,B cell,0.07060903310775757,0.02003781497478485,0.0014148507034406066
Normal,SERPINE1,VTN,lung multiciliated epithelial cell,B cell,0.07060903310775757,0.0,0.0
Normal,SERPINE1,PLAU,lung multiciliated epithelial cell,B cell,0.07060903310775757,0.006701188627630472,0.0004731644585262984
Normal,SERPINE1,LRP1,lung multiciliated epithelial cell,pulmonary alveolar type 1 cell,0.07060903310775757,0.0587434358894825,0.004147817380726337
Normal,SERPINE1,PLAUR,lung multiciliated epithelial cell,pulmonary alveolar type 1 cell,0.07060903310775757,0.12368427217006683,0.008733226917684078
Normal,SERPINE1,ITGAV,lung multiciliated epithelial cell,pulmonary alveolar type 1 cell,0.07060903310775757,0.41951435804367065,0.02962150238454342
Normal,SERPINE1,ITGB3,lung multiciliated epithelial cell,pulmonary alveolar type 1 cell,0.07060903310775757,0.015503257513046265,0.0010946700349450111
Normal,SERPINE1,VTN,lung multiciliated epithelial cell,pulmonary alveolar type 1 cell,0.07060903310775757,0.0,0.0
Normal,SERPINE1,PLAU,lung multiciliated epithelial cell,pulmonary alveolar type 1 cell,0.07060903310775757,0.0010918190237134695,7.709228520980105e-05
Normal,SERPINE1,LRP1,lung multiciliated epithelial cell,club cell,0.07060903310775757,0.08631543815135956,0.006094649434089661
Normal,SERPINE1,PLAUR,lung multiciliated epithelial cell,club cell,0.07060903310775757,0.11950922757387161,0.008438430726528168
Normal,SERPINE1,ITGAV,lung multiciliated epithelial cell,club cell,0.07060903310775757,0.21280433237552643,0.015025908127427101
Normal,SERPINE1,ITGB3,lung multiciliated epithelial cell,club cell,0.07060903310775757,0.028953084722161293,0.0020443492103368044
Normal,SERPINE1,VTN,lung multiciliated epithelial cell,club cell,0.07060903310775757,0.0,0.0
Normal,SERPINE1,PLAU,lung multiciliated epithelial cell,club cell,0.07060903310775757,0.005933290813118219,0.00041894393507391214
Normal,SERPINE1,LRP1,lung multiciliated epithelial cell,neutrophil,0.07060903310775757,0.014111633412539959,0.0009964087512344122
Normal,SERPINE1,PLAUR,lung multiciliated epithelial cell,neutrophil,0.07060903310775757,2.2625458240509033,0.15975616872310638
Normal,SERPINE1,ITGAV,lung multiciliated epithelial cell,neutrophil,0.07060903310775757,0.037097059190273285,0.0026193875819444656
Normal,SERPINE1,ITGB3,lung multiciliated epithelial cell,neutrophil,0.07060903310775757,0.0,0.0
Normal,SERPINE1,VTN,lung multiciliated epithelial cell,neutrophil,0.07060903310775757,0.0,0.0
Normal,SERPINE1,PLAU,lung multiciliated epithelial cell,neutrophil,0.07060903310775757,0.11391173303127289,0.008043196983635426
Normal,SERPINE1,LRP1,lung multiciliated epithelial cell,plasma cell,0.07060903310775757,0.03262129798531532,0.0023033584002405405
Normal,SERPINE1,PLAUR,lung multiciliated epithelial cell,plasma cell,0.07060903310775757,0.07067731022834778,0.004990456625819206
Normal,SERPINE1,ITGAV,lung multiciliated epithelial cell,plasma cell,0.07060903310775757,0.1007995754480362,0.0071173603646457195
Normal,SERPINE1,ITGB3,lung multiciliated epithelial cell,plasma cell,0.07060903310775757,0.004957778379321098,0.00035006392863579094
Normal,SERPINE1,VTN,lung multiciliated epithelial cell,plasma cell,0.07060903310775757,0.0,0.0
Normal,SERPINE1,PLAU,lung multiciliated epithelial cell,plasma cell,0.07060903310775757,0.0011446947464719415,8.082579006440938e-05
Normal,SERPINE1,LRP1,lung multiciliated epithelial cell,leukocyte,0.07060903310775757,0.19113506376743317,0.013495862483978271
Normal,SERPINE1,PLAUR,lung multiciliated epithelial cell,leukocyte,0.07060903310775757,0.35691437125205994,0.025201378390192986
Normal,SERPINE1,ITGAV,lung multiciliated epithelial cell,leukocyte,0.07060903310775757,0.33996498584747314,0.024004599079489708
Normal,SERPINE1,ITGB3,lung multiciliated epithelial cell,leukocyte,0.07060903310775757,0.004113916307687759,0.00029047965654172003
Normal,SERPINE1,VTN,lung multiciliated epithelial cell,leukocyte,0.07060903310775757,0.005431992933154106,0.00038354776916094124
Normal,SERPINE1,PLAU,lung multiciliated epithelial cell,leukocyte,0.07060903310775757,0.0676087811589241,0.00477379048243165
Normal,SERPINE1,LRP1,lung multiciliated epithelial cell,endothelial cell of lymphatic vessel,0.07060903310775757,0.02008569985628128,0.001418231870047748
Normal,SERPINE1,PLAUR,lung multiciliated epithelial cell,endothelial cell of lymphatic vessel,0.07060903310775757,0.09317221492528915,0.006578799802809954
Normal,SERPINE1,ITGAV,lung multiciliated epithelial cell,endothelial cell of lymphatic vessel,0.07060903310775757,0.6201860308647156,0.04379073530435562
Normal,SERPINE1,ITGB3,lung multiciliated epithelial cell,endothelial cell of lymphatic vessel,0.07060903310775757,0.03770211338996887,0.002662109676748514
Normal,SERPINE1,VTN,lung multiciliated epithelial cell,endothelial cell of lymphatic vessel,0.07060903310775757,0.005374448373913765,0.0003794846124947071
Normal,SERPINE1,PLAU,lung multiciliated epithelial cell,endothelial cell of lymphatic vessel,0.07060903310775757,0.008077932521700859,0.0005703750066459179
Normal,SERPINE1,LRP1,smooth muscle cell,"CD4-positive, alpha-beta T cell",0.3677586019039154,0.014970630407333374,0.005505578126758337
Normal,SERPINE1,PLAUR,smooth muscle cell,"CD4-positive, alpha-beta T cell",0.3677586019039154,0.06878918409347534,0.02529781498014927
Normal,SERPINE1,ITGAV,smooth muscle cell,"CD4-positive, alpha-beta T cell",0.3677586019039154,0.1432809829711914,0.05269281566143036
Normal,SERPINE1,ITGB3,smooth muscle cell,"CD4-positive, alpha-beta T cell",0.3677586019039154,0.0004901275970041752,0.00018024863675236702
Normal,SERPINE1,VTN,smooth muscle cell,"CD4-positive, alpha-beta T cell",0.3677586019039154,0.0007507849368266761,0.00027610763208940625
Normal,SERPINE1,PLAU,smooth muscle cell,"CD4-positive, alpha-beta T cell",0.3677586019039154,0.002736940048635006,0.0010065332753583789
Normal,SERPINE1,LRP1,smooth muscle cell,natural killer cell,0.3677586019039154,0.015207733027637005,0.005592774599790573
Normal,SERPINE1,PLAUR,smooth muscle cell,natural killer cell,0.3677586019039154,0.03888087719678879,0.014298777095973492
Normal,SERPINE1,ITGAV,smooth muscle cell,natural killer cell,0.3677586019039154,0.12946993112564087,0.047613680362701416
Normal,SERPINE1,ITGB3,smooth muscle cell,natural killer cell,0.3677586019039154,0.0020600573625415564,0.0007576037896797061
Normal,SERPINE1,VTN,smooth muscle cell,natural killer cell,0.3677586019039154,0.00036771950544789433,0.00013523201050702482
Normal,SERPINE1,PLAU,smooth muscle cell,natural killer cell,0.3677586019039154,0.002590348245576024,0.0009526228532195091
Normal,SERPINE1,LRP1,smooth muscle cell,capillary endothelial cell,0.3677586019039154,0.04081709682941437,0.015010838396847248
Normal,SERPINE1,PLAUR,smooth muscle cell,capillary endothelial cell,0.3677586019039154,0.15086756646633148,0.05548284575343132
Normal,SERPINE1,ITGAV,smooth muscle cell,capillary endothelial cell,0.3677586019039154,1.0649206638336182,0.3916337490081787
Normal,SERPINE1,ITGB3,smooth muscle cell,capillary endothelial cell,0.3677586019039154,0.005221290048211813,0.001920174341648817
Normal,SERPINE1,VTN,smooth muscle cell,capillary endothelial cell,0.3677586019039154,0.0013286990579217672,0.0004886405076831579
Normal,SERPINE1,PLAU,smooth muscle cell,capillary endothelial cell,0.3677586019039154,0.10289759933948517,0.03784147650003433
Normal,SERPINE1,LRP1,smooth muscle cell,macrophage,0.3677586019039154,1.0355989933013916,0.3808504343032837
Normal,SERPINE1,PLAUR,smooth muscle cell,macrophage,0.3677586019039154,1.4066904783248901,0.5173225402832031
Normal,SERPINE1,ITGAV,smooth muscle cell,macrophage,0.3677586019039154,0.4482908248901367,0.16486281156539917
Normal,SERPINE1,ITGB3,smooth muscle cell,macrophage,0.3677586019039154,0.001214474905282259,0.0004466335813049227
Normal,SERPINE1,VTN,smooth muscle cell,macrophage,0.3677586019039154,0.02266676351428032,0.008335897698998451
Normal,SERPINE1,PLAU,smooth muscle cell,macrophage,0.3677586019039154,0.10081015527248383,0.03707380220293999
Normal,SERPINE1,LRP1,smooth muscle cell,"CD8-positive, alpha-beta T cell",0.3677586019039154,0.018964122980833054,0.006974219344556332
Normal,SERPINE1,PLAUR,smooth muscle cell,"CD8-positive, alpha-beta T cell",0.3677586019039154,0.05417943745851517,0.01992495357990265
Normal,SERPINE1,ITGAV,smooth muscle cell,"CD8-positive, alpha-beta T cell",0.3677586019039154,0.1800706833600998,0.06622254103422165
Normal,SERPINE1,ITGB3,smooth muscle cell,"CD8-positive, alpha-beta T cell",0.3677586019039154,0.0023529811296612024,0.0008653290569782257
Normal,SERPINE1,VTN,smooth muscle cell,"CD8-positive, alpha-beta T cell",0.3677586019039154,0.0,0.0
Normal,SERPINE1,PLAU,smooth muscle cell,"CD8-positive, alpha-beta T cell",0.3677586019039154,0.0027266780380159616,0.0010027593234553933
Normal,SERPINE1,LRP1,smooth muscle cell,monocyte,0.3677586019039154,0.5015445351600647,0.18444731831550598
Normal,SERPINE1,PLAUR,smooth muscle cell,monocyte,0.3677586019039154,1.9285908937454224,0.7092558741569519
Normal,SERPINE1,ITGAV,smooth muscle cell,monocyte,0.3677586019039154,0.22583134472370148,0.0830514207482338
Normal,SERPINE1,ITGB3,smooth muscle cell,monocyte,0.3677586019039154,0.0019068242982029915,0.0007012510322965682
Normal,SERPINE1,VTN,smooth muscle cell,monocyte,0.3677586019039154,0.0002542365400586277,9.349767788080499e-05
Normal,SERPINE1,PLAU,smooth muscle cell,monocyte,0.3677586019039154,0.021660732105374336,0.007965920493006706
Normal,SERPINE1,LRP1,smooth muscle cell,fibroblast,0.3677586019039154,1.1042487621307373,0.4060969948768616
Normal,SERPINE1,PLAUR,smooth muscle cell,fibroblast,0.3677586019039154,0.3658265173435211,0.13453584909439087
Normal,SERPINE1,ITGAV,smooth muscle cell,fibroblast,0.3677586019039154,0.48545774817466736,0.17853125929832458
Normal,SERPINE1,ITGB3,smooth muscle cell,fibroblast,0.3677586019039154,0.016091804951429367,0.005917899776250124
Normal,SERPINE1,VTN,smooth muscle cell,fibroblast,0.3677586019039154,0.007628223858773708,0.002805344993248582
Normal,SERPINE1,PLAU,smooth muscle cell,fibroblast,0.3677586019039154,0.0512564443051815,0.018849998712539673
Normal,SERPINE1,LRP1,smooth muscle cell,conventional dendritic cell,0.3677586019039154,0.6445091366767883,0.23702378571033478
Normal,SERPINE1,PLAUR,smooth muscle cell,conventional dendritic cell,0.3677586019039154,1.2957876920700073,0.4765370786190033
Normal,SERPINE1,ITGAV,smooth muscle cell,conventional dendritic cell,0.3677586019039154,0.5384222269058228,0.1980094015598297
Normal,SERPINE1,ITGB3,smooth muscle cell,conventional dendritic cell,0.3677586019039154,0.0274202860891819,0.010084046050906181
Normal,SERPINE1,VTN,smooth muscle cell,conventional dendritic cell,0.3677586019039154,0.006924258079379797,0.002546455478295684
Normal,SERPINE1,PLAU,smooth muscle cell,conventional dendritic cell,0.3677586019039154,0.3481919765472412,0.12805059552192688
Normal,SERPINE1,LRP1,smooth muscle cell,mast cell,0.3677586019039154,0.014076117426156998,0.0051766131073236465
Normal,SERPINE1,PLAUR,smooth muscle cell,mast cell,0.3677586019039154,0.6777046322822571,0.2492317110300064
Normal,SERPINE1,ITGAV,smooth muscle cell,mast cell,0.3677586019039154,0.3965514004230499,0.14583519101142883
Normal,SERPINE1,ITGB3,smooth muscle cell,mast cell,0.3677586019039154,0.034890614449977875,0.012831323780119419
Normal,SERPINE1,VTN,smooth muscle cell,mast cell,0.3677586019039154,0.0005058146198280156,0.00018601767078507692
Normal,SERPINE1,PLAU,smooth muscle cell,mast cell,0.3677586019039154,0.04867101460695267,0.017899183556437492
Normal,SERPINE1,LRP1,smooth muscle cell,pulmonary alveolar type 2 cell,0.3677586019039154,0.04979923740029335,0.018314097076654434
Normal,SERPINE1,PLAUR,smooth muscle cell,pulmonary alveolar type 2 cell,0.3677586019039154,0.08510953187942505,0.031299762427806854
Normal,SERPINE1,ITGAV,smooth muscle cell,pulmonary alveolar type 2 cell,0.3677586019039154,0.3477472960948944,0.1278870552778244
Normal,SERPINE1,ITGB3,smooth muscle cell,pulmonary alveolar type 2 cell,0.3677586019039154,0.001568294013850391,0.0005767536349594593
Normal,SERPINE1,VTN,smooth muscle cell,pulmonary alveolar type 2 cell,0.3677586019039154,0.001968085067346692,0.0007237801910378039
Normal,SERPINE1,PLAU,smooth muscle cell,pulmonary alveolar type 2 cell,0.3677586019039154,0.0009738014778122306,0.0003581238561309874
Normal,SERPINE1,LRP1,smooth muscle cell,vein endothelial cell,0.3677586019039154,0.01389493141323328,0.0051099807024002075
Normal,SERPINE1,PLAUR,smooth muscle cell,vein endothelial cell,0.3677586019039154,0.36070504784584045,0.1326523870229721
Normal,SERPINE1,ITGAV,smooth muscle cell,vein endothelial cell,0.3677586019039154,1.3018479347229004,0.4787657856941223
Normal,SERPINE1,ITGB3,smooth muscle cell,vein endothelial cell,0.3677586019039154,0.14101922512054443,0.05186103284358978
Normal,SERPINE1,VTN,smooth muscle cell,vein endothelial cell,0.3677586019039154,0.00043039844604209065,0.00015828272444196045
Normal,SERPINE1,PLAU,smooth muscle cell,vein endothelial cell,0.3677586019039154,0.01011657528579235,0.0037204576656222343
Normal,SERPINE1,LRP1,smooth muscle cell,lung multiciliated epithelial cell,0.3677586019039154,0.10350595414638519,0.03806520625948906
Normal,SERPINE1,PLAUR,smooth muscle cell,lung multiciliated epithelial cell,0.3677586019039154,0.09738852828741074,0.03581546992063522
Normal,SERPINE1,ITGAV,smooth muscle cell,lung multiciliated epithelial cell,0.3677586019039154,0.18617400527000427,0.06846709549427032
Normal,SERPINE1,ITGB3,smooth muscle cell,lung multiciliated epithelial cell,0.3677586019039154,0.06405186653137207,0.02355562523007393
Normal,SERPINE1,VTN,smooth muscle cell,lung multiciliated epithelial cell,0.3677586019039154,0.005472810938954353,0.0020126732997596264
Normal,SERPINE1,PLAU,smooth muscle cell,lung multiciliated epithelial cell,0.3677586019039154,0.02393346093595028,0.008801735937595367
Normal,SERPINE1,LRP1,smooth muscle cell,smooth muscle cell,0.3677586019039154,0.571965754032135,0.2103453278541565
Normal,SERPINE1,PLAUR,smooth muscle cell,smooth muscle cell,0.3677586019039154,0.08600547164678574,0.031629253178834915
Normal,SERPINE1,ITGAV,smooth muscle cell,smooth muscle cell,0.3677586019039154,0.44389525055885315,0.1632463037967682
Normal,SERPINE1,ITGB3,smooth muscle cell,smooth muscle cell,0.3677586019039154,0.016222920268774033,0.005966118536889553
Normal,SERPINE1,VTN,smooth muscle cell,smooth muscle cell,0.3677586019039154,0.06872478872537613,0.025274131447076797
Normal,SERPINE1,PLAU,smooth muscle cell,smooth muscle cell,0.3677586019039154,0.0348949059844017,0.012832901440560818
Normal,SERPINE1,LRP1,smooth muscle cell,endothelial cell,0.3677586019039154,0.04382266476750374,0.01611616276204586
Normal,SERPINE1,PLAUR,smooth muscle cell,endothelial cell,0.3677586019039154,0.28734296560287476,0.10567284375429153
Normal,SERPINE1,ITGAV,smooth muscle cell,endothelial cell,0.3677586019039154,1.3687506914138794,0.5033698678016663
Normal,SERPINE1,ITGB3,smooth muscle cell,endothelial cell,0.3677586019039154,0.01795002818107605,0.006601277273148298
Normal,SERPINE1,VTN,smooth muscle cell,endothelial cell,0.3677586019039154,0.0,0.0
Normal,SERPINE1,PLAU,smooth muscle cell,endothelial cell,0.3677586019039154,0.032519325613975525,0.011959261260926723
Normal,SERPINE1,LRP1,smooth muscle cell,B cell,0.3677586019039154,0.027416327968239784,0.010082590393722057
Normal,SERPINE1,PLAUR,smooth muscle cell,B cell,0.3677586019039154,0.011772379279136658,0.004329393617808819
Normal,SERPINE1,ITGAV,smooth muscle cell,B cell,0.3677586019039154,0.06915748119354248,0.025433259084820747
Normal,SERPINE1,ITGB3,smooth muscle cell,B cell,0.3677586019039154,0.02003781497478485,0.007369078695774078
Normal,SERPINE1,VTN,smooth muscle cell,B cell,0.3677586019039154,0.0,0.0
Normal,SERPINE1,PLAU,smooth muscle cell,B cell,0.3677586019039154,0.006701188627630472,0.0024644196964800358
Normal,SERPINE1,LRP1,smooth muscle cell,pulmonary alveolar type 1 cell,0.3677586019039154,0.0587434358894825,0.021603403612971306
Normal,SERPINE1,PLAUR,smooth muscle cell,pulmonary alveolar type 1 cell,0.3677586019039154,0.12368427217006683,0.045485954731702805
Normal,SERPINE1,ITGAV,smooth muscle cell,pulmonary alveolar type 1 cell,0.3677586019039154,0.41951435804367065,0.15428000688552856
Normal,SERPINE1,ITGB3,smooth muscle cell,pulmonary alveolar type 1 cell,0.3677586019039154,0.015503257513046265,0.005701456218957901
Normal,SERPINE1,VTN,smooth muscle cell,pulmonary alveolar type 1 cell,0.3677586019039154,0.0,0.0
Normal,SERPINE1,PLAU,smooth muscle cell,pulmonary alveolar type 1 cell,0.3677586019039154,0.0010918190237134695,0.0004015258455183357
Normal,SERPINE1,LRP1,smooth muscle cell,club cell,0.3677586019039154,0.08631543815135956,0.03174324333667755
Normal,SERPINE1,PLAUR,smooth muscle cell,club cell,0.3677586019039154,0.11950922757387161,0.04395054653286934
Normal,SERPINE1,ITGAV,smooth muscle cell,club cell,0.3677586019039154,0.21280433237552643,0.0782606229186058
Normal,SERPINE1,ITGB3,smooth muscle cell,club cell,0.3677586019039154,0.028953084722161293,0.010647745802998543
Normal,SERPINE1,VTN,smooth muscle cell,club cell,0.3677586019039154,0.0,0.0
Normal,SERPINE1,PLAU,smooth muscle cell,club cell,0.3677586019039154,0.005933290813118219,0.0021820187103003263
Normal,SERPINE1,LRP1,smooth muscle cell,neutrophil,0.3677586019039154,0.014111633412539959,0.005189674440771341
Normal,SERPINE1,PLAUR,smooth muscle cell,neutrophil,0.3677586019039154,2.2625458240509033,0.8320707082748413
Normal,SERPINE1,ITGAV,smooth muscle cell,neutrophil,0.3677586019039154,0.037097059190273285,0.013642762787640095
Normal,SERPINE1,ITGB3,smooth muscle cell,neutrophil,0.3677586019039154,0.0,0.0
Normal,SERPINE1,VTN,smooth muscle cell,neutrophil,0.3677586019039154,0.0,0.0
Normal,SERPINE1,PLAU,smooth muscle cell,neutrophil,0.3677586019039154,0.11391173303127289,0.04189201816916466
Normal,SERPINE1,LRP1,smooth muscle cell,plasma cell,0.3677586019039154,0.03262129798531532,0.011996762827038765
Normal,SERPINE1,PLAUR,smooth muscle cell,plasma cell,0.3677586019039154,0.07067731022834778,0.02599218860268593
Normal,SERPINE1,ITGAV,smooth muscle cell,plasma cell,0.3677586019039154,0.1007995754480362,0.037069909274578094
Normal,SERPINE1,ITGB3,smooth muscle cell,plasma cell,0.3677586019039154,0.004957778379321098,0.0018232656875625253
Normal,SERPINE1,VTN,smooth muscle cell,plasma cell,0.3677586019039154,0.0,0.0
Normal,SERPINE1,PLAU,smooth muscle cell,plasma cell,0.3677586019039154,0.0011446947464719415,0.00042097133700735867
Normal,SERPINE1,LRP1,smooth muscle cell,leukocyte,0.3677586019039154,0.19113506376743317,0.07029156386852264
Normal,SERPINE1,PLAUR,smooth muscle cell,leukocyte,0.3677586019039154,0.35691437125205994,0.13125832378864288
Normal,SERPINE1,ITGAV,smooth muscle cell,leukocyte,0.3677586019039154,0.33996498584747314,0.12502504885196686
Normal,SERPINE1,ITGB3,smooth muscle cell,leukocyte,0.3677586019039154,0.004113916307687759,0.0015129281673580408
Normal,SERPINE1,VTN,smooth muscle cell,leukocyte,0.3677586019039154,0.005431992933154106,0.001997662242501974
Normal,SERPINE1,PLAU,smooth muscle cell,leukocyte,0.3677586019039154,0.0676087811589241,0.0248637106269598
Normal,SERPINE1,LRP1,smooth muscle cell,endothelial cell of lymphatic vessel,0.3677586019039154,0.02008569985628128,0.0073866890743374825
Normal,SERPINE1,PLAUR,smooth muscle cell,endothelial cell of lymphatic vessel,0.3677586019039154,0.09317221492528915,0.034264884889125824
Normal,SERPINE1,ITGAV,smooth muscle cell,endothelial cell of lymphatic vessel,0.3677586019039154,0.6201860308647156,0.22807875275611877
Normal,SERPINE1,ITGB3,smooth muscle cell,endothelial cell of lymphatic vessel,0.3677586019039154,0.03770211338996887,0.013865276239812374
Normal,SERPINE1,VTN,smooth muscle cell,endothelial cell of lymphatic vessel,0.3677586019039154,0.005374448373913765,0.001976499566808343
Normal,SERPINE1,PLAU,smooth muscle cell,endothelial cell of lymphatic vessel,0.3677586019039154,0.008077932521700859,0.0029707292560487986
Normal,SERPINE1,LRP1,endothelial cell,"CD4-positive, alpha-beta T cell",0.5645315647125244,0.014970630407333374,0.00845139380544424
Normal,SERPINE1,PLAUR,endothelial cell,"CD4-positive, alpha-beta T cell",0.5645315647125244,0.06878918409347534,0.03883366659283638
Normal,SERPINE1,ITGAV,endothelial cell,"CD4-positive, alpha-beta T cell",0.5645315647125244,0.1432809829711914,0.08088663965463638
Normal,SERPINE1,ITGB3,endothelial cell,"CD4-positive, alpha-beta T cell",0.5645315647125244,0.0004901275970041752,0.00027669250266626477
Normal,SERPINE1,VTN,endothelial cell,"CD4-positive, alpha-beta T cell",0.5645315647125244,0.0007507849368266761,0.0004238417895976454
Normal,SERPINE1,PLAU,endothelial cell,"CD4-positive, alpha-beta T cell",0.5645315647125244,0.002736940048635006,0.0015450890641659498
Normal,SERPINE1,LRP1,endothelial cell,natural killer cell,0.5645315647125244,0.015207733027637005,0.008585245348513126
Normal,SERPINE1,PLAUR,endothelial cell,natural killer cell,0.5645315647125244,0.03888087719678879,0.021949483081698418
Normal,SERPINE1,ITGAV,endothelial cell,natural killer cell,0.5645315647125244,0.12946993112564087,0.07308986037969589
Normal,SERPINE1,ITGB3,endothelial cell,natural killer cell,0.5645315647125244,0.0020600573625415564,0.001162967411801219
Normal,SERPINE1,VTN,endothelial cell,natural killer cell,0.5645315647125244,0.00036771950544789433,0.00020758926984854043
Normal,SERPINE1,PLAU,endothelial cell,natural killer cell,0.5645315647125244,0.002590348245576024,0.001462333370000124
Normal,SERPINE1,LRP1,endothelial cell,capillary endothelial cell,0.5645315647125244,0.04081709682941437,0.02304253913462162
Normal,SERPINE1,PLAUR,endothelial cell,capillary endothelial cell,0.5645315647125244,0.15086756646633148,0.08516950160264969
Normal,SERPINE1,ITGAV,endothelial cell,capillary endothelial cell,0.5645315647125244,1.0649206638336182,0.6011813282966614
Normal,SERPINE1,ITGB3,endothelial cell,capillary endothelial cell,0.5645315647125244,0.005221290048211813,0.00294758309610188
Normal,SERPINE1,VTN,endothelial cell,capillary endothelial cell,0.5645315647125244,0.0013286990579217672,0.0007500925567001104
Normal,SERPINE1,PLAU,endothelial cell,capillary endothelial cell,0.5645315647125244,0.10289759933948517,0.05808894336223602
Normal,SERPINE1,LRP1,endothelial cell,macrophage,0.5645315647125244,1.0355989933013916,0.5846283435821533
Normal,SERPINE1,PLAUR,endothelial cell,macrophage,0.5645315647125244,1.4066904783248901,0.7941212058067322
Normal,SERPINE1,ITGAV,endothelial cell,macrophage,0.5645315647125244,0.4482908248901367,0.2530743181705475
Normal,SERPINE1,ITGB3,endothelial cell,macrophage,0.5645315647125244,0.001214474905282259,0.0006856094114482403
Normal,SERPINE1,VTN,endothelial cell,macrophage,0.5645315647125244,0.02266676351428032,0.012796103022992611
Normal,SERPINE1,PLAU,endothelial cell,macrophage,0.5645315647125244,0.10081015527248383,0.05691051483154297
Normal,SERPINE1,LRP1,endothelial cell,"CD8-positive, alpha-beta T cell",0.5645315647125244,0.018964122980833054,0.01070584636181593
Normal,SERPINE1,PLAUR,endothelial cell,"CD8-positive, alpha-beta T cell",0.5645315647125244,0.05417943745851517,0.030586002394557
Normal,SERPINE1,ITGAV,endothelial cell,"CD8-positive, alpha-beta T cell",0.5645315647125244,0.1800706833600998,0.10165558755397797
Normal,SERPINE1,ITGB3,endothelial cell,"CD8-positive, alpha-beta T cell",0.5645315647125244,0.0023529811296612024,0.0013283321168273687
Normal,SERPINE1,VTN,endothelial cell,"CD8-positive, alpha-beta T cell",0.5645315647125244,0.0,0.0
Normal,SERPINE1,PLAU,endothelial cell,"CD8-positive, alpha-beta T cell",0.5645315647125244,0.0027266780380159616,0.0015392957720905542
Normal,SERPINE1,LRP1,endothelial cell,monocyte,0.5645315647125244,0.5015445351600647,0.283137708902359
Normal,SERPINE1,PLAUR,endothelial cell,monocyte,0.5645315647125244,1.9285908937454224,1.0887504816055298
Normal,SERPINE1,ITGAV,endothelial cell,monocyte,0.5645315647125244,0.22583134472370148,0.12748892605304718
Normal,SERPINE1,ITGB3,endothelial cell,monocyte,0.5645315647125244,0.0019068242982029915,0.0010764625621959567
Normal,SERPINE1,VTN,endothelial cell,monocyte,0.5645315647125244,0.0002542365400586277,0.00014352455036714673
Normal,SERPINE1,PLAU,endothelial cell,monocyte,0.5645315647125244,0.021660732105374336,0.012228166684508324
Normal,SERPINE1,LRP1,endothelial cell,fibroblast,0.5645315647125244,1.1042487621307373,0.6233832836151123
Normal,SERPINE1,PLAUR,endothelial cell,fibroblast,0.5645315647125244,0.3658265173435211,0.20652061700820923
Normal,SERPINE1,ITGAV,endothelial cell,fibroblast,0.5645315647125244,0.48545774817466736,0.27405622601509094
Normal,SERPINE1,ITGB3,endothelial cell,fibroblast,0.5645315647125244,0.016091804951429367,0.009084331803023815
Normal,SERPINE1,VTN,endothelial cell,fibroblast,0.5645315647125244,0.007628223858773708,0.004306373186409473
Normal,SERPINE1,PLAU,endothelial cell,fibroblast,0.5645315647125244,0.0512564443051815,0.028935881331562996
Normal,SERPINE1,LRP1,endothelial cell,conventional dendritic cell,0.5645315647125244,0.6445091366767883,0.3638457655906677
Normal,SERPINE1,PLAUR,endothelial cell,conventional dendritic cell,0.5645315647125244,1.2957876920700073,0.7315130829811096
Normal,SERPINE1,ITGAV,endothelial cell,conventional dendritic cell,0.5645315647125244,0.5384222269058228,0.3039563298225403
Normal,SERPINE1,ITGB3,endothelial cell,conventional dendritic cell,0.5645315647125244,0.0274202860891819,0.015479616820812225
Normal,SERPINE1,VTN,endothelial cell,conventional dendritic cell,0.5645315647125244,0.006924258079379797,0.003908962476998568
Normal,SERPINE1,PLAU,endothelial cell,conventional dendritic cell,0.5645315647125244,0.3481919765472412,0.19656535983085632
Normal,SERPINE1,LRP1,endothelial cell,mast cell,0.5645315647125244,0.014076117426156998,0.00794641301035881
Normal,SERPINE1,PLAUR,endothelial cell,mast cell,0.5645315647125244,0.6777046322822571,0.38258564472198486
Normal,SERPINE1,ITGAV,endothelial cell,mast cell,0.5645315647125244,0.3965514004230499,0.22386577725410461
Normal,SERPINE1,ITGB3,endothelial cell,mast cell,0.5645315647125244,0.034890614449977875,0.019696854054927826
Normal,SERPINE1,VTN,endothelial cell,mast cell,0.5645315647125244,0.0005058146198280156,0.00028554833261296153
Normal,SERPINE1,PLAU,endothelial cell,mast cell,0.5645315647125244,0.04867101460695267,0.027476323768496513
Normal,SERPINE1,LRP1,endothelial cell,pulmonary alveolar type 2 cell,0.5645315647125244,0.04979923740029335,0.028113242238759995
Normal,SERPINE1,PLAUR,endothelial cell,pulmonary alveolar type 2 cell,0.5645315647125244,0.08510953187942505,0.0480470173060894
Normal,SERPINE1,ITGAV,endothelial cell,pulmonary alveolar type 2 cell,0.5645315647125244,0.3477472960948944,0.19631431996822357
Normal,SERPINE1,ITGB3,endothelial cell,pulmonary alveolar type 2 cell,0.5645315647125244,0.001568294013850391,0.000885351444594562
Normal,SERPINE1,VTN,endothelial cell,pulmonary alveolar type 2 cell,0.5645315647125244,0.001968085067346692,0.001111046178266406
Normal,SERPINE1,PLAU,endothelial cell,pulmonary alveolar type 2 cell,0.5645315647125244,0.0009738014778122306,0.0005497416714206338
Normal,SERPINE1,LRP1,endothelial cell,vein endothelial cell,0.5645315647125244,0.01389493141323328,0.007844127714633942
Normal,SERPINE1,PLAUR,endothelial cell,vein endothelial cell,0.5645315647125244,0.36070504784584045,0.20362938940525055
Normal,SERPINE1,ITGAV,endothelial cell,vein endothelial cell,0.5645315647125244,1.3018479347229004,0.7349342703819275
Normal,SERPINE1,ITGB3,endothelial cell,vein endothelial cell,0.5645315647125244,0.14101922512054443,0.07960980385541916
Normal,SERPINE1,VTN,endothelial cell,vein endothelial cell,0.5645315647125244,0.00043039844604209065,0.00024297350319102407
Normal,SERPINE1,PLAU,endothelial cell,vein endothelial cell,0.5645315647125244,0.01011657528579235,0.0057111261412501335
Normal,SERPINE1,LRP1,endothelial cell,lung multiciliated epithelial cell,0.5645315647125244,0.10350595414638519,0.05843237787485123
Normal,SERPINE1,PLAUR,endothelial cell,lung multiciliated epithelial cell,0.5645315647125244,0.09738852828741074,0.05497889965772629
Normal,SERPINE1,ITGAV,endothelial cell,lung multiciliated epithelial cell,0.5645315647125244,0.18617400527000427,0.1051011011004448
Normal,SERPINE1,ITGB3,endothelial cell,lung multiciliated epithelial cell,0.5645315647125244,0.06405186653137207,0.036159299314022064
Normal,SERPINE1,VTN,endothelial cell,lung multiciliated epithelial cell,0.5645315647125244,0.005472810938954353,0.003089574631303549
Normal,SERPINE1,PLAU,endothelial cell,lung multiciliated epithelial cell,0.5645315647125244,0.02393346093595028,0.013511193916201591
Normal,SERPINE1,LRP1,endothelial cell,smooth muscle cell,0.5645315647125244,0.571965754032135,0.3228927254676819
Normal,SERPINE1,PLAUR,endothelial cell,smooth muscle cell,0.5645315647125244,0.08600547164678574,0.048552803695201874
Normal,SERPINE1,ITGAV,endothelial cell,smooth muscle cell,0.5645315647125244,0.44389525055885315,0.2505928874015808
Normal,SERPINE1,ITGB3,endothelial cell,smooth muscle cell,0.5645315647125244,0.016222920268774033,0.00915835052728653
Normal,SERPINE1,VTN,endothelial cell,smooth muscle cell,0.5645315647125244,0.06872478872537613,0.03879731148481369
Normal,SERPINE1,PLAU,endothelial cell,smooth muscle cell,0.5645315647125244,0.0348949059844017,0.019699275493621826
Normal,SERPINE1,LRP1,endothelial cell,endothelial cell,0.5645315647125244,0.04382266476750374,0.024739276617765427
Normal,SERPINE1,PLAUR,endothelial cell,endothelial cell,0.5645315647125244,0.28734296560287476,0.16221417486667633
Normal,SERPINE1,ITGAV,endothelial cell,endothelial cell,0.5645315647125244,1.3687506914138794,0.7727029919624329
Normal,SERPINE1,ITGB3,endothelial cell,endothelial cell,0.5645315647125244,0.01795002818107605,0.010133357718586922
Normal,SERPINE1,VTN,endothelial cell,endothelial cell,0.5645315647125244,0.0,0.0
Normal,SERPINE1,PLAU,endothelial cell,endothelial cell,0.5645315647125244,0.032519325613975525,0.01835818588733673
Normal,SERPINE1,LRP1,endothelial cell,B cell,0.5645315647125244,0.027416327968239784,0.015477382577955723
Normal,SERPINE1,PLAUR,endothelial cell,B cell,0.5645315647125244,0.011772379279136658,0.0066458797082304955
Normal,SERPINE1,ITGAV,endothelial cell,B cell,0.5645315647125244,0.06915748119354248,0.039041582494974136
Normal,SERPINE1,ITGB3,endothelial cell,B cell,0.5645315647125244,0.02003781497478485,0.011311979033052921
Normal,SERPINE1,VTN,endothelial cell,B cell,0.5645315647125244,0.0,0.0
Normal,SERPINE1,PLAU,endothelial cell,B cell,0.5645315647125244,0.006701188627630472,0.0037830325309187174
Normal,SERPINE1,LRP1,endothelial cell,pulmonary alveolar type 1 cell,0.5645315647125244,0.0587434358894825,0.033162523061037064
Normal,SERPINE1,PLAUR,endothelial cell,pulmonary alveolar type 1 cell,0.5645315647125244,0.12368427217006683,0.06982367485761642
Normal,SERPINE1,ITGAV,endothelial cell,pulmonary alveolar type 1 cell,0.5645315647125244,0.41951435804367065,0.23682910203933716
Normal,SERPINE1,ITGB3,endothelial cell,pulmonary alveolar type 1 cell,0.5645315647125244,0.015503257513046265,0.00875207781791687
Normal,SERPINE1,VTN,endothelial cell,pulmonary alveolar type 1 cell,0.5645315647125244,0.0,0.0
Normal,SERPINE1,PLAU,endothelial cell,pulmonary alveolar type 1 cell,0.5645315647125244,0.0010918190237134695,0.0006163662765175104
Normal,SERPINE1,LRP1,endothelial cell,club cell,0.5645315647125244,0.08631543815135956,0.04872778803110123
Normal,SERPINE1,PLAUR,endothelial cell,club cell,0.5645315647125244,0.11950922757387161,0.06746672838926315
Normal,SERPINE1,ITGAV,endothelial cell,club cell,0.5645315647125244,0.21280433237552643,0.12013476341962814
Normal,SERPINE1,ITGB3,endothelial cell,club cell,0.5645315647125244,0.028953084722161293,0.016344930976629257
Normal,SERPINE1,VTN,endothelial cell,club cell,0.5645315647125244,0.0,0.0
Normal,SERPINE1,PLAU,endothelial cell,club cell,0.5645315647125244,0.005933290813118219,0.0033495300449430943
Normal,SERPINE1,LRP1,endothelial cell,neutrophil,0.5645315647125244,0.014111633412539959,0.007966462522745132
Normal,SERPINE1,PLAUR,endothelial cell,neutrophil,0.5645315647125244,2.2625458240509033,1.2772785425186157
Normal,SERPINE1,ITGAV,endothelial cell,neutrophil,0.5645315647125244,0.037097059190273285,0.020942460745573044
Normal,SERPINE1,ITGB3,endothelial cell,neutrophil,0.5645315647125244,0.0,0.0
Normal,SERPINE1,VTN,endothelial cell,neutrophil,0.5645315647125244,0.0,0.0
Normal,SERPINE1,PLAU,endothelial cell,neutrophil,0.5645315647125244,0.11391173303127289,0.06430676579475403
Normal,SERPINE1,LRP1,endothelial cell,plasma cell,0.5645315647125244,0.03262129798531532,0.018415752798318863
Normal,SERPINE1,PLAUR,endothelial cell,plasma cell,0.5645315647125244,0.07067731022834778,0.03989957273006439
Normal,SERPINE1,ITGAV,endothelial cell,plasma cell,0.5645315647125244,0.1007995754480362,0.056904543191194534
Normal,SERPINE1,ITGB3,endothelial cell,plasma cell,0.5645315647125244,0.004957778379321098,0.0027988224755972624
Normal,SERPINE1,VTN,endothelial cell,plasma cell,0.5645315647125244,0.0,0.0
Normal,SERPINE1,PLAU,endothelial cell,plasma cell,0.5645315647125244,0.0011446947464719415,0.0006462163291871548
Normal,SERPINE1,LRP1,endothelial cell,leukocyte,0.5645315647125244,0.19113506376743317,0.10790177434682846
Normal,SERPINE1,PLAUR,endothelial cell,leukocyte,0.5645315647125244,0.35691437125205994,0.2014894336462021
Normal,SERPINE1,ITGAV,endothelial cell,leukocyte,0.5645315647125244,0.33996498584747314,0.19192096590995789
Normal,SERPINE1,ITGB3,endothelial cell,leukocyte,0.5645315647125244,0.004113916307687759,0.002322435611858964
Normal,SERPINE1,VTN,endothelial cell,leukocyte,0.5645315647125244,0.005431992933154106,0.0030665313825011253
Normal,SERPINE1,PLAU,endothelial cell,leukocyte,0.5645315647125244,0.0676087811589241,0.03816729038953781
Normal,SERPINE1,LRP1,endothelial cell,endothelial cell of lymphatic vessel,0.5645315647125244,0.02008569985628128,0.01133901160210371
Normal,SERPINE1,PLAUR,endothelial cell,endothelial cell of lymphatic vessel,0.5645315647125244,0.09317221492528915,0.052598655223846436
Normal,SERPINE1,ITGAV,endothelial cell,endothelial cell of lymphatic vessel,0.5645315647125244,0.6201860308647156,0.3501145839691162
Normal,SERPINE1,ITGB3,endothelial cell,endothelial cell of lymphatic vessel,0.5645315647125244,0.03770211338996887,0.021284032613039017
Normal,SERPINE1,VTN,endothelial cell,endothelial cell of lymphatic vessel,0.5645315647125244,0.005374448373913765,0.003034045686945319
Normal,SERPINE1,PLAU,endothelial cell,endothelial cell of lymphatic vessel,0.5645315647125244,0.008077932521700859,0.004560247994959354
Normal,SERPINE1,LRP1,B cell,"CD4-positive, alpha-beta T cell",0.0437939390540123,0.014970630407333374,0.0006556228618137538
Normal,SERPINE1,PLAUR,B cell,"CD4-positive, alpha-beta T cell",0.0437939390540123,0.06878918409347534,0.003012549364939332
Normal,SERPINE1,ITGAV,B cell,"CD4-positive, alpha-beta T cell",0.0437939390540123,0.1432809829711914,0.006274838466197252
Normal,SERPINE1,ITGB3,B cell,"CD4-positive, alpha-beta T cell",0.0437939390540123,0.0004901275970041752,2.1464618839672767e-05
Normal,SERPINE1,VTN,B cell,"CD4-positive, alpha-beta T cell",0.0437939390540123,0.0007507849368266761,3.287983054178767e-05
Normal,SERPINE1,PLAU,B cell,"CD4-positive, alpha-beta T cell",0.0437939390540123,0.002736940048635006,0.00011986138270003721
Normal,SERPINE1,LRP1,B cell,natural killer cell,0.0437939390540123,0.015207733027637005,0.0006660065264441073
Normal,SERPINE1,PLAUR,B cell,natural killer cell,0.0437939390540123,0.03888087719678879,0.001702746725641191
Normal,SERPINE1,ITGAV,B cell,natural killer cell,0.0437939390540123,0.12946993112564087,0.005669998470693827
Normal,SERPINE1,ITGB3,B cell,natural killer cell,0.0437939390540123,0.0020600573625415564,9.021802543429658e-05
Normal,SERPINE1,VTN,B cell,natural killer cell,0.0437939390540123,0.00036771950544789433,1.6103886082419194e-05
Normal,SERPINE1,PLAU,B cell,natural killer cell,0.0437939390540123,0.002590348245576024,0.00011344155063852668
Normal,SERPINE1,LRP1,B cell,capillary endothelial cell,0.0437939390540123,0.04081709682941437,0.0017875414341688156
Normal,SERPINE1,PLAUR,B cell,capillary endothelial cell,0.0437939390540123,0.15086756646633148,0.0066070850007236
Normal,SERPINE1,ITGAV,B cell,capillary endothelial cell,0.0437939390540123,1.0649206638336182,0.046637069433927536
Normal,SERPINE1,ITGB3,B cell,capillary endothelial cell,0.0437939390540123,0.005221290048211813,0.00022866086510475725
Normal,SERPINE1,VTN,B cell,capillary endothelial cell,0.0437939390540123,0.0013286990579217672,5.818896534037776e-05
Normal,SERPINE1,PLAU,B cell,capillary endothelial cell,0.0437939390540123,0.10289759933948517,0.004506291355937719
Normal,SERPINE1,LRP1,B cell,macrophage,0.0437939390540123,1.0355989933013916,0.045352958142757416
Normal,SERPINE1,PLAUR,B cell,macrophage,0.0437939390540123,1.4066904783248901,0.061604518443346024
Normal,SERPINE1,ITGAV,B cell,macrophage,0.0437939390540123,0.4482908248901367,0.01963242143392563
Normal,SERPINE1,ITGB3,B cell,macrophage,0.0437939390540123,0.001214474905282259,5.318663897924125e-05
Normal,SERPINE1,VTN,B cell,macrophage,0.0437939390540123,0.02266676351428032,0.000992666813544929
Normal,SERPINE1,PLAU,B cell,macrophage,0.0437939390540123,0.10081015527248383,0.004414873663336039
Normal,SERPINE1,LRP1,B cell,"CD8-positive, alpha-beta T cell",0.0437939390540123,0.018964122980833054,0.0008305136580020189
Normal,SERPINE1,PLAUR,B cell,"CD8-positive, alpha-beta T cell",0.0437939390540123,0.05417943745851517,0.002372730989009142
Normal,SERPINE1,ITGAV,B cell,"CD8-positive, alpha-beta T cell",0.0437939390540123,0.1800706833600998,0.007886004634201527
Normal,SERPINE1,ITGB3,B cell,"CD8-positive, alpha-beta T cell",0.0437939390540123,0.0023529811296612024,0.00010304630995960906
Normal,SERPINE1,VTN,B cell,"CD8-positive, alpha-beta T cell",0.0437939390540123,0.0,0.0
Normal,SERPINE1,PLAU,B cell,"CD8-positive, alpha-beta T cell",0.0437939390540123,0.0027266780380159616,0.00011941196862608194
Normal,SERPINE1,LRP1,B cell,monocyte,0.0437939390540123,0.5015445351600647,0.02196461148560047
Normal,SERPINE1,PLAUR,B cell,monocyte,0.0437939390540123,1.9285908937454224,0.08446059376001358
Normal,SERPINE1,ITGAV,B cell,monocyte,0.0437939390540123,0.22583134472370148,0.00989004410803318
Normal,SERPINE1,ITGB3,B cell,monocyte,0.0437939390540123,0.0019068242982029915,8.350734424311668e-05
Normal,SERPINE1,VTN,B cell,monocyte,0.0437939390540123,0.0002542365400586277,1.1134019587188959e-05
Normal,SERPINE1,PLAU,B cell,monocyte,0.0437939390540123,0.021660732105374336,0.0009486087947152555
Normal,SERPINE1,LRP1,B cell,fibroblast,0.0437939390540123,1.1042487621307373,0.048359401524066925
Normal,SERPINE1,PLAUR,B cell,fibroblast,0.0437939390540123,0.3658265173435211,0.016020983457565308
Normal,SERPINE1,ITGAV,B cell,fibroblast,0.0437939390540123,0.48545774817466736,0.021260106936097145
Normal,SERPINE1,ITGB3,B cell,fibroblast,0.0437939390540123,0.016091804951429367,0.0007047235267236829
Normal,SERPINE1,VTN,B cell,fibroblast,0.0437939390540123,0.007628223858773708,0.00033406997681595385
Normal,SERPINE1,PLAU,B cell,fibroblast,0.0437939390540123,0.0512564443051815,0.002244721632450819
Normal,SERPINE1,LRP1,B cell,conventional dendritic cell,0.0437939390540123,0.6445091366767883,0.028225593268871307
Normal,SERPINE1,PLAUR,B cell,conventional dendritic cell,0.0437939390540123,1.2957876920700073,0.05674764886498451
Normal,SERPINE1,ITGAV,B cell,conventional dendritic cell,0.0437939390540123,0.5384222269058228,0.023579631000757217
Normal,SERPINE1,ITGB3,B cell,conventional dendritic cell,0.0437939390540123,0.0274202860891819,0.0012008423218503594
Normal,SERPINE1,VTN,B cell,conventional dendritic cell,0.0437939390540123,0.006924258079379797,0.0003032405220437795
Normal,SERPINE1,PLAU,B cell,conventional dendritic cell,0.0437939390540123,0.3481919765472412,0.015248698182404041
Normal,SERPINE1,LRP1,B cell,mast cell,0.0437939390540123,0.014076117426156998,0.000616448640357703
Normal,SERPINE1,PLAUR,B cell,mast cell,0.0437939390540123,0.6777046322822571,0.029679356142878532
Normal,SERPINE1,ITGAV,B cell,mast cell,0.0437939390540123,0.3965514004230499,0.017366547137498856
Normal,SERPINE1,ITGB3,B cell,mast cell,0.0437939390540123,0.034890614449977875,0.0015279974322766066
Normal,SERPINE1,VTN,B cell,mast cell,0.0437939390540123,0.0005058146198280156,2.2151614757603966e-05
Normal,SERPINE1,PLAU,B cell,mast cell,0.0437939390540123,0.04867101460695267,0.0021314953919500113
Normal,SERPINE1,LRP1,B cell,pulmonary alveolar type 2 cell,0.0437939390540123,0.04979923740029335,0.0021809048485010862
Normal,SERPINE1,PLAUR,B cell,pulmonary alveolar type 2 cell,0.0437939390540123,0.08510953187942505,0.0037272816989570856
Normal,SERPINE1,ITGAV,B cell,pulmonary alveolar type 2 cell,0.0437939390540123,0.3477472960948944,0.015229224227368832
Normal,SERPINE1,ITGB3,B cell,pulmonary alveolar type 2 cell,0.0437939390540123,0.001568294013850391,6.868177297292277e-05
Normal,SERPINE1,VTN,B cell,pulmonary alveolar type 2 cell,0.0437939390540123,0.001968085067346692,8.619020081823692e-05
Normal,SERPINE1,PLAU,B cell,pulmonary alveolar type 2 cell,0.0437939390540123,0.0009738014778122306,4.264660310582258e-05
Normal,SERPINE1,LRP1,B cell,vein endothelial cell,0.0437939390540123,0.01389493141323328,0.0006085137720219791
Normal,SERPINE1,PLAUR,B cell,vein endothelial cell,0.0437939390540123,0.36070504784584045,0.01579669490456581
Normal,SERPINE1,ITGAV,B cell,vein endothelial cell,0.0437939390540123,1.3018479347229004,0.057013049721717834
Normal,SERPINE1,ITGB3,B cell,vein endothelial cell,0.0437939390540123,0.14101922512054443,0.006175787188112736
Normal,SERPINE1,VTN,B cell,vein endothelial cell,0.0437939390540123,0.00043039844604209065,1.884884295577649e-05
Normal,SERPINE1,PLAU,B cell,vein endothelial cell,0.0437939390540123,0.01011657528579235,0.00044304467155598104
Normal,SERPINE1,LRP1,B cell,lung multiciliated epithelial cell,0.0437939390540123,0.10350595414638519,0.004532933235168457
Normal,SERPINE1,PLAUR,B cell,lung multiciliated epithelial cell,0.0437939390540123,0.09738852828741074,0.004265027120709419
Normal,SERPINE1,ITGAV,B cell,lung multiciliated epithelial cell,0.0437939390540123,0.18617400527000427,0.008153293281793594
Normal,SERPINE1,ITGB3,B cell,lung multiciliated epithelial cell,0.0437939390540123,0.06405186653137207,0.0028050835244357586
Normal,SERPINE1,VTN,B cell,lung multiciliated epithelial cell,0.0437939390540123,0.005472810938954353,0.00023967595188878477
Normal,SERPINE1,PLAU,B cell,lung multiciliated epithelial cell,0.0437939390540123,0.02393346093595028,0.0010481405770406127
Normal,SERPINE1,LRP1,B cell,smooth muscle cell,0.0437939390540123,0.571965754032135,0.02504863403737545
Normal,SERPINE1,PLAUR,B cell,smooth muscle cell,0.0437939390540123,0.08600547164678574,0.0037665183190256357
Normal,SERPINE1,ITGAV,B cell,smooth muscle cell,0.0437939390540123,0.44389525055885315,0.019439920783042908
Normal,SERPINE1,ITGB3,B cell,smooth muscle cell,0.0437939390540123,0.016222920268774033,0.0007104655960574746
Normal,SERPINE1,VTN,B cell,smooth muscle cell,0.0437939390540123,0.06872478872537613,0.0030097293201833963
Normal,SERPINE1,PLAU,B cell,smooth muscle cell,0.0437939390540123,0.0348949059844017,0.001528185443021357
Normal,SERPINE1,LRP1,B cell,endothelial cell,0.0437939390540123,0.04382266476750374,0.0019191671162843704
Normal,SERPINE1,PLAUR,B cell,endothelial cell,0.0437939390540123,0.28734296560287476,0.012583880685269833
Normal,SERPINE1,ITGAV,B cell,endothelial cell,0.0437939390540123,1.3687506914138794,0.05994298309087753
Normal,SERPINE1,ITGB3,B cell,endothelial cell,0.0437939390540123,0.01795002818107605,0.0007861024350859225
Normal,SERPINE1,VTN,B cell,endothelial cell,0.0437939390540123,0.0,0.0
Normal,SERPINE1,PLAU,B cell,endothelial cell,0.0437939390540123,0.032519325613975525,0.001424149377271533
Normal,SERPINE1,LRP1,B cell,B cell,0.0437939390540123,0.027416327968239784,0.0012006689794361591
Normal,SERPINE1,PLAUR,B cell,B cell,0.0437939390540123,0.011772379279136658,0.0005155588733032346
Normal,SERPINE1,ITGAV,B cell,B cell,0.0437939390540123,0.06915748119354248,0.00302867847494781
Normal,SERPINE1,ITGB3,B cell,B cell,0.0437939390540123,0.02003781497478485,0.0008775348542258143
Normal,SERPINE1,VTN,B cell,B cell,0.0437939390540123,0.0,0.0
Normal,SERPINE1,PLAU,B cell,B cell,0.0437939390540123,0.006701188627630472,0.0002934714430011809
Normal,SERPINE1,LRP1,B cell,pulmonary alveolar type 1 cell,0.0437939390540123,0.0587434358894825,0.002572606550529599
Normal,SERPINE1,PLAUR,B cell,pulmonary alveolar type 1 cell,0.0437939390540123,0.12368427217006683,0.005416621454060078
Normal,SERPINE1,ITGAV,B cell,pulmonary alveolar type 1 cell,0.0437939390540123,0.41951435804367065,0.01837218552827835
Normal,SERPINE1,ITGB3,B cell,pulmonary alveolar type 1 cell,0.0437939390540123,0.015503257513046265,0.0006789487088099122
Normal,SERPINE1,VTN,B cell,pulmonary alveolar type 1 cell,0.0437939390540123,0.0,0.0
Normal,SERPINE1,PLAU,B cell,pulmonary alveolar type 1 cell,0.0437939390540123,0.0010918190237134695,4.7815054131206125e-05
Normal,SERPINE1,LRP1,B cell,club cell,0.0437939390540123,0.08631543815135956,0.0037800930440425873
Normal,SERPINE1,PLAUR,B cell,club cell,0.0437939390540123,0.11950922757387161,0.005233780015259981
Normal,SERPINE1,ITGAV,B cell,club cell,0.0437939390540123,0.21280433237552643,0.009319540113210678
Normal,SERPINE1,ITGB3,B cell,club cell,0.0437939390540123,0.028953084722161293,0.0012679696083068848
Normal,SERPINE1,VTN,B cell,club cell,0.0437939390540123,0.0,0.0
Normal,SERPINE1,PLAU,B cell,club cell,0.0437939390540123,0.005933290813118219,0.0002598421706352383
Normal,SERPINE1,LRP1,B cell,neutrophil,0.0437939390540123,0.014111633412539959,0.0006180040072649717
Normal,SERPINE1,PLAUR,B cell,neutrophil,0.0437939390540123,2.2625458240509033,0.09908579289913177
Normal,SERPINE1,ITGAV,B cell,neutrophil,0.0437939390540123,0.037097059190273285,0.0016246263403445482
Normal,SERPINE1,ITGB3,B cell,neutrophil,0.0437939390540123,0.0,0.0
Normal,SERPINE1,VTN,B cell,neutrophil,0.0437939390540123,0.0,0.0
Normal,SERPINE1,PLAU,B cell,neutrophil,0.0437939390540123,0.11391173303127289,0.00498864334076643
Normal,SERPINE1,LRP1,B cell,plasma cell,0.0437939390540123,0.03262129798531532,0.001428615185432136
Normal,SERPINE1,PLAUR,B cell,plasma cell,0.0437939390540123,0.07067731022834778,0.003095237771049142
Normal,SERPINE1,ITGAV,B cell,plasma cell,0.0437939390540123,0.1007995754480362,0.004414410330355167
Normal,SERPINE1,ITGB3,B cell,plasma cell,0.0437939390540123,0.004957778379321098,0.00021712064335588366
Normal,SERPINE1,VTN,B cell,plasma cell,0.0437939390540123,0.0,0.0
Normal,SERPINE1,PLAU,B cell,plasma cell,0.0437939390540123,0.0011446947464719415,5.013069312553853e-05
Normal,SERPINE1,LRP1,B cell,leukocyte,0.0437939390540123,0.19113506376743317,0.008370556868612766
Normal,SERPINE1,PLAUR,B cell,leukocyte,0.0437939390540123,0.35691437125205994,0.015630686655640602
Normal,SERPINE1,ITGAV,B cell,leukocyte,0.0437939390540123,0.33996498584747314,0.014888405799865723
Normal,SERPINE1,ITGB3,B cell,leukocyte,0.0437939390540123,0.004113916307687759,0.0001801645994419232
Normal,SERPINE1,VTN,B cell,leukocyte,0.0437939390540123,0.005431992933154106,0.00023788836551830173
Normal,SERPINE1,PLAU,B cell,leukocyte,0.0437939390540123,0.0676087811589241,0.002960854908451438
Normal,SERPINE1,LRP1,B cell,endothelial cell of lymphatic vessel,0.0437939390540123,0.02008569985628128,0.0008796319016255438
Normal,SERPINE1,PLAUR,B cell,endothelial cell of lymphatic vessel,0.0437939390540123,0.09317221492528915,0.004080378450453281
Normal,SERPINE1,ITGAV,B cell,endothelial cell of lymphatic vessel,0.0437939390540123,0.6201860308647156,0.027160389348864555
Normal,SERPINE1,ITGB3,B cell,endothelial cell of lymphatic vessel,0.0437939390540123,0.03770211338996887,0.0016511240974068642
Normal,SERPINE1,VTN,B cell,endothelial cell of lymphatic vessel,0.0437939390540123,0.005374448373913765,0.00023536826483905315
Normal,SERPINE1,PLAU,B cell,endothelial cell of lymphatic vessel,0.0437939390540123,0.008077932521700859,0.00035376448067836463
Normal,SERPINE1,LRP1,pulmonary alveolar type 1 cell,"CD4-positive, alpha-beta T cell",0.01813230849802494,0.014970630407333374,0.00027145209605805576
Normal,SERPINE1,PLAUR,pulmonary alveolar type 1 cell,"CD4-positive, alpha-beta T cell",0.01813230849802494,0.06878918409347534,0.0012473067035898566
Normal,SERPINE1,ITGAV,pulmonary alveolar type 1 cell,"CD4-positive, alpha-beta T cell",0.01813230849802494,0.1432809829711914,0.0025980148930102587
Normal,SERPINE1,ITGB3,pulmonary alveolar type 1 cell,"CD4-positive, alpha-beta T cell",0.01813230849802494,0.0004901275970041752,8.887144758773502e-06
Normal,SERPINE1,VTN,pulmonary alveolar type 1 cell,"CD4-positive, alpha-beta T cell",0.01813230849802494,0.0007507849368266761,1.3613464034278877e-05
Normal,SERPINE1,PLAU,pulmonary alveolar type 1 cell,"CD4-positive, alpha-beta T cell",0.01813230849802494,0.002736940048635006,4.962704042554833e-05
Normal,SERPINE1,LRP1,pulmonary alveolar type 1 cell,natural killer cell,0.01813230849802494,0.015207733027637005,0.00027575131389312446
Normal,SERPINE1,PLAUR,pulmonary alveolar type 1 cell,natural killer cell,0.01813230849802494,0.03888087719678879,0.0007050000713206828
Normal,SERPINE1,ITGAV,pulmonary alveolar type 1 cell,natural killer cell,0.01813230849802494,0.12946993112564087,0.002347588771954179
Normal,SERPINE1,ITGB3,pulmonary alveolar type 1 cell,natural killer cell,0.01813230849802494,0.0020600573625415564,3.7353594962041825e-05
Normal,SERPINE1,VTN,pulmonary alveolar type 1 cell,natural killer cell,0.01813230849802494,0.00036771950544789433,6.6676034293777775e-06
Normal,SERPINE1,PLAU,pulmonary alveolar type 1 cell,natural killer cell,0.01813230849802494,0.002590348245576024,4.6968994865892455e-05
Normal,SERPINE1,LRP1,pulmonary alveolar type 1 cell,capillary endothelial cell,0.01813230849802494,0.04081709682941437,0.0007401081966236234
Normal,SERPINE1,PLAUR,pulmonary alveolar type 1 cell,capillary endothelial cell,0.01813230849802494,0.15086756646633148,0.0027355772908777
Normal,SERPINE1,ITGAV,pulmonary alveolar type 1 cell,capillary endothelial cell,0.01813230849802494,1.0649206638336182,0.019309470430016518
Normal,SERPINE1,ITGB3,pulmonary alveolar type 1 cell,capillary endothelial cell,0.01813230849802494,0.005221290048211813,9.467404015595093e-05
Normal,SERPINE1,VTN,pulmonary alveolar type 1 cell,capillary endothelial cell,0.01813230849802494,0.0013286990579217672,2.409238186373841e-05
Normal,SERPINE1,PLAU,pulmonary alveolar type 1 cell,capillary endothelial cell,0.01813230849802494,0.10289759933948517,0.001865771017037332
Normal,SERPINE1,LRP1,pulmonary alveolar type 1 cell,macrophage,0.01813230849802494,1.0355989933013916,0.01877780072391033
Normal,SERPINE1,PLAUR,pulmonary alveolar type 1 cell,macrophage,0.01813230849802494,1.4066904783248901,0.02550654485821724
Normal,SERPINE1,ITGAV,pulmonary alveolar type 1 cell,macrophage,0.01813230849802494,0.4482908248901367,0.008128547109663486
Normal,SERPINE1,ITGB3,pulmonary alveolar type 1 cell,macrophage,0.01813230849802494,0.001214474905282259,2.2021233235136606e-05
Normal,SERPINE1,VTN,pulmonary alveolar type 1 cell,macrophage,0.01813230849802494,0.02266676351428032,0.00041100074304267764
Normal,SERPINE1,PLAU,pulmonary alveolar type 1 cell,macrophage,0.01813230849802494,0.10081015527248383,0.001827920787036419
Normal,SERPINE1,LRP1,pulmonary alveolar type 1 cell,"CD8-positive, alpha-beta T cell",0.01813230849802494,0.018964122980833054,0.00034386332845315337
Normal,SERPINE1,PLAUR,pulmonary alveolar type 1 cell,"CD8-positive, alpha-beta T cell",0.01813230849802494,0.05417943745851517,0.0009823982836678624
Normal,SERPINE1,ITGAV,pulmonary alveolar type 1 cell,"CD8-positive, alpha-beta T cell",0.01813230849802494,0.1800706833600998,0.0032650972716510296
Normal,SERPINE1,ITGB3,pulmonary alveolar type 1 cell,"CD8-positive, alpha-beta T cell",0.01813230849802494,0.0023529811296612024,4.26649785367772e-05
Normal,SERPINE1,VTN,pulmonary alveolar type 1 cell,"CD8-positive, alpha-beta T cell",0.01813230849802494,0.0,0.0
Normal,SERPINE1,PLAU,pulmonary alveolar type 1 cell,"CD8-positive, alpha-beta T cell",0.01813230849802494,0.0027266780380159616,4.944096872350201e-05
Normal,SERPINE1,LRP1,pulmonary alveolar type 1 cell,monocyte,0.01813230849802494,0.5015445351600647,0.009094160050153732
Normal,SERPINE1,PLAUR,pulmonary alveolar type 1 cell,monocyte,0.01813230849802494,1.9285908937454224,0.03496980667114258
Normal,SERPINE1,ITGAV,pulmonary alveolar type 1 cell,monocyte,0.01813230849802494,0.22583134472370148,0.004094843752682209
Normal,SERPINE1,ITGB3,pulmonary alveolar type 1 cell,monocyte,0.01813230849802494,0.0019068242982029915,3.45751250279136e-05
Normal,SERPINE1,VTN,pulmonary alveolar type 1 cell,monocyte,0.01813230849802494,0.0002542365400586277,4.6098953134787735e-06
Normal,SERPINE1,PLAU,pulmonary alveolar type 1 cell,monocyte,0.01813230849802494,0.021660732105374336,0.00039275907329283655
Normal,SERPINE1,LRP1,pulmonary alveolar type 1 cell,fibroblast,0.01813230849802494,1.1042487621307373,0.020022578537464142
Normal,SERPINE1,PLAUR,pulmonary alveolar type 1 cell,fibroblast,0.01813230849802494,0.3658265173435211,0.006633279379457235
Normal,SERPINE1,ITGAV,pulmonary alveolar type 1 cell,fibroblast,0.01813230849802494,0.48545774817466736,0.008802469819784164
Normal,SERPINE1,ITGB3,pulmonary alveolar type 1 cell,fibroblast,0.01813230849802494,0.016091804951429367,0.0002917815581895411
Normal,SERPINE1,VTN,pulmonary alveolar type 1 cell,fibroblast,0.01813230849802494,0.007628223858773708,0.00013831730757374316
Normal,SERPINE1,PLAU,pulmonary alveolar type 1 cell,fibroblast,0.01813230849802494,0.0512564443051815,0.0009293976472690701
Normal,SERPINE1,LRP1,pulmonary alveolar type 1 cell,conventional dendritic cell,0.01813230849802494,0.6445091366767883,0.01168643869459629
Normal,SERPINE1,PLAUR,pulmonary alveolar type 1 cell,conventional dendritic cell,0.01813230849802494,1.2957876920700073,0.023495621979236603
Normal,SERPINE1,ITGAV,pulmonary alveolar type 1 cell,conventional dendritic cell,0.01813230849802494,0.5384222269058228,0.009762837551534176
Normal,SERPINE1,ITGB3,pulmonary alveolar type 1 cell,conventional dendritic cell,0.01813230849802494,0.0274202860891819,0.0004971930757164955
Normal,SERPINE1,VTN,pulmonary alveolar type 1 cell,conventional dendritic cell,0.01813230849802494,0.006924258079379797,0.00012555278954096138
Normal,SERPINE1,PLAU,pulmonary alveolar type 1 cell,conventional dendritic cell,0.01813230849802494,0.3481919765472412,0.006313524208962917
Normal,SERPINE1,LRP1,pulmonary alveolar type 1 cell,mast cell,0.01813230849802494,0.014076117426156998,0.0002552325022406876
Normal,SERPINE1,PLAUR,pulmonary alveolar type 1 cell,mast cell,0.01813230849802494,0.6777046322822571,0.01228834968060255
Normal,SERPINE1,ITGAV,pulmonary alveolar type 1 cell,mast cell,0.01813230849802494,0.3965514004230499,0.007190392352640629
Normal,SERPINE1,ITGB3,pulmonary alveolar type 1 cell,mast cell,0.01813230849802494,0.034890614449977875,0.0006326473667286336
Normal,SERPINE1,VTN,pulmonary alveolar type 1 cell,mast cell,0.01813230849802494,0.0005058146198280156,9.17158649826888e-06
Normal,SERPINE1,PLAU,pulmonary alveolar type 1 cell,mast cell,0.01813230849802494,0.04867101460695267,0.0008825178374536335
Normal,SERPINE1,LRP1,pulmonary alveolar type 1 cell,pulmonary alveolar type 2 cell,0.01813230849802494,0.04979923740029335,0.0009029751527123153
Normal,SERPINE1,PLAUR,pulmonary alveolar type 1 cell,pulmonary alveolar type 2 cell,0.01813230849802494,0.08510953187942505,0.0015432322397828102
Normal,SERPINE1,ITGAV,pulmonary alveolar type 1 cell,pulmonary alveolar type 2 cell,0.01813230849802494,0.3477472960948944,0.006305461283773184
Normal,SERPINE1,ITGB3,pulmonary alveolar type 1 cell,pulmonary alveolar type 2 cell,0.01813230849802494,0.001568294013850391,2.8436790671548806e-05
Normal,SERPINE1,VTN,pulmonary alveolar type 1 cell,pulmonary alveolar type 2 cell,0.01813230849802494,0.001968085067346692,3.568592728697695e-05
Normal,SERPINE1,PLAU,pulmonary alveolar type 1 cell,pulmonary alveolar type 2 cell,0.01813230849802494,0.0009738014778122306,1.765726847224869e-05
Normal,SERPINE1,LRP1,pulmonary alveolar type 1 cell,vein endothelial cell,0.01813230849802494,0.01389493141323328,0.00025194717454724014
Normal,SERPINE1,PLAUR,pulmonary alveolar type 1 cell,vein endothelial cell,0.01813230849802494,0.36070504784584045,0.006540415342897177
Normal,SERPINE1,ITGAV,pulmonary alveolar type 1 cell,vein endothelial cell,0.01813230849802494,1.3018479347229004,0.023605508729815483
Normal,SERPINE1,ITGB3,pulmonary alveolar type 1 cell,vein endothelial cell,0.01813230849802494,0.14101922512054443,0.002557004103437066
Normal,SERPINE1,VTN,pulmonary alveolar type 1 cell,vein endothelial cell,0.01813230849802494,0.00043039844604209065,7.804117558407597e-06
Normal,SERPINE1,PLAU,pulmonary alveolar type 1 cell,vein endothelial cell,0.01813230849802494,0.01011657528579235,0.0001834368595154956
Normal,SERPINE1,LRP1,pulmonary alveolar type 1 cell,lung multiciliated epithelial cell,0.01813230849802494,0.10350595414638519,0.0018768018344417214
Normal,SERPINE1,PLAUR,pulmonary alveolar type 1 cell,lung multiciliated epithelial cell,0.01813230849802494,0.09738852828741074,0.0017658788710832596
Normal,SERPINE1,ITGAV,pulmonary alveolar type 1 cell,lung multiciliated epithelial cell,0.01813230849802494,0.18617400527000427,0.0033757644705474377
Normal,SERPINE1,ITGB3,pulmonary alveolar type 1 cell,lung multiciliated epithelial cell,0.01813230849802494,0.06405186653137207,0.0011614082613959908
Normal,SERPINE1,VTN,pulmonary alveolar type 1 cell,lung multiciliated epithelial cell,0.01813230849802494,0.005472810938954353,9.923469770001248e-05
Normal,SERPINE1,PLAU,pulmonary alveolar type 1 cell,lung multiciliated epithelial cell,0.01813230849802494,0.02393346093595028,0.00043396890396252275
Normal,SERPINE1,LRP1,pulmonary alveolar type 1 cell,smooth muscle cell,0.01813230849802494,0.571965754032135,0.01037105917930603
Normal,SERPINE1,PLAUR,pulmonary alveolar type 1 cell,smooth muscle cell,0.01813230849802494,0.08600547164678574,0.0015594777651131153
Normal,SERPINE1,ITGAV,pulmonary alveolar type 1 cell,smooth muscle cell,0.01813230849802494,0.44389525055885315,0.008048845455050468
Normal,SERPINE1,ITGB3,pulmonary alveolar type 1 cell,smooth muscle cell,0.01813230849802494,0.016222920268774033,0.00029415899189189076
Normal,SERPINE1,VTN,pulmonary alveolar type 1 cell,smooth muscle cell,0.01813230849802494,0.06872478872537613,0.0012461390579119325
Normal,SERPINE1,PLAU,pulmonary alveolar type 1 cell,smooth muscle cell,0.01813230849802494,0.0348949059844017,0.000632725190371275
Normal,SERPINE1,LRP1,pulmonary alveolar type 1 cell,endothelial cell,0.01813230849802494,0.04382266476750374,0.0007946060504764318
Normal,SERPINE1,PLAUR,pulmonary alveolar type 1 cell,endothelial cell,0.01813230849802494,0.28734296560287476,0.00521019147709012
Normal,SERPINE1,ITGAV,pulmonary alveolar type 1 cell,endothelial cell,0.01813230849802494,1.3687506914138794,0.02481861039996147
Normal,SERPINE1,ITGB3,pulmonary alveolar type 1 cell,endothelial cell,0.01813230849802494,0.01795002818107605,0.00032547544105909765
Normal,SERPINE1,VTN,pulmonary alveolar type 1 cell,endothelial cell,0.01813230849802494,0.0,0.0
Normal,SERPINE1,PLAU,pulmonary alveolar type 1 cell,endothelial cell,0.01813230849802494,0.032519325613975525,0.0005896504153497517
Normal,SERPINE1,LRP1,pulmonary alveolar type 1 cell,B cell,0.01813230849802494,0.027416327968239784,0.0004971213056705892
Normal,SERPINE1,PLAUR,pulmonary alveolar type 1 cell,B cell,0.01813230849802494,0.011772379279136658,0.00021346041467040777
Normal,SERPINE1,ITGAV,pulmonary alveolar type 1 cell,B cell,0.01813230849802494,0.06915748119354248,0.001253984752111137
Normal,SERPINE1,ITGB3,pulmonary alveolar type 1 cell,B cell,0.01813230849802494,0.02003781497478485,0.0003633318410720676
Normal,SERPINE1,VTN,pulmonary alveolar type 1 cell,B cell,0.01813230849802494,0.0,0.0
Normal,SERPINE1,PLAU,pulmonary alveolar type 1 cell,B cell,0.01813230849802494,0.006701188627630472,0.00012150801921961829
Normal,SERPINE1,LRP1,pulmonary alveolar type 1 cell,pulmonary alveolar type 1 cell,0.01813230849802494,0.0587434358894825,0.00106515409424901
Normal,SERPINE1,PLAUR,pulmonary alveolar type 1 cell,pulmonary alveolar type 1 cell,0.01813230849802494,0.12368427217006683,0.00224268133752048
Normal,SERPINE1,ITGAV,pulmonary alveolar type 1 cell,pulmonary alveolar type 1 cell,0.01813230849802494,0.41951435804367065,0.007606763858348131
Normal,SERPINE1,ITGB3,pulmonary alveolar type 1 cell,pulmonary alveolar type 1 cell,0.01813230849802494,0.015503257513046265,0.00028110985294915736
Normal,SERPINE1,VTN,pulmonary alveolar type 1 cell,pulmonary alveolar type 1 cell,0.01813230849802494,0.0,0.0
Normal,SERPINE1,PLAU,pulmonary alveolar type 1 cell,pulmonary alveolar type 1 cell,0.01813230849802494,0.0010918190237134695,1.9797198547166772e-05
Normal,SERPINE1,LRP1,pulmonary alveolar type 1 cell,club cell,0.01813230849802494,0.08631543815135956,0.001565098180435598
Normal,SERPINE1,PLAUR,pulmonary alveolar type 1 cell,club cell,0.01813230849802494,0.11950922757387161,0.00216697808355093
Normal,SERPINE1,ITGAV,pulmonary alveolar type 1 cell,club cell,0.01813230849802494,0.21280433237552643,0.003858633805066347
Normal,SERPINE1,ITGB3,pulmonary alveolar type 1 cell,club cell,0.01813230849802494,0.028953084722161293,0.0005249862442724407
Normal,SERPINE1,VTN,pulmonary alveolar type 1 cell,club cell,0.01813230849802494,0.0,0.0
Normal,SERPINE1,PLAU,pulmonary alveolar type 1 cell,club cell,0.01813230849802494,0.005933290813118219,0.00010758425923995674
Normal,SERPINE1,LRP1,pulmonary alveolar type 1 cell,neutrophil,0.01813230849802494,0.014111633412539959,0.00025587648269720376
Normal,SERPINE1,PLAUR,pulmonary alveolar type 1 cell,neutrophil,0.01813230849802494,2.2625458240509033,0.041025180369615555
Normal,SERPINE1,ITGAV,pulmonary alveolar type 1 cell,neutrophil,0.01813230849802494,0.037097059190273285,0.0006726552965119481
Normal,SERPINE1,ITGB3,pulmonary alveolar type 1 cell,neutrophil,0.01813230849802494,0.0,0.0
Normal,SERPINE1,VTN,pulmonary alveolar type 1 cell,neutrophil,0.01813230849802494,0.0,0.0
Normal,SERPINE1,PLAU,pulmonary alveolar type 1 cell,neutrophil,0.01813230849802494,0.11391173303127289,0.002065482782199979
Normal,SERPINE1,LRP1,pulmonary alveolar type 1 cell,plasma cell,0.01813230849802494,0.03262129798531532,0.0005914994399063289
Normal,SERPINE1,PLAUR,pulmonary alveolar type 1 cell,plasma cell,0.01813230849802494,0.07067731022834778,0.0012815428199246526
Normal,SERPINE1,ITGAV,pulmonary alveolar type 1 cell,plasma cell,0.01813230849802494,0.1007995754480362,0.00182772905100137
Normal,SERPINE1,ITGB3,pulmonary alveolar type 1 cell,plasma cell,0.01813230849802494,0.004957778379321098,8.989596972241998e-05
Normal,SERPINE1,VTN,pulmonary alveolar type 1 cell,plasma cell,0.01813230849802494,0.0,0.0
Normal,SERPINE1,PLAU,pulmonary alveolar type 1 cell,plasma cell,0.01813230849802494,0.0011446947464719415,2.0755958757945336e-05
Normal,SERPINE1,LRP1,pulmonary alveolar type 1 cell,leukocyte,0.01813230849802494,0.19113506376743317,0.003465719986706972
Normal,SERPINE1,PLAUR,pulmonary alveolar type 1 cell,leukocyte,0.01813230849802494,0.35691437125205994,0.006471681408584118
Normal,SERPINE1,ITGAV,pulmonary alveolar type 1 cell,leukocyte,0.01813230849802494,0.33996498584747314,0.00616435008123517
Normal,SERPINE1,ITGB3,pulmonary alveolar type 1 cell,leukocyte,0.01813230849802494,0.004113916307687759,7.459479820681736e-05
Normal,SERPINE1,VTN,pulmonary alveolar type 1 cell,leukocyte,0.01813230849802494,0.005431992933154106,9.849457273958251e-05
Normal,SERPINE1,PLAU,pulmonary alveolar type 1 cell,leukocyte,0.01813230849802494,0.0676087811589241,0.0012259032810106874
Normal,SERPINE1,LRP1,pulmonary alveolar type 1 cell,endothelial cell of lymphatic vessel,0.01813230849802494,0.02008569985628128,0.00036420009564608335
Normal,SERPINE1,PLAUR,pulmonary alveolar type 1 cell,endothelial cell of lymphatic vessel,0.01813230849802494,0.09317221492528915,0.001689427299425006
Normal,SERPINE1,ITGAV,pulmonary alveolar type 1 cell,endothelial cell of lymphatic vessel,0.01813230849802494,0.6201860308647156,0.011245404370129108
Normal,SERPINE1,ITGB3,pulmonary alveolar type 1 cell,endothelial cell of lymphatic vessel,0.01813230849802494,0.03770211338996887,0.0006836263346485794
Normal,SERPINE1,VTN,pulmonary alveolar type 1 cell,endothelial cell of lymphatic vessel,0.01813230849802494,0.005374448373913765,9.745115676196292e-05
Normal,SERPINE1,PLAU,pulmonary alveolar type 1 cell,endothelial cell of lymphatic vessel,0.01813230849802494,0.008077932521700859,0.0001464715605834499
Normal,SERPINE1,LRP1,club cell,"CD4-positive, alpha-beta T cell",0.006810985971242189,0.014970630407333374,0.00010196475341217592
Normal,SERPINE1,PLAUR,club cell,"CD4-positive, alpha-beta T cell",0.006810985971242189,0.06878918409347534,0.0004685221647378057
Normal,SERPINE1,ITGAV,club cell,"CD4-positive, alpha-beta T cell",0.006810985971242189,0.1432809829711914,0.0009758847882039845
Normal,SERPINE1,ITGB3,club cell,"CD4-positive, alpha-beta T cell",0.006810985971242189,0.0004901275970041752,3.338252099638339e-06
Normal,SERPINE1,VTN,club cell,"CD4-positive, alpha-beta T cell",0.006810985971242189,0.0007507849368266761,5.113585757499095e-06
Normal,SERPINE1,PLAU,club cell,"CD4-positive, alpha-beta T cell",0.006810985971242189,0.002736940048635006,1.8641259885043837e-05
Normal,SERPINE1,LRP1,club cell,natural killer cell,0.006810985971242189,0.015207733027637005,0.00010357965948060155
Normal,SERPINE1,PLAUR,club cell,natural killer cell,0.006810985971242189,0.03888087719678879,0.00026481712120585144
Normal,SERPINE1,ITGAV,club cell,natural killer cell,0.006810985971242189,0.12946993112564087,0.0008818178903311491
Normal,SERPINE1,ITGB3,club cell,natural killer cell,0.006810985971242189,0.0020600573625415564,1.4031022146809846e-05
Normal,SERPINE1,VTN,club cell,natural killer cell,0.006810985971242189,0.00036771950544789433,2.5045324036909733e-06
Normal,SERPINE1,PLAU,club cell,natural killer cell,0.006810985971242189,0.002590348245576024,1.7642825696384534e-05
Normal,SERPINE1,LRP1,club cell,capillary endothelial cell,0.006810985971242189,0.04081709682941437,0.00027800467796623707
Normal,SERPINE1,PLAUR,club cell,capillary endothelial cell,0.006810985971242189,0.15086756646633148,0.0010275568347424269
Normal,SERPINE1,ITGAV,club cell,capillary endothelial cell,0.006810985971242189,1.0649206638336182,0.007253159768879414
Normal,SERPINE1,ITGB3,club cell,capillary endothelial cell,0.006810985971242189,0.005221290048211813,3.556213414412923e-05
Normal,SERPINE1,VTN,club cell,capillary endothelial cell,0.006810985971242189,0.0013286990579217672,9.049750588019378e-06
Normal,SERPINE1,PLAU,club cell,capillary endothelial cell,0.006810985971242189,0.10289759933948517,0.000700834090821445
Normal,SERPINE1,LRP1,club cell,macrophage,0.006810985971242189,1.0355989933013916,0.0070534502156078815
Normal,SERPINE1,PLAUR,club cell,macrophage,0.006810985971242189,1.4066904783248901,0.009580949321389198
Normal,SERPINE1,ITGAV,club cell,macrophage,0.006810985971242189,0.4482908248901367,0.0030533024109899998
Normal,SERPINE1,ITGB3,club cell,macrophage,0.006810985971242189,0.001214474905282259,8.271771548606921e-06
Normal,SERPINE1,VTN,club cell,macrophage,0.006810985971242189,0.02266676351428032,0.00015438301488757133
Normal,SERPINE1,PLAU,club cell,macrophage,0.006810985971242189,0.10081015527248383,0.000686616578605026
Normal,SERPINE1,LRP1,club cell,"CD8-positive, alpha-beta T cell",0.006810985971242189,0.018964122980833054,0.00012916437117382884
Normal,SERPINE1,PLAUR,club cell,"CD8-positive, alpha-beta T cell",0.006810985971242189,0.05417943745851517,0.00036901538260281086
Normal,SERPINE1,ITGAV,club cell,"CD8-positive, alpha-beta T cell",0.006810985971242189,0.1800706833600998,0.0012264589313417673
Normal,SERPINE1,ITGB3,club cell,"CD8-positive, alpha-beta T cell",0.006810985971242189,0.0023529811296612024,1.6026120647438802e-05
Normal,SERPINE1,VTN,club cell,"CD8-positive, alpha-beta T cell",0.006810985971242189,0.0,0.0
Normal,SERPINE1,PLAU,club cell,"CD8-positive, alpha-beta T cell",0.006810985971242189,0.0027266780380159616,1.8571365217212588e-05
Normal,SERPINE1,LRP1,club cell,monocyte,0.006810985971242189,0.5015445351600647,0.003416012739762664
Normal,SERPINE1,PLAUR,club cell,monocyte,0.006810985971242189,1.9285908937454224,0.013135605491697788
Normal,SERPINE1,ITGAV,club cell,monocyte,0.006810985971242189,0.22583134472370148,0.0015381340635940433
Normal,SERPINE1,ITGB3,club cell,monocyte,0.006810985971242189,0.0019068242982029915,1.2987353329663165e-05
Normal,SERPINE1,VTN,club cell,monocyte,0.006810985971242189,0.0002542365400586277,1.7316015146207064e-06
Normal,SERPINE1,PLAU,club cell,monocyte,0.006810985971242189,0.021660732105374336,0.000147530940012075
Normal,SERPINE1,LRP1,club cell,fibroblast,0.006810985971242189,1.1042487621307373,0.007521023042500019
Normal,SERPINE1,PLAUR,club cell,fibroblast,0.006810985971242189,0.3658265173435211,0.0024916392285376787
Normal,SERPINE1,ITGAV,club cell,fibroblast,0.006810985971242189,0.48545774817466736,0.003306445898488164
Normal,SERPINE1,ITGB3,club cell,fibroblast,0.006810985971242189,0.016091804951429367,0.0001096010601031594
Normal,SERPINE1,VTN,club cell,fibroblast,0.006810985971242189,0.007628223858773708,5.1955725211882964e-05
Normal,SERPINE1,PLAU,club cell,fibroblast,0.006810985971242189,0.0512564443051815,0.0003491069364827126
Normal,SERPINE1,LRP1,club cell,conventional dendritic cell,0.006810985971242189,0.6445091366767883,0.0043897428549826145
Normal,SERPINE1,PLAUR,club cell,conventional dendritic cell,0.006810985971242189,1.2957876920700073,0.008825591765344143
Normal,SERPINE1,ITGAV,club cell,conventional dendritic cell,0.006810985971242189,0.5384222269058228,0.0036671862471848726
Normal,SERPINE1,ITGB3,club cell,conventional dendritic cell,0.006810985971242189,0.0274202860891819,0.00018675917817745358
Normal,SERPINE1,VTN,club cell,conventional dendritic cell,0.006810985971242189,0.006924258079379797,4.716102557722479e-05
Normal,SERPINE1,PLAU,club cell,conventional dendritic cell,0.006810985971242189,0.3481919765472412,0.0023715307470411062
Normal,SERPINE1,LRP1,club cell,mast cell,0.006810985971242189,0.014076117426156998,9.587223757989705e-05
Normal,SERPINE1,PLAUR,club cell,mast cell,0.006810985971242189,0.6777046322822571,0.004615836776793003
Normal,SERPINE1,ITGAV,club cell,mast cell,0.006810985971242189,0.3965514004230499,0.002700906014069915
Normal,SERPINE1,ITGB3,club cell,mast cell,0.006810985971242189,0.034890614449977875,0.00023763948411215097
Normal,SERPINE1,VTN,club cell,mast cell,0.006810985971242189,0.0005058146198280156,3.4450963539711665e-06
Normal,SERPINE1,PLAU,club cell,mast cell,0.006810985971242189,0.04867101460695267,0.000331497605657205
Normal,SERPINE1,LRP1,club cell,pulmonary alveolar type 2 cell,0.006810985971242189,0.04979923740029335,0.00033918191911652684
Normal,SERPINE1,PLAUR,club cell,pulmonary alveolar type 2 cell,0.006810985971242189,0.08510953187942505,0.0005796798504889011
Normal,SERPINE1,ITGAV,club cell,pulmonary alveolar type 2 cell,0.006810985971242189,0.3477472960948944,0.002368501853197813
Normal,SERPINE1,ITGB3,club cell,pulmonary alveolar type 2 cell,0.006810985971242189,0.001568294013850391,1.0681628737074789e-05
Normal,SERPINE1,VTN,club cell,pulmonary alveolar type 2 cell,0.006810985971242189,0.001968085067346692,1.3404599485511426e-05
Normal,SERPINE1,PLAU,club cell,pulmonary alveolar type 2 cell,0.006810985971242189,0.0009738014778122306,6.632548320339993e-06
Normal,SERPINE1,LRP1,club cell,vein endothelial cell,0.006810985971242189,0.01389493141323328,9.463818423682824e-05
Normal,SERPINE1,PLAUR,club cell,vein endothelial cell,0.006810985971242189,0.36070504784584045,0.0024567570071667433
Normal,SERPINE1,ITGAV,club cell,vein endothelial cell,0.006810985971242189,1.3018479347229004,0.008866867981851101
Normal,SERPINE1,ITGB3,club cell,vein endothelial cell,0.006810985971242189,0.14101922512054443,0.0009604799561202526
Normal,SERPINE1,VTN,club cell,vein endothelial cell,0.006810985971242189,0.00043039844604209065,2.9314378480194137e-06
Normal,SERPINE1,PLAU,club cell,vein endothelial cell,0.006810985971242189,0.01011657528579235,6.890384975122288e-05
Normal,SERPINE1,LRP1,club cell,lung multiciliated epithelial cell,0.006810985971242189,0.10350595414638519,0.0007049776031635702
Normal,SERPINE1,PLAUR,club cell,lung multiciliated epithelial cell,0.006810985971242189,0.09738852828741074,0.0006633119191974401
Normal,SERPINE1,ITGAV,club cell,lung multiciliated epithelial cell,0.006810985971242189,0.18617400527000427,0.0012680285144597292
Normal,SERPINE1,ITGB3,club cell,lung multiciliated epithelial cell,0.006810985971242189,0.06405186653137207,0.00043625637772493064
Normal,SERPINE1,VTN,club cell,lung multiciliated epithelial cell,0.006810985971242189,0.005472810938954353,3.7275240174494684e-05
Normal,SERPINE1,PLAU,club cell,lung multiciliated epithelial cell,0.006810985971242189,0.02393346093595028,0.0001630104670766741
Normal,SERPINE1,LRP1,club cell,smooth muscle cell,0.006810985971242189,0.571965754032135,0.0038956506177783012
Normal,SERPINE1,PLAUR,club cell,smooth muscle cell,0.006810985971242189,0.08600547164678574,0.0005857820506207645
Normal,SERPINE1,ITGAV,club cell,smooth muscle cell,0.006810985971242189,0.44389525055885315,0.0030233643483370543
Normal,SERPINE1,ITGB3,club cell,smooth muscle cell,0.006810985971242189,0.016222920268774033,0.00011049408203689381
Normal,SERPINE1,VTN,club cell,smooth muscle cell,0.006810985971242189,0.06872478872537613,0.00046808357001282275
Normal,SERPINE1,PLAU,club cell,smooth muscle cell,0.006810985971242189,0.0348949059844017,0.00023766871890984476
Normal,SERPINE1,LRP1,club cell,endothelial cell,0.006810985971242189,0.04382266476750374,0.0002984755556099117
Normal,SERPINE1,PLAUR,club cell,endothelial cell,0.006810985971242189,0.28734296560287476,0.001957088941708207
Normal,SERPINE1,ITGAV,club cell,endothelial cell,0.006810985971242189,1.3687506914138794,0.009322541765868664
Normal,SERPINE1,ITGB3,club cell,endothelial cell,0.006810985971242189,0.01795002818107605,0.00012225739192217588
Normal,SERPINE1,VTN,club cell,endothelial cell,0.006810985971242189,0.0,0.0
Normal,SERPINE1,PLAU,club cell,endothelial cell,0.006810985971242189,0.032519325613975525,0.0002214886771980673
Normal,SERPINE1,LRP1,club cell,B cell,0.006810985971242189,0.027416327968239784,0.00018673222803045064
Normal,SERPINE1,PLAUR,club cell,B cell,0.006810985971242189,0.011772379279136658,8.018151129363105e-05
Normal,SERPINE1,ITGAV,club cell,B cell,0.006810985971242189,0.06915748119354248,0.0004710306238848716
Normal,SERPINE1,ITGB3,club cell,B cell,0.006810985971242189,0.02003781497478485,0.0001364772761007771
Normal,SERPINE1,VTN,club cell,B cell,0.006810985971242189,0.0,0.0
Normal,SERPINE1,PLAU,club cell,B cell,0.006810985971242189,0.006701188627630472,4.5641700125997886e-05
Normal,SERPINE1,LRP1,club cell,pulmonary alveolar type 1 cell,0.006810985971242189,0.0587434358894825,0.0004001007182523608
Normal,SERPINE1,PLAUR,club cell,pulmonary alveolar type 1 cell,0.006810985971242189,0.12368427217006683,0.0008424118277616799
Normal,SERPINE1,ITGAV,club cell,pulmonary alveolar type 1 cell,0.006810985971242189,0.41951435804367065,0.002857306506484747
Normal,SERPINE1,ITGB3,club cell,pulmonary alveolar type 1 cell,0.006810985971242189,0.015503257513046265,0.00010559246584307402
Normal,SERPINE1,VTN,club cell,pulmonary alveolar type 1 cell,0.006810985971242189,0.0,0.0
Normal,SERPINE1,PLAU,club cell,pulmonary alveolar type 1 cell,0.006810985971242189,0.0010918190237134695,7.436363830493065e-06
Normal,SERPINE1,LRP1,club cell,club cell,0.006810985971242189,0.08631543815135956,0.000587893242482096
Normal,SERPINE1,PLAUR,club cell,club cell,0.006810985971242189,0.11950922757387161,0.0008139756973832846
Normal,SERPINE1,ITGAV,club cell,club cell,0.006810985971242189,0.21280433237552643,0.001449407311156392
Normal,SERPINE1,ITGB3,club cell,club cell,0.006810985971242189,0.028953084722161293,0.0001971990568563342
Normal,SERPINE1,VTN,club cell,club cell,0.006810985971242189,0.0,0.0
Normal,SERPINE1,PLAU,club cell,club cell,0.006810985971242189,0.005933290813118219,4.0411559893982485e-05
Normal,SERPINE1,LRP1,club cell,neutrophil,0.006810985971242189,0.014111633412539959,9.611413406673819e-05
Normal,SERPINE1,PLAUR,club cell,neutrophil,0.006810985971242189,2.2625458240509033,0.015410168096423149
Normal,SERPINE1,ITGAV,club cell,neutrophil,0.006810985971242189,0.037097059190273285,0.0002526675525587052
Normal,SERPINE1,ITGB3,club cell,neutrophil,0.006810985971242189,0.0,0.0
Normal,SERPINE1,VTN,club cell,neutrophil,0.006810985971242189,0.0,0.0
Normal,SERPINE1,PLAU,club cell,neutrophil,0.006810985971242189,0.11391173303127289,0.0007758511928841472
Normal,SERPINE1,LRP1,club cell,plasma cell,0.006810985971242189,0.03262129798531532,0.00022218319645617157
Normal,SERPINE1,PLAUR,club cell,plasma cell,0.006810985971242189,0.07067731022834778,0.0004813821578864008
Normal,SERPINE1,ITGAV,club cell,plasma cell,0.006810985971242189,0.1007995754480362,0.0006865445175208151
Normal,SERPINE1,ITGB3,club cell,plasma cell,0.006810985971242189,0.004957778379321098,3.376735912752338e-05
Normal,SERPINE1,VTN,club cell,plasma cell,0.006810985971242189,0.0,0.0
Normal,SERPINE1,PLAU,club cell,plasma cell,0.006810985971242189,0.0011446947464719415,7.796499630785547e-06
Normal,SERPINE1,LRP1,club cell,leukocyte,0.006810985971242189,0.19113506376743317,0.0013018182944506407
Normal,SERPINE1,PLAUR,club cell,leukocyte,0.006810985971242189,0.35691437125205994,0.002430938882753253
Normal,SERPINE1,ITGAV,club cell,leukocyte,0.006810985971242189,0.33996498584747314,0.0023154967930167913
Normal,SERPINE1,ITGB3,club cell,leukocyte,0.006810985971242189,0.004113916307687759,2.8019825549563393e-05
Normal,SERPINE1,VTN,club cell,leukocyte,0.006810985971242189,0.005431992933154106,3.699722947203554e-05
Normal,SERPINE1,PLAU,club cell,leukocyte,0.006810985971242189,0.0676087811589241,0.0004604824644047767
Normal,SERPINE1,LRP1,club cell,endothelial cell of lymphatic vessel,0.006810985971242189,0.02008569985628128,0.00013680341362487525
Normal,SERPINE1,PLAUR,club cell,endothelial cell of lymphatic vessel,0.006810985971242189,0.09317221492528915,0.0006345946458168328
Normal,SERPINE1,ITGAV,club cell,endothelial cell of lymphatic vessel,0.006810985971242189,0.6201860308647156,0.004224078264087439
Normal,SERPINE1,ITGB3,club cell,endothelial cell of lymphatic vessel,0.006810985971242189,0.03770211338996887,0.00025678856763988733
Normal,SERPINE1,VTN,club cell,endothelial cell of lymphatic vessel,0.006810985971242189,0.005374448373913765,3.6605291825253516e-05
Normal,SERPINE1,PLAU,club cell,endothelial cell of lymphatic vessel,0.006810985971242189,0.008077932521700859,5.501868508872576e-05
Normal,SERPINE1,LRP1,neutrophil,"CD4-positive, alpha-beta T cell",0.021727560088038445,0.014970630407333374,0.00032527526491321623
Normal,SERPINE1,PLAUR,neutrophil,"CD4-positive, alpha-beta T cell",0.021727560088038445,0.06878918409347534,0.0014946211595088243
Normal,SERPINE1,ITGAV,neutrophil,"CD4-positive, alpha-beta T cell",0.021727560088038445,0.1432809829711914,0.003113146172836423
Normal,SERPINE1,ITGB3,neutrophil,"CD4-positive, alpha-beta T cell",0.021727560088038445,0.0004901275970041752,1.0649277101038024e-05
Normal,SERPINE1,VTN,neutrophil,"CD4-positive, alpha-beta T cell",0.021727560088038445,0.0007507849368266761,1.6312724255840294e-05
Normal,SERPINE1,PLAU,neutrophil,"CD4-positive, alpha-beta T cell",0.021727560088038445,0.002736940048635006,5.946703095105477e-05
Normal,SERPINE1,LRP1,neutrophil,natural killer cell,0.021727560088038445,0.015207733027637005,0.00033042693394236267
Normal,SERPINE1,PLAUR,neutrophil,natural killer cell,0.021727560088038445,0.03888087719678879,0.0008447865839116275
Normal,SERPINE1,ITGAV,neutrophil,natural killer cell,0.021727560088038445,0.12946993112564087,0.002813065657392144
Normal,SERPINE1,ITGB3,neutrophil,natural killer cell,0.021727560088038445,0.0020600573625415564,4.476002141018398e-05
Normal,SERPINE1,VTN,neutrophil,natural killer cell,0.021727560088038445,0.00036771950544789433,7.98964720161166e-06
Normal,SERPINE1,PLAU,neutrophil,natural killer cell,0.021727560088038445,0.002590348245576024,5.628194776363671e-05
Normal,SERPINE1,LRP1,neutrophil,capillary endothelial cell,0.021727560088038445,0.04081709682941437,0.0008868559380061924
Normal,SERPINE1,PLAUR,neutrophil,capillary endothelial cell,0.021727560088038445,0.15086756646633148,0.0032779842149466276
Normal,SERPINE1,ITGAV,neutrophil,capillary endothelial cell,0.021727560088038445,1.0649206638336182,0.023138128221035004
Normal,SERPINE1,ITGB3,neutrophil,capillary endothelial cell,0.021727560088038445,0.005221290048211813,0.00011344589438522235
Normal,SERPINE1,VTN,neutrophil,capillary endothelial cell,0.021727560088038445,0.0013286990579217672,2.8869388188468292e-05
Normal,SERPINE1,PLAU,neutrophil,capillary endothelial cell,0.021727560088038445,0.10289759933948517,0.002235713880509138
Normal,SERPINE1,LRP1,neutrophil,macrophage,0.021727560088038445,1.0355989933013916,0.022501040250062943
Normal,SERPINE1,PLAUR,neutrophil,macrophage,0.021727560088038445,1.4066904783248901,0.030563952401280403
Normal,SERPINE1,ITGAV,neutrophil,macrophage,0.021727560088038445,0.4482908248901367,0.009740266017615795
Normal,SERPINE1,ITGB3,neutrophil,macrophage,0.021727560088038445,0.001214474905282259,2.638757723616436e-05
Normal,SERPINE1,VTN,neutrophil,macrophage,0.021727560088038445,0.02266676351428032,0.0004924934473820031
Normal,SERPINE1,PLAU,neutrophil,macrophage,0.021727560088038445,0.10081015527248383,0.002190358703956008
Normal,SERPINE1,LRP1,neutrophil,"CD8-positive, alpha-beta T cell",0.021727560088038445,0.018964122980833054,0.00041204411536455154
Normal,SERPINE1,PLAUR,neutrophil,"CD8-positive, alpha-beta T cell",0.021727560088038445,0.05417943745851517,0.00117718696128577
Normal,SERPINE1,ITGAV,neutrophil,"CD8-positive, alpha-beta T cell",0.021727560088038445,0.1800706833600998,0.003912496380507946
Normal,SERPINE1,ITGB3,neutrophil,"CD8-positive, alpha-beta T cell",0.021727560088038445,0.0023529811296612024,5.1124538003932685e-05
Normal,SERPINE1,VTN,neutrophil,"CD8-positive, alpha-beta T cell",0.021727560088038445,0.0,0.0
Normal,SERPINE1,PLAU,neutrophil,"CD8-positive, alpha-beta T cell",0.021727560088038445,0.0027266780380159616,5.9244059229968116e-05
Normal,SERPINE1,LRP1,neutrophil,monocyte,0.021727560088038445,0.5015445351600647,0.010897339321672916
Normal,SERPINE1,PLAUR,neutrophil,monocyte,0.021727560088038445,1.9285908937454224,0.041903574019670486
Normal,SERPINE1,ITGAV,neutrophil,monocyte,0.021727560088038445,0.22583134472370148,0.004906764253973961
Normal,SERPINE1,ITGB3,neutrophil,monocyte,0.021727560088038445,0.0019068242982029915,4.143063779338263e-05
Normal,SERPINE1,VTN,neutrophil,monocyte,0.021727560088038445,0.0002542365400586277,5.523939762497321e-06
Normal,SERPINE1,PLAU,neutrophil,monocyte,0.021727560088038445,0.021660732105374336,0.00047063486999832094
Normal,SERPINE1,LRP1,neutrophil,fibroblast,0.021727560088038445,1.1042487621307373,0.0239926315844059
Normal,SERPINE1,PLAUR,neutrophil,fibroblast,0.021727560088038445,0.3658265173435211,0.007948517799377441
Normal,SERPINE1,ITGAV,neutrophil,fibroblast,0.021727560088038445,0.48545774817466736,0.010547812096774578
Normal,SERPINE1,ITGB3,neutrophil,fibroblast,0.021727560088038445,0.016091804951429367,0.0003496356657706201
Normal,SERPINE1,VTN,neutrophil,fibroblast,0.021727560088038445,0.007628223858773708,0.00016574269102420658
Normal,SERPINE1,PLAU,neutrophil,fibroblast,0.021727560088038445,0.0512564443051815,0.0011136775137856603
Normal,SERPINE1,LRP1,neutrophil,conventional dendritic cell,0.021727560088038445,0.6445091366767883,0.014003611169755459
Normal,SERPINE1,PLAUR,neutrophil,conventional dendritic cell,0.021727560088038445,1.2957876920700073,0.02815430425107479
Normal,SERPINE1,ITGAV,neutrophil,conventional dendritic cell,0.021727560088038445,0.5384222269058228,0.011698600836098194
Normal,SERPINE1,ITGB3,neutrophil,conventional dendritic cell,0.021727560088038445,0.0274202860891819,0.0005957758985459805
Normal,SERPINE1,VTN,neutrophil,conventional dendritic cell,0.021727560088038445,0.006924258079379797,0.0001504472311353311
Normal,SERPINE1,PLAU,neutrophil,conventional dendritic cell,0.021727560088038445,0.3481919765472412,0.0075653619132936
Normal,SERPINE1,LRP1,neutrophil,mast cell,0.021727560088038445,0.014076117426156998,0.000305839697830379
Normal,SERPINE1,PLAUR,neutrophil,mast cell,0.021727560088038445,0.6777046322822571,0.014724868349730968
Normal,SERPINE1,ITGAV,neutrophil,mast cell,0.021727560088038445,0.3965514004230499,0.00861609447747469
Normal,SERPINE1,ITGB3,neutrophil,mast cell,0.021727560088038445,0.034890614449977875,0.0007580879027955234
Normal,SERPINE1,VTN,neutrophil,mast cell,0.021727560088038445,0.0005058146198280156,1.0990117516485043e-05
Normal,SERPINE1,PLAU,neutrophil,mast cell,0.021727560088038445,0.04867101460695267,0.0010575023479759693
Normal,SERPINE1,LRP1,neutrophil,pulmonary alveolar type 2 cell,0.021727560088038445,0.04979923740029335,0.001082015922293067
Normal,SERPINE1,PLAUR,neutrophil,pulmonary alveolar type 2 cell,0.021727560088038445,0.08510953187942505,0.0018492224626243114
Normal,SERPINE1,ITGAV,neutrophil,pulmonary alveolar type 2 cell,0.021727560088038445,0.3477472960948944,0.007555700372904539
Normal,SERPINE1,ITGB3,neutrophil,pulmonary alveolar type 2 cell,0.021727560088038445,0.001568294013850391,3.407520125620067e-05
Normal,SERPINE1,VTN,neutrophil,pulmonary alveolar type 2 cell,0.021727560088038445,0.001968085067346692,4.276168692740612e-05
Normal,SERPINE1,PLAU,neutrophil,pulmonary alveolar type 2 cell,0.021727560088038445,0.0009738014778122306,2.11583301279461e-05
Normal,SERPINE1,LRP1,neutrophil,vein endothelial cell,0.021727560088038445,0.01389493141323328,0.0003019029682036489
Normal,SERPINE1,PLAUR,neutrophil,vein endothelial cell,0.021727560088038445,0.36070504784584045,0.00783724058419466
Normal,SERPINE1,ITGAV,neutrophil,vein endothelial cell,0.021727560088038445,1.3018479347229004,0.028285978361964226
Normal,SERPINE1,ITGB3,neutrophil,vein endothelial cell,0.021727560088038445,0.14101922512054443,0.003064003773033619
Normal,SERPINE1,VTN,neutrophil,vein endothelial cell,0.021727560088038445,0.00043039844604209065,9.351508197141811e-06
Normal,SERPINE1,PLAU,neutrophil,vein endothelial cell,0.021727560088038445,0.01011657528579235,0.00021980849851388484
Normal,SERPINE1,LRP1,neutrophil,lung multiciliated epithelial cell,0.021727560088038445,0.10350595414638519,0.002248931908980012
Normal,SERPINE1,PLAUR,neutrophil,lung multiciliated epithelial cell,0.021727560088038445,0.09738852828741074,0.0021160151809453964
Normal,SERPINE1,ITGAV,neutrophil,lung multiciliated epithelial cell,0.021727560088038445,0.18617400527000427,0.004045106936246157
Normal,SERPINE1,ITGB3,neutrophil,lung multiciliated epithelial cell,0.021727560088038445,0.06405186653137207,0.0013916908064857125
Normal,SERPINE1,VTN,neutrophil,lung multiciliated epithelial cell,0.021727560088038445,0.005472810938954353,0.00011891082976944745
Normal,SERPINE1,PLAU,neutrophil,lung multiciliated epithelial cell,0.021727560088038445,0.02393346093595028,0.000520015717484057
Normal,SERPINE1,LRP1,neutrophil,smooth muscle cell,0.021727560088038445,0.571965754032135,0.012427420355379581
Normal,SERPINE1,PLAUR,neutrophil,smooth muscle cell,0.021727560088038445,0.08600547164678574,0.001868689083494246
Normal,SERPINE1,ITGAV,neutrophil,smooth muscle cell,0.021727560088038445,0.44389525055885315,0.009644760750234127
Normal,SERPINE1,ITGB3,neutrophil,smooth muscle cell,0.021727560088038445,0.016222920268774033,0.00035248446511104703
Normal,SERPINE1,VTN,neutrophil,smooth muscle cell,0.021727560088038445,0.06872478872537613,0.0014932219637557864
Normal,SERPINE1,PLAU,neutrophil,smooth muscle cell,0.021727560088038445,0.0348949059844017,0.0007581811514683068
Normal,SERPINE1,LRP1,neutrophil,endothelial cell,0.021727560088038445,0.04382266476750374,0.0009521595784462988
Normal,SERPINE1,PLAUR,neutrophil,endothelial cell,0.021727560088038445,0.28734296560287476,0.006243261508643627
Normal,SERPINE1,ITGAV,neutrophil,endothelial cell,0.021727560088038445,1.3687506914138794,0.029739612713456154
Normal,SERPINE1,ITGB3,neutrophil,endothelial cell,0.021727560088038445,0.01795002818107605,0.0003900103038176894
Normal,SERPINE1,VTN,neutrophil,endothelial cell,0.021727560088038445,0.0,0.0
Normal,SERPINE1,PLAU,neutrophil,endothelial cell,0.021727560088038445,0.032519325613975525,0.0007065656245686114
Normal,SERPINE1,LRP1,neutrophil,B cell,0.021727560088038445,0.027416327968239784,0.0005956899258308113
Normal,SERPINE1,PLAUR,neutrophil,B cell,0.021727560088038445,0.011772379279136658,0.00025578506756573915
Normal,SERPINE1,ITGAV,neutrophil,B cell,0.021727560088038445,0.06915748119354248,0.0015026233159005642
Normal,SERPINE1,ITGB3,neutrophil,B cell,0.021727560088038445,0.02003781497478485,0.00043537281453609467
Normal,SERPINE1,VTN,neutrophil,B cell,0.021727560088038445,0.0,0.0
Normal,SERPINE1,PLAU,neutrophil,B cell,0.021727560088038445,0.006701188627630472,0.00014560048293787986
Normal,SERPINE1,LRP1,neutrophil,pulmonary alveolar type 1 cell,0.021727560088038445,0.0587434358894825,0.001276351511478424
Normal,SERPINE1,PLAUR,neutrophil,pulmonary alveolar type 1 cell,0.021727560088038445,0.12368427217006683,0.0026873573660850525
Normal,SERPINE1,ITGAV,neutrophil,pulmonary alveolar type 1 cell,0.021727560088038445,0.41951435804367065,0.009115023538470268
Normal,SERPINE1,ITGB3,neutrophil,pulmonary alveolar type 1 cell,0.021727560088038445,0.015503257513046265,0.00033684796653687954
Normal,SERPINE1,VTN,neutrophil,pulmonary alveolar type 1 cell,0.021727560088038445,0.0,0.0
Normal,SERPINE1,PLAU,neutrophil,pulmonary alveolar type 1 cell,0.021727560088038445,0.0010918190237134695,2.3722563128103502e-05
Normal,SERPINE1,LRP1,neutrophil,club cell,0.021727560088038445,0.08631543815135956,0.001875423826277256
Normal,SERPINE1,PLAUR,neutrophil,club cell,0.021727560088038445,0.11950922757387161,0.0025966439861804247
Normal,SERPINE1,ITGAV,neutrophil,club cell,0.021727560088038445,0.21280433237552643,0.004623719025403261
Normal,SERPINE1,ITGB3,neutrophil,club cell,0.021727560088038445,0.028953084722161293,0.0006290798773989081
Normal,SERPINE1,VTN,neutrophil,club cell,0.021727560088038445,0.0,0.0
Normal,SERPINE1,PLAU,neutrophil,club cell,0.021727560088038445,0.005933290813118219,0.00012891592632513493
Normal,SERPINE1,LRP1,neutrophil,neutrophil,0.021727560088038445,0.014111633412539959,0.00030661135679110885
Normal,SERPINE1,PLAUR,neutrophil,neutrophil,0.021727560088038445,2.2625458240509033,0.04915960133075714
Normal,SERPINE1,ITGAV,neutrophil,neutrophil,0.021727560088038445,0.037097059190273285,0.0008060286054387689
Normal,SERPINE1,ITGB3,neutrophil,neutrophil,0.021727560088038445,0.0,0.0
Normal,SERPINE1,VTN,neutrophil,neutrophil,0.021727560088038445,0.0,0.0
Normal,SERPINE1,PLAU,neutrophil,neutrophil,0.021727560088038445,0.11391173303127289,0.0024750239681452513
Normal,SERPINE1,LRP1,neutrophil,plasma cell,0.021727560088038445,0.03262129798531532,0.0007087812409736216
Normal,SERPINE1,PLAUR,neutrophil,plasma cell,0.021727560088038445,0.07067731022834778,0.0015356454532593489
Normal,SERPINE1,ITGAV,neutrophil,plasma cell,0.021727560088038445,0.1007995754480362,0.0021901289001107216
Normal,SERPINE1,ITGB3,neutrophil,plasma cell,0.021727560088038445,0.004957778379321098,0.00010772042878670618
Normal,SERPINE1,VTN,neutrophil,plasma cell,0.021727560088038445,0.0,0.0
Normal,SERPINE1,PLAU,neutrophil,plasma cell,0.021727560088038445,0.0011446947464719415,2.487142410245724e-05
Normal,SERPINE1,LRP1,neutrophil,leukocyte,0.021727560088038445,0.19113506376743317,0.0041528986766934395
Normal,SERPINE1,PLAUR,neutrophil,leukocyte,0.021727560088038445,0.35691437125205994,0.007754878606647253
Normal,SERPINE1,ITGAV,neutrophil,leukocyte,0.021727560088038445,0.33996498584747314,0.007386609446257353
Normal,SERPINE1,ITGB3,neutrophil,leukocyte,0.021727560088038445,0.004113916307687759,8.938536484492943e-05
Normal,SERPINE1,VTN,neutrophil,leukocyte,0.021727560088038445,0.005431992933154106,0.00011802395601989701
Normal,SERPINE1,PLAU,neutrophil,leukocyte,0.021727560088038445,0.0676087811589241,0.0014689738163724542
Normal,SERPINE1,LRP1,neutrophil,endothelial cell of lymphatic vessel,0.021727560088038445,0.02008569985628128,0.00043641324737109244
Normal,SERPINE1,PLAUR,neutrophil,endothelial cell of lymphatic vessel,0.021727560088038445,0.09317221492528915,0.002024404937401414
Normal,SERPINE1,ITGAV,neutrophil,endothelial cell of lymphatic vessel,0.021727560088038445,0.6201860308647156,0.013475129380822182
Normal,SERPINE1,ITGB3,neutrophil,endothelial cell of lymphatic vessel,0.021727560088038445,0.03770211338996887,0.0008191749220713973
Normal,SERPINE1,VTN,neutrophil,endothelial cell of lymphatic vessel,0.021727560088038445,0.005374448373913765,0.00011677364818751812
Normal,SERPINE1,PLAU,neutrophil,endothelial cell of lymphatic vessel,0.021727560088038445,0.008077932521700859,0.00017551376367919147
Normal,SERPINE1,LRP1,plasma cell,"CD4-positive, alpha-beta T cell",0.025834092870354652,0.014970630407333374,0.0003867526538670063
Normal,SERPINE1,PLAUR,plasma cell,"CD4-positive, alpha-beta T cell",0.025834092870354652,0.06878918409347534,0.0017771061975508928
Normal,SERPINE1,ITGAV,plasma cell,"CD4-positive, alpha-beta T cell",0.025834092870354652,0.1432809829711914,0.0037015341222286224
Normal,SERPINE1,ITGB3,plasma cell,"CD4-positive, alpha-beta T cell",0.025834092870354652,0.0004901275970041752,1.2662001608987339e-05
Normal,SERPINE1,VTN,plasma cell,"CD4-positive, alpha-beta T cell",0.025834092870354652,0.0007507849368266761,1.9395847630221397e-05
Normal,SERPINE1,PLAU,plasma cell,"CD4-positive, alpha-beta T cell",0.025834092870354652,0.002736940048635006,7.070636638673022e-05
Normal,SERPINE1,LRP1,plasma cell,natural killer cell,0.025834092870354652,0.015207733027637005,0.00039287799154408276
Normal,SERPINE1,PLAUR,plasma cell,natural killer cell,0.025834092870354652,0.03888087719678879,0.0010044522350654006
Normal,SERPINE1,ITGAV,plasma cell,natural killer cell,0.025834092870354652,0.12946993112564087,0.003344738157466054
Normal,SERPINE1,ITGB3,plasma cell,natural killer cell,0.025834092870354652,0.0020600573625415564,5.321971184457652e-05
Normal,SERPINE1,VTN,plasma cell,natural killer cell,0.025834092870354652,0.00036771950544789433,9.499699444859289e-06
Normal,SERPINE1,PLAU,plasma cell,natural killer cell,0.025834092870354652,0.002590348245576024,6.691929593216628e-05
Normal,SERPINE1,LRP1,plasma cell,capillary endothelial cell,0.025834092870354652,0.04081709682941437,0.0010544726392254233
Normal,SERPINE1,PLAUR,plasma cell,capillary endothelial cell,0.025834092870354652,0.15086756646633148,0.003897526767104864
Normal,SERPINE1,ITGAV,plasma cell,capillary endothelial cell,0.025834092870354652,1.0649206638336182,0.02751125954091549
Normal,SERPINE1,ITGB3,plasma cell,capillary endothelial cell,0.025834092870354652,0.005221290048211813,0.00013488729018718004
Normal,SERPINE1,VTN,plasma cell,capillary endothelial cell,0.025834092870354652,0.0013286990579217672,3.432573430472985e-05
Normal,SERPINE1,PLAU,plasma cell,capillary endothelial cell,0.025834092870354652,0.10289759933948517,0.002658266108483076
Normal,SERPINE1,LRP1,plasma cell,macrophage,0.025834092870354652,1.0355989933013916,0.026753760874271393
Normal,SERPINE1,PLAUR,plasma cell,macrophage,0.025834092870354652,1.4066904783248901,0.03634057193994522
Normal,SERPINE1,ITGAV,plasma cell,macrophage,0.025834092870354652,0.4482908248901367,0.011581187136471272
Normal,SERPINE1,ITGB3,plasma cell,macrophage,0.025834092870354652,0.001214474905282259,3.137485691695474e-05
Normal,SERPINE1,VTN,plasma cell,macrophage,0.025834092870354652,0.02266676351428032,0.0005855752970091999
Normal,SERPINE1,PLAU,plasma cell,macrophage,0.025834092870354652,0.10081015527248383,0.0026043388061225414
Normal,SERPINE1,LRP1,plasma cell,"CD8-positive, alpha-beta T cell",0.025834092870354652,0.018964122980833054,0.0004899209016002715
Normal,SERPINE1,PLAUR,plasma cell,"CD8-positive, alpha-beta T cell",0.025834092870354652,0.05417943745851517,0.0013996766647323966
Normal,SERPINE1,ITGAV,plasma cell,"CD8-positive, alpha-beta T cell",0.025834092870354652,0.1800706833600998,0.0046519627794623375
Normal,SERPINE1,ITGB3,plasma cell,"CD8-positive, alpha-beta T cell",0.025834092870354652,0.0023529811296612024,6.0787133406847715e-05
Normal,SERPINE1,VTN,plasma cell,"CD8-positive, alpha-beta T cell",0.025834092870354652,0.0,0.0
Normal,SERPINE1,PLAU,plasma cell,"CD8-positive, alpha-beta T cell",0.025834092870354652,0.0027266780380159616,7.044125231914222e-05
Normal,SERPINE1,LRP1,plasma cell,monocyte,0.025834092870354652,0.5015445351600647,0.012956948019564152
Normal,SERPINE1,PLAUR,plasma cell,monocyte,0.025834092870354652,1.9285908937454224,0.049823395907878876
Normal,SERPINE1,ITGAV,plasma cell,monocyte,0.025834092870354652,0.22583134472370148,0.005834147799760103
Normal,SERPINE1,ITGB3,plasma cell,monocyte,0.025834092870354652,0.0019068242982029915,4.926107430947013e-05
Normal,SERPINE1,VTN,plasma cell,monocyte,0.025834092870354652,0.0002542365400586277,6.567970558535308e-06
Normal,SERPINE1,PLAU,plasma cell,monocyte,0.025834092870354652,0.021660732105374336,0.000559585343580693
Normal,SERPINE1,LRP1,plasma cell,fibroblast,0.025834092870354652,1.1042487621307373,0.028527265414595604
Normal,SERPINE1,PLAUR,plasma cell,fibroblast,0.025834092870354652,0.3658265173435211,0.00945079606026411
Normal,SERPINE1,ITGAV,plasma cell,fibroblast,0.025834092870354652,0.48545774817466736,0.012541360221803188
Normal,SERPINE1,ITGB3,plasma cell,fibroblast,0.025834092870354652,0.016091804951429367,0.0004157171933911741
Normal,SERPINE1,VTN,plasma cell,fibroblast,0.025834092870354652,0.007628223858773708,0.00019706824969034642
Normal,SERPINE1,PLAU,plasma cell,fibroblast,0.025834092870354652,0.0512564443051815,0.0013241637498140335
Normal,SERPINE1,LRP1,plasma cell,conventional dendritic cell,0.025834092870354652,0.6445091366767883,0.016650309786200523
Normal,SERPINE1,PLAUR,plasma cell,conventional dendritic cell,0.025834092870354652,1.2957876920700073,0.03347549960017204
Normal,SERPINE1,ITGAV,plasma cell,conventional dendritic cell,0.025834092870354652,0.5384222269058228,0.013909650035202503
Normal,SERPINE1,ITGB3,plasma cell,conventional dendritic cell,0.025834092870354652,0.0274202860891819,0.0007083782111294568
Normal,SERPINE1,VTN,plasma cell,conventional dendritic cell,0.025834092870354652,0.006924258079379797,0.0001788819208741188
Normal,SERPINE1,PLAU,plasma cell,conventional dendritic cell,0.025834092870354652,0.3481919765472412,0.00899522379040718
Normal,SERPINE1,LRP1,plasma cell,mast cell,0.025834092870354652,0.014076117426156998,0.000363643717719242
Normal,SERPINE1,PLAUR,plasma cell,mast cell,0.025834092870354652,0.6777046322822571,0.0175078846514225
Normal,SERPINE1,ITGAV,plasma cell,mast cell,0.025834092870354652,0.3965514004230499,0.01024454552680254
Normal,SERPINE1,ITGB3,plasma cell,mast cell,0.025834092870354652,0.034890614449977875,0.0009013673989102244
Normal,SERPINE1,VTN,plasma cell,mast cell,0.025834092870354652,0.0005058146198280156,1.3067261534160934e-05
Normal,SERPINE1,PLAU,plasma cell,mast cell,0.025834092870354652,0.04867101460695267,0.001257371506653726
Normal,SERPINE1,LRP1,plasma cell,pulmonary alveolar type 2 cell,0.025834092870354652,0.04979923740029335,0.0012865181779488921
Normal,SERPINE1,PLAUR,plasma cell,pulmonary alveolar type 2 cell,0.025834092870354652,0.08510953187942505,0.0021987275686115026
Normal,SERPINE1,ITGAV,plasma cell,pulmonary alveolar type 2 cell,0.025834092870354652,0.3477472960948944,0.008983735926449299
Normal,SERPINE1,ITGB3,plasma cell,pulmonary alveolar type 2 cell,0.025834092870354652,0.001568294013850391,4.051545329275541e-05
Normal,SERPINE1,VTN,plasma cell,pulmonary alveolar type 2 cell,0.025834092870354652,0.001968085067346692,5.084369331598282e-05
Normal,SERPINE1,PLAU,plasma cell,pulmonary alveolar type 2 cell,0.025834092870354652,0.0009738014778122306,2.515727828722447e-05
Normal,SERPINE1,LRP1,plasma cell,vein endothelial cell,0.025834092870354652,0.01389493141323328,0.0003589629486668855
Normal,SERPINE1,PLAUR,plasma cell,vein endothelial cell,0.025834092870354652,0.36070504784584045,0.009318487718701363
Normal,SERPINE1,ITGAV,plasma cell,vein endothelial cell,0.025834092870354652,1.3018479347229004,0.0336320586502552
Normal,SERPINE1,ITGB3,plasma cell,vein endothelial cell,0.025834092870354652,0.14101922512054443,0.0036431036423891783
Normal,SERPINE1,VTN,plasma cell,vein endothelial cell,0.025834092870354652,0.00043039844604209065,1.111895380745409e-05
Normal,SERPINE1,PLAU,plasma cell,vein endothelial cell,0.025834092870354652,0.01011657528579235,0.00026135254302062094
Normal,SERPINE1,LRP1,plasma cell,lung multiciliated epithelial cell,0.025834092870354652,0.10350595414638519,0.002673982409760356
Normal,SERPINE1,PLAUR,plasma cell,lung multiciliated epithelial cell,0.025834092870354652,0.09738852828741074,0.0025159441865980625
Normal,SERPINE1,ITGAV,plasma cell,lung multiciliated epithelial cell,0.025834092870354652,0.18617400527000427,0.004809636622667313
Normal,SERPINE1,ITGB3,plasma cell,lung multiciliated epithelial cell,0.025834092870354652,0.06405186653137207,0.0016547219129279256
Normal,SERPINE1,VTN,plasma cell,lung multiciliated epithelial cell,0.025834092870354652,0.005472810938954353,0.000141385113238357
Normal,SERPINE1,PLAU,plasma cell,lung multiciliated epithelial cell,0.025834092870354652,0.02393346093595028,0.0006182992365211248
Normal,SERPINE1,LRP1,plasma cell,smooth muscle cell,0.025834092870354652,0.571965754032135,0.014776216819882393
Normal,SERPINE1,PLAUR,plasma cell,smooth muscle cell,0.025834092870354652,0.08600547164678574,0.002221873262897134
Normal,SERPINE1,ITGAV,plasma cell,smooth muscle cell,0.025834092870354652,0.44389525055885315,0.011467630974948406
Normal,SERPINE1,ITGB3,plasma cell,smooth muscle cell,0.025834092870354652,0.016222920268774033,0.00041910444269888103
Normal,SERPINE1,VTN,plasma cell,smooth muscle cell,0.025834092870354652,0.06872478872537613,0.001775442622601986
Normal,SERPINE1,PLAU,plasma cell,smooth muscle cell,0.025834092870354652,0.0348949059844017,0.0009014782262966037
Normal,SERPINE1,LRP1,plasma cell,endothelial cell,0.025834092870354652,0.04382266476750374,0.0011321187485009432
Normal,SERPINE1,PLAUR,plasma cell,endothelial cell,0.025834092870354652,0.28734296560287476,0.007423244882375002
Normal,SERPINE1,ITGAV,plasma cell,endothelial cell,0.025834092870354652,1.3687506914138794,0.0353604331612587
Normal,SERPINE1,ITGB3,plasma cell,endothelial cell,0.025834092870354652,0.01795002818107605,0.0004637226811610162
Normal,SERPINE1,VTN,plasma cell,endothelial cell,0.025834092870354652,0.0,0.0
Normal,SERPINE1,PLAU,plasma cell,endothelial cell,0.025834092870354652,0.032519325613975525,0.0008401072700507939
Normal,SERPINE1,LRP1,plasma cell,B cell,0.025834092870354652,0.027416327968239784,0.0007082759402692318
Normal,SERPINE1,PLAUR,plasma cell,B cell,0.025834092870354652,0.011772379279136658,0.00030412874184548855
Normal,SERPINE1,ITGAV,plasma cell,B cell,0.025834092870354652,0.06915748119354248,0.0017866208218038082
Normal,SERPINE1,ITGB3,plasma cell,B cell,0.025834092870354652,0.02003781497478485,0.0005176587728783488
Normal,SERPINE1,VTN,plasma cell,B cell,0.025834092870354652,0.0,0.0
Normal,SERPINE1,PLAU,plasma cell,B cell,0.025834092870354652,0.006701188627630472,0.00017311912961304188
Normal,SERPINE1,LRP1,plasma cell,pulmonary alveolar type 1 cell,0.025834092870354652,0.0587434358894825,0.0015175833832472563
Normal,SERPINE1,PLAUR,plasma cell,pulmonary alveolar type 1 cell,0.025834092870354652,0.12368427217006683,0.0031952708959579468
Normal,SERPINE1,ITGAV,plasma cell,pulmonary alveolar type 1 cell,0.025834092870354652,0.41951435804367065,0.010837772861123085
Normal,SERPINE1,ITGB3,plasma cell,pulmonary alveolar type 1 cell,0.025834092870354652,0.015503257513046265,0.0004005125956609845
Normal,SERPINE1,VTN,plasma cell,pulmonary alveolar type 1 cell,0.025834092870354652,0.0,0.0
Normal,SERPINE1,PLAU,plasma cell,pulmonary alveolar type 1 cell,0.025834092870354652,0.0010918190237134695,2.8206153729115613e-05
Normal,SERPINE1,LRP1,plasma cell,club cell,0.025834092870354652,0.08631543815135956,0.0022298810072243214
Normal,SERPINE1,PLAUR,plasma cell,club cell,0.025834092870354652,0.11950922757387161,0.003087412565946579
Normal,SERPINE1,ITGAV,plasma cell,club cell,0.025834092870354652,0.21280433237552643,0.005497606936842203
Normal,SERPINE1,ITGB3,plasma cell,club cell,0.025834092870354652,0.028953084722161293,0.0007479767082259059
Normal,SERPINE1,VTN,plasma cell,club cell,0.025834092870354652,0.0,0.0
Normal,SERPINE1,PLAU,plasma cell,club cell,0.025834092870354652,0.005933290813118219,0.00015328118752222508
Normal,SERPINE1,LRP1,plasma cell,neutrophil,0.025834092870354652,0.014111633412539959,0.00036456124507822096
Normal,SERPINE1,PLAUR,plasma cell,neutrophil,0.025834092870354652,2.2625458240509033,0.05845081806182861
Normal,SERPINE1,ITGAV,plasma cell,neutrophil,0.025834092870354652,0.037097059190273285,0.000958368880674243
Normal,SERPINE1,ITGB3,plasma cell,neutrophil,0.025834092870354652,0.0,0.0
Normal,SERPINE1,VTN,plasma cell,neutrophil,0.025834092870354652,0.0,0.0
Normal,SERPINE1,PLAU,plasma cell,neutrophil,0.025834092870354652,0.11391173303127289,0.0029428063426166773
Normal,SERPINE1,LRP1,plasma cell,plasma cell,0.025834092870354652,0.03262129798531532,0.0008427416323684156
Normal,SERPINE1,PLAUR,plasma cell,plasma cell,0.025834092870354652,0.07067731022834778,0.0018258842173963785
Normal,SERPINE1,ITGAV,plasma cell,plasma cell,0.025834092870354652,0.1007995754480362,0.0026040656957775354
Normal,SERPINE1,ITGB3,plasma cell,plasma cell,0.025834092870354652,0.004957778379321098,0.00012807970051653683
Normal,SERPINE1,VTN,plasma cell,plasma cell,0.025834092870354652,0.0,0.0
Normal,SERPINE1,PLAU,plasma cell,plasma cell,0.025834092870354652,0.0011446947464719415,2.9572151106549427e-05
Normal,SERPINE1,LRP1,plasma cell,leukocyte,0.025834092870354652,0.19113506376743317,0.004937801044434309
Normal,SERPINE1,PLAUR,plasma cell,leukocyte,0.025834092870354652,0.35691437125205994,0.009220559149980545
Normal,SERPINE1,ITGAV,plasma cell,leukocyte,0.025834092870354652,0.33996498584747314,0.008782686665654182
Normal,SERPINE1,ITGB3,plasma cell,leukocyte,0.025834092870354652,0.004113916307687759,0.0001062792944139801
Normal,SERPINE1,VTN,plasma cell,leukocyte,0.025834092870354652,0.005431992933154106,0.0001403306087013334
Normal,SERPINE1,PLAU,plasma cell,leukocyte,0.025834092870354652,0.0676087811589241,0.0017466115532442927
Normal,SERPINE1,LRP1,plasma cell,endothelial cell of lymphatic vessel,0.025834092870354652,0.02008569985628128,0.0005188958602957428
Normal,SERPINE1,PLAUR,plasma cell,endothelial cell of lymphatic vessel,0.025834092870354652,0.09317221492528915,0.0024070197250694036
Normal,SERPINE1,ITGAV,plasma cell,endothelial cell of lymphatic vessel,0.025834092870354652,0.6201860308647156,0.01602194271981716
Normal,SERPINE1,ITGB3,plasma cell,endothelial cell of lymphatic vessel,0.025834092870354652,0.03770211338996887,0.0009739999077282846
Normal,SERPINE1,VTN,plasma cell,endothelial cell of lymphatic vessel,0.025834092870354652,0.005374448373913765,0.00013884399959351867
Normal,SERPINE1,PLAU,plasma cell,endothelial cell of lymphatic vessel,0.025834092870354652,0.008077932521700859,0.00020868606225121766
Normal,SERPINE1,LRP1,leukocyte,"CD4-positive, alpha-beta T cell",0.1651296317577362,0.014970630407333374,0.002472094725817442
Normal,SERPINE1,PLAUR,leukocyte,"CD4-positive, alpha-beta T cell",0.1651296317577362,0.06878918409347534,0.011359132826328278
Normal,SERPINE1,ITGAV,leukocyte,"CD4-positive, alpha-beta T cell",0.1651296317577362,0.1432809829711914,0.02365993522107601
Normal,SERPINE1,ITGB3,leukocyte,"CD4-positive, alpha-beta T cell",0.1651296317577362,0.0004901275970041752,8.093458745861426e-05
Normal,SERPINE1,VTN,leukocyte,"CD4-positive, alpha-beta T cell",0.1651296317577362,0.0007507849368266761,0.0001239768462255597
Normal,SERPINE1,PLAU,leukocyte,"CD4-positive, alpha-beta T cell",0.1651296317577362,0.002736940048635006,0.0004519498907029629
Normal,SERPINE1,LRP1,leukocyte,natural killer cell,0.1651296317577362,0.015207733027637005,0.002511247294023633
Normal,SERPINE1,PLAUR,leukocyte,natural killer cell,0.1651296317577362,0.03888087719678879,0.006420385092496872
Normal,SERPINE1,ITGAV,leukocyte,natural killer cell,0.1651296317577362,0.12946993112564087,0.021379321813583374
Normal,SERPINE1,ITGB3,leukocyte,natural killer cell,0.1651296317577362,0.0020600573625415564,0.00034017651341855526
Normal,SERPINE1,VTN,leukocyte,natural killer cell,0.1651296317577362,0.00036771950544789433,6.0721387853845954e-05
Normal,SERPINE1,PLAU,leukocyte,natural killer cell,0.1651296317577362,0.002590348245576024,0.0004277432453818619
Normal,SERPINE1,LRP1,leukocyte,capillary endothelial cell,0.1651296317577362,0.04081709682941437,0.0067401123233139515
Normal,SERPINE1,PLAUR,leukocyte,capillary endothelial cell,0.1651296317577362,0.15086756646633148,0.024912705644965172
Normal,SERPINE1,ITGAV,leukocyte,capillary endothelial cell,0.1651296317577362,1.0649206638336182,0.17584995925426483
Normal,SERPINE1,ITGB3,leukocyte,capillary endothelial cell,0.1651296317577362,0.005221290048211813,0.0008621896849945188
Normal,SERPINE1,VTN,leukocyte,capillary endothelial cell,0.1651296317577362,0.0013286990579217672,0.00021940759324934334
Normal,SERPINE1,PLAU,leukocyte,capillary endothelial cell,0.1651296317577362,0.10289759933948517,0.016991442069411278
Normal,SERPINE1,LRP1,leukocyte,macrophage,0.1651296317577362,1.0355989933013916,0.17100808024406433
Normal,SERPINE1,PLAUR,leukocyte,macrophage,0.1651296317577362,1.4066904783248901,0.232286274433136
Normal,SERPINE1,ITGAV,leukocyte,macrophage,0.1651296317577362,0.4482908248901367,0.07402610033750534
Normal,SERPINE1,ITGB3,leukocyte,macrophage,0.1651296317577362,0.001214474905282259,0.0002005457936320454
Normal,SERPINE1,VTN,leukocyte,macrophage,0.1651296317577362,0.02266676351428032,0.0037429542280733585
Normal,SERPINE1,PLAU,leukocyte,macrophage,0.1651296317577362,0.10081015527248383,0.016646744683384895
Normal,SERPINE1,LRP1,leukocyte,"CD8-positive, alpha-beta T cell",0.1651296317577362,0.018964122980833054,0.0031315386295318604
Normal,SERPINE1,PLAUR,leukocyte,"CD8-positive, alpha-beta T cell",0.1651296317577362,0.05417943745851517,0.008946630172431469
Normal,SERPINE1,ITGAV,leukocyte,"CD8-positive, alpha-beta T cell",0.1651296317577362,0.1800706833600998,0.029735006392002106
Normal,SERPINE1,ITGB3,leukocyte,"CD8-positive, alpha-beta T cell",0.1651296317577362,0.0023529811296612024,0.00038854690501466393
Normal,SERPINE1,VTN,leukocyte,"CD8-positive, alpha-beta T cell",0.1651296317577362,0.0,0.0
Normal,SERPINE1,PLAU,leukocyte,"CD8-positive, alpha-beta T cell",0.1651296317577362,0.0027266780380159616,0.00045025534927845
Normal,SERPINE1,LRP1,leukocyte,monocyte,0.1651296317577362,0.5015445351600647,0.082819864153862
Normal,SERPINE1,PLAUR,leukocyte,monocyte,0.1651296317577362,1.9285908937454224,0.31846749782562256
Normal,SERPINE1,ITGAV,leukocyte,monocyte,0.1651296317577362,0.22583134472370148,0.037291448563337326
Normal,SERPINE1,ITGB3,leukocyte,monocyte,0.1651296317577362,0.0019068242982029915,0.0003148732066620141
Normal,SERPINE1,VTN,leukocyte,monocyte,0.1651296317577362,0.0002542365400586277,4.198198803351261e-05
Normal,SERPINE1,PLAU,leukocyte,monocyte,0.1651296317577362,0.021660732105374336,0.003576828632503748
Normal,SERPINE1,LRP1,leukocyte,fibroblast,0.1651296317577362,1.1042487621307373,0.1823441982269287
Normal,SERPINE1,PLAUR,leukocyte,fibroblast,0.1651296317577362,0.3658265173435211,0.06040879711508751
Normal,SERPINE1,ITGAV,leukocyte,fibroblast,0.1651296317577362,0.48545774817466736,0.08016345649957657
Normal,SERPINE1,ITGB3,leukocyte,fibroblast,0.1651296317577362,0.016091804951429367,0.002657233737409115
Normal,SERPINE1,VTN,leukocyte,fibroblast,0.1651296317577362,0.007628223858773708,0.001259645796380937
Normal,SERPINE1,PLAU,leukocyte,fibroblast,0.1651296317577362,0.0512564443051815,0.008463957346975803
Normal,SERPINE1,LRP1,leukocyte,conventional dendritic cell,0.1651296317577362,0.6445091366767883,0.10642755776643753
Normal,SERPINE1,PLAUR,leukocyte,conventional dendritic cell,0.1651296317577362,1.2957876920700073,0.21397294104099274
Normal,SERPINE1,ITGAV,leukocyte,conventional dendritic cell,0.1651296317577362,0.5384222269058228,0.08890946209430695
Normal,SERPINE1,ITGB3,leukocyte,conventional dendritic cell,0.1651296317577362,0.0274202860891819,0.004527901764959097
Normal,SERPINE1,VTN,leukocyte,conventional dendritic cell,0.1651296317577362,0.006924258079379797,0.001143400208093226
Normal,SERPINE1,PLAU,leukocyte,conventional dendritic cell,0.1651296317577362,0.3481919765472412,0.0574968121945858
Normal,SERPINE1,LRP1,leukocyte,mast cell,0.1651296317577362,0.014076117426156998,0.002324384171515703
Normal,SERPINE1,PLAUR,leukocyte,mast cell,0.1651296317577362,0.6777046322822571,0.11190911382436752
Normal,SERPINE1,ITGAV,leukocyte,mast cell,0.1651296317577362,0.3965514004230499,0.06548238545656204
Normal,SERPINE1,ITGB3,leukocyte,mast cell,0.1651296317577362,0.034890614449977875,0.005761474370956421
Normal,SERPINE1,VTN,leukocyte,mast cell,0.1651296317577362,0.0005058146198280156,8.352498116437346e-05
Normal,SERPINE1,PLAU,leukocyte,mast cell,0.1651296317577362,0.04867101460695267,0.008037026971578598
Normal,SERPINE1,LRP1,leukocyte,pulmonary alveolar type 2 cell,0.1651296317577362,0.04979923740029335,0.008223329670727253
Normal,SERPINE1,PLAUR,leukocyte,pulmonary alveolar type 2 cell,0.1651296317577362,0.08510953187942505,0.01405410561710596
Normal,SERPINE1,ITGAV,leukocyte,pulmonary alveolar type 2 cell,0.1651296317577362,0.3477472960948944,0.05742338299751282
Normal,SERPINE1,ITGB3,leukocyte,pulmonary alveolar type 2 cell,0.1651296317577362,0.001568294013850391,0.00025897182058542967
Normal,SERPINE1,VTN,leukocyte,pulmonary alveolar type 2 cell,0.1651296317577362,0.001968085067346692,0.00032498917425982654
Normal,SERPINE1,PLAU,leukocyte,pulmonary alveolar type 2 cell,0.1651296317577362,0.0009738014778122306,0.0001608034799573943
Normal,SERPINE1,LRP1,leukocyte,vein endothelial cell,0.1651296317577362,0.01389493141323328,0.0022944649681448936
Normal,SERPINE1,PLAUR,leukocyte,vein endothelial cell,0.1651296317577362,0.36070504784584045,0.05956309288740158
Normal,SERPINE1,ITGAV,leukocyte,vein endothelial cell,0.1651296317577362,1.3018479347229004,0.21497367322444916
Normal,SERPINE1,ITGB3,leukocyte,vein endothelial cell,0.1651296317577362,0.14101922512054443,0.023286452516913414
Normal,SERPINE1,VTN,leukocyte,vein endothelial cell,0.1651296317577362,0.00043039844604209065,7.107153942342848e-05
Normal,SERPINE1,PLAU,leukocyte,vein endothelial cell,0.1651296317577362,0.01011657528579235,0.0016705463640391827
Normal,SERPINE1,LRP1,leukocyte,lung multiciliated epithelial cell,0.1651296317577362,0.10350595414638519,0.01709190011024475
Normal,SERPINE1,PLAUR,leukocyte,lung multiciliated epithelial cell,0.1651296317577362,0.09738852828741074,0.016081731766462326
Normal,SERPINE1,ITGAV,leukocyte,lung multiciliated epithelial cell,0.1651296317577362,0.18617400527000427,0.030742844566702843
Normal,SERPINE1,ITGB3,leukocyte,lung multiciliated epithelial cell,0.1651296317577362,0.06405186653137207,0.01057686097919941
Normal,SERPINE1,VTN,leukocyte,lung multiciliated epithelial cell,0.1651296317577362,0.005472810938954353,0.0009037232375703752
Normal,SERPINE1,PLAU,leukocyte,lung multiciliated epithelial cell,0.1651296317577362,0.02393346093595028,0.003952123690396547
Normal,SERPINE1,LRP1,leukocyte,smooth muscle cell,0.1651296317577362,0.571965754032135,0.09444849193096161
Normal,SERPINE1,PLAUR,leukocyte,smooth muscle cell,0.1651296317577362,0.08600547164678574,0.014202051796019077
Normal,SERPINE1,ITGAV,leukocyte,smooth muscle cell,0.1651296317577362,0.44389525055885315,0.07330025732517242
Normal,SERPINE1,ITGB3,leukocyte,smooth muscle cell,0.1651296317577362,0.016222920268774033,0.002678884891793132
Normal,SERPINE1,VTN,leukocyte,smooth muscle cell,0.1651296317577362,0.06872478872537613,0.011348498985171318
Normal,SERPINE1,PLAU,leukocyte,smooth muscle cell,0.1651296317577362,0.0348949059844017,0.005762183107435703
Normal,SERPINE1,LRP1,leukocyte,endothelial cell,0.1651296317577362,0.04382266476750374,0.007236420642584562
Normal,SERPINE1,PLAUR,leukocyte,endothelial cell,0.1651296317577362,0.28734296560287476,0.047448836266994476
Normal,SERPINE1,ITGAV,leukocyte,endothelial cell,0.1651296317577362,1.3687506914138794,0.22602130472660065
Normal,SERPINE1,ITGB3,leukocyte,endothelial cell,0.1651296317577362,0.01795002818107605,0.0029640814755111933
Normal,SERPINE1,VTN,leukocyte,endothelial cell,0.1651296317577362,0.0,0.0
Normal,SERPINE1,PLAU,leukocyte,endothelial cell,0.1651296317577362,0.032519325613975525,0.005369904451072216
Normal,SERPINE1,LRP1,leukocyte,B cell,0.1651296317577362,0.027416327968239784,0.004527247976511717
Normal,SERPINE1,PLAUR,leukocyte,B cell,0.1651296317577362,0.011772379279136658,0.001943968702107668
Normal,SERPINE1,ITGAV,leukocyte,B cell,0.1651296317577362,0.06915748119354248,0.011419949121773243
Normal,SERPINE1,ITGB3,leukocyte,B cell,0.1651296317577362,0.02003781497478485,0.003308837069198489
Normal,SERPINE1,VTN,leukocyte,B cell,0.1651296317577362,0.0,0.0
Normal,SERPINE1,PLAU,leukocyte,B cell,0.1651296317577362,0.006701188627630472,0.0011065647704526782
Normal,SERPINE1,LRP1,leukocyte,pulmonary alveolar type 1 cell,0.1651296317577362,0.0587434358894825,0.009700281545519829
Normal,SERPINE1,PLAUR,leukocyte,pulmonary alveolar type 1 cell,0.1651296317577362,0.12368427217006683,0.02042393758893013
Normal,SERPINE1,ITGAV,leukocyte,pulmonary alveolar type 1 cell,0.1651296317577362,0.41951435804367065,0.06927425414323807
Normal,SERPINE1,ITGB3,leukocyte,pulmonary alveolar type 1 cell,0.1651296317577362,0.015503257513046265,0.002560047199949622
Normal,SERPINE1,VTN,leukocyte,pulmonary alveolar type 1 cell,0.1651296317577362,0.0,0.0
Normal,SERPINE1,PLAU,leukocyte,pulmonary alveolar type 1 cell,0.1651296317577362,0.0010918190237134695,0.0001802916667656973
Normal,SERPINE1,LRP1,leukocyte,club cell,0.1651296317577362,0.08631543815135956,0.01425323635339737
Normal,SERPINE1,PLAUR,leukocyte,club cell,0.1651296317577362,0.11950922757387161,0.019734514877200127
Normal,SERPINE1,ITGAV,leukocyte,club cell,0.1651296317577362,0.21280433237552643,0.035140302032232285
Normal,SERPINE1,ITGB3,leukocyte,club cell,0.1651296317577362,0.028953084722161293,0.004781012423336506
Normal,SERPINE1,VTN,leukocyte,club cell,0.1651296317577362,0.0,0.0
Normal,SERPINE1,PLAU,leukocyte,club cell,0.1651296317577362,0.005933290813118219,0.0009797621751204133
Normal,SERPINE1,LRP1,leukocyte,neutrophil,0.1651296317577362,0.014111633412539959,0.0023302489425987005
Normal,SERPINE1,PLAUR,leukocyte,neutrophil,0.1651296317577362,2.2625458240509033,0.3736133575439453
Normal,SERPINE1,ITGAV,leukocyte,neutrophil,0.1651296317577362,0.037097059190273285,0.0061258235946297646
Normal,SERPINE1,ITGB3,leukocyte,neutrophil,0.1651296317577362,0.0,0.0
Normal,SERPINE1,VTN,leukocyte,neutrophil,0.1651296317577362,0.0,0.0
Normal,SERPINE1,PLAU,leukocyte,neutrophil,0.1651296317577362,0.11391173303127289,0.018810203298926353
Normal,SERPINE1,LRP1,leukocyte,plasma cell,0.1651296317577362,0.03262129798531532,0.005386742763221264
Normal,SERPINE1,PLAUR,leukocyte,plasma cell,0.1651296317577362,0.07067731022834778,0.011670918203890324
Normal,SERPINE1,ITGAV,leukocyte,plasma cell,0.1651296317577362,0.1007995754480362,0.016644997522234917
Normal,SERPINE1,ITGB3,leukocyte,plasma cell,0.1651296317577362,0.004957778379321098,0.0008186761406250298
Normal,SERPINE1,VTN,leukocyte,plasma cell,0.1651296317577362,0.0,0.0
Normal,SERPINE1,PLAU,leukocyte,plasma cell,0.1651296317577362,0.0011446947464719415,0.0001890230196295306
Normal,SERPINE1,LRP1,leukocyte,leukocyte,0.1651296317577362,0.19113506376743317,0.031562063843011856
Normal,SERPINE1,PLAUR,leukocyte,leukocyte,0.1651296317577362,0.35691437125205994,0.05893713980913162
Normal,SERPINE1,ITGAV,leukocyte,leukocyte,0.1651296317577362,0.33996498584747314,0.0561382919549942
Normal,SERPINE1,ITGB3,leukocyte,leukocyte,0.1651296317577362,0.004113916307687759,0.0006793295033276081
Normal,SERPINE1,VTN,leukocyte,leukocyte,0.1651296317577362,0.005431992933154106,0.0008969829650595784
Normal,SERPINE1,PLAU,leukocyte,leukocyte,0.1651296317577362,0.0676087811589241,0.01116421353071928
Normal,SERPINE1,LRP1,leukocyte,endothelial cell of lymphatic vessel,0.1651296317577362,0.02008569985628128,0.0033167442306876183
Normal,SERPINE1,PLAUR,leukocyte,endothelial cell of lymphatic vessel,0.1651296317577362,0.09317221492528915,0.015385493636131287
Normal,SERPINE1,ITGAV,leukocyte,endothelial cell of lymphatic vessel,0.1651296317577362,0.6201860308647156,0.10241109132766724
Normal,SERPINE1,ITGB3,leukocyte,endothelial cell of lymphatic vessel,0.1651296317577362,0.03770211338996887,0.006225735880434513
Normal,SERPINE1,VTN,leukocyte,endothelial cell of lymphatic vessel,0.1651296317577362,0.005374448373913765,0.0008874806808307767
Normal,SERPINE1,PLAU,leukocyte,endothelial cell of lymphatic vessel,0.1651296317577362,0.008077932521700859,0.0013339059660211205
Normal,SERPINE1,LRP1,endothelial cell of lymphatic vessel,"CD4-positive, alpha-beta T cell",0.15863093733787537,0.014970630407333374,0.0023748050443828106
Normal,SERPINE1,PLAUR,endothelial cell of lymphatic vessel,"CD4-positive, alpha-beta T cell",0.15863093733787537,0.06878918409347534,0.0109120924025774
Normal,SERPINE1,ITGAV,endothelial cell of lymphatic vessel,"CD4-positive, alpha-beta T cell",0.15863093733787537,0.1432809829711914,0.022728797048330307
Normal,SERPINE1,ITGB3,endothelial cell of lymphatic vessel,"CD4-positive, alpha-beta T cell",0.15863093733787537,0.0004901275970041752,7.77493987698108e-05
Normal,SERPINE1,VTN,endothelial cell of lymphatic vessel,"CD4-positive, alpha-beta T cell",0.15863093733787537,0.0007507849368266761,0.00011909772001672536
Normal,SERPINE1,PLAU,endothelial cell of lymphatic vessel,"CD4-positive, alpha-beta T cell",0.15863093733787537,0.002736940048635006,0.00043416337575763464
Normal,SERPINE1,LRP1,endothelial cell of lymphatic vessel,natural killer cell,0.15863093733787537,0.015207733027637005,0.002412416972219944
Normal,SERPINE1,PLAUR,endothelial cell of lymphatic vessel,natural killer cell,0.15863093733787537,0.03888087719678879,0.006167709827423096
Normal,SERPINE1,ITGAV,endothelial cell of lymphatic vessel,natural killer cell,0.15863093733787537,0.12946993112564087,0.020537937059998512
Normal,SERPINE1,ITGB3,endothelial cell of lymphatic vessel,natural killer cell,0.15863093733787537,0.0020600573625415564,0.0003267888387199491
Normal,SERPINE1,VTN,endothelial cell of lymphatic vessel,natural killer cell,0.15863093733787537,0.00036771950544789433,5.8331690524937585e-05
Normal,SERPINE1,PLAU,endothelial cell of lymphatic vessel,natural killer cell,0.15863093733787537,0.002590348245576024,0.0004109093570150435
Normal,SERPINE1,LRP1,endothelial cell of lymphatic vessel,capillary endothelial cell,0.15863093733787537,0.04081709682941437,0.006474854424595833
Normal,SERPINE1,PLAUR,endothelial cell of lymphatic vessel,capillary endothelial cell,0.15863093733787537,0.15086756646633148,0.023932263255119324
Normal,SERPINE1,ITGAV,endothelial cell of lymphatic vessel,capillary endothelial cell,0.15863093733787537,1.0649206638336182,0.16892936825752258
Normal,SERPINE1,ITGB3,endothelial cell of lymphatic vessel,capillary endothelial cell,0.15863093733787537,0.005221290048211813,0.0008282581111416221
Normal,SERPINE1,VTN,endothelial cell of lymphatic vessel,capillary endothelial cell,0.15863093733787537,0.0013286990579217672,0.000210772777791135
Normal,SERPINE1,PLAU,endothelial cell of lymphatic vessel,capillary endothelial cell,0.15863093733787537,0.10289759933948517,0.016322743147611618
Normal,SERPINE1,LRP1,endothelial cell of lymphatic vessel,macrophage,0.15863093733787537,1.0355989933013916,0.164278045296669
Normal,SERPINE1,PLAUR,endothelial cell of lymphatic vessel,macrophage,0.15863093733787537,1.4066904783248901,0.22314463555812836
Normal,SERPINE1,ITGAV,endothelial cell of lymphatic vessel,macrophage,0.15863093733787537,0.4482908248901367,0.07111279666423798
Normal,SERPINE1,ITGB3,endothelial cell of lymphatic vessel,macrophage,0.15863093733787537,0.001214474905282259,0.0001926532859215513
Normal,SERPINE1,VTN,endothelial cell of lymphatic vessel,macrophage,0.15863093733787537,0.02266676351428032,0.003595649963244796
Normal,SERPINE1,PLAU,endothelial cell of lymphatic vessel,macrophage,0.15863093733787537,0.10081015527248383,0.015991609543561935
Normal,SERPINE1,LRP1,endothelial cell of lymphatic vessel,"CD8-positive, alpha-beta T cell",0.15863093733787537,0.018964122980833054,0.003008296713232994
Normal,SERPINE1,PLAUR,endothelial cell of lymphatic vessel,"CD8-positive, alpha-beta T cell",0.15863093733787537,0.05417943745851517,0.008594535291194916
Normal,SERPINE1,ITGAV,endothelial cell of lymphatic vessel,"CD8-positive, alpha-beta T cell",0.15863093733787537,0.1800706833600998,0.028564780950546265
Normal,SERPINE1,ITGB3,endothelial cell of lymphatic vessel,"CD8-positive, alpha-beta T cell",0.15863093733787537,0.0023529811296612024,0.00037325560697354376
Normal,SERPINE1,VTN,endothelial cell of lymphatic vessel,"CD8-positive, alpha-beta T cell",0.15863093733787537,0.0,0.0
Normal,SERPINE1,PLAU,endothelial cell of lymphatic vessel,"CD8-positive, alpha-beta T cell",0.15863093733787537,0.0027266780380159616,0.0004325354821048677
Normal,SERPINE1,LRP1,endothelial cell of lymphatic vessel,monocyte,0.15863093733787537,0.5015445351600647,0.07956048101186752
Normal,SERPINE1,PLAUR,endothelial cell of lymphatic vessel,monocyte,0.15863093733787537,1.9285908937454224,0.30593419075012207
Normal,SERPINE1,ITGAV,endothelial cell of lymphatic vessel,monocyte,0.15863093733787537,0.22583134472370148,0.03582383692264557
Normal,SERPINE1,ITGB3,endothelial cell of lymphatic vessel,monocyte,0.15863093733787537,0.0019068242982029915,0.00030248131952248514
Normal,SERPINE1,VTN,endothelial cell of lymphatic vessel,monocyte,0.15863093733787537,0.0002542365400586277,4.032978176837787e-05
Normal,SERPINE1,PLAU,endothelial cell of lymphatic vessel,monocyte,0.15863093733787537,0.021660732105374336,0.003436062252148986
Normal,SERPINE1,LRP1,endothelial cell of lymphatic vessel,fibroblast,0.15863093733787537,1.1042487621307373,0.1751680225133896
Normal,SERPINE1,PLAUR,endothelial cell of lymphatic vessel,fibroblast,0.15863093733787537,0.3658265173435211,0.05803140252828598
Normal,SERPINE1,ITGAV,endothelial cell of lymphatic vessel,fibroblast,0.15863093733787537,0.48545774817466736,0.07700861990451813
Normal,SERPINE1,ITGB3,endothelial cell of lymphatic vessel,fibroblast,0.15863093733787537,0.016091804951429367,0.002552658086642623
Normal,SERPINE1,VTN,endothelial cell of lymphatic vessel,fibroblast,0.15863093733787537,0.007628223858773708,0.001210072310641408
Normal,SERPINE1,PLAU,endothelial cell of lymphatic vessel,fibroblast,0.15863093733787537,0.0512564443051815,0.008130857720971107
Normal,SERPINE1,LRP1,endothelial cell of lymphatic vessel,conventional dendritic cell,0.15863093733787537,0.6445091366767883,0.10223908722400665
Normal,SERPINE1,PLAUR,endothelial cell of lymphatic vessel,conventional dendritic cell,0.15863093733787537,1.2957876920700073,0.20555201172828674
Normal,SERPINE1,ITGAV,endothelial cell of lymphatic vessel,conventional dendritic cell,0.15863093733787537,0.5384222269058228,0.08541042357683182
Normal,SERPINE1,ITGB3,endothelial cell of lymphatic vessel,conventional dendritic cell,0.15863093733787537,0.0274202860891819,0.004349705763161182
Normal,SERPINE1,VTN,endothelial cell of lymphatic vessel,conventional dendritic cell,0.15863093733787537,0.006924258079379797,0.0010984014952555299
Normal,SERPINE1,PLAU,endothelial cell of lymphatic vessel,conventional dendritic cell,0.15863093733787537,0.3481919765472412,0.055234018713235855
Normal,SERPINE1,LRP1,endothelial cell of lymphatic vessel,mast cell,0.15863093733787537,0.014076117426156998,0.0022329078055918217
Normal,SERPINE1,PLAUR,endothelial cell of lymphatic vessel,mast cell,0.15863093733787537,0.6777046322822571,0.10750491917133331
Normal,SERPINE1,ITGAV,endothelial cell of lymphatic vessel,mast cell,0.15863093733787537,0.3965514004230499,0.06290531903505325
Normal,SERPINE1,ITGB3,endothelial cell of lymphatic vessel,mast cell,0.15863093733787537,0.034890614449977875,0.005534730851650238
Normal,SERPINE1,VTN,endothelial cell of lymphatic vessel,mast cell,0.15863093733787537,0.0005058146198280156,8.023784903343767e-05
Normal,SERPINE1,PLAU,endothelial cell of lymphatic vessel,mast cell,0.15863093733787537,0.04867101460695267,0.007720728870481253
Normal,SERPINE1,LRP1,endothelial cell of lymphatic vessel,pulmonary alveolar type 2 cell,0.15863093733787537,0.04979923740029335,0.007899699732661247
Normal,SERPINE1,PLAUR,endothelial cell of lymphatic vessel,pulmonary alveolar type 2 cell,0.15863093733787537,0.08510953187942505,0.013501005247235298
Normal,SERPINE1,ITGAV,endothelial cell of lymphatic vessel,pulmonary alveolar type 2 cell,0.15863093733787537,0.3477472960948944,0.05516348034143448
Normal,SERPINE1,ITGB3,endothelial cell of lymphatic vessel,pulmonary alveolar type 2 cell,0.15863093733787537,0.001568294013850391,0.0002487799501977861
Normal,SERPINE1,VTN,endothelial cell of lymphatic vessel,pulmonary alveolar type 2 cell,0.15863093733787537,0.001968085067346692,0.0003121991758234799
Normal,SERPINE1,PLAU,endothelial cell of lymphatic vessel,pulmonary alveolar type 2 cell,0.15863093733787537,0.0009738014778122306,0.00015447504119947553
Normal,SERPINE1,LRP1,endothelial cell of lymphatic vessel,vein endothelial cell,0.15863093733787537,0.01389493141323328,0.0022041660267859697
Normal,SERPINE1,PLAUR,endothelial cell of lymphatic vessel,vein endothelial cell,0.15863093733787537,0.36070504784584045,0.05721898004412651
Normal,SERPINE1,ITGAV,endothelial cell of lymphatic vessel,vein endothelial cell,0.15863093733787537,1.3018479347229004,0.20651336014270782
Normal,SERPINE1,ITGB3,endothelial cell of lymphatic vessel,vein endothelial cell,0.15863093733787537,0.14101922512054443,0.02237001247704029
Normal,SERPINE1,VTN,endothelial cell of lymphatic vessel,vein endothelial cell,0.15863093733787537,0.00043039844604209065,6.827450852142647e-05
Normal,SERPINE1,PLAU,endothelial cell of lymphatic vessel,vein endothelial cell,0.15863093733787537,0.01011657528579235,0.0016048018587753177
Normal,SERPINE1,LRP1,endothelial cell of lymphatic vessel,lung multiciliated epithelial cell,0.15863093733787537,0.10350595414638519,0.016419246792793274
Normal,SERPINE1,PLAUR,endothelial cell of lymphatic vessel,lung multiciliated epithelial cell,0.15863093733787537,0.09738852828741074,0.01544883381575346
Normal,SERPINE1,ITGAV,endothelial cell of lymphatic vessel,lung multiciliated epithelial cell,0.15863093733787537,0.18617400527000427,0.029532957822084427
Normal,SERPINE1,ITGB3,endothelial cell of lymphatic vessel,lung multiciliated epithelial cell,0.15863093733787537,0.06405186653137207,0.010160607285797596
Normal,SERPINE1,VTN,endothelial cell of lymphatic vessel,lung multiciliated epithelial cell,0.15863093733787537,0.005472810938954353,0.0008681571343913674
Normal,SERPINE1,PLAU,endothelial cell of lymphatic vessel,lung multiciliated epithelial cell,0.15863093733787537,0.02393346093595028,0.0037965872325003147
Normal,SERPINE1,LRP1,endothelial cell of lymphatic vessel,smooth muscle cell,0.15863093733787537,0.571965754032135,0.09073146432638168
Normal,SERPINE1,PLAUR,endothelial cell of lymphatic vessel,smooth muscle cell,0.15863093733787537,0.08600547164678574,0.013643128797411919
Normal,SERPINE1,ITGAV,endothelial cell of lymphatic vessel,smooth muscle cell,0.15863093733787537,0.44389525055885315,0.07041551917791367
Normal,SERPINE1,ITGB3,endothelial cell of lymphatic vessel,smooth muscle cell,0.15863093733787537,0.016222920268774033,0.0025734570808708668
Normal,SERPINE1,VTN,endothelial cell of lymphatic vessel,smooth muscle cell,0.15863093733787537,0.06872478872537613,0.010901877656579018
Normal,SERPINE1,PLAU,endothelial cell of lymphatic vessel,smooth muscle cell,0.15863093733787537,0.0348949059844017,0.005535411648452282
Normal,SERPINE1,LRP1,endothelial cell of lymphatic vessel,endothelial cell,0.15863093733787537,0.04382266476750374,0.0069516305811703205
Normal,SERPINE1,PLAUR,endothelial cell of lymphatic vessel,endothelial cell,0.15863093733787537,0.28734296560287476,0.04558148235082626
Normal,SERPINE1,ITGAV,endothelial cell of lymphatic vessel,endothelial cell,0.15863093733787537,1.3687506914138794,0.21712620556354523
Normal,SERPINE1,ITGB3,endothelial cell of lymphatic vessel,endothelial cell,0.15863093733787537,0.01795002818107605,0.00284742983058095
Normal,SERPINE1,VTN,endothelial cell of lymphatic vessel,endothelial cell,0.15863093733787537,0.0,0.0
Normal,SERPINE1,PLAU,endothelial cell of lymphatic vessel,endothelial cell,0.15863093733787537,0.032519325613975525,0.005158571060746908
Normal,SERPINE1,LRP1,endothelial cell of lymphatic vessel,B cell,0.15863093733787537,0.027416327968239784,0.004349077586084604
Normal,SERPINE1,PLAUR,endothelial cell of lymphatic vessel,B cell,0.15863093733787537,0.011772379279136658,0.0018674635794013739
Normal,SERPINE1,ITGAV,endothelial cell of lymphatic vessel,B cell,0.15863093733787537,0.06915748119354248,0.010970516130328178
Normal,SERPINE1,ITGB3,endothelial cell of lymphatic vessel,B cell,0.15863093733787537,0.02003781497478485,0.00317861745133996
Normal,SERPINE1,VTN,endothelial cell of lymphatic vessel,B cell,0.15863093733787537,0.0,0.0
Normal,SERPINE1,PLAU,endothelial cell of lymphatic vessel,B cell,0.15863093733787537,0.006701188627630472,0.001063015777617693
Normal,SERPINE1,LRP1,endothelial cell of lymphatic vessel,pulmonary alveolar type 1 cell,0.15863093733787537,0.0587434358894825,0.009318525902926922
Normal,SERPINE1,PLAUR,endothelial cell of lymphatic vessel,pulmonary alveolar type 1 cell,0.15863093733787537,0.12368427217006683,0.019620152190327644
Normal,SERPINE1,ITGAV,endothelial cell of lymphatic vessel,pulmonary alveolar type 1 cell,0.15863093733787537,0.41951435804367065,0.0665479525923729
Normal,SERPINE1,ITGB3,endothelial cell of lymphatic vessel,pulmonary alveolar type 1 cell,0.15863093733787537,0.015503257513046265,0.0024592962581664324
Normal,SERPINE1,VTN,endothelial cell of lymphatic vessel,pulmonary alveolar type 1 cell,0.15863093733787537,0.0,0.0
Normal,SERPINE1,PLAU,endothelial cell of lymphatic vessel,pulmonary alveolar type 1 cell,0.15863093733787537,0.0010918190237134695,0.00017319626931566745
Normal,SERPINE1,LRP1,endothelial cell of lymphatic vessel,club cell,0.15863093733787537,0.08631543815135956,0.013692298904061317
Normal,SERPINE1,PLAUR,endothelial cell of lymphatic vessel,club cell,0.15863093733787537,0.11950922757387161,0.01895786076784134
Normal,SERPINE1,ITGAV,endothelial cell of lymphatic vessel,club cell,0.15863093733787537,0.21280433237552643,0.03375735133886337
Normal,SERPINE1,ITGB3,endothelial cell of lymphatic vessel,club cell,0.15863093733787537,0.028953084722161293,0.004592854995280504
Normal,SERPINE1,VTN,endothelial cell of lymphatic vessel,club cell,0.15863093733787537,0.0,0.0
Normal,SERPINE1,PLAU,endothelial cell of lymphatic vessel,club cell,0.15863093733787537,0.005933290813118219,0.0009412034996785223
Normal,SERPINE1,LRP1,endothelial cell of lymphatic vessel,neutrophil,0.15863093733787537,0.014111633412539959,0.0022385416086763144
Normal,SERPINE1,PLAUR,endothelial cell of lymphatic vessel,neutrophil,0.15863093733787537,2.2625458240509033,0.3589097559452057
Normal,SERPINE1,ITGAV,endothelial cell of lymphatic vessel,neutrophil,0.15863093733787537,0.037097059190273285,0.005884741432964802
Normal,SERPINE1,ITGB3,endothelial cell of lymphatic vessel,neutrophil,0.15863093733787537,0.0,0.0
Normal,SERPINE1,VTN,endothelial cell of lymphatic vessel,neutrophil,0.15863093733787537,0.0,0.0
Normal,SERPINE1,PLAU,endothelial cell of lymphatic vessel,neutrophil,0.15863093733787537,0.11391173303127289,0.018069924786686897
Normal,SERPINE1,LRP1,endothelial cell of lymphatic vessel,plasma cell,0.15863093733787537,0.03262129798531532,0.0051747472025454044
Normal,SERPINE1,PLAUR,endothelial cell of lymphatic vessel,plasma cell,0.15863093733787537,0.07067731022834778,0.011211607605218887
Normal,SERPINE1,ITGAV,endothelial cell of lymphatic vessel,plasma cell,0.15863093733787537,0.1007995754480362,0.01598993130028248
Normal,SERPINE1,ITGB3,endothelial cell of lymphatic vessel,plasma cell,0.15863093733787537,0.004957778379321098,0.0007864570361562073
Normal,SERPINE1,VTN,endothelial cell of lymphatic vessel,plasma cell,0.15863093733787537,0.0,0.0
Normal,SERPINE1,PLAU,endothelial cell of lymphatic vessel,plasma cell,0.15863093733787537,0.0011446947464719415,0.00018158400780521333
Normal,SERPINE1,LRP1,endothelial cell of lymphatic vessel,leukocyte,0.15863093733787537,0.19113506376743317,0.030319934710860252
Normal,SERPINE1,PLAUR,endothelial cell of lymphatic vessel,leukocyte,0.15863093733787537,0.35691437125205994,0.05661766231060028
Normal,SERPINE1,ITGAV,endothelial cell of lymphatic vessel,leukocyte,0.15863093733787537,0.33996498584747314,0.05392896384000778
Normal,SERPINE1,ITGB3,endothelial cell of lymphatic vessel,leukocyte,0.15863093733787537,0.004113916307687759,0.000652594375424087
Normal,SERPINE1,VTN,endothelial cell of lymphatic vessel,leukocyte,0.15863093733787537,0.005431992933154106,0.0008616821141913533
Normal,SERPINE1,PLAU,endothelial cell of lymphatic vessel,leukocyte,0.15863093733787537,0.0676087811589241,0.01072484441101551
Normal,SERPINE1,LRP1,endothelial cell of lymphatic vessel,endothelial cell of lymphatic vessel,0.15863093733787537,0.02008569985628128,0.003186213318258524
Normal,SERPINE1,PLAUR,endothelial cell of lymphatic vessel,endothelial cell of lymphatic vessel,0.15863093733787537,0.09317221492528915,0.014779996126890182
Normal,SERPINE1,ITGAV,endothelial cell of lymphatic vessel,endothelial cell of lymphatic vessel,0.15863093733787537,0.6201860308647156,0.0983806923031807
Normal,SERPINE1,ITGB3,endothelial cell of lymphatic vessel,endothelial cell of lymphatic vessel,0.15863093733787537,0.03770211338996887,0.005980721674859524
Normal,SERPINE1,VTN,endothelial cell of lymphatic vessel,endothelial cell of lymphatic vessel,0.15863093733787537,0.005374448373913765,0.0008525537559762597
Normal,SERPINE1,PLAU,endothelial cell of lymphatic vessel,endothelial cell of lymphatic vessel,0.15863093733787537,0.008077932521700859,0.001281409990042448
COPD,SERPINE1,LRP1,"CD4-positive, alpha-beta T cell","CD4-positive, alpha-beta T cell",0.014744389802217484,0.01080121286213398,0.00015925729530863464
COPD,SERPINE1,PLAUR,"CD4-positive, alpha-beta T cell","CD4-positive, alpha-beta T cell",0.014744389802217484,0.07658383250236511,0.0011291818227618933
COPD,SERPINE1,ITGAV,"CD4-positive, alpha-beta T cell","CD4-positive, alpha-beta T cell",0.014744389802217484,0.11132144927978516,0.0016413668636232615
COPD,SERPINE1,ITGB3,"CD4-positive, alpha-beta T cell","CD4-positive, alpha-beta T cell",0.014744389802217484,0.0010274227242916822,1.5148721104196738e-05
COPD,SERPINE1,VTN,"CD4-positive, alpha-beta T cell","CD4-positive, alpha-beta T cell",0.014744389802217484,0.0005363248055800796,7.907781764515676e-06
COPD,SERPINE1,PLAU,"CD4-positive, alpha-beta T cell","CD4-positive, alpha-beta T cell",0.014744389802217484,0.005150928162038326,7.594728958792984e-05
COPD,SERPINE1,LRP1,"CD4-positive, alpha-beta T cell",natural killer cell,0.014744389802217484,0.010716209188103676,0.00015800396795384586
COPD,SERPINE1,PLAUR,"CD4-positive, alpha-beta T cell",natural killer cell,0.014744389802217484,0.03572125732898712,0.0005266881198622286
COPD,SERPINE1,ITGAV,"CD4-positive, alpha-beta T cell",natural killer cell,0.014744389802217484,0.11054375767707825,0.0016299003036692739
COPD,SERPINE1,ITGB3,"CD4-positive, alpha-beta T cell",natural killer cell,0.014744389802217484,0.0006884454633109272,1.0150708476430736e-05
COPD,SERPINE1,VTN,"CD4-positive, alpha-beta T cell",natural killer cell,0.014744389802217484,0.0006028926582075655,8.889284799806774e-06
COPD,SERPINE1,PLAU,"CD4-positive, alpha-beta T cell",natural killer cell,0.014744389802217484,0.0023785356897860765,3.50700574927032e-05
COPD,SERPINE1,LRP1,"CD4-positive, alpha-beta T cell",capillary endothelial cell,0.014744389802217484,0.024062074720859528,0.00035478061181493104
COPD,SERPINE1,PLAUR,"CD4-positive, alpha-beta T cell",capillary endothelial cell,0.014744389802217484,0.15724825859069824,0.0023185296449810266
COPD,SERPINE1,ITGAV,"CD4-positive, alpha-beta T cell",capillary endothelial cell,0.014744389802217484,0.9863317012786865,0.014542859047651291
COPD,SERPINE1,ITGB3,"CD4-positive, alpha-beta T cell",capillary endothelial cell,0.014744389802217484,0.017805634066462517,0.00026253319811075926
COPD,SERPINE1,VTN,"CD4-positive, alpha-beta T cell",capillary endothelial cell,0.014744389802217484,0.0003249383589718491,4.791018000105396e-06
COPD,SERPINE1,PLAU,"CD4-positive, alpha-beta T cell",capillary endothelial cell,0.014744389802217484,0.11483262479305267,0.001693136990070343
COPD,SERPINE1,LRP1,"CD4-positive, alpha-beta T cell",macrophage,0.014744389802217484,1.1535762548446655,0.01700877770781517
COPD,SERPINE1,PLAUR,"CD4-positive, alpha-beta T cell",macrophage,0.014744389802217484,1.4511730670928955,0.021396661177277565
COPD,SERPINE1,ITGAV,"CD4-positive, alpha-beta T cell",macrophage,0.014744389802217484,0.34481775760650635,0.005084127653390169
COPD,SERPINE1,ITGB3,"CD4-positive, alpha-beta T cell",macrophage,0.014744389802217484,0.0012105804635211825,1.7849270079750568e-05
COPD,SERPINE1,VTN,"CD4-positive, alpha-beta T cell",macrophage,0.014744389802217484,0.062030158936977386,0.0009145968360826373
COPD,SERPINE1,PLAU,"CD4-positive, alpha-beta T cell",macrophage,0.014744389802217484,0.14781677722930908,0.002179468283429742
COPD,SERPINE1,LRP1,"CD4-positive, alpha-beta T cell","CD8-positive, alpha-beta T cell",0.014744389802217484,0.020046265795826912,0.0002955699455924332
COPD,SERPINE1,PLAUR,"CD4-positive, alpha-beta T cell","CD8-positive, alpha-beta T cell",0.014744389802217484,0.06581177562475204,0.000970354478340596
COPD,SERPINE1,ITGAV,"CD4-positive, alpha-beta T cell","CD8-positive, alpha-beta T cell",0.014744389802217484,0.09613218158483505,0.0014174103271216154
COPD,SERPINE1,ITGB3,"CD4-positive, alpha-beta T cell","CD8-positive, alpha-beta T cell",0.014744389802217484,0.0013681200798600912,2.017209590121638e-05
COPD,SERPINE1,VTN,"CD4-positive, alpha-beta T cell","CD8-positive, alpha-beta T cell",0.014744389802217484,0.0,0.0
COPD,SERPINE1,PLAU,"CD4-positive, alpha-beta T cell","CD8-positive, alpha-beta T cell",0.014744389802217484,0.0021628967951983213,3.18905949825421e-05
COPD,SERPINE1,LRP1,"CD4-positive, alpha-beta T cell",monocyte,0.014744389802217484,0.5386526584625244,0.00794210471212864
COPD,SERPINE1,PLAUR,"CD4-positive, alpha-beta T cell",monocyte,0.014744389802217484,2.1388425827026367,0.03153592720627785
COPD,SERPINE1,ITGAV,"CD4-positive, alpha-beta T cell",monocyte,0.014744389802217484,0.2557239234447479,0.0037704932037740946
COPD,SERPINE1,ITGB3,"CD4-positive, alpha-beta T cell",monocyte,0.014744389802217484,0.003852088702842593,5.6796696298988536e-05
COPD,SERPINE1,VTN,"CD4-positive, alpha-beta T cell",monocyte,0.014744389802217484,0.00021245292737148702,3.132488700430258e-06
COPD,SERPINE1,PLAU,"CD4-positive, alpha-beta T cell",monocyte,0.014744389802217484,0.04595533013343811,0.0006775832735002041
COPD,SERPINE1,LRP1,"CD4-positive, alpha-beta T cell",fibroblast,0.014744389802217484,1.0635806322097778,0.01568184792995453
COPD,SERPINE1,PLAUR,"CD4-positive, alpha-beta T cell",fibroblast,0.014744389802217484,0.48420417308807373,0.007139294873923063
COPD,SERPINE1,ITGAV,"CD4-positive, alpha-beta T cell",fibroblast,0.014744389802217484,0.5354461073875427,0.007894826121628284
COPD,SERPINE1,ITGB3,"CD4-positive, alpha-beta T cell",fibroblast,0.014744389802217484,0.019384372979402542,0.0002858107618521899
COPD,SERPINE1,VTN,"CD4-positive, alpha-beta T cell",fibroblast,0.014744389802217484,0.010189037770032883,0.00015023114974610507
COPD,SERPINE1,PLAU,"CD4-positive, alpha-beta T cell",fibroblast,0.014744389802217484,0.13291242718696594,0.0019597127102315426
COPD,SERPINE1,LRP1,"CD4-positive, alpha-beta T cell",conventional dendritic cell,0.014744389802217484,0.6610154509544373,0.009746269322931767
COPD,SERPINE1,PLAUR,"CD4-positive, alpha-beta T cell",conventional dendritic cell,0.014744389802217484,1.5253753662109375,0.0224907286465168
COPD,SERPINE1,ITGAV,"CD4-positive, alpha-beta T cell",conventional dendritic cell,0.014744389802217484,0.485474169254303,0.007158020511269569
COPD,SERPINE1,ITGB3,"CD4-positive, alpha-beta T cell",conventional dendritic cell,0.014744389802217484,0.03787994757294655,0.0005585167091339827
COPD,SERPINE1,VTN,"CD4-positive, alpha-beta T cell",conventional dendritic cell,0.014744389802217484,0.010836340487003326,0.00015977522707544267
COPD,SERPINE1,PLAU,"CD4-positive, alpha-beta T cell",conventional dendritic cell,0.014744389802217484,0.43526551127433777,0.0064177243039011955
COPD,SERPINE1,LRP1,"CD4-positive, alpha-beta T cell",mast cell,0.014744389802217484,0.021034739911556244,0.00031014441628940403
COPD,SERPINE1,PLAUR,"CD4-positive, alpha-beta T cell",mast cell,0.014744389802217484,0.6477757692337036,0.009551058523356915
COPD,SERPINE1,ITGAV,"CD4-positive, alpha-beta T cell",mast cell,0.014744389802217484,0.314280241727829,0.00463387044146657
COPD,SERPINE1,ITGB3,"CD4-positive, alpha-beta T cell",mast cell,0.014744389802217484,0.04736245796084404,0.0006983305211178958
COPD,SERPINE1,VTN,"CD4-positive, alpha-beta T cell",mast cell,0.014744389802217484,0.0016408103983849287,2.419274824205786e-05
COPD,SERPINE1,PLAU,"CD4-positive, alpha-beta T cell",mast cell,0.014744389802217484,0.10074585676193237,0.0014854362234473228
COPD,SERPINE1,LRP1,"CD4-positive, alpha-beta T cell",pulmonary alveolar type 2 cell,0.014744389802217484,0.05770264193415642,0.0008507902384735644
COPD,SERPINE1,PLAUR,"CD4-positive, alpha-beta T cell",pulmonary alveolar type 2 cell,0.014744389802217484,0.12278641760349274,0.0018104107584804296
COPD,SERPINE1,ITGAV,"CD4-positive, alpha-beta T cell",pulmonary alveolar type 2 cell,0.014744389802217484,0.2546227276325226,0.003754256758838892
COPD,SERPINE1,ITGB3,"CD4-positive, alpha-beta T cell",pulmonary alveolar type 2 cell,0.014744389802217484,0.0037699693348258734,5.558589691645466e-05
COPD,SERPINE1,VTN,"CD4-positive, alpha-beta T cell",pulmonary alveolar type 2 cell,0.014744389802217484,0.0023970953188836575,3.534370625857264e-05
COPD,SERPINE1,PLAU,"CD4-positive, alpha-beta T cell",pulmonary alveolar type 2 cell,0.014744389802217484,0.0043336693197488785,6.389730697264895e-05
COPD,SERPINE1,LRP1,"CD4-positive, alpha-beta T cell",vein endothelial cell,0.014744389802217484,0.02342596836388111,0.00034540161141194403
COPD,SERPINE1,PLAUR,"CD4-positive, alpha-beta T cell",vein endothelial cell,0.014744389802217484,0.3295363783836365,0.004858812782913446
COPD,SERPINE1,ITGAV,"CD4-positive, alpha-beta T cell",vein endothelial cell,0.014744389802217484,0.9312993288040161,0.013731440529227257
COPD,SERPINE1,ITGB3,"CD4-positive, alpha-beta T cell",vein endothelial cell,0.014744389802217484,0.18184329569339752,0.002681168494746089
COPD,SERPINE1,VTN,"CD4-positive, alpha-beta T cell",vein endothelial cell,0.014744389802217484,0.000626434339210391,9.236391633749008e-06
COPD,SERPINE1,PLAU,"CD4-positive, alpha-beta T cell",vein endothelial cell,0.014744389802217484,0.007339425850659609,0.00010821535397553816
COPD,SERPINE1,LRP1,"CD4-positive, alpha-beta T cell",lung multiciliated epithelial cell,0.014744389802217484,0.123210109770298,0.0018166578374803066
COPD,SERPINE1,PLAUR,"CD4-positive, alpha-beta T cell",lung multiciliated epithelial cell,0.014744389802217484,0.07332352548837662,0.0010811106767505407
COPD,SERPINE1,ITGAV,"CD4-positive, alpha-beta T cell",lung multiciliated epithelial cell,0.014744389802217484,0.2539004683494568,0.0037436075508594513
COPD,SERPINE1,ITGB3,"CD4-positive, alpha-beta T cell",lung multiciliated epithelial cell,0.014744389802217484,0.018456554040312767,0.00027213062276132405
COPD,SERPINE1,VTN,"CD4-positive, alpha-beta T cell",lung multiciliated epithelial cell,0.014744389802217484,0.003759907791391015,5.543754741665907e-05
COPD,SERPINE1,PLAU,"CD4-positive, alpha-beta T cell",lung multiciliated epithelial cell,0.014744389802217484,0.010434271767735481,0.00015384696598630399
COPD,SERPINE1,LRP1,"CD4-positive, alpha-beta T cell",smooth muscle cell,0.014744389802217484,0.5496347546577454,0.00810402911156416
COPD,SERPINE1,PLAUR,"CD4-positive, alpha-beta T cell",smooth muscle cell,0.014744389802217484,0.09615277498960495,0.00141771393828094
COPD,SERPINE1,ITGAV,"CD4-positive, alpha-beta T cell",smooth muscle cell,0.014744389802217484,0.44047948718070984,0.006494601257145405
COPD,SERPINE1,ITGB3,"CD4-positive, alpha-beta T cell",smooth muscle cell,0.014744389802217484,0.019068775698542595,0.0002811574668157846
COPD,SERPINE1,VTN,"CD4-positive, alpha-beta T cell",smooth muscle cell,0.014744389802217484,0.050971850752830505,0.0007515488541685045
COPD,SERPINE1,PLAU,"CD4-positive, alpha-beta T cell",smooth muscle cell,0.014744389802217484,0.06739981472492218,0.0009937691502273083
COPD,SERPINE1,LRP1,"CD4-positive, alpha-beta T cell",endothelial cell,0.014744389802217484,0.014540615491569042,0.00021439250849653035
COPD,SERPINE1,PLAUR,"CD4-positive, alpha-beta T cell",endothelial cell,0.014744389802217484,0.34155407547950745,0.005036006215959787
COPD,SERPINE1,ITGAV,"CD4-positive, alpha-beta T cell",endothelial cell,0.014744389802217484,1.197588562965393,0.01765771210193634
COPD,SERPINE1,ITGB3,"CD4-positive, alpha-beta T cell",endothelial cell,0.014744389802217484,0.07873991876840591,0.0011609720531851053
COPD,SERPINE1,VTN,"CD4-positive, alpha-beta T cell",endothelial cell,0.014744389802217484,0.0,0.0
COPD,SERPINE1,PLAU,"CD4-positive, alpha-beta T cell",endothelial cell,0.014744389802217484,0.02626102976500988,0.0003872028610203415
COPD,SERPINE1,LRP1,"CD4-positive, alpha-beta T cell",B cell,0.014744389802217484,0.004753251560032368,7.0083791797515e-05
COPD,SERPINE1,PLAUR,"CD4-positive, alpha-beta T cell",B cell,0.014744389802217484,0.025976065546274185,0.00038300122832879424
COPD,SERPINE1,ITGAV,"CD4-positive, alpha-beta T cell",B cell,0.014744389802217484,0.07096978276968002,0.0010464061051607132
COPD,SERPINE1,ITGB3,"CD4-positive, alpha-beta T cell",B cell,0.014744389802217484,0.007180650718510151,0.00010587431461317465
COPD,SERPINE1,VTN,"CD4-positive, alpha-beta T cell",B cell,0.014744389802217484,0.0070886798202991486,0.00010451825801283121
COPD,SERPINE1,PLAU,"CD4-positive, alpha-beta T cell",B cell,0.014744389802217484,0.0029255251865833998,4.3135085434187204e-05
COPD,SERPINE1,LRP1,"CD4-positive, alpha-beta T cell",pulmonary alveolar type 1 cell,0.014744389802217484,0.1313430517911911,0.0019365731859579682
COPD,SERPINE1,PLAUR,"CD4-positive, alpha-beta T cell",pulmonary alveolar type 1 cell,0.014744389802217484,0.14985068142414093,0.0022094568703323603
COPD,SERPINE1,ITGAV,"CD4-positive, alpha-beta T cell",pulmonary alveolar type 1 cell,0.014744389802217484,0.4363124668598175,0.006433160975575447
COPD,SERPINE1,ITGB3,"CD4-positive, alpha-beta T cell",pulmonary alveolar type 1 cell,0.014744389802217484,0.028458690270781517,0.0004196060181129724
COPD,SERPINE1,VTN,"CD4-positive, alpha-beta T cell",pulmonary alveolar type 1 cell,0.014744389802217484,0.0,0.0
COPD,SERPINE1,PLAU,"CD4-positive, alpha-beta T cell",pulmonary alveolar type 1 cell,0.014744389802217484,0.00269750296138227,3.9773036405676976e-05
COPD,SERPINE1,LRP1,"CD4-positive, alpha-beta T cell",club cell,0.014744389802217484,0.1225111186504364,0.00180635170545429
COPD,SERPINE1,PLAUR,"CD4-positive, alpha-beta T cell",club cell,0.014744389802217484,0.10685224086046219,0.0015754711348563433
COPD,SERPINE1,ITGAV,"CD4-positive, alpha-beta T cell",club cell,0.014744389802217484,0.3144201636314392,0.004635933320969343
COPD,SERPINE1,ITGB3,"CD4-positive, alpha-beta T cell",club cell,0.014744389802217484,0.029236525297164917,0.0004310747317504138
COPD,SERPINE1,VTN,"CD4-positive, alpha-beta T cell",club cell,0.014744389802217484,0.0006348757306113839,9.360855074191932e-06
COPD,SERPINE1,PLAU,"CD4-positive, alpha-beta T cell",club cell,0.014744389802217484,0.0426836721599102,0.0006293447222560644
COPD,SERPINE1,LRP1,"CD4-positive, alpha-beta T cell",neutrophil,0.014744389802217484,0.03148840367794037,0.00046427728375419974
COPD,SERPINE1,PLAUR,"CD4-positive, alpha-beta T cell",neutrophil,0.014744389802217484,2.9101521968841553,0.04290841892361641
COPD,SERPINE1,ITGAV,"CD4-positive, alpha-beta T cell",neutrophil,0.014744389802217484,0.018835248425602913,0.0002777142508421093
COPD,SERPINE1,ITGB3,"CD4-positive, alpha-beta T cell",neutrophil,0.014744389802217484,0.0,0.0
COPD,SERPINE1,VTN,"CD4-positive, alpha-beta T cell",neutrophil,0.014744389802217484,0.0,0.0
COPD,SERPINE1,PLAU,"CD4-positive, alpha-beta T cell",neutrophil,0.014744389802217484,0.1457006335258484,0.0021482668817043304
COPD,SERPINE1,LRP1,"CD4-positive, alpha-beta T cell",plasma cell,0.014744389802217484,0.020204829052090645,0.0002979078853968531
COPD,SERPINE1,PLAUR,"CD4-positive, alpha-beta T cell",plasma cell,0.014744389802217484,0.1296500712633133,0.0019116111798211932
COPD,SERPINE1,ITGAV,"CD4-positive, alpha-beta T cell",plasma cell,0.014744389802217484,0.07221756130456924,0.0010648039169609547
COPD,SERPINE1,ITGB3,"CD4-positive, alpha-beta T cell",plasma cell,0.014744389802217484,0.004077468998730183,6.011979348841123e-05
COPD,SERPINE1,VTN,"CD4-positive, alpha-beta T cell",plasma cell,0.014744389802217484,0.0,0.0
COPD,SERPINE1,PLAU,"CD4-positive, alpha-beta T cell",plasma cell,0.014744389802217484,0.0,0.0
COPD,SERPINE1,LRP1,"CD4-positive, alpha-beta T cell",leukocyte,0.014744389802217484,0.47125235199928284,0.006948328576982021
COPD,SERPINE1,PLAUR,"CD4-positive, alpha-beta T cell",leukocyte,0.014744389802217484,0.6168549656867981,0.009095150046050549
COPD,SERPINE1,ITGAV,"CD4-positive, alpha-beta T cell",leukocyte,0.014744389802217484,0.3050999641418457,0.004498512949794531
COPD,SERPINE1,ITGB3,"CD4-positive, alpha-beta T cell",leukocyte,0.014744389802217484,0.005126997362822294,7.559444929938763e-05
COPD,SERPINE1,VTN,"CD4-positive, alpha-beta T cell",leukocyte,0.014744389802217484,0.03484604135155678,0.0005137835978530347
COPD,SERPINE1,PLAU,"CD4-positive, alpha-beta T cell",leukocyte,0.014744389802217484,0.1440306007862091,0.002123643411323428
COPD,SERPINE1,LRP1,"CD4-positive, alpha-beta T cell",endothelial cell of lymphatic vessel,0.014744389802217484,0.015216442756354809,0.0002243571652797982
COPD,SERPINE1,PLAUR,"CD4-positive, alpha-beta T cell",endothelial cell of lymphatic vessel,0.014744389802217484,0.11065652966499329,0.001631563063710928
COPD,SERPINE1,ITGAV,"CD4-positive, alpha-beta T cell",endothelial cell of lymphatic vessel,0.014744389802217484,0.515347421169281,0.007598483469337225
COPD,SERPINE1,ITGB3,"CD4-positive, alpha-beta T cell",endothelial cell of lymphatic vessel,0.014744389802217484,0.058469705283641815,0.0008621001034043729
COPD,SERPINE1,VTN,"CD4-positive, alpha-beta T cell",endothelial cell of lymphatic vessel,0.014744389802217484,0.0,0.0
COPD,SERPINE1,PLAU,"CD4-positive, alpha-beta T cell",endothelial cell of lymphatic vessel,0.014744389802217484,0.008568414486944675,0.00012633604637812823
COPD,SERPINE1,LRP1,natural killer cell,"CD4-positive, alpha-beta T cell",0.016466643661260605,0.01080121286213398,0.00017785972158890218
COPD,SERPINE1,PLAUR,natural killer cell,"CD4-positive, alpha-beta T cell",0.016466643661260605,0.07658383250236511,0.001261078636161983
COPD,SERPINE1,ITGAV,natural killer cell,"CD4-positive, alpha-beta T cell",0.016466643661260605,0.11132144927978516,0.0018330906750634313
COPD,SERPINE1,ITGB3,natural killer cell,"CD4-positive, alpha-beta T cell",0.016466643661260605,0.0010274227242916822,1.691820398264099e-05
COPD,SERPINE1,VTN,natural killer cell,"CD4-positive, alpha-beta T cell",0.016466643661260605,0.0005363248055800796,8.83146913110977e-06
COPD,SERPINE1,PLAU,natural killer cell,"CD4-positive, alpha-beta T cell",0.016466643661260605,0.005150928162038326,8.481850090902299e-05
COPD,SERPINE1,LRP1,natural killer cell,natural killer cell,0.016466643661260605,0.010716209188103676,0.00017646000196691602
COPD,SERPINE1,PLAUR,natural killer cell,natural killer cell,0.016466643661260605,0.03572125732898712,0.0005882091936655343
COPD,SERPINE1,ITGAV,natural killer cell,natural killer cell,0.016466643661260605,0.11054375767707825,0.001820284640416503
COPD,SERPINE1,ITGB3,natural killer cell,natural killer cell,0.016466643661260605,0.0006884454633109272,1.1336385796312243e-05
COPD,SERPINE1,VTN,natural killer cell,natural killer cell,0.016466643661260605,0.0006028926582075655,9.927618521032855e-06
COPD,SERPINE1,PLAU,natural killer cell,natural killer cell,0.016466643661260605,0.0023785356897860765,3.916649802704342e-05
COPD,SERPINE1,LRP1,natural killer cell,capillary endothelial cell,0.016466643661260605,0.024062074720859528,0.00039622161420993507
COPD,SERPINE1,PLAUR,natural killer cell,capillary endothelial cell,0.016466643661260605,0.15724825859069824,0.0025893510319292545
COPD,SERPINE1,ITGAV,natural killer cell,capillary endothelial cell,0.016466643661260605,0.9863317012786865,0.01624157279729843
COPD,SERPINE1,ITGB3,natural killer cell,capillary endothelial cell,0.016466643661260605,0.017805634066462517,0.00029319903114810586
COPD,SERPINE1,VTN,natural killer cell,capillary endothelial cell,0.016466643661260605,0.0003249383589718491,5.350644187274156e-06
COPD,SERPINE1,PLAU,natural killer cell,capillary endothelial cell,0.016466643661260605,0.11483262479305267,0.0018909078789874911
COPD,SERPINE1,LRP1,natural killer cell,macrophage,0.016466643661260605,1.1535762548446655,0.018995529040694237
COPD,SERPINE1,PLAUR,natural killer cell,macrophage,0.016466643661260605,1.4511730670928955,0.023895949125289917
COPD,SERPINE1,ITGAV,natural killer cell,macrophage,0.016466643661260605,0.34481775760650635,0.005677991081029177
COPD,SERPINE1,ITGB3,natural killer cell,macrophage,0.016466643661260605,0.0012105804635211825,1.9934197553084232e-05
COPD,SERPINE1,VTN,natural killer cell,macrophage,0.016466643661260605,0.062030158936977386,0.0010214284993708134
COPD,SERPINE1,PLAU,natural killer cell,macrophage,0.016466643661260605,0.14781677722930908,0.0024340462405234575
COPD,SERPINE1,LRP1,natural killer cell,"CD8-positive, alpha-beta T cell",0.016466643661260605,0.020046265795826912,0.00033009471371769905
COPD,SERPINE1,PLAUR,natural killer cell,"CD8-positive, alpha-beta T cell",0.016466643661260605,0.06581177562475204,0.0010836990550160408
COPD,SERPINE1,ITGAV,natural killer cell,"CD8-positive, alpha-beta T cell",0.016466643661260605,0.09613218158483505,0.0015829743351787329
COPD,SERPINE1,ITGB3,natural killer cell,"CD8-positive, alpha-beta T cell",0.016466643661260605,0.0013681200798600912,2.2528345652972348e-05
COPD,SERPINE1,VTN,natural killer cell,"CD8-positive, alpha-beta T cell",0.016466643661260605,0.0,0.0
COPD,SERPINE1,PLAU,natural killer cell,"CD8-positive, alpha-beta T cell",0.016466643661260605,0.0021628967951983213,3.561565245036036e-05
COPD,SERPINE1,LRP1,natural killer cell,monocyte,0.016466643661260605,0.5386526584625244,0.00886980164796114
COPD,SERPINE1,PLAUR,natural killer cell,monocyte,0.016466643661260605,2.1388425827026367,0.03521955758333206
COPD,SERPINE1,ITGAV,natural killer cell,monocyte,0.016466643661260605,0.2557239234447479,0.004210914950817823
COPD,SERPINE1,ITGB3,natural killer cell,monocyte,0.016466643661260605,0.003852088702842593,6.343096902128309e-05
COPD,SERPINE1,VTN,natural killer cell,monocyte,0.016466643661260605,0.00021245292737148702,3.498386604405823e-06
COPD,SERPINE1,PLAU,natural killer cell,monocyte,0.016466643661260605,0.04595533013343811,0.000756730034481734
COPD,SERPINE1,LRP1,natural killer cell,fibroblast,0.016466643661260605,1.0635806322097778,0.01751360297203064
COPD,SERPINE1,PLAUR,natural killer cell,fibroblast,0.016466643661260605,0.48420417308807373,0.007973217405378819
COPD,SERPINE1,ITGAV,natural killer cell,fibroblast,0.016466643661260605,0.5354461073875427,0.008817000314593315
COPD,SERPINE1,ITGB3,natural killer cell,fibroblast,0.016466643661260605,0.019384372979402542,0.00031919556204229593
COPD,SERPINE1,VTN,natural killer cell,fibroblast,0.016466643661260605,0.010189037770032883,0.00016777926066424698
COPD,SERPINE1,PLAU,natural killer cell,fibroblast,0.016466643661260605,0.13291242718696594,0.0021886215545237064
COPD,SERPINE1,LRP1,natural killer cell,conventional dendritic cell,0.016466643661260605,0.6610154509544373,0.010884705930948257
COPD,SERPINE1,PLAUR,natural killer cell,conventional dendritic cell,0.016466643661260605,1.5253753662109375,0.025117812678217888
COPD,SERPINE1,ITGAV,natural killer cell,conventional dendritic cell,0.016466643661260605,0.485474169254303,0.007994130253791809
COPD,SERPINE1,ITGB3,natural killer cell,conventional dendritic cell,0.016466643661260605,0.03787994757294655,0.0006237556226551533
COPD,SERPINE1,VTN,natural killer cell,conventional dendritic cell,0.016466643661260605,0.010836340487003326,0.00017843816021922976
COPD,SERPINE1,PLAU,natural killer cell,conventional dendritic cell,0.016466643661260605,0.43526551127433777,0.00716736214235425
COPD,SERPINE1,LRP1,natural killer cell,mast cell,0.016466643661260605,0.021034739911556244,0.0003463715547695756
COPD,SERPINE1,PLAUR,natural killer cell,mast cell,0.016466643661260605,0.6477757692337036,0.01066669262945652
COPD,SERPINE1,ITGAV,natural killer cell,mast cell,0.016466643661260605,0.314280241727829,0.0051751406863331795
COPD,SERPINE1,ITGB3,natural killer cell,mast cell,0.016466643661260605,0.04736245796084404,0.0007799006998538971
COPD,SERPINE1,VTN,natural killer cell,mast cell,0.016466643661260605,0.0016408103983849287,2.701864104892593e-05
COPD,SERPINE1,PLAU,natural killer cell,mast cell,0.016466643661260605,0.10074585676193237,0.0016589461592957377
COPD,SERPINE1,LRP1,natural killer cell,pulmonary alveolar type 2 cell,0.016466643661260605,0.05770264193415642,0.0009501688182353973
COPD,SERPINE1,PLAUR,natural killer cell,pulmonary alveolar type 2 cell,0.016466643661260605,0.12278641760349274,0.0020218801219016314
COPD,SERPINE1,ITGAV,natural killer cell,pulmonary alveolar type 2 cell,0.016466643661260605,0.2546227276325226,0.004192781634628773
COPD,SERPINE1,ITGB3,natural killer cell,pulmonary alveolar type 2 cell,0.016466643661260605,0.0037699693348258734,6.207873957464471e-05
COPD,SERPINE1,VTN,natural killer cell,pulmonary alveolar type 2 cell,0.016466643661260605,0.0023970953188836575,3.947211371269077e-05
COPD,SERPINE1,PLAU,natural killer cell,pulmonary alveolar type 2 cell,0.016466643661260605,0.0043336693197488785,7.136099156923592e-05
COPD,SERPINE1,LRP1,natural killer cell,vein endothelial cell,0.016466643661260605,0.02342596836388111,0.0003857470874208957
COPD,SERPINE1,PLAUR,natural killer cell,vein endothelial cell,0.016466643661260605,0.3295363783836365,0.005426357965916395
COPD,SERPINE1,ITGAV,natural killer cell,vein endothelial cell,0.016466643661260605,0.9312993288040161,0.015335374511778355
COPD,SERPINE1,ITGB3,natural killer cell,vein endothelial cell,0.016466643661260605,0.18184329569339752,0.0029943487606942654
COPD,SERPINE1,VTN,natural killer cell,vein endothelial cell,0.016466643661260605,0.000626434339210391,1.0315270628780127e-05
COPD,SERPINE1,PLAU,natural killer cell,vein endothelial cell,0.016466643661260605,0.007339425850659609,0.0001208557077916339
COPD,SERPINE1,LRP1,natural killer cell,lung multiciliated epithelial cell,0.016466643661260605,0.123210109770298,0.0020288568921387196
COPD,SERPINE1,PLAUR,natural killer cell,lung multiciliated epithelial cell,0.016466643661260605,0.07332352548837662,0.00120739231351763
COPD,SERPINE1,ITGAV,natural killer cell,lung multiciliated epithelial cell,0.016466643661260605,0.2539004683494568,0.004180888645350933
COPD,SERPINE1,ITGB3,natural killer cell,lung multiciliated epithelial cell,0.016466643661260605,0.018456554040312767,0.0003039175062440336
COPD,SERPINE1,VTN,natural killer cell,lung multiciliated epithelial cell,0.016466643661260605,0.003759907791391015,6.191305874381214e-05
COPD,SERPINE1,PLAU,natural killer cell,lung multiciliated epithelial cell,0.016466643661260605,0.010434271767735481,0.000171817431692034
COPD,SERPINE1,LRP1,natural killer cell,smooth muscle cell,0.016466643661260605,0.5496347546577454,0.009050639346241951
COPD,SERPINE1,PLAUR,natural killer cell,smooth muscle cell,0.016466643661260605,0.09615277498960495,0.0015833134530112147
COPD,SERPINE1,ITGAV,natural killer cell,smooth muscle cell,0.016466643661260605,0.44047948718070984,0.007253218907862902
COPD,SERPINE1,ITGB3,natural killer cell,smooth muscle cell,0.016466643661260605,0.019068775698542595,0.00031399872386828065
COPD,SERPINE1,VTN,natural killer cell,smooth muscle cell,0.016466643661260605,0.050971850752830505,0.0008393353200517595
COPD,SERPINE1,PLAU,natural killer cell,smooth muscle cell,0.016466643661260605,0.06739981472492218,0.0011098487302660942
COPD,SERPINE1,LRP1,natural killer cell,endothelial cell,0.016466643661260605,0.014540615491569042,0.00023943513224367052
COPD,SERPINE1,PLAUR,natural killer cell,endothelial cell,0.016466643661260605,0.34155407547950745,0.0056242491118609905
COPD,SERPINE1,ITGAV,natural killer cell,endothelial cell,0.016466643661260605,1.197588562965393,0.01972026377916336
COPD,SERPINE1,ITGB3,natural killer cell,endothelial cell,0.016466643661260605,0.07873991876840591,0.0012965821661055088
COPD,SERPINE1,VTN,natural killer cell,endothelial cell,0.016466643661260605,0.0,0.0
COPD,SERPINE1,PLAU,natural killer cell,endothelial cell,0.016466643661260605,0.02626102976500988,0.0004324310284573585
COPD,SERPINE1,LRP1,natural killer cell,B cell,0.016466643661260605,0.004753251560032368,7.827010267646983e-05
COPD,SERPINE1,PLAUR,natural killer cell,B cell,0.016466643661260605,0.025976065546274185,0.0004277386178728193
COPD,SERPINE1,ITGAV,natural killer cell,B cell,0.016466643661260605,0.07096978276968002,0.0011686341604217887
COPD,SERPINE1,ITGB3,natural killer cell,B cell,0.016466643661260605,0.007180650718510151,0.00011824121611425653
COPD,SERPINE1,VTN,natural killer cell,B cell,0.016466643661260605,0.0070886798202991486,0.00011672676191665232
COPD,SERPINE1,PLAU,natural killer cell,B cell,0.016466643661260605,0.0029255251865833998,4.817358058062382e-05
COPD,SERPINE1,LRP1,natural killer cell,pulmonary alveolar type 1 cell,0.016466643661260605,0.1313430517911911,0.002162779215723276
COPD,SERPINE1,PLAUR,natural killer cell,pulmonary alveolar type 1 cell,0.016466643661260605,0.14985068142414093,0.0024675377644598484
COPD,SERPINE1,ITGAV,natural killer cell,pulmonary alveolar type 1 cell,0.016466643661260605,0.4363124668598175,0.007184601854532957
COPD,SERPINE1,ITGB3,natural killer cell,pulmonary alveolar type 1 cell,0.016466643661260605,0.028458690270781517,0.0004686191095970571
COPD,SERPINE1,VTN,natural killer cell,pulmonary alveolar type 1 cell,0.016466643661260605,0.0,0.0
COPD,SERPINE1,PLAU,natural killer cell,pulmonary alveolar type 1 cell,0.016466643661260605,0.00269750296138227,4.4418819015845656e-05
COPD,SERPINE1,LRP1,natural killer cell,club cell,0.016466643661260605,0.1225111186504364,0.0020173469092696905
COPD,SERPINE1,PLAUR,natural killer cell,club cell,0.016466643661260605,0.10685224086046219,0.0017594977980479598
COPD,SERPINE1,ITGAV,natural killer cell,club cell,0.016466643661260605,0.3144201636314392,0.005177444778382778
COPD,SERPINE1,ITGB3,natural killer cell,club cell,0.016466643661260605,0.029236525297164917,0.0004814274434465915
COPD,SERPINE1,VTN,natural killer cell,club cell,0.016466643661260605,0.0006348757306113839,1.045427234203089e-05
COPD,SERPINE1,PLAU,natural killer cell,club cell,0.016466643661260605,0.0426836721599102,0.000702856807038188
COPD,SERPINE1,LRP1,natural killer cell,neutrophil,0.016466643661260605,0.03148840367794037,0.0005185083136893809
COPD,SERPINE1,PLAUR,natural killer cell,neutrophil,0.016466643661260605,2.9101521968841553,0.04792043939232826
COPD,SERPINE1,ITGAV,natural killer cell,neutrophil,0.016466643661260605,0.018835248425602913,0.0003101533220615238
COPD,SERPINE1,ITGB3,natural killer cell,neutrophil,0.016466643661260605,0.0,0.0
COPD,SERPINE1,VTN,natural killer cell,neutrophil,0.016466643661260605,0.0,0.0
COPD,SERPINE1,PLAU,natural killer cell,neutrophil,0.016466643661260605,0.1457006335258484,0.002399200340732932
COPD,SERPINE1,LRP1,natural killer cell,plasma cell,0.016466643661260605,0.020204829052090645,0.00033270573476329446
COPD,SERPINE1,PLAUR,natural killer cell,plasma cell,0.016466643661260605,0.1296500712633133,0.0021349014714360237
COPD,SERPINE1,ITGAV,natural killer cell,plasma cell,0.016466643661260605,0.07221756130456924,0.0011891808826476336
COPD,SERPINE1,ITGB3,natural killer cell,plasma cell,0.016466643661260605,0.004077468998730183,6.714223127346486e-05
COPD,SERPINE1,VTN,natural killer cell,plasma cell,0.016466643661260605,0.0,0.0
COPD,SERPINE1,PLAU,natural killer cell,plasma cell,0.016466643661260605,0.0,0.0
COPD,SERPINE1,LRP1,natural killer cell,leukocyte,0.016466643661260605,0.47125235199928284,0.007759944535791874
COPD,SERPINE1,PLAUR,natural killer cell,leukocyte,0.016466643661260605,0.6168549656867981,0.010157531127333641
COPD,SERPINE1,ITGAV,natural killer cell,leukocyte,0.016466643661260605,0.3050999641418457,0.005023972596973181
COPD,SERPINE1,ITGB3,natural killer cell,leukocyte,0.016466643661260605,0.005126997362822294,8.442443504463881e-05
COPD,SERPINE1,VTN,natural killer cell,leukocyte,0.016466643661260605,0.03484604135155678,0.0005737973260693252
COPD,SERPINE1,PLAU,natural killer cell,leukocyte,0.016466643661260605,0.1440306007862091,0.00237170048058033
COPD,SERPINE1,LRP1,natural killer cell,endothelial cell of lymphatic vessel,0.016466643661260605,0.015216442756354809,0.00025056375307030976
COPD,SERPINE1,PLAUR,natural killer cell,endothelial cell of lymphatic vessel,0.016466643661260605,0.11065652966499329,0.0018221416976302862
COPD,SERPINE1,ITGAV,natural killer cell,endothelial cell of lymphatic vessel,0.016466643661260605,0.515347421169281,0.008486042730510235
COPD,SERPINE1,ITGB3,natural killer cell,endothelial cell of lymphatic vessel,0.016466643661260605,0.058469705283641815,0.0009627998224459589
COPD,SERPINE1,VTN,natural killer cell,endothelial cell of lymphatic vessel,0.016466643661260605,0.0,0.0
COPD,SERPINE1,PLAU,natural killer cell,endothelial cell of lymphatic vessel,0.016466643661260605,0.008568414486944675,0.00014109302719589323
COPD,SERPINE1,LRP1,capillary endothelial cell,"CD4-positive, alpha-beta T cell",1.039573311805725,0.01080121286213398,0.0112286526709795
COPD,SERPINE1,PLAUR,capillary endothelial cell,"CD4-positive, alpha-beta T cell",1.039573311805725,0.07658383250236511,0.07961450517177582
COPD,SERPINE1,ITGAV,capillary endothelial cell,"CD4-positive, alpha-beta T cell",1.039573311805725,0.11132144927978516,0.11572680622339249
COPD,SERPINE1,ITGB3,capillary endothelial cell,"CD4-positive, alpha-beta T cell",1.039573311805725,0.0010274227242916822,0.0010680812411010265
COPD,SERPINE1,VTN,capillary endothelial cell,"CD4-positive, alpha-beta T cell",1.039573311805725,0.0005363248055800796,0.0005575489485636353
COPD,SERPINE1,PLAU,capillary endothelial cell,"CD4-positive, alpha-beta T cell",1.039573311805725,0.005150928162038326,0.005354767665266991
COPD,SERPINE1,LRP1,capillary endothelial cell,natural killer cell,1.039573311805725,0.010716209188103676,0.011140285059809685
COPD,SERPINE1,PLAUR,capillary endothelial cell,natural killer cell,1.039573311805725,0.03572125732898712,0.037134867161512375
COPD,SERPINE1,ITGAV,capillary endothelial cell,natural killer cell,1.039573311805725,0.11054375767707825,0.11491834372282028
COPD,SERPINE1,ITGB3,capillary endothelial cell,natural killer cell,1.039573311805725,0.0006884454633109272,0.0007156895590014756
COPD,SERPINE1,VTN,capillary endothelial cell,natural killer cell,1.039573311805725,0.0006028926582075655,0.0006267511053010821
COPD,SERPINE1,PLAU,capillary endothelial cell,natural killer cell,1.039573311805725,0.0023785356897860765,0.0024726621340960264
COPD,SERPINE1,LRP1,capillary endothelial cell,capillary endothelial cell,1.039573311805725,0.024062074720859528,0.02501429058611393
COPD,SERPINE1,PLAUR,capillary endothelial cell,capillary endothelial cell,1.039573311805725,0.15724825859069824,0.16347108781337738
COPD,SERPINE1,ITGAV,capillary endothelial cell,capillary endothelial cell,1.039573311805725,0.9863317012786865,1.0253641605377197
COPD,SERPINE1,ITGB3,capillary endothelial cell,capillary endothelial cell,1.039573311805725,0.017805634066462517,0.018510261550545692
COPD,SERPINE1,VTN,capillary endothelial cell,capillary endothelial cell,1.039573311805725,0.0003249383589718491,0.0003377972461748868
COPD,SERPINE1,PLAU,capillary endothelial cell,capillary endothelial cell,1.039573311805725,0.11483262479305267,0.11937693506479263
COPD,SERPINE1,LRP1,capillary endothelial cell,macrophage,1.039573311805725,1.1535762548446655,1.1992270946502686
COPD,SERPINE1,PLAUR,capillary endothelial cell,macrophage,1.039573311805725,1.4511730670928955,1.5086008310317993
COPD,SERPINE1,ITGAV,capillary endothelial cell,macrophage,1.039573311805725,0.34481775760650635,0.3584633469581604
COPD,SERPINE1,ITGB3,capillary endothelial cell,macrophage,1.039573311805725,0.0012105804635211825,0.0012584871146827936
COPD,SERPINE1,VTN,capillary endothelial cell,macrophage,1.039573311805725,0.062030158936977386,0.06448489427566528
COPD,SERPINE1,PLAU,capillary endothelial cell,macrophage,1.039573311805725,0.14781677722930908,0.15366637706756592
COPD,SERPINE1,LRP1,capillary endothelial cell,"CD8-positive, alpha-beta T cell",1.039573311805725,0.020046265795826912,0.020839562639594078
COPD,SERPINE1,PLAUR,capillary endothelial cell,"CD8-positive, alpha-beta T cell",1.039573311805725,0.06581177562475204,0.06841616332530975
COPD,SERPINE1,ITGAV,capillary endothelial cell,"CD8-positive, alpha-beta T cell",1.039573311805725,0.09613218158483505,0.09993644803762436
COPD,SERPINE1,ITGB3,capillary endothelial cell,"CD8-positive, alpha-beta T cell",1.039573311805725,0.0013681200798600912,0.0014222611207515001
COPD,SERPINE1,VTN,capillary endothelial cell,"CD8-positive, alpha-beta T cell",1.039573311805725,0.0,0.0
COPD,SERPINE1,PLAU,capillary endothelial cell,"CD8-positive, alpha-beta T cell",1.039573311805725,0.0021628967951983213,0.0022484897635877132
COPD,SERPINE1,LRP1,capillary endothelial cell,monocyte,1.039573311805725,0.5386526584625244,0.5599689483642578
COPD,SERPINE1,PLAUR,capillary endothelial cell,monocyte,1.039573311805725,2.1388425827026367,2.2234835624694824
COPD,SERPINE1,ITGAV,capillary endothelial cell,monocyte,1.039573311805725,0.2557239234447479,0.26584377884864807
COPD,SERPINE1,ITGB3,capillary endothelial cell,monocyte,1.039573311805725,0.003852088702842593,0.004004528746008873
COPD,SERPINE1,VTN,capillary endothelial cell,monocyte,1.039573311805725,0.00021245292737148702,0.00022086039825808257
COPD,SERPINE1,PLAU,capillary endothelial cell,monocyte,1.039573311805725,0.04595533013343811,0.04777393490076065
COPD,SERPINE1,LRP1,capillary endothelial cell,fibroblast,1.039573311805725,1.0635806322097778,1.1056700944900513
COPD,SERPINE1,PLAUR,capillary endothelial cell,fibroblast,1.039573311805725,0.48420417308807373,0.5033657550811768
COPD,SERPINE1,ITGAV,capillary endothelial cell,fibroblast,1.039573311805725,0.5354461073875427,0.5566354990005493
COPD,SERPINE1,ITGB3,capillary endothelial cell,fibroblast,1.039573311805725,0.019384372979402542,0.020151477307081223
COPD,SERPINE1,VTN,capillary endothelial cell,fibroblast,1.039573311805725,0.010189037770032883,0.010592252016067505
COPD,SERPINE1,PLAU,capillary endothelial cell,fibroblast,1.039573311805725,0.13291242718696594,0.1381722092628479
COPD,SERPINE1,LRP1,capillary endothelial cell,conventional dendritic cell,1.039573311805725,0.6610154509544373,0.6871740221977234
COPD,SERPINE1,PLAUR,capillary endothelial cell,conventional dendritic cell,1.039573311805725,1.5253753662109375,1.5857394933700562
COPD,SERPINE1,ITGAV,capillary endothelial cell,conventional dendritic cell,1.039573311805725,0.485474169254303,0.5046859979629517
COPD,SERPINE1,ITGB3,capillary endothelial cell,conventional dendritic cell,1.039573311805725,0.03787994757294655,0.03937898203730583
COPD,SERPINE1,VTN,capillary endothelial cell,conventional dendritic cell,1.039573311805725,0.010836340487003326,0.011265170760452747
COPD,SERPINE1,PLAU,capillary endothelial cell,conventional dendritic cell,1.039573311805725,0.43526551127433777,0.4524904191493988
COPD,SERPINE1,LRP1,capillary endothelial cell,mast cell,1.039573311805725,0.021034739911556244,0.02186715416610241
COPD,SERPINE1,PLAUR,capillary endothelial cell,mast cell,1.039573311805725,0.6477757692337036,0.6734104156494141
COPD,SERPINE1,ITGAV,capillary endothelial cell,mast cell,1.039573311805725,0.314280241727829,0.326717346906662
COPD,SERPINE1,ITGB3,capillary endothelial cell,mast cell,1.039573311805725,0.04736245796084404,0.04923674836754799
COPD,SERPINE1,VTN,capillary endothelial cell,mast cell,1.039573311805725,0.0016408103983849287,0.0017057426739484072
COPD,SERPINE1,PLAU,capillary endothelial cell,mast cell,1.039573311805725,0.10074585676193237,0.1047327071428299
COPD,SERPINE1,LRP1,capillary endothelial cell,pulmonary alveolar type 2 cell,1.039573311805725,0.05770264193415642,0.05998612567782402
COPD,SERPINE1,PLAUR,capillary endothelial cell,pulmonary alveolar type 2 cell,1.039573311805725,0.12278641760349274,0.12764547765254974
COPD,SERPINE1,ITGAV,capillary endothelial cell,pulmonary alveolar type 2 cell,1.039573311805725,0.2546227276325226,0.26469898223876953
COPD,SERPINE1,ITGB3,capillary endothelial cell,pulmonary alveolar type 2 cell,1.039573311805725,0.0037699693348258734,0.0039191595278680325
COPD,SERPINE1,VTN,capillary endothelial cell,pulmonary alveolar type 2 cell,1.039573311805725,0.0023970953188836575,0.0024919563438743353
COPD,SERPINE1,PLAU,capillary endothelial cell,pulmonary alveolar type 2 cell,1.039573311805725,0.0043336693197488785,0.004505166783928871
COPD,SERPINE1,LRP1,capillary endothelial cell,vein endothelial cell,1.039573311805725,0.02342596836388111,0.024353012442588806
COPD,SERPINE1,PLAUR,capillary endothelial cell,vein endothelial cell,1.039573311805725,0.3295363783836365,0.3425772190093994
COPD,SERPINE1,ITGAV,capillary endothelial cell,vein endothelial cell,1.039573311805725,0.9312993288040161,0.9681539535522461
COPD,SERPINE1,ITGB3,capillary endothelial cell,vein endothelial cell,1.039573311805725,0.18184329569339752,0.1890394389629364
COPD,SERPINE1,VTN,capillary endothelial cell,vein endothelial cell,1.039573311805725,0.000626434339210391,0.0006512243999168277
COPD,SERPINE1,PLAU,capillary endothelial cell,vein endothelial cell,1.039573311805725,0.007339425850659609,0.007629871368408203
COPD,SERPINE1,LRP1,capillary endothelial cell,lung multiciliated epithelial cell,1.039573311805725,0.123210109770298,0.1280859410762787
COPD,SERPINE1,PLAUR,capillary endothelial cell,lung multiciliated epithelial cell,1.039573311805725,0.07332352548837662,0.07622518390417099
COPD,SERPINE1,ITGAV,capillary endothelial cell,lung multiciliated epithelial cell,1.039573311805725,0.2539004683494568,0.26394814252853394
COPD,SERPINE1,ITGB3,capillary endothelial cell,lung multiciliated epithelial cell,1.039573311805725,0.018456554040312767,0.019186941906809807
COPD,SERPINE1,VTN,capillary endothelial cell,lung multiciliated epithelial cell,1.039573311805725,0.003759907791391015,0.003908699844032526
COPD,SERPINE1,PLAU,capillary endothelial cell,lung multiciliated epithelial cell,1.039573311805725,0.010434271767735481,0.010847190394997597
COPD,SERPINE1,LRP1,capillary endothelial cell,smooth muscle cell,1.039573311805725,0.5496347546577454,0.5713856220245361
COPD,SERPINE1,PLAUR,capillary endothelial cell,smooth muscle cell,1.039573311805725,0.09615277498960495,0.09995786100625992
COPD,SERPINE1,ITGAV,capillary endothelial cell,smooth muscle cell,1.039573311805725,0.44047948718070984,0.4579107165336609
COPD,SERPINE1,ITGB3,capillary endothelial cell,smooth muscle cell,1.039573311805725,0.019068775698542595,0.019823390990495682
COPD,SERPINE1,VTN,capillary endothelial cell,smooth muscle cell,1.039573311805725,0.050971850752830505,0.05298897624015808
COPD,SERPINE1,PLAU,capillary endothelial cell,smooth muscle cell,1.039573311805725,0.06739981472492218,0.07006704807281494
COPD,SERPINE1,LRP1,capillary endothelial cell,endothelial cell,1.039573311805725,0.014540615491569042,0.01511603593826294
COPD,SERPINE1,PLAUR,capillary endothelial cell,endothelial cell,1.039573311805725,0.34155407547950745,0.3550705015659332
COPD,SERPINE1,ITGAV,capillary endothelial cell,endothelial cell,1.039573311805725,1.197588562965393,1.244981050491333
COPD,SERPINE1,ITGB3,capillary endothelial cell,endothelial cell,1.039573311805725,0.07873991876840591,0.08185591548681259
COPD,SERPINE1,VTN,capillary endothelial cell,endothelial cell,1.039573311805725,0.0,0.0
COPD,SERPINE1,PLAU,capillary endothelial cell,endothelial cell,1.039573311805725,0.02626102976500988,0.027300266548991203
COPD,SERPINE1,LRP1,capillary endothelial cell,B cell,1.039573311805725,0.004753251560032368,0.00494135357439518
COPD,SERPINE1,PLAUR,capillary endothelial cell,B cell,1.039573311805725,0.025976065546274185,0.027004024013876915
COPD,SERPINE1,ITGAV,capillary endothelial cell,B cell,1.039573311805725,0.07096978276968002,0.07377829402685165
COPD,SERPINE1,ITGB3,capillary endothelial cell,B cell,1.039573311805725,0.007180650718510151,0.007464813068509102
COPD,SERPINE1,VTN,capillary endothelial cell,B cell,1.039573311805725,0.0070886798202991486,0.007369202561676502
COPD,SERPINE1,PLAU,capillary endothelial cell,B cell,1.039573311805725,0.0029255251865833998,0.00304129789583385
COPD,SERPINE1,LRP1,capillary endothelial cell,pulmonary alveolar type 1 cell,1.039573311805725,0.1313430517911911,0.1365407258272171
COPD,SERPINE1,PLAUR,capillary endothelial cell,pulmonary alveolar type 1 cell,1.039573311805725,0.14985068142414093,0.15578076243400574
COPD,SERPINE1,ITGAV,capillary endothelial cell,pulmonary alveolar type 1 cell,1.039573311805725,0.4363124668598175,0.45357879996299744
COPD,SERPINE1,ITGB3,capillary endothelial cell,pulmonary alveolar type 1 cell,1.039573311805725,0.028458690270781517,0.029584895819425583
COPD,SERPINE1,VTN,capillary endothelial cell,pulmonary alveolar type 1 cell,1.039573311805725,0.0,0.0
COPD,SERPINE1,PLAU,capillary endothelial cell,pulmonary alveolar type 1 cell,1.039573311805725,0.00269750296138227,0.0028042520862072706
COPD,SERPINE1,LRP1,capillary endothelial cell,club cell,1.039573311805725,0.1225111186504364,0.1273592859506607
COPD,SERPINE1,PLAUR,capillary endothelial cell,club cell,1.039573311805725,0.10685224086046219,0.11108073592185974
COPD,SERPINE1,ITGAV,capillary endothelial cell,club cell,1.039573311805725,0.3144201636314392,0.32686281204223633
COPD,SERPINE1,ITGB3,capillary endothelial cell,club cell,1.039573311805725,0.029236525297164917,0.030393511056900024
COPD,SERPINE1,VTN,capillary endothelial cell,club cell,1.039573311805725,0.0006348757306113839,0.0006599998450838029
COPD,SERPINE1,PLAU,capillary endothelial cell,club cell,1.039573311805725,0.0426836721599102,0.0443728081882
COPD,SERPINE1,LRP1,capillary endothelial cell,neutrophil,1.039573311805725,0.03148840367794037,0.03273450583219528
COPD,SERPINE1,PLAUR,capillary endothelial cell,neutrophil,1.039573311805725,2.9101521968841553,3.0253164768218994
COPD,SERPINE1,ITGAV,capillary endothelial cell,neutrophil,1.039573311805725,0.018835248425602913,0.019580621272325516
COPD,SERPINE1,ITGB3,capillary endothelial cell,neutrophil,1.039573311805725,0.0,0.0
COPD,SERPINE1,VTN,capillary endothelial cell,neutrophil,1.039573311805725,0.0,0.0
COPD,SERPINE1,PLAU,capillary endothelial cell,neutrophil,1.039573311805725,0.1457006335258484,0.1514664888381958
COPD,SERPINE1,LRP1,capillary endothelial cell,plasma cell,1.039573311805725,0.020204829052090645,0.02100440114736557
COPD,SERPINE1,PLAUR,capillary endothelial cell,plasma cell,1.039573311805725,0.1296500712633133,0.13478074967861176
COPD,SERPINE1,ITGAV,capillary endothelial cell,plasma cell,1.039573311805725,0.07221756130456924,0.07507544755935669
COPD,SERPINE1,ITGB3,capillary endothelial cell,plasma cell,1.039573311805725,0.004077468998730183,0.004238828085362911
COPD,SERPINE1,VTN,capillary endothelial cell,plasma cell,1.039573311805725,0.0,0.0
COPD,SERPINE1,PLAU,capillary endothelial cell,plasma cell,1.039573311805725,0.0,0.0
COPD,SERPINE1,LRP1,capillary endothelial cell,leukocyte,1.039573311805725,0.47125235199928284,0.4899013638496399
COPD,SERPINE1,PLAUR,capillary endothelial cell,leukocyte,1.039573311805725,0.6168549656867981,0.6412659883499146
COPD,SERPINE1,ITGAV,capillary endothelial cell,leukocyte,1.039573311805725,0.3050999641418457,0.3171737790107727
COPD,SERPINE1,ITGB3,capillary endothelial cell,leukocyte,1.039573311805725,0.005126997362822294,0.005329889710992575
COPD,SERPINE1,VTN,capillary endothelial cell,leukocyte,1.039573311805725,0.03484604135155678,0.03622501343488693
COPD,SERPINE1,PLAU,capillary endothelial cell,leukocyte,1.039573311805725,0.1440306007862091,0.1497303694486618
COPD,SERPINE1,LRP1,capillary endothelial cell,endothelial cell of lymphatic vessel,1.039573311805725,0.015216442756354809,0.015818607062101364
COPD,SERPINE1,PLAUR,capillary endothelial cell,endothelial cell of lymphatic vessel,1.039573311805725,0.11065652966499329,0.11503557860851288
COPD,SERPINE1,ITGAV,capillary endothelial cell,endothelial cell of lymphatic vessel,1.039573311805725,0.515347421169281,0.5357414484024048
COPD,SERPINE1,ITGB3,capillary endothelial cell,endothelial cell of lymphatic vessel,1.039573311805725,0.058469705283641815,0.060783546417951584
COPD,SERPINE1,VTN,capillary endothelial cell,endothelial cell of lymphatic vessel,1.039573311805725,0.0,0.0
COPD,SERPINE1,PLAU,capillary endothelial cell,endothelial cell of lymphatic vessel,1.039573311805725,0.008568414486944675,0.008907495066523552
COPD,SERPINE1,LRP1,macrophage,"CD4-positive, alpha-beta T cell",0.06327783316373825,0.01080121286213398,0.0006834773230366409
COPD,SERPINE1,PLAUR,macrophage,"CD4-positive, alpha-beta T cell",0.06327783316373825,0.07658383250236511,0.004846058785915375
COPD,SERPINE1,ITGAV,macrophage,"CD4-positive, alpha-beta T cell",0.06327783316373825,0.11132144927978516,0.007044180296361446
COPD,SERPINE1,ITGB3,macrophage,"CD4-positive, alpha-beta T cell",0.06327783316373825,0.0010274227242916822,6.501308234874159e-05
COPD,SERPINE1,VTN,macrophage,"CD4-positive, alpha-beta T cell",0.06327783316373825,0.0005363248055800796,3.3937471016542986e-05
COPD,SERPINE1,PLAU,macrophage,"CD4-positive, alpha-beta T cell",0.06327783316373825,0.005150928162038326,0.0003259395598433912
COPD,SERPINE1,LRP1,macrophage,natural killer cell,0.06327783316373825,0.010716209188103676,0.0006780984695069492
COPD,SERPINE1,PLAUR,macrophage,natural killer cell,0.06327783316373825,0.03572125732898712,0.0022603636607527733
COPD,SERPINE1,ITGAV,macrophage,natural killer cell,0.06327783316373825,0.11054375767707825,0.006994969677180052
COPD,SERPINE1,ITGB3,macrophage,natural killer cell,0.06327783316373825,0.0006884454633109272,4.356333738542162e-05
COPD,SERPINE1,VTN,macrophage,natural killer cell,0.06327783316373825,0.0006028926582075655,3.81497411581222e-05
COPD,SERPINE1,PLAU,macrophage,natural killer cell,0.06327783316373825,0.0023785356897860765,0.0001505085820099339
COPD,SERPINE1,LRP1,macrophage,capillary endothelial cell,0.06327783316373825,0.024062074720859528,0.0015225959941744804
COPD,SERPINE1,PLAUR,macrophage,capillary endothelial cell,0.06327783316373825,0.15724825859069824,0.00995032861828804
COPD,SERPINE1,ITGAV,macrophage,capillary endothelial cell,0.06327783316373825,0.9863317012786865,0.06241293251514435
COPD,SERPINE1,ITGB3,macrophage,capillary endothelial cell,0.06327783316373825,0.017805634066462517,0.001126701943576336
COPD,SERPINE1,VTN,macrophage,capillary endothelial cell,0.06327783316373825,0.0003249383589718491,2.0561396013363265e-05
COPD,SERPINE1,PLAU,macrophage,capillary endothelial cell,0.06327783316373825,0.11483262479305267,0.007266359869390726
COPD,SERPINE1,LRP1,macrophage,macrophage,0.06327783316373825,1.1535762548446655,0.07299580425024033
COPD,SERPINE1,PLAUR,macrophage,macrophage,0.06327783316373825,1.4511730670928955,0.09182708710432053
COPD,SERPINE1,ITGAV,macrophage,macrophage,0.06327783316373825,0.34481775760650635,0.02181932143867016
COPD,SERPINE1,ITGB3,macrophage,macrophage,0.06327783316373825,0.0012105804635211825,7.660291157662868e-05
COPD,SERPINE1,VTN,macrophage,macrophage,0.06327783316373825,0.062030158936977386,0.003925133962184191
COPD,SERPINE1,PLAU,macrophage,macrophage,0.06327783316373825,0.14781677722930908,0.009353525005280972
COPD,SERPINE1,LRP1,macrophage,"CD8-positive, alpha-beta T cell",0.06327783316373825,0.020046265795826912,0.0012684842804446816
COPD,SERPINE1,PLAUR,macrophage,"CD8-positive, alpha-beta T cell",0.06327783316373825,0.06581177562475204,0.00416442658752203
COPD,SERPINE1,ITGAV,macrophage,"CD8-positive, alpha-beta T cell",0.06327783316373825,0.09613218158483505,0.006083036307245493
COPD,SERPINE1,ITGB3,macrophage,"CD8-positive, alpha-beta T cell",0.06327783316373825,0.0013681200798600912,8.657167199999094e-05
COPD,SERPINE1,VTN,macrophage,"CD8-positive, alpha-beta T cell",0.06327783316373825,0.0,0.0
COPD,SERPINE1,PLAU,macrophage,"CD8-positive, alpha-beta T cell",0.06327783316373825,0.0021628967951983213,0.00013686342572327703
COPD,SERPINE1,LRP1,macrophage,monocyte,0.06327783316373825,0.5386526584625244,0.03408477455377579
COPD,SERPINE1,PLAUR,macrophage,monocyte,0.06327783316373825,2.1388425827026367,0.1353413313627243
COPD,SERPINE1,ITGAV,macrophage,monocyte,0.06327783316373825,0.2557239234447479,0.01618165522813797
COPD,SERPINE1,ITGB3,macrophage,monocyte,0.06327783316373825,0.003852088702842593,0.0002437518269289285
COPD,SERPINE1,VTN,macrophage,monocyte,0.06327783316373825,0.00021245292737148702,1.3443561329040676e-05
COPD,SERPINE1,PLAU,macrophage,monocyte,0.06327783316373825,0.04595533013343811,0.002907953690737486
COPD,SERPINE1,LRP1,macrophage,fibroblast,0.06327783316373825,1.0635806322097778,0.06730107963085175
COPD,SERPINE1,PLAUR,macrophage,fibroblast,0.06327783316373825,0.48420417308807373,0.030639391392469406
COPD,SERPINE1,ITGAV,macrophage,fibroblast,0.06327783316373825,0.5354461073875427,0.03388186916708946
COPD,SERPINE1,ITGB3,macrophage,fibroblast,0.06327783316373825,0.019384372979402542,0.001226601074449718
COPD,SERPINE1,VTN,macrophage,fibroblast,0.06327783316373825,0.010189037770032883,0.0006447402411140501
COPD,SERPINE1,PLAU,macrophage,fibroblast,0.06327783316373825,0.13291242718696594,0.008410410024225712
COPD,SERPINE1,LRP1,macrophage,conventional dendritic cell,0.06327783316373825,0.6610154509544373,0.04182762652635574
COPD,SERPINE1,PLAUR,macrophage,conventional dendritic cell,0.06327783316373825,1.5253753662109375,0.09652245044708252
COPD,SERPINE1,ITGAV,macrophage,conventional dendritic cell,0.06327783316373825,0.485474169254303,0.030719753354787827
COPD,SERPINE1,ITGB3,macrophage,conventional dendritic cell,0.06327783316373825,0.03787994757294655,0.002396960975602269
COPD,SERPINE1,VTN,macrophage,conventional dendritic cell,0.06327783316373825,0.010836340487003326,0.0006857001571916044
COPD,SERPINE1,PLAU,macrophage,conventional dendritic cell,0.06327783316373825,0.43526551127433777,0.027542658150196075
COPD,SERPINE1,LRP1,macrophage,mast cell,0.06327783316373825,0.021034739911556244,0.00133103271946311
COPD,SERPINE1,PLAUR,macrophage,mast cell,0.06327783316373825,0.6477757692337036,0.040989845991134644
COPD,SERPINE1,ITGAV,macrophage,mast cell,0.06327783316373825,0.314280241727829,0.01988697238266468
COPD,SERPINE1,ITGB3,macrophage,mast cell,0.06327783316373825,0.04736245796084404,0.0029969937168061733
COPD,SERPINE1,VTN,macrophage,mast cell,0.06327783316373825,0.0016408103983849287,0.00010382692562416196
COPD,SERPINE1,PLAU,macrophage,mast cell,0.06327783316373825,0.10074585676193237,0.006374979391694069
COPD,SERPINE1,LRP1,macrophage,pulmonary alveolar type 2 cell,0.06327783316373825,0.05770264193415642,0.0036512981168925762
COPD,SERPINE1,PLAUR,macrophage,pulmonary alveolar type 2 cell,0.06327783316373825,0.12278641760349274,0.007769658230245113
COPD,SERPINE1,ITGAV,macrophage,pulmonary alveolar type 2 cell,0.06327783316373825,0.2546227276325226,0.01611197367310524
COPD,SERPINE1,ITGB3,macrophage,pulmonary alveolar type 2 cell,0.06327783316373825,0.0037699693348258734,0.00023855548352003098
COPD,SERPINE1,VTN,macrophage,pulmonary alveolar type 2 cell,0.06327783316373825,0.0023970953188836575,0.00015168299432843924
COPD,SERPINE1,PLAU,macrophage,pulmonary alveolar type 2 cell,0.06327783316373825,0.0043336693197488785,0.0002742251963354647
COPD,SERPINE1,LRP1,macrophage,vein endothelial cell,0.06327783316373825,0.02342596836388111,0.0014823444653302431
COPD,SERPINE1,PLAUR,macrophage,vein endothelial cell,0.06327783316373825,0.3295363783836365,0.0208523478358984
COPD,SERPINE1,ITGAV,macrophage,vein endothelial cell,0.06327783316373825,0.9312993288040161,0.05893060192465782
COPD,SERPINE1,ITGB3,macrophage,vein endothelial cell,0.06327783316373825,0.18184329569339752,0.011506649665534496
COPD,SERPINE1,VTN,macrophage,vein endothelial cell,0.06327783316373825,0.000626434339210391,3.963940616813488e-05
COPD,SERPINE1,PLAU,macrophage,vein endothelial cell,0.06327783316373825,0.007339425850659609,0.00046442297752946615
COPD,SERPINE1,LRP1,macrophage,lung multiciliated epithelial cell,0.06327783316373825,0.123210109770298,0.0077964686788618565
COPD,SERPINE1,PLAUR,macrophage,lung multiciliated epithelial cell,0.06327783316373825,0.07332352548837662,0.004639753606170416
COPD,SERPINE1,ITGAV,macrophage,lung multiciliated epithelial cell,0.06327783316373825,0.2539004683494568,0.01606627181172371
COPD,SERPINE1,ITGB3,macrophage,lung multiciliated epithelial cell,0.06327783316373825,0.018456554040312767,0.0011678907321766019
COPD,SERPINE1,VTN,macrophage,lung multiciliated epithelial cell,0.06327783316373825,0.003759907791391015,0.0002379188226768747
COPD,SERPINE1,PLAU,macrophage,lung multiciliated epithelial cell,0.06327783316373825,0.010434271767735481,0.000660258112475276
COPD,SERPINE1,LRP1,macrophage,smooth muscle cell,0.06327783316373825,0.5496347546577454,0.03477969765663147
COPD,SERPINE1,PLAUR,macrophage,smooth muscle cell,0.06327783316373825,0.09615277498960495,0.00608433922752738
COPD,SERPINE1,ITGAV,macrophage,smooth muscle cell,0.06327783316373825,0.44047948718070984,0.027872586622834206
COPD,SERPINE1,ITGB3,macrophage,smooth muscle cell,0.06327783316373825,0.019068775698542595,0.0012066308408975601
COPD,SERPINE1,VTN,macrophage,smooth muscle cell,0.06327783316373825,0.050971850752830505,0.0032253882382065058
COPD,SERPINE1,PLAU,macrophage,smooth muscle cell,0.06327783316373825,0.06739981472492218,0.004264914430677891
COPD,SERPINE1,LRP1,macrophage,endothelial cell,0.06327783316373825,0.014540615491569042,0.0009200986241921782
COPD,SERPINE1,PLAUR,macrophage,endothelial cell,0.06327783316373825,0.34155407547950745,0.021612802520394325
COPD,SERPINE1,ITGAV,macrophage,endothelial cell,0.06327783316373825,1.197588562965393,0.07578080892562866
COPD,SERPINE1,ITGB3,macrophage,endothelial cell,0.06327783316373825,0.07873991876840591,0.004982491489499807
COPD,SERPINE1,VTN,macrophage,endothelial cell,0.06327783316373825,0.0,0.0
COPD,SERPINE1,PLAU,macrophage,endothelial cell,0.06327783316373825,0.02626102976500988,0.0016617410583421588
COPD,SERPINE1,LRP1,macrophage,B cell,0.06327783316373825,0.004753251560032368,0.0003007754567079246
COPD,SERPINE1,PLAUR,macrophage,B cell,0.06327783316373825,0.025976065546274185,0.0016437091398984194
COPD,SERPINE1,ITGAV,macrophage,B cell,0.06327783316373825,0.07096978276968002,0.004490814171731472
COPD,SERPINE1,ITGB3,macrophage,B cell,0.06327783316373825,0.007180650718510151,0.00045437601511366665
COPD,SERPINE1,VTN,macrophage,B cell,0.06327783316373825,0.0070886798202991486,0.00044855629676021636
COPD,SERPINE1,PLAU,macrophage,B cell,0.06327783316373825,0.0029255251865833998,0.00018512089445721358
COPD,SERPINE1,LRP1,macrophage,pulmonary alveolar type 1 cell,0.06327783316373825,0.1313430517911911,0.008311104029417038
COPD,SERPINE1,PLAUR,macrophage,pulmonary alveolar type 1 cell,0.06327783316373825,0.14985068142414093,0.009482226334512234
COPD,SERPINE1,ITGAV,macrophage,pulmonary alveolar type 1 cell,0.06327783316373825,0.4363124668598175,0.027608906850218773
COPD,SERPINE1,ITGB3,macrophage,pulmonary alveolar type 1 cell,0.06327783316373825,0.028458690270781517,0.0018008042825385928
COPD,SERPINE1,VTN,macrophage,pulmonary alveolar type 1 cell,0.06327783316373825,0.0,0.0
COPD,SERPINE1,PLAU,macrophage,pulmonary alveolar type 1 cell,0.06327783316373825,0.00269750296138227,0.00017069214663933963
COPD,SERPINE1,LRP1,macrophage,club cell,0.06327783316373825,0.1225111186504364,0.007752238307148218
COPD,SERPINE1,PLAUR,macrophage,club cell,0.06327783316373825,0.10685224086046219,0.006761378142982721
COPD,SERPINE1,ITGAV,macrophage,club cell,0.06327783316373825,0.3144201636314392,0.019895827397704124
COPD,SERPINE1,ITGB3,macrophage,club cell,0.06327783316373825,0.029236525297164917,0.00185002398211509
COPD,SERPINE1,VTN,macrophage,club cell,0.06327783316373825,0.0006348757306113839,4.017355968244374e-05
COPD,SERPINE1,PLAU,macrophage,club cell,0.06327783316373825,0.0426836721599102,0.002700930228456855
COPD,SERPINE1,LRP1,macrophage,neutrophil,0.06327783316373825,0.03148840367794037,0.001992517849430442
COPD,SERPINE1,PLAUR,macrophage,neutrophil,0.06327783316373825,2.9101521968841553,0.18414811789989471
COPD,SERPINE1,ITGAV,macrophage,neutrophil,0.06327783316373825,0.018835248425602913,0.0011918536620214581
COPD,SERPINE1,ITGB3,macrophage,neutrophil,0.06327783316373825,0.0,0.0
COPD,SERPINE1,VTN,macrophage,neutrophil,0.06327783316373825,0.0,0.0
COPD,SERPINE1,PLAU,macrophage,neutrophil,0.06327783316373825,0.1457006335258484,0.009219620376825333
COPD,SERPINE1,LRP1,macrophage,plasma cell,0.06327783316373825,0.020204829052090645,0.0012785177677869797
COPD,SERPINE1,PLAUR,macrophage,plasma cell,0.06327783316373825,0.1296500712633133,0.008203975856304169
COPD,SERPINE1,ITGAV,macrophage,plasma cell,0.06327783316373825,0.07221756130456924,0.004569770768284798
COPD,SERPINE1,ITGB3,macrophage,plasma cell,0.06327783316373825,0.004077468998730183,0.00025801340234465897
COPD,SERPINE1,VTN,macrophage,plasma cell,0.06327783316373825,0.0,0.0
COPD,SERPINE1,PLAU,macrophage,plasma cell,0.06327783316373825,0.0,0.0
COPD,SERPINE1,LRP1,macrophage,leukocyte,0.06327783316373825,0.47125235199928284,0.029819827526807785
COPD,SERPINE1,PLAUR,macrophage,leukocyte,0.06327783316373825,0.6168549656867981,0.03903324529528618
COPD,SERPINE1,ITGAV,macrophage,leukocyte,0.06327783316373825,0.3050999641418457,0.019306065514683723
COPD,SERPINE1,ITGB3,macrophage,leukocyte,0.06327783316373825,0.005126997362822294,0.0003244252875447273
COPD,SERPINE1,VTN,macrophage,leukocyte,0.06327783316373825,0.03484604135155678,0.0022049820981919765
COPD,SERPINE1,PLAU,macrophage,leukocyte,0.06327783316373825,0.1440306007862091,0.009113944135606289
COPD,SERPINE1,LRP1,macrophage,endothelial cell of lymphatic vessel,0.06327783316373825,0.015216442756354809,0.0009628635016269982
COPD,SERPINE1,PLAUR,macrophage,endothelial cell of lymphatic vessel,0.06327783316373825,0.11065652966499329,0.007002105470746756
COPD,SERPINE1,ITGAV,macrophage,endothelial cell of lymphatic vessel,0.06327783316373825,0.515347421169281,0.03261006996035576
COPD,SERPINE1,ITGB3,macrophage,endothelial cell of lymphatic vessel,0.06327783316373825,0.058469705283641815,0.0036998363211750984
COPD,SERPINE1,VTN,macrophage,endothelial cell of lymphatic vessel,0.06327783316373825,0.0,0.0
COPD,SERPINE1,PLAU,macrophage,endothelial cell of lymphatic vessel,0.06327783316373825,0.008568414486944675,0.0005421906826086342
COPD,SERPINE1,LRP1,"CD8-positive, alpha-beta T cell","CD4-positive, alpha-beta T cell",0.0162291768938303,0.01080121286213398,0.00017529480101075023
COPD,SERPINE1,PLAUR,"CD8-positive, alpha-beta T cell","CD4-positive, alpha-beta T cell",0.0162291768938303,0.07658383250236511,0.0012428925838321447
COPD,SERPINE1,ITGAV,"CD8-positive, alpha-beta T cell","CD4-positive, alpha-beta T cell",0.0162291768938303,0.11132144927978516,0.0018066555494442582
COPD,SERPINE1,ITGB3,"CD8-positive, alpha-beta T cell","CD4-positive, alpha-beta T cell",0.0162291768938303,0.0010274227242916822,1.6674224752932787e-05
COPD,SERPINE1,VTN,"CD8-positive, alpha-beta T cell","CD4-positive, alpha-beta T cell",0.0162291768938303,0.0005363248055800796,8.704109859536402e-06
COPD,SERPINE1,PLAU,"CD8-positive, alpha-beta T cell","CD4-positive, alpha-beta T cell",0.0162291768938303,0.005150928162038326,8.359532512258738e-05
COPD,SERPINE1,LRP1,"CD8-positive, alpha-beta T cell",natural killer cell,0.0162291768938303,0.010716209188103676,0.0001739152503432706
COPD,SERPINE1,PLAUR,"CD8-positive, alpha-beta T cell",natural killer cell,0.0162291768938303,0.03572125732898712,0.0005797265912406147
COPD,SERPINE1,ITGAV,"CD8-positive, alpha-beta T cell",natural killer cell,0.0162291768938303,0.11054375767707825,0.0017940341494977474
COPD,SERPINE1,ITGB3,"CD8-positive, alpha-beta T cell",natural killer cell,0.0162291768938303,0.0006884454633109272,1.1172903214173857e-05
COPD,SERPINE1,VTN,"CD8-positive, alpha-beta T cell",natural killer cell,0.0162291768938303,0.0006028926582075655,9.784451322047971e-06
COPD,SERPINE1,PLAU,"CD8-positive, alpha-beta T cell",natural killer cell,0.0162291768938303,0.0023785356897860765,3.860167635139078e-05
COPD,SERPINE1,LRP1,"CD8-positive, alpha-beta T cell",capillary endothelial cell,0.0162291768938303,0.024062074720859528,0.00039050765917636454
COPD,SERPINE1,PLAUR,"CD8-positive, alpha-beta T cell",capillary endothelial cell,0.0162291768938303,0.15724825859069824,0.0025520098861306906
COPD,SERPINE1,ITGAV,"CD8-positive, alpha-beta T cell",capillary endothelial cell,0.0162291768938303,0.9863317012786865,0.016007350757718086
COPD,SERPINE1,ITGB3,"CD8-positive, alpha-beta T cell",capillary endothelial cell,0.0162291768938303,0.017805634066462517,0.00028897079755552113
COPD,SERPINE1,VTN,"CD8-positive, alpha-beta T cell",capillary endothelial cell,0.0162291768938303,0.0003249383589718491,5.27348220202839e-06
COPD,SERPINE1,PLAU,"CD8-positive, alpha-beta T cell",capillary endothelial cell,0.0162291768938303,0.11483262479305267,0.0018636389868333936
COPD,SERPINE1,LRP1,"CD8-positive, alpha-beta T cell",macrophage,0.0162291768938303,1.1535762548446655,0.01872159354388714
COPD,SERPINE1,PLAUR,"CD8-positive, alpha-beta T cell",macrophage,0.0162291768938303,1.4511730670928955,0.023551344871520996
COPD,SERPINE1,ITGAV,"CD8-positive, alpha-beta T cell",macrophage,0.0162291768938303,0.34481775760650635,0.005596108268946409
COPD,SERPINE1,ITGB3,"CD8-positive, alpha-beta T cell",macrophage,0.0162291768938303,0.0012105804635211825,1.9646724467747845e-05
COPD,SERPINE1,VTN,"CD8-positive, alpha-beta T cell",macrophage,0.0162291768938303,0.062030158936977386,0.0010066984687000513
COPD,SERPINE1,PLAU,"CD8-positive, alpha-beta T cell",macrophage,0.0162291768938303,0.14781677722930908,0.0023989446926862
COPD,SERPINE1,LRP1,"CD8-positive, alpha-beta T cell","CD8-positive, alpha-beta T cell",0.0162291768938303,0.020046265795826912,0.0003253344038967043
COPD,SERPINE1,PLAUR,"CD8-positive, alpha-beta T cell","CD8-positive, alpha-beta T cell",0.0162291768938303,0.06581177562475204,0.0010680709965527058
COPD,SERPINE1,ITGAV,"CD8-positive, alpha-beta T cell","CD8-positive, alpha-beta T cell",0.0162291768938303,0.09613218158483505,0.0015601462218910456
COPD,SERPINE1,ITGB3,"CD8-positive, alpha-beta T cell","CD8-positive, alpha-beta T cell",0.0162291768938303,0.0013681200798600912,2.2203463231562637e-05
COPD,SERPINE1,VTN,"CD8-positive, alpha-beta T cell","CD8-positive, alpha-beta T cell",0.0162291768938303,0.0,0.0
COPD,SERPINE1,PLAU,"CD8-positive, alpha-beta T cell","CD8-positive, alpha-beta T cell",0.0162291768938303,0.0021628967951983213,3.5102035326417536e-05
COPD,SERPINE1,LRP1,"CD8-positive, alpha-beta T cell",monocyte,0.0162291768938303,0.5386526584625244,0.008741889148950577
COPD,SERPINE1,PLAUR,"CD8-positive, alpha-beta T cell",monocyte,0.0162291768938303,2.1388425827026367,0.03471165522933006
COPD,SERPINE1,ITGAV,"CD8-positive, alpha-beta T cell",monocyte,0.0162291768938303,0.2557239234447479,0.004150188993662596
COPD,SERPINE1,ITGB3,"CD8-positive, alpha-beta T cell",monocyte,0.0162291768938303,0.003852088702842593,6.251622835407034e-05
COPD,SERPINE1,VTN,"CD8-positive, alpha-beta T cell",monocyte,0.0162291768938303,0.00021245292737148702,3.4479362511774525e-06
COPD,SERPINE1,PLAU,"CD8-positive, alpha-beta T cell",monocyte,0.0162291768938303,0.04595533013343811,0.0007458172040060163
COPD,SERPINE1,LRP1,"CD8-positive, alpha-beta T cell",fibroblast,0.0162291768938303,1.0635806322097778,0.017261037603020668
COPD,SERPINE1,PLAUR,"CD8-positive, alpha-beta T cell",fibroblast,0.0162291768938303,0.48420417308807373,0.007858235388994217
COPD,SERPINE1,ITGAV,"CD8-positive, alpha-beta T cell",fibroblast,0.0162291768938303,0.5354461073875427,0.008689849637448788
COPD,SERPINE1,ITGB3,"CD8-positive, alpha-beta T cell",fibroblast,0.0162291768938303,0.019384372979402542,0.00031459241290576756
COPD,SERPINE1,VTN,"CD8-positive, alpha-beta T cell",fibroblast,0.0162291768938303,0.010189037770032883,0.0001653596991673112
COPD,SERPINE1,PLAU,"CD8-positive, alpha-beta T cell",fibroblast,0.0162291768938303,0.13291242718696594,0.0021570592653006315
COPD,SERPINE1,LRP1,"CD8-positive, alpha-beta T cell",conventional dendritic cell,0.0162291768938303,0.6610154509544373,0.010727737098932266
COPD,SERPINE1,PLAUR,"CD8-positive, alpha-beta T cell",conventional dendritic cell,0.0162291768938303,1.5253753662109375,0.024755585938692093
COPD,SERPINE1,ITGAV,"CD8-positive, alpha-beta T cell",conventional dendritic cell,0.0162291768938303,0.485474169254303,0.007878846488893032
COPD,SERPINE1,ITGB3,"CD8-positive, alpha-beta T cell",conventional dendritic cell,0.0162291768938303,0.03787994757294655,0.0006147603853605688
COPD,SERPINE1,VTN,"CD8-positive, alpha-beta T cell",conventional dendritic cell,0.0162291768938303,0.010836340487003326,0.00017586488684173673
COPD,SERPINE1,PLAU,"CD8-positive, alpha-beta T cell",conventional dendritic cell,0.0162291768938303,0.43526551127433777,0.0070640011690557
COPD,SERPINE1,LRP1,"CD8-positive, alpha-beta T cell",mast cell,0.0162291768938303,0.021034739911556244,0.0003413765225559473
COPD,SERPINE1,PLAUR,"CD8-positive, alpha-beta T cell",mast cell,0.0162291768938303,0.6477757692337036,0.01051286794245243
COPD,SERPINE1,ITGAV,"CD8-positive, alpha-beta T cell",mast cell,0.0162291768938303,0.314280241727829,0.005100509617477655
COPD,SERPINE1,ITGB3,"CD8-positive, alpha-beta T cell",mast cell,0.0162291768938303,0.04736245796084404,0.0007686536991968751
COPD,SERPINE1,VTN,"CD8-positive, alpha-beta T cell",mast cell,0.0162291768938303,0.0016408103983849287,2.6629002604749985e-05
COPD,SERPINE1,PLAU,"CD8-positive, alpha-beta T cell",mast cell,0.0162291768938303,0.10074585676193237,0.0016350223449990153
COPD,SERPINE1,LRP1,"CD8-positive, alpha-beta T cell",pulmonary alveolar type 2 cell,0.0162291768938303,0.05770264193415642,0.0009364663856104016
COPD,SERPINE1,PLAUR,"CD8-positive, alpha-beta T cell",pulmonary alveolar type 2 cell,0.0162291768938303,0.12278641760349274,0.0019927225075662136
COPD,SERPINE1,ITGAV,"CD8-positive, alpha-beta T cell",pulmonary alveolar type 2 cell,0.0162291768938303,0.2546227276325226,0.004132317379117012
COPD,SERPINE1,ITGB3,"CD8-positive, alpha-beta T cell",pulmonary alveolar type 2 cell,0.0162291768938303,0.0037699693348258734,6.118349847383797e-05
COPD,SERPINE1,VTN,"CD8-positive, alpha-beta T cell",pulmonary alveolar type 2 cell,0.0162291768938303,0.0023970953188836575,3.890288280672394e-05
COPD,SERPINE1,PLAU,"CD8-positive, alpha-beta T cell",pulmonary alveolar type 2 cell,0.0162291768938303,0.0043336693197488785,7.033188740024343e-05
COPD,SERPINE1,LRP1,"CD8-positive, alpha-beta T cell",vein endothelial cell,0.0162291768938303,0.02342596836388111,0.0003801841812673956
COPD,SERPINE1,PLAUR,"CD8-positive, alpha-beta T cell",vein endothelial cell,0.0162291768938303,0.3295363783836365,0.005348104052245617
COPD,SERPINE1,ITGAV,"CD8-positive, alpha-beta T cell",vein endothelial cell,0.0162291768938303,0.9312993288040161,0.015114221721887589
COPD,SERPINE1,ITGB3,"CD8-positive, alpha-beta T cell",vein endothelial cell,0.0162291768938303,0.18184329569339752,0.002951167058199644
COPD,SERPINE1,VTN,"CD8-positive, alpha-beta T cell",vein endothelial cell,0.0162291768938303,0.000626434339210391,1.0166513675358146e-05
COPD,SERPINE1,PLAU,"CD8-positive, alpha-beta T cell",vein endothelial cell,0.0162291768938303,0.007339425850659609,0.00011911283945664763
COPD,SERPINE1,LRP1,"CD8-positive, alpha-beta T cell",lung multiciliated epithelial cell,0.0162291768938303,0.123210109770298,0.0019995986949652433
COPD,SERPINE1,PLAUR,"CD8-positive, alpha-beta T cell",lung multiciliated epithelial cell,0.0162291768938303,0.07332352548837662,0.001189980423077941
COPD,SERPINE1,ITGAV,"CD8-positive, alpha-beta T cell",lung multiciliated epithelial cell,0.0162291768938303,0.2539004683494568,0.004120595753192902
COPD,SERPINE1,ITGB3,"CD8-positive, alpha-beta T cell",lung multiciliated epithelial cell,0.0162291768938303,0.018456554040312767,0.0002995346731040627
COPD,SERPINE1,VTN,"CD8-positive, alpha-beta T cell",lung multiciliated epithelial cell,0.0162291768938303,0.003759907791391015,6.102020779508166e-05
COPD,SERPINE1,PLAU,"CD8-positive, alpha-beta T cell",lung multiciliated epithelial cell,0.0162291768938303,0.010434271767735481,0.00016933964798226953
COPD,SERPINE1,LRP1,"CD8-positive, alpha-beta T cell",smooth muscle cell,0.0162291768938303,0.5496347546577454,0.00892012007534504
COPD,SERPINE1,PLAUR,"CD8-positive, alpha-beta T cell",smooth muscle cell,0.0162291768938303,0.09615277498960495,0.0015604804502800107
COPD,SERPINE1,ITGAV,"CD8-positive, alpha-beta T cell",smooth muscle cell,0.0162291768938303,0.44047948718070984,0.007148619741201401
COPD,SERPINE1,ITGB3,"CD8-positive, alpha-beta T cell",smooth muscle cell,0.0162291768938303,0.019068775698542595,0.0003094705461990088
COPD,SERPINE1,VTN,"CD8-positive, alpha-beta T cell",smooth muscle cell,0.0162291768938303,0.050971850752830505,0.0008272311533801258
COPD,SERPINE1,PLAU,"CD8-positive, alpha-beta T cell",smooth muscle cell,0.0162291768938303,0.06739981472492218,0.00109384348616004
COPD,SERPINE1,LRP1,"CD8-positive, alpha-beta T cell",endothelial cell,0.0162291768938303,0.014540615491569042,0.00023598222469445318
COPD,SERPINE1,PLAUR,"CD8-positive, alpha-beta T cell",endothelial cell,0.0162291768938303,0.34155407547950745,0.00554314162582159
COPD,SERPINE1,ITGAV,"CD8-positive, alpha-beta T cell",endothelial cell,0.0162291768938303,1.197588562965393,0.019435876980423927
COPD,SERPINE1,ITGB3,"CD8-positive, alpha-beta T cell",endothelial cell,0.0162291768938303,0.07873991876840591,0.0012778841191902757
COPD,SERPINE1,VTN,"CD8-positive, alpha-beta T cell",endothelial cell,0.0162291768938303,0.0,0.0
COPD,SERPINE1,PLAU,"CD8-positive, alpha-beta T cell",endothelial cell,0.0162291768938303,0.02626102976500988,0.00042619489249773324
COPD,SERPINE1,LRP1,"CD8-positive, alpha-beta T cell",B cell,0.0162291768938303,0.004753251560032368,7.714136154390872e-05
COPD,SERPINE1,PLAUR,"CD8-positive, alpha-beta T cell",B cell,0.0162291768938303,0.025976065546274185,0.00042157014831900597
COPD,SERPINE1,ITGAV,"CD8-positive, alpha-beta T cell",B cell,0.0162291768938303,0.07096978276968002,0.0011517811799421906
COPD,SERPINE1,ITGB3,"CD8-positive, alpha-beta T cell",B cell,0.0162291768938303,0.007180650718510151,0.00011653605179162696
COPD,SERPINE1,VTN,"CD8-positive, alpha-beta T cell",B cell,0.0162291768938303,0.0070886798202991486,0.00011504344001878053
COPD,SERPINE1,PLAU,"CD8-positive, alpha-beta T cell",B cell,0.0162291768938303,0.0029255251865833998,4.747886487166397e-05
COPD,SERPINE1,LRP1,"CD8-positive, alpha-beta T cell",pulmonary alveolar type 1 cell,0.0162291768938303,0.1313430517911911,0.002131589688360691
COPD,SERPINE1,PLAUR,"CD8-positive, alpha-beta T cell",pulmonary alveolar type 1 cell,0.0162291768938303,0.14985068142414093,0.002431953325867653
COPD,SERPINE1,ITGAV,"CD8-positive, alpha-beta T cell",pulmonary alveolar type 1 cell,0.0162291768938303,0.4363124668598175,0.007080992218106985
COPD,SERPINE1,ITGB3,"CD8-positive, alpha-beta T cell",pulmonary alveolar type 1 cell,0.0162291768938303,0.028458690270781517,0.00046186111285351217
COPD,SERPINE1,VTN,"CD8-positive, alpha-beta T cell",pulmonary alveolar type 1 cell,0.0162291768938303,0.0,0.0
COPD,SERPINE1,PLAU,"CD8-positive, alpha-beta T cell",pulmonary alveolar type 1 cell,0.0162291768938303,0.00269750296138227,4.377825098345056e-05
COPD,SERPINE1,LRP1,"CD8-positive, alpha-beta T cell",club cell,0.0162291768938303,0.1225111186504364,0.0019882547203451395
COPD,SERPINE1,PLAUR,"CD8-positive, alpha-beta T cell",club cell,0.0162291768938303,0.10685224086046219,0.001734123914502561
COPD,SERPINE1,ITGAV,"CD8-positive, alpha-beta T cell",club cell,0.0162291768938303,0.3144201636314392,0.005102780647575855
COPD,SERPINE1,ITGB3,"CD8-positive, alpha-beta T cell",club cell,0.0162291768938303,0.029236525297164917,0.00047448475379496813
COPD,SERPINE1,VTN,"CD8-positive, alpha-beta T cell",club cell,0.0162291768938303,0.0006348757306113839,1.0303510862286203e-05
COPD,SERPINE1,PLAU,"CD8-positive, alpha-beta T cell",club cell,0.0162291768938303,0.0426836721599102,0.0006927208742126822
COPD,SERPINE1,LRP1,"CD8-positive, alpha-beta T cell",neutrophil,0.0162291768938303,0.03148840367794037,0.000511030899360776
COPD,SERPINE1,PLAUR,"CD8-positive, alpha-beta T cell",neutrophil,0.0162291768938303,2.9101521968841553,0.047229375690221786
COPD,SERPINE1,ITGAV,"CD8-positive, alpha-beta T cell",neutrophil,0.0162291768938303,0.018835248425602913,0.00030568058718927205
COPD,SERPINE1,ITGB3,"CD8-positive, alpha-beta T cell",neutrophil,0.0162291768938303,0.0,0.0
COPD,SERPINE1,VTN,"CD8-positive, alpha-beta T cell",neutrophil,0.0162291768938303,0.0,0.0
COPD,SERPINE1,PLAU,"CD8-positive, alpha-beta T cell",neutrophil,0.0162291768938303,0.1457006335258484,0.0023646012414246798
COPD,SERPINE1,LRP1,"CD8-positive, alpha-beta T cell",plasma cell,0.0162291768938303,0.020204829052090645,0.00032790773548185825
COPD,SERPINE1,PLAUR,"CD8-positive, alpha-beta T cell",plasma cell,0.0162291768938303,0.1296500712633133,0.002104114042595029
COPD,SERPINE1,ITGAV,"CD8-positive, alpha-beta T cell",plasma cell,0.0162291768938303,0.07221756130456924,0.001172031625173986
COPD,SERPINE1,ITGB3,"CD8-positive, alpha-beta T cell",plasma cell,0.0162291768938303,0.004077468998730183,6.617396866204217e-05
COPD,SERPINE1,VTN,"CD8-positive, alpha-beta T cell",plasma cell,0.0162291768938303,0.0,0.0
COPD,SERPINE1,PLAU,"CD8-positive, alpha-beta T cell",plasma cell,0.0162291768938303,0.0,0.0
COPD,SERPINE1,LRP1,"CD8-positive, alpha-beta T cell",leukocyte,0.0162291768938303,0.47125235199928284,0.007648037746548653
COPD,SERPINE1,PLAUR,"CD8-positive, alpha-beta T cell",leukocyte,0.0162291768938303,0.6168549656867981,0.010011048056185246
COPD,SERPINE1,ITGAV,"CD8-positive, alpha-beta T cell",leukocyte,0.0162291768938303,0.3050999641418457,0.004951521288603544
COPD,SERPINE1,ITGB3,"CD8-positive, alpha-beta T cell",leukocyte,0.0162291768938303,0.005126997362822294,8.32069490570575e-05
COPD,SERPINE1,VTN,"CD8-positive, alpha-beta T cell",leukocyte,0.0162291768938303,0.03484604135155678,0.0005655225832015276
COPD,SERPINE1,PLAU,"CD8-positive, alpha-beta T cell",leukocyte,0.0162291768938303,0.1440306007862091,0.0023374981246888638
COPD,SERPINE1,LRP1,"CD8-positive, alpha-beta T cell",endothelial cell of lymphatic vessel,0.0162291768938303,0.015216442756354809,0.00024695033789612353
COPD,SERPINE1,PLAUR,"CD8-positive, alpha-beta T cell",endothelial cell of lymphatic vessel,0.0162291768938303,0.11065652966499329,0.0017958644311875105
COPD,SERPINE1,ITGAV,"CD8-positive, alpha-beta T cell",endothelial cell of lymphatic vessel,0.0162291768938303,0.515347421169281,0.008363664150238037
COPD,SERPINE1,ITGB3,"CD8-positive, alpha-beta T cell",endothelial cell of lymphatic vessel,0.0162291768938303,0.058469705283641815,0.000948915199842304
COPD,SERPINE1,VTN,"CD8-positive, alpha-beta T cell",endothelial cell of lymphatic vessel,0.0162291768938303,0.0,0.0
COPD,SERPINE1,PLAU,"CD8-positive, alpha-beta T cell",endothelial cell of lymphatic vessel,0.0162291768938303,0.008568414486944675,0.00013905832020100206
COPD,SERPINE1,LRP1,monocyte,"CD4-positive, alpha-beta T cell",0.03331277146935463,0.01080121286213398,0.00035981833934783936
COPD,SERPINE1,PLAUR,monocyte,"CD4-positive, alpha-beta T cell",0.03331277146935463,0.07658383250236511,0.0025512196589261293
COPD,SERPINE1,ITGAV,monocyte,"CD4-positive, alpha-beta T cell",0.03331277146935463,0.11132144927978516,0.003708425909280777
COPD,SERPINE1,ITGB3,monocyte,"CD4-positive, alpha-beta T cell",0.03331277146935463,0.0010274227242916822,3.422629742999561e-05
COPD,SERPINE1,VTN,monocyte,"CD4-positive, alpha-beta T cell",0.03331277146935463,0.0005363248055800796,1.7866464986582287e-05
COPD,SERPINE1,PLAU,monocyte,"CD4-positive, alpha-beta T cell",0.03331277146935463,0.005150928162038326,0.00017159168783109635
COPD,SERPINE1,LRP1,monocyte,natural killer cell,0.03331277146935463,0.010716209188103676,0.00035698662395589054
COPD,SERPINE1,PLAUR,monocyte,natural killer cell,0.03331277146935463,0.03572125732898712,0.0011899741366505623
COPD,SERPINE1,ITGAV,monocyte,natural killer cell,0.03331277146935463,0.11054375767707825,0.003682518843561411
COPD,SERPINE1,ITGB3,monocyte,natural killer cell,0.03331277146935463,0.0006884454633109272,2.2934025764698163e-05
COPD,SERPINE1,VTN,monocyte,natural killer cell,0.03331277146935463,0.0006028926582075655,2.00840258912649e-05
COPD,SERPINE1,PLAU,monocyte,natural killer cell,0.03331277146935463,0.0023785356897860765,7.923561497591436e-05
COPD,SERPINE1,LRP1,monocyte,capillary endothelial cell,0.03331277146935463,0.024062074720859528,0.0008015743806026876
COPD,SERPINE1,PLAUR,monocyte,capillary endothelial cell,0.03331277146935463,0.15724825859069824,0.005238375160843134
COPD,SERPINE1,ITGAV,monocyte,capillary endothelial cell,0.03331277146935463,0.9863317012786865,0.032857444137334824
COPD,SERPINE1,ITGB3,monocyte,capillary endothelial cell,0.03331277146935463,0.017805634066462517,0.0005931550404056907
COPD,SERPINE1,VTN,monocyte,capillary endothelial cell,0.03331277146935463,0.0003249383589718491,1.0824597666214686e-05
COPD,SERPINE1,PLAU,monocyte,capillary endothelial cell,0.03331277146935463,0.11483262479305267,0.0038253930397331715
COPD,SERPINE1,LRP1,monocyte,macrophage,0.03331277146935463,1.1535762548446655,0.03842882066965103
COPD,SERPINE1,PLAUR,monocyte,macrophage,0.03331277146935463,1.4511730670928955,0.04834259673953056
COPD,SERPINE1,ITGAV,monocyte,macrophage,0.03331277146935463,0.34481775760650635,0.011486834846436977
COPD,SERPINE1,ITGB3,monocyte,macrophage,0.03331277146935463,0.0012105804635211825,4.032779179397039e-05
COPD,SERPINE1,VTN,monocyte,macrophage,0.03331277146935463,0.062030158936977386,0.0020663964096456766
COPD,SERPINE1,PLAU,monocyte,macrophage,0.03331277146935463,0.14781677722930908,0.004924186505377293
COPD,SERPINE1,LRP1,monocyte,"CD8-positive, alpha-beta T cell",0.03331277146935463,0.020046265795826912,0.0006677966448478401
COPD,SERPINE1,PLAUR,monocyte,"CD8-positive, alpha-beta T cell",0.03331277146935463,0.06581177562475204,0.002192372689023614
COPD,SERPINE1,ITGAV,monocyte,"CD8-positive, alpha-beta T cell",0.03331277146935463,0.09613218158483505,0.0032024295069277287
COPD,SERPINE1,ITGB3,monocyte,"CD8-positive, alpha-beta T cell",0.03331277146935463,0.0013681200798600912,4.557587089948356e-05
COPD,SERPINE1,VTN,monocyte,"CD8-positive, alpha-beta T cell",0.03331277146935463,0.0,0.0
COPD,SERPINE1,PLAU,monocyte,"CD8-positive, alpha-beta T cell",0.03331277146935463,0.0021628967951983213,7.20520838513039e-05
COPD,SERPINE1,LRP1,monocyte,monocyte,0.03331277146935463,0.5386526584625244,0.017944013699889183
COPD,SERPINE1,PLAUR,monocyte,monocyte,0.03331277146935463,2.1388425827026367,0.07125077396631241
COPD,SERPINE1,ITGAV,monocyte,monocyte,0.03331277146935463,0.2557239234447479,0.008518872782588005
COPD,SERPINE1,ITGB3,monocyte,monocyte,0.03331277146935463,0.003852088702842593,0.00012832375068683177
COPD,SERPINE1,VTN,monocyte,monocyte,0.03331277146935463,0.00021245292737148702,7.0773958213976584e-06
COPD,SERPINE1,PLAU,monocyte,monocyte,0.03331277146935463,0.04595533013343811,0.0015308994334191084
COPD,SERPINE1,LRP1,monocyte,fibroblast,0.03331277146935463,1.0635806322097778,0.03543081879615784
COPD,SERPINE1,PLAUR,monocyte,fibroblast,0.03331277146935463,0.48420417308807373,0.01613018289208412
COPD,SERPINE1,ITGAV,monocyte,fibroblast,0.03331277146935463,0.5354461073875427,0.017837194725871086
COPD,SERPINE1,ITGB3,monocyte,fibroblast,0.03331277146935463,0.019384372979402542,0.0006457471754401922
COPD,SERPINE1,VTN,monocyte,fibroblast,0.03331277146935463,0.010189037770032883,0.00033942508161999285
COPD,SERPINE1,PLAU,monocyte,fibroblast,0.03331277146935463,0.13291242718696594,0.004427681211382151
COPD,SERPINE1,LRP1,monocyte,conventional dendritic cell,0.03331277146935463,0.6610154509544373,0.022020256146788597
COPD,SERPINE1,PLAUR,monocyte,conventional dendritic cell,0.03331277146935463,1.5253753662109375,0.05081447958946228
COPD,SERPINE1,ITGAV,monocyte,conventional dendritic cell,0.03331277146935463,0.485474169254303,0.016172489151358604
COPD,SERPINE1,ITGB3,monocyte,conventional dendritic cell,0.03331277146935463,0.03787994757294655,0.0012618860928341746
COPD,SERPINE1,VTN,monocyte,conventional dendritic cell,0.03331277146935463,0.010836340487003326,0.0003609885461628437
COPD,SERPINE1,PLAU,monocyte,conventional dendritic cell,0.03331277146935463,0.43526551127433777,0.014499900862574577
COPD,SERPINE1,LRP1,monocyte,mast cell,0.03331277146935463,0.021034739911556244,0.0007007254753261805
COPD,SERPINE1,PLAUR,monocyte,mast cell,0.03331277146935463,0.6477757692337036,0.021579205989837646
COPD,SERPINE1,ITGAV,monocyte,mast cell,0.03331277146935463,0.314280241727829,0.010469545610249043
COPD,SERPINE1,ITGB3,monocyte,mast cell,0.03331277146935463,0.04736245796084404,0.0015777747612446547
COPD,SERPINE1,VTN,monocyte,mast cell,0.03331277146935463,0.0016408103983849287,5.465994036057964e-05
COPD,SERPINE1,PLAU,monocyte,mast cell,0.03331277146935463,0.10074585676193237,0.003356123808771372
COPD,SERPINE1,LRP1,monocyte,pulmonary alveolar type 2 cell,0.03331277146935463,0.05770264193415642,0.0019222348928451538
COPD,SERPINE1,PLAUR,monocyte,pulmonary alveolar type 2 cell,0.03331277146935463,0.12278641760349274,0.004090355709195137
COPD,SERPINE1,ITGAV,monocyte,pulmonary alveolar type 2 cell,0.03331277146935463,0.2546227276325226,0.008482188917696476
COPD,SERPINE1,ITGB3,monocyte,pulmonary alveolar type 2 cell,0.03331277146935463,0.0037699693348258734,0.00012558812159113586
COPD,SERPINE1,VTN,monocyte,pulmonary alveolar type 2 cell,0.03331277146935463,0.0023970953188836575,7.98538894741796e-05
COPD,SERPINE1,PLAU,monocyte,pulmonary alveolar type 2 cell,0.03331277146935463,0.0043336693197488785,0.00014436653873417526
COPD,SERPINE1,LRP1,monocyte,vein endothelial cell,0.03331277146935463,0.02342596836388111,0.0007803839398548007
COPD,SERPINE1,PLAUR,monocyte,vein endothelial cell,0.03331277146935463,0.3295363783836365,0.010977770201861858
COPD,SERPINE1,ITGAV,monocyte,vein endothelial cell,0.03331277146935463,0.9312993288040161,0.031024161726236343
COPD,SERPINE1,ITGB3,monocyte,vein endothelial cell,0.03331277146935463,0.18184329569339752,0.006057704333215952
COPD,SERPINE1,VTN,monocyte,vein endothelial cell,0.03331277146935463,0.000626434339210391,2.0868263163720258e-05
COPD,SERPINE1,PLAU,monocyte,vein endothelial cell,0.03331277146935463,0.007339425850659609,0.00024449662305414677
COPD,SERPINE1,LRP1,monocyte,lung multiciliated epithelial cell,0.03331277146935463,0.123210109770298,0.004104470368474722
COPD,SERPINE1,PLAUR,monocyte,lung multiciliated epithelial cell,0.03331277146935463,0.07332352548837662,0.002442609751597047
COPD,SERPINE1,ITGAV,monocyte,lung multiciliated epithelial cell,0.03331277146935463,0.2539004683494568,0.008458128198981285
COPD,SERPINE1,ITGB3,monocyte,lung multiciliated epithelial cell,0.03331277146935463,0.018456554040312767,0.0006148389657028019
COPD,SERPINE1,VTN,monocyte,lung multiciliated epithelial cell,0.03331277146935463,0.003759907791391015,0.00012525294732768089
COPD,SERPINE1,PLAU,monocyte,lung multiciliated epithelial cell,0.03331277146935463,0.010434271767735481,0.00034759449772536755
COPD,SERPINE1,LRP1,monocyte,smooth muscle cell,0.03331277146935463,0.5496347546577454,0.018309857696294785
COPD,SERPINE1,PLAUR,monocyte,smooth muscle cell,0.03331277146935463,0.09615277498960495,0.003203115426003933
COPD,SERPINE1,ITGAV,monocyte,smooth muscle cell,0.03331277146935463,0.44047948718070984,0.014673592522740364
COPD,SERPINE1,ITGB3,monocyte,smooth muscle cell,0.03331277146935463,0.019068775698542595,0.0006352337659336627
COPD,SERPINE1,VTN,monocyte,smooth muscle cell,0.03331277146935463,0.050971850752830505,0.0016980136279016733
COPD,SERPINE1,PLAU,monocyte,smooth muscle cell,0.03331277146935463,0.06739981472492218,0.002245274605229497
COPD,SERPINE1,LRP1,monocyte,endothelial cell,0.03331277146935463,0.014540615491569042,0.00048438820522278547
COPD,SERPINE1,PLAUR,monocyte,endothelial cell,0.03331277146935463,0.34155407547950745,0.011378113180398941
COPD,SERPINE1,ITGAV,monocyte,endothelial cell,0.03331277146935463,1.197588562965393,0.03989499434828758
COPD,SERPINE1,ITGB3,monocyte,endothelial cell,0.03331277146935463,0.07873991876840591,0.0026230448856949806
COPD,SERPINE1,VTN,monocyte,endothelial cell,0.03331277146935463,0.0,0.0
COPD,SERPINE1,PLAU,monocyte,endothelial cell,0.03331277146935463,0.02626102976500988,0.0008748276741243899
COPD,SERPINE1,LRP1,monocyte,B cell,0.03331277146935463,0.004753251560032368,0.00015834398800507188
COPD,SERPINE1,PLAUR,monocyte,B cell,0.03331277146935463,0.025976065546274185,0.0008653347613289952
COPD,SERPINE1,ITGAV,monocyte,B cell,0.03331277146935463,0.07096978276968002,0.002364200074225664
COPD,SERPINE1,ITGB3,monocyte,B cell,0.03331277146935463,0.007180650718510151,0.00023920738021843135
COPD,SERPINE1,VTN,monocyte,B cell,0.03331277146935463,0.0070886798202991486,0.0002361435763305053
COPD,SERPINE1,PLAU,monocyte,B cell,0.03331277146935463,0.0029255251865833998,9.745734860189259e-05
COPD,SERPINE1,LRP1,monocyte,pulmonary alveolar type 1 cell,0.03331277146935463,0.1313430517911911,0.0043754009529948235
COPD,SERPINE1,PLAUR,monocyte,pulmonary alveolar type 1 cell,0.03331277146935463,0.14985068142414093,0.004991941619664431
COPD,SERPINE1,ITGAV,monocyte,pulmonary alveolar type 1 cell,0.03331277146935463,0.4363124668598175,0.014534777961671352
COPD,SERPINE1,ITGB3,monocyte,pulmonary alveolar type 1 cell,0.03331277146935463,0.028458690270781517,0.0009480378357693553
COPD,SERPINE1,VTN,monocyte,pulmonary alveolar type 1 cell,0.03331277146935463,0.0,0.0
COPD,SERPINE1,PLAU,monocyte,pulmonary alveolar type 1 cell,0.03331277146935463,0.00269750296138227,8.986129978438839e-05
COPD,SERPINE1,LRP1,monocyte,club cell,0.03331277146935463,0.1225111186504364,0.004081184975802898
COPD,SERPINE1,PLAUR,monocyte,club cell,0.03331277146935463,0.10685224086046219,0.0035595442168414593
COPD,SERPINE1,ITGAV,monocyte,club cell,0.03331277146935463,0.3144201636314392,0.010474206879734993
COPD,SERPINE1,ITGB3,monocyte,club cell,0.03331277146935463,0.029236525297164917,0.0009739496745169163
COPD,SERPINE1,VTN,monocyte,club cell,0.03331277146935463,0.0006348757306113839,2.114946983056143e-05
COPD,SERPINE1,PLAU,monocyte,club cell,0.03331277146935463,0.0426836721599102,0.001421911409124732
COPD,SERPINE1,LRP1,monocyte,neutrophil,0.03331277146935463,0.03148840367794037,0.0010489659616723657
COPD,SERPINE1,PLAUR,monocyte,neutrophil,0.03331277146935463,2.9101521968841553,0.09694523364305496
COPD,SERPINE1,ITGAV,monocyte,neutrophil,0.03331277146935463,0.018835248425602913,0.0006274543120525777
COPD,SERPINE1,ITGB3,monocyte,neutrophil,0.03331277146935463,0.0,0.0
COPD,SERPINE1,VTN,monocyte,neutrophil,0.03331277146935463,0.0,0.0
COPD,SERPINE1,PLAU,monocyte,neutrophil,0.03331277146935463,0.1457006335258484,0.004853691905736923
COPD,SERPINE1,LRP1,monocyte,plasma cell,0.03331277146935463,0.020204829052090645,0.0006730788736604154
COPD,SERPINE1,PLAUR,monocyte,plasma cell,0.03331277146935463,0.1296500712633133,0.004319003317505121
COPD,SERPINE1,ITGAV,monocyte,plasma cell,0.03331277146935463,0.07221756130456924,0.002405767096206546
COPD,SERPINE1,ITGB3,monocyte,plasma cell,0.03331277146935463,0.004077468998730183,0.00013583179679699242
COPD,SERPINE1,VTN,monocyte,plasma cell,0.03331277146935463,0.0,0.0
COPD,SERPINE1,PLAU,monocyte,plasma cell,0.03331277146935463,0.0,0.0
COPD,SERPINE1,LRP1,monocyte,leukocyte,0.03331277146935463,0.47125235199928284,0.015698721632361412
COPD,SERPINE1,PLAUR,monocyte,leukocyte,0.03331277146935463,0.6168549656867981,0.020549148321151733
COPD,SERPINE1,ITGAV,monocyte,leukocyte,0.03331277146935463,0.3050999641418457,0.010163725353777409
COPD,SERPINE1,ITGB3,monocyte,leukocyte,0.03331277146935463,0.005126997362822294,0.00017079449025914073
COPD,SERPINE1,VTN,monocyte,leukocyte,0.03331277146935463,0.03484604135155678,0.001160818268544972
COPD,SERPINE1,PLAU,monocyte,leukocyte,0.03331277146935463,0.1440306007862091,0.004798058420419693
COPD,SERPINE1,LRP1,monocyte,endothelial cell of lymphatic vessel,0.03331277146935463,0.015216442756354809,0.0005069018807262182
COPD,SERPINE1,PLAUR,monocyte,endothelial cell of lymphatic vessel,0.03331277146935463,0.11065652966499329,0.0036862757988274097
COPD,SERPINE1,ITGAV,monocyte,endothelial cell of lymphatic vessel,0.03331277146935463,0.515347421169281,0.017167650163173676
COPD,SERPINE1,ITGB3,monocyte,endothelial cell of lymphatic vessel,0.03331277146935463,0.058469705283641815,0.0019477879395708442
COPD,SERPINE1,VTN,monocyte,endothelial cell of lymphatic vessel,0.03331277146935463,0.0,0.0
COPD,SERPINE1,PLAU,monocyte,endothelial cell of lymphatic vessel,0.03331277146935463,0.008568414486944675,0.0002854376216419041
COPD,SERPINE1,LRP1,fibroblast,"CD4-positive, alpha-beta T cell",0.6484367847442627,0.01080121286213398,0.007003903854638338
COPD,SERPINE1,PLAUR,fibroblast,"CD4-positive, alpha-beta T cell",0.6484367847442627,0.07658383250236511,0.04965977370738983
COPD,SERPINE1,ITGAV,fibroblast,"CD4-positive, alpha-beta T cell",0.6484367847442627,0.11132144927978516,0.07218492031097412
COPD,SERPINE1,ITGB3,fibroblast,"CD4-positive, alpha-beta T cell",0.6484367847442627,0.0010274227242916822,0.0006662186933681369
COPD,SERPINE1,VTN,fibroblast,"CD4-positive, alpha-beta T cell",0.6484367847442627,0.0005363248055800796,0.0003477727295830846
COPD,SERPINE1,PLAU,fibroblast,"CD4-positive, alpha-beta T cell",0.6484367847442627,0.005150928162038326,0.0033400512766093016
COPD,SERPINE1,LRP1,fibroblast,natural killer cell,0.6484367847442627,0.010716209188103676,0.006948784459382296
COPD,SERPINE1,PLAUR,fibroblast,natural killer cell,0.6484367847442627,0.03572125732898712,0.023162977769970894
COPD,SERPINE1,ITGAV,fibroblast,natural killer cell,0.6484367847442627,0.11054375767707825,0.07168063521385193
COPD,SERPINE1,ITGB3,fibroblast,natural killer cell,0.6484367847442627,0.0006884454633109272,0.0004464133526198566
COPD,SERPINE1,VTN,fibroblast,natural killer cell,0.6484367847442627,0.0006028926582075655,0.0003909377846866846
COPD,SERPINE1,PLAU,fibroblast,natural killer cell,0.6484367847442627,0.0023785356897860765,0.0015423300210386515
COPD,SERPINE1,LRP1,fibroblast,capillary endothelial cell,0.6484367847442627,0.024062074720859528,0.015602733939886093
COPD,SERPINE1,PLAUR,fibroblast,capillary endothelial cell,0.6484367847442627,0.15724825859069824,0.10196555405855179
COPD,SERPINE1,ITGAV,fibroblast,capillary endothelial cell,0.6484367847442627,0.9863317012786865,0.6395737528800964
COPD,SERPINE1,ITGB3,fibroblast,capillary endothelial cell,0.6484367847442627,0.017805634066462517,0.01154582854360342
COPD,SERPINE1,VTN,fibroblast,capillary endothelial cell,0.6484367847442627,0.0003249383589718491,0.000210701982723549
COPD,SERPINE1,PLAU,fibroblast,capillary endothelial cell,0.6484367847442627,0.11483262479305267,0.07446169853210449
COPD,SERPINE1,LRP1,fibroblast,macrophage,0.6484367847442627,1.1535762548446655,0.7480213046073914
COPD,SERPINE1,PLAUR,fibroblast,macrophage,0.6484367847442627,1.4511730670928955,0.9409940242767334
COPD,SERPINE1,ITGAV,fibroblast,macrophage,0.6484367847442627,0.34481775760650635,0.22359251976013184
COPD,SERPINE1,ITGB3,fibroblast,macrophage,0.6484367847442627,0.0012105804635211825,0.0007849849062040448
COPD,SERPINE1,VTN,fibroblast,macrophage,0.6484367847442627,0.062030158936977386,0.040222637355327606
COPD,SERPINE1,PLAU,fibroblast,macrophage,0.6484367847442627,0.14781677722930908,0.09584983438253403
COPD,SERPINE1,LRP1,fibroblast,"CD8-positive, alpha-beta T cell",0.6484367847442627,0.020046265795826912,0.012998736463487148
COPD,SERPINE1,PLAUR,fibroblast,"CD8-positive, alpha-beta T cell",0.6484367847442627,0.06581177562475204,0.042674776166677475
COPD,SERPINE1,ITGAV,fibroblast,"CD8-positive, alpha-beta T cell",0.6484367847442627,0.09613218158483505,0.06233564391732216
COPD,SERPINE1,ITGB3,fibroblast,"CD8-positive, alpha-beta T cell",0.6484367847442627,0.0013681200798600912,0.000887139409314841
COPD,SERPINE1,VTN,fibroblast,"CD8-positive, alpha-beta T cell",0.6484367847442627,0.0,0.0
COPD,SERPINE1,PLAU,fibroblast,"CD8-positive, alpha-beta T cell",0.6484367847442627,0.0021628967951983213,0.0014025018317624927
COPD,SERPINE1,LRP1,fibroblast,monocyte,0.6484367847442627,0.5386526584625244,0.3492822051048279
COPD,SERPINE1,PLAUR,fibroblast,monocyte,0.6484367847442627,2.1388425827026367,1.386904239654541
COPD,SERPINE1,ITGAV,fibroblast,monocyte,0.6484367847442627,0.2557239234447479,0.16582079231739044
COPD,SERPINE1,ITGB3,fibroblast,monocyte,0.6484367847442627,0.003852088702842593,0.0024978360161185265
COPD,SERPINE1,VTN,fibroblast,monocyte,0.6484367847442627,0.00021245292737148702,0.00013776229752693325
COPD,SERPINE1,PLAU,fibroblast,monocyte,0.6484367847442627,0.04595533013343811,0.029799126088619232
COPD,SERPINE1,LRP1,fibroblast,fibroblast,0.6484367847442627,1.0635806322097778,0.6896647810935974
COPD,SERPINE1,PLAUR,fibroblast,fibroblast,0.6484367847442627,0.48420417308807373,0.31397581100463867
COPD,SERPINE1,ITGAV,fibroblast,fibroblast,0.6484367847442627,0.5354461073875427,0.34720295667648315
COPD,SERPINE1,ITGB3,fibroblast,fibroblast,0.6484367847442627,0.019384372979402542,0.012569540180265903
COPD,SERPINE1,VTN,fibroblast,fibroblast,0.6484367847442627,0.010189037770032883,0.00660694669932127
COPD,SERPINE1,PLAU,fibroblast,fibroblast,0.6484367847442627,0.13291242718696594,0.08618530631065369
COPD,SERPINE1,LRP1,fibroblast,conventional dendritic cell,0.6484367847442627,0.6610154509544373,0.42862674593925476
COPD,SERPINE1,PLAUR,fibroblast,conventional dendritic cell,0.6484367847442627,1.5253753662109375,0.9891095161437988
COPD,SERPINE1,ITGAV,fibroblast,conventional dendritic cell,0.6484367847442627,0.485474169254303,0.31479930877685547
COPD,SERPINE1,ITGB3,fibroblast,conventional dendritic cell,0.6484367847442627,0.03787994757294655,0.02456275187432766
COPD,SERPINE1,VTN,fibroblast,conventional dendritic cell,0.6484367847442627,0.010836340487003326,0.007026681676506996
COPD,SERPINE1,PLAU,fibroblast,conventional dendritic cell,0.6484367847442627,0.43526551127433777,0.28224217891693115
COPD,SERPINE1,LRP1,fibroblast,mast cell,0.6484367847442627,0.021034739911556244,0.01363969873636961
COPD,SERPINE1,PLAUR,fibroblast,mast cell,0.6484367847442627,0.6477757692337036,0.42004165053367615
COPD,SERPINE1,ITGAV,fibroblast,mast cell,0.6484367847442627,0.314280241727829,0.20379087328910828
COPD,SERPINE1,ITGB3,fibroblast,mast cell,0.6484367847442627,0.04736245796084404,0.03071155957877636
COPD,SERPINE1,VTN,fibroblast,mast cell,0.6484367847442627,0.0016408103983849287,0.0010639617685228586
COPD,SERPINE1,PLAU,fibroblast,mast cell,0.6484367847442627,0.10074585676193237,0.06532731652259827
COPD,SERPINE1,LRP1,fibroblast,pulmonary alveolar type 2 cell,0.6484367847442627,0.05770264193415642,0.03741651400923729
COPD,SERPINE1,PLAUR,fibroblast,pulmonary alveolar type 2 cell,0.6484367847442627,0.12278641760349274,0.07961922883987427
COPD,SERPINE1,ITGAV,fibroblast,pulmonary alveolar type 2 cell,0.6484367847442627,0.2546227276325226,0.16510674357414246
COPD,SERPINE1,ITGB3,fibroblast,pulmonary alveolar type 2 cell,0.6484367847442627,0.0037699693348258734,0.002444586716592312
COPD,SERPINE1,VTN,fibroblast,pulmonary alveolar type 2 cell,0.6484367847442627,0.0023970953188836575,0.0015543648041784763
COPD,SERPINE1,PLAU,fibroblast,pulmonary alveolar type 2 cell,0.6484367847442627,0.0043336693197488785,0.0028101105708628893
COPD,SERPINE1,LRP1,fibroblast,vein endothelial cell,0.6484367847442627,0.02342596836388111,0.01519025955349207
COPD,SERPINE1,PLAUR,fibroblast,vein endothelial cell,0.6484367847442627,0.3295363783836365,0.21368351578712463
COPD,SERPINE1,ITGAV,fibroblast,vein endothelial cell,0.6484367847442627,0.9312993288040161,0.603888750076294
COPD,SERPINE1,ITGB3,fibroblast,vein endothelial cell,0.6484367847442627,0.18184329569339752,0.1179138794541359
COPD,SERPINE1,VTN,fibroblast,vein endothelial cell,0.6484367847442627,0.000626434339210391,0.00040620306390337646
COPD,SERPINE1,PLAU,fibroblast,vein endothelial cell,0.6484367847442627,0.007339425850659609,0.004759153816848993
COPD,SERPINE1,LRP1,fibroblast,lung multiciliated epithelial cell,0.6484367847442627,0.123210109770298,0.07989396899938583
COPD,SERPINE1,PLAUR,fibroblast,lung multiciliated epithelial cell,0.6484367847442627,0.07332352548837662,0.047545671463012695
COPD,SERPINE1,ITGAV,fibroblast,lung multiciliated epithelial cell,0.6484367847442627,0.2539004683494568,0.16463840007781982
COPD,SERPINE1,ITGB3,fibroblast,lung multiciliated epithelial cell,0.6484367847442627,0.018456554040312767,0.011967908591032028
COPD,SERPINE1,VTN,fibroblast,lung multiciliated epithelial cell,0.6484367847442627,0.003759907791391015,0.0024380625691264868
COPD,SERPINE1,PLAU,fibroblast,lung multiciliated epithelial cell,0.6484367847442627,0.010434271767735481,0.006765965837985277
COPD,SERPINE1,LRP1,fibroblast,smooth muscle cell,0.6484367847442627,0.5496347546577454,0.3564033806324005
COPD,SERPINE1,PLAUR,fibroblast,smooth muscle cell,0.6484367847442627,0.09615277498960495,0.062348995357751846
COPD,SERPINE1,ITGAV,fibroblast,smooth muscle cell,0.6484367847442627,0.44047948718070984,0.28562310338020325
COPD,SERPINE1,ITGB3,fibroblast,smooth muscle cell,0.6484367847442627,0.019068775698542595,0.012364896014332771
COPD,SERPINE1,VTN,fibroblast,smooth muscle cell,0.6484367847442627,0.050971850752830505,0.033052023500204086
COPD,SERPINE1,PLAU,fibroblast,smooth muscle cell,0.6484367847442627,0.06739981472492218,0.04370452091097832
COPD,SERPINE1,LRP1,fibroblast,endothelial cell,0.6484367847442627,0.014540615491569042,0.009428669698536396
COPD,SERPINE1,PLAUR,fibroblast,endothelial cell,0.6484367847442627,0.34155407547950745,0.2214762270450592
COPD,SERPINE1,ITGAV,fibroblast,endothelial cell,0.6484367847442627,1.197588562965393,0.7765604853630066
COPD,SERPINE1,ITGB3,fibroblast,endothelial cell,0.6484367847442627,0.07873991876840591,0.051057860255241394
COPD,SERPINE1,VTN,fibroblast,endothelial cell,0.6484367847442627,0.0,0.0
COPD,SERPINE1,PLAU,fibroblast,endothelial cell,0.6484367847442627,0.02626102976500988,0.01702861860394478
COPD,SERPINE1,LRP1,fibroblast,B cell,0.6484367847442627,0.004753251560032368,0.003082183189690113
COPD,SERPINE1,PLAUR,fibroblast,B cell,0.6484367847442627,0.025976065546274185,0.01684383675456047
COPD,SERPINE1,ITGAV,fibroblast,B cell,0.6484367847442627,0.07096978276968002,0.04601941630244255
COPD,SERPINE1,ITGB3,fibroblast,B cell,0.6484367847442627,0.007180650718510151,0.004656197968870401
COPD,SERPINE1,VTN,fibroblast,B cell,0.6484367847442627,0.0070886798202991486,0.004596560727804899
COPD,SERPINE1,PLAU,fibroblast,B cell,0.6484367847442627,0.0029255251865833998,0.0018970181699842215
COPD,SERPINE1,LRP1,fibroblast,pulmonary alveolar type 1 cell,0.6484367847442627,0.1313430517911911,0.08516766875982285
COPD,SERPINE1,PLAUR,fibroblast,pulmonary alveolar type 1 cell,0.6484367847442627,0.14985068142414093,0.0971686914563179
COPD,SERPINE1,ITGAV,fibroblast,pulmonary alveolar type 1 cell,0.6484367847442627,0.4363124668598175,0.28292104601860046
COPD,SERPINE1,ITGB3,fibroblast,pulmonary alveolar type 1 cell,0.6484367847442627,0.028458690270781517,0.01845366135239601
COPD,SERPINE1,VTN,fibroblast,pulmonary alveolar type 1 cell,0.6484367847442627,0.0,0.0
COPD,SERPINE1,PLAU,fibroblast,pulmonary alveolar type 1 cell,0.6484367847442627,0.00269750296138227,0.001749160117469728
COPD,SERPINE1,LRP1,fibroblast,club cell,0.6484367847442627,0.1225111186504364,0.07944071292877197
COPD,SERPINE1,PLAUR,fibroblast,club cell,0.6484367847442627,0.10685224086046219,0.06928692013025284
COPD,SERPINE1,ITGAV,fibroblast,club cell,0.6484367847442627,0.3144201636314392,0.20388160645961761
COPD,SERPINE1,ITGB3,fibroblast,club cell,0.6484367847442627,0.029236525297164917,0.018958037719130516
COPD,SERPINE1,VTN,fibroblast,club cell,0.6484367847442627,0.0006348757306113839,0.00041167676681652665
COPD,SERPINE1,PLAU,fibroblast,club cell,0.6484367847442627,0.0426836721599102,0.027677662670612335
COPD,SERPINE1,LRP1,fibroblast,neutrophil,0.6484367847442627,0.03148840367794037,0.020418239757418633
COPD,SERPINE1,PLAUR,fibroblast,neutrophil,0.6484367847442627,2.9101521968841553,1.887049674987793
COPD,SERPINE1,ITGAV,fibroblast,neutrophil,0.6484367847442627,0.018835248425602913,0.012213467620313168
COPD,SERPINE1,ITGB3,fibroblast,neutrophil,0.6484367847442627,0.0,0.0
COPD,SERPINE1,VTN,fibroblast,neutrophil,0.6484367847442627,0.0,0.0
COPD,SERPINE1,PLAU,fibroblast,neutrophil,0.6484367847442627,0.1457006335258484,0.09447765350341797
COPD,SERPINE1,LRP1,fibroblast,plasma cell,0.6484367847442627,0.020204829052090645,0.013101554475724697
COPD,SERPINE1,PLAUR,fibroblast,plasma cell,0.6484367847442627,0.1296500712633133,0.0840698778629303
COPD,SERPINE1,ITGAV,fibroblast,plasma cell,0.6484367847442627,0.07221756130456924,0.04682852327823639
COPD,SERPINE1,ITGB3,fibroblast,plasma cell,0.6484367847442627,0.004077468998730183,0.002643980784341693
COPD,SERPINE1,VTN,fibroblast,plasma cell,0.6484367847442627,0.0,0.0
COPD,SERPINE1,PLAU,fibroblast,plasma cell,0.6484367847442627,0.0,0.0
COPD,SERPINE1,LRP1,fibroblast,leukocyte,0.6484367847442627,0.47125235199928284,0.3055773675441742
COPD,SERPINE1,PLAUR,fibroblast,leukocyte,0.6484367847442627,0.6168549656867981,0.3999914526939392
COPD,SERPINE1,ITGAV,fibroblast,leukocyte,0.6484367847442627,0.3050999641418457,0.19783803820610046
COPD,SERPINE1,ITGB3,fibroblast,leukocyte,0.6484367847442627,0.005126997362822294,0.0033245335798710585
COPD,SERPINE1,VTN,fibroblast,leukocyte,0.6484367847442627,0.03484604135155678,0.02259545587003231
COPD,SERPINE1,PLAU,fibroblast,leukocyte,0.6484367847442627,0.1440306007862091,0.09339474141597748
COPD,SERPINE1,LRP1,fibroblast,endothelial cell of lymphatic vessel,0.6484367847442627,0.015216442756354809,0.00986690167337656
COPD,SERPINE1,PLAUR,fibroblast,endothelial cell of lymphatic vessel,0.6484367847442627,0.11065652966499329,0.07175376266241074
COPD,SERPINE1,ITGAV,fibroblast,endothelial cell of lymphatic vessel,0.6484367847442627,0.515347421169281,0.33417022228240967
COPD,SERPINE1,ITGB3,fibroblast,endothelial cell of lymphatic vessel,0.6484367847442627,0.058469705283641815,0.03791390731930733
COPD,SERPINE1,VTN,fibroblast,endothelial cell of lymphatic vessel,0.6484367847442627,0.0,0.0
COPD,SERPINE1,PLAU,fibroblast,endothelial cell of lymphatic vessel,0.6484367847442627,0.008568414486944675,0.005556075368076563
COPD,SERPINE1,LRP1,conventional dendritic cell,"CD4-positive, alpha-beta T cell",0.1188790574669838,0.01080121286213398,0.0012840379495173693
COPD,SERPINE1,PLAUR,conventional dendritic cell,"CD4-positive, alpha-beta T cell",0.1188790574669838,0.07658383250236511,0.009104213677346706
COPD,SERPINE1,ITGAV,conventional dendritic cell,"CD4-positive, alpha-beta T cell",0.1188790574669838,0.11132144927978516,0.01323378924280405
COPD,SERPINE1,ITGB3,conventional dendritic cell,"CD4-positive, alpha-beta T cell",0.1188790574669838,0.0010274227242916822,0.00012213904119562358
COPD,SERPINE1,VTN,conventional dendritic cell,"CD4-positive, alpha-beta T cell",0.1188790574669838,0.0005363248055800796,6.375779048539698e-05
COPD,SERPINE1,PLAU,conventional dendritic cell,"CD4-positive, alpha-beta T cell",0.1188790574669838,0.005150928162038326,0.0006123374914750457
COPD,SERPINE1,LRP1,conventional dendritic cell,natural killer cell,0.1188790574669838,0.010716209188103676,0.0012739328667521477
COPD,SERPINE1,PLAUR,conventional dendritic cell,natural killer cell,0.1188790574669838,0.03572125732898712,0.00424650963395834
COPD,SERPINE1,ITGAV,conventional dendritic cell,natural killer cell,0.1188790574669838,0.11054375767707825,0.013141337782144547
COPD,SERPINE1,ITGB3,conventional dendritic cell,natural killer cell,0.1188790574669838,0.0006884454633109272,8.184174657799304e-05
COPD,SERPINE1,VTN,conventional dendritic cell,natural killer cell,0.1188790574669838,0.0006028926582075655,7.167131116148084e-05
COPD,SERPINE1,PLAU,conventional dendritic cell,natural killer cell,0.1188790574669838,0.0023785356897860765,0.00028275809017941356
COPD,SERPINE1,LRP1,conventional dendritic cell,capillary endothelial cell,0.1188790574669838,0.024062074720859528,0.002860476728528738
COPD,SERPINE1,PLAUR,conventional dendritic cell,capillary endothelial cell,0.1188790574669838,0.15724825859069824,0.018693525344133377
COPD,SERPINE1,ITGAV,conventional dendritic cell,capillary endothelial cell,0.1188790574669838,0.9863317012786865,0.11725418269634247
COPD,SERPINE1,ITGB3,conventional dendritic cell,capillary endothelial cell,0.1188790574669838,0.017805634066462517,0.002116716932505369
COPD,SERPINE1,VTN,conventional dendritic cell,capillary endothelial cell,0.1188790574669838,0.0003249383589718491,3.8628364563919604e-05
COPD,SERPINE1,PLAU,conventional dendritic cell,capillary endothelial cell,0.1188790574669838,0.11483262479305267,0.013651194050908089
COPD,SERPINE1,LRP1,conventional dendritic cell,macrophage,0.1188790574669838,1.1535762548446655,0.1371360570192337
COPD,SERPINE1,PLAUR,conventional dendritic cell,macrophage,0.1188790574669838,1.4511730670928955,0.17251408100128174
COPD,SERPINE1,ITGAV,conventional dendritic cell,macrophage,0.1188790574669838,0.34481775760650635,0.040991611778736115
COPD,SERPINE1,ITGB3,conventional dendritic cell,macrophage,0.1188790574669838,0.0012105804635211825,0.0001439126644982025
COPD,SERPINE1,VTN,conventional dendritic cell,macrophage,0.1188790574669838,0.062030158936977386,0.007374086882919073
COPD,SERPINE1,PLAU,conventional dendritic cell,macrophage,0.1188790574669838,0.14781677722930908,0.017572319135069847
COPD,SERPINE1,LRP1,conventional dendritic cell,"CD8-positive, alpha-beta T cell",0.1188790574669838,0.020046265795826912,0.002383081242442131
COPD,SERPINE1,PLAUR,conventional dendritic cell,"CD8-positive, alpha-beta T cell",0.1188790574669838,0.06581177562475204,0.007823641411960125
COPD,SERPINE1,ITGAV,conventional dendritic cell,"CD8-positive, alpha-beta T cell",0.1188790574669838,0.09613218158483505,0.011428102850914001
COPD,SERPINE1,ITGB3,conventional dendritic cell,"CD8-positive, alpha-beta T cell",0.1188790574669838,0.0013681200798600912,0.00016264081932604313
COPD,SERPINE1,VTN,conventional dendritic cell,"CD8-positive, alpha-beta T cell",0.1188790574669838,0.0,0.0
COPD,SERPINE1,PLAU,conventional dendritic cell,"CD8-positive, alpha-beta T cell",0.1188790574669838,0.0021628967951983213,0.00025712314527481794
COPD,SERPINE1,LRP1,conventional dendritic cell,monocyte,0.1188790574669838,0.5386526584625244,0.06403452157974243
COPD,SERPINE1,PLAUR,conventional dendritic cell,monocyte,0.1188790574669838,2.1388425827026367,0.25426357984542847
COPD,SERPINE1,ITGAV,conventional dendritic cell,monocyte,0.1188790574669838,0.2557239234447479,0.030400218442082405
COPD,SERPINE1,ITGB3,conventional dendritic cell,monocyte,0.1188790574669838,0.003852088702842593,0.00045793267781846225
COPD,SERPINE1,VTN,conventional dendritic cell,monocyte,0.1188790574669838,0.00021245292737148702,2.5256204025936313e-05
COPD,SERPINE1,PLAU,conventional dendritic cell,monocyte,0.1188790574669838,0.04595533013343811,0.005463126115500927
COPD,SERPINE1,LRP1,conventional dendritic cell,fibroblast,0.1188790574669838,1.0635806322097778,0.1264374703168869
COPD,SERPINE1,PLAUR,conventional dendritic cell,fibroblast,0.1188790574669838,0.48420417308807373,0.057561736553907394
COPD,SERPINE1,ITGAV,conventional dendritic cell,fibroblast,0.1188790574669838,0.5354461073875427,0.06365332752466202
COPD,SERPINE1,ITGB3,conventional dendritic cell,fibroblast,0.1188790574669838,0.019384372979402542,0.002304395893588662
COPD,SERPINE1,VTN,conventional dendritic cell,fibroblast,0.1188790574669838,0.010189037770032883,0.0012112632393836975
COPD,SERPINE1,PLAU,conventional dendritic cell,fibroblast,0.1188790574669838,0.13291242718696594,0.01580050401389599
COPD,SERPINE1,LRP1,conventional dendritic cell,conventional dendritic cell,0.1188790574669838,0.6610154509544373,0.07858089357614517
COPD,SERPINE1,PLAUR,conventional dendritic cell,conventional dendritic cell,0.1188790574669838,1.5253753662109375,0.1813351809978485
COPD,SERPINE1,ITGAV,conventional dendritic cell,conventional dendritic cell,0.1188790574669838,0.485474169254303,0.05771271139383316
COPD,SERPINE1,ITGB3,conventional dendritic cell,conventional dendritic cell,0.1188790574669838,0.03787994757294655,0.004503132309764624
COPD,SERPINE1,VTN,conventional dendritic cell,conventional dendritic cell,0.1188790574669838,0.010836340487003326,0.001288213999941945
COPD,SERPINE1,PLAU,conventional dendritic cell,conventional dendritic cell,0.1188790574669838,0.43526551127433777,0.05174395442008972
COPD,SERPINE1,LRP1,conventional dendritic cell,mast cell,0.1188790574669838,0.021034739911556244,0.002500590169802308
COPD,SERPINE1,PLAUR,conventional dendritic cell,mast cell,0.1188790574669838,0.6477757692337036,0.07700697332620621
COPD,SERPINE1,ITGAV,conventional dendritic cell,mast cell,0.1188790574669838,0.314280241727829,0.03736133873462677
COPD,SERPINE1,ITGB3,conventional dendritic cell,mast cell,0.1188790574669838,0.04736245796084404,0.005630404222756624
COPD,SERPINE1,VTN,conventional dendritic cell,mast cell,0.1188790574669838,0.0016408103983849287,0.0001950579899130389
COPD,SERPINE1,PLAU,conventional dendritic cell,mast cell,0.1188790574669838,0.10074585676193237,0.011976572684943676
COPD,SERPINE1,LRP1,conventional dendritic cell,pulmonary alveolar type 2 cell,0.1188790574669838,0.05770264193415642,0.006859635468572378
COPD,SERPINE1,PLAUR,conventional dendritic cell,pulmonary alveolar type 2 cell,0.1188790574669838,0.12278641760349274,0.014596733264625072
COPD,SERPINE1,ITGAV,conventional dendritic cell,pulmonary alveolar type 2 cell,0.1188790574669838,0.2546227276325226,0.030269309878349304
COPD,SERPINE1,ITGB3,conventional dendritic cell,pulmonary alveolar type 2 cell,0.1188790574669838,0.0037699693348258734,0.0004481704090721905
COPD,SERPINE1,VTN,conventional dendritic cell,pulmonary alveolar type 2 cell,0.1188790574669838,0.0023970953188836575,0.0002849644224625081
COPD,SERPINE1,PLAU,conventional dendritic cell,pulmonary alveolar type 2 cell,0.1188790574669838,0.0043336693197488785,0.0005151825025677681
COPD,SERPINE1,LRP1,conventional dendritic cell,vein endothelial cell,0.1188790574669838,0.02342596836388111,0.0027848570607602596
COPD,SERPINE1,PLAUR,conventional dendritic cell,vein endothelial cell,0.1188790574669838,0.3295363783836365,0.03917497396469116
COPD,SERPINE1,ITGAV,conventional dendritic cell,vein endothelial cell,0.1188790574669838,0.9312993288040161,0.11071198433637619
COPD,SERPINE1,ITGB3,conventional dendritic cell,vein endothelial cell,0.1188790574669838,0.18184329569339752,0.021617360413074493
COPD,SERPINE1,VTN,conventional dendritic cell,vein endothelial cell,0.1188790574669838,0.000626434339210391,7.446992094628513e-05
COPD,SERPINE1,PLAU,conventional dendritic cell,vein endothelial cell,0.1188790574669838,0.007339425850659609,0.0008725040243007243
COPD,SERPINE1,LRP1,conventional dendritic cell,lung multiciliated epithelial cell,0.1188790574669838,0.123210109770298,0.014647101983428001
COPD,SERPINE1,PLAUR,conventional dendritic cell,lung multiciliated epithelial cell,0.1188790574669838,0.07332352548837662,0.008716631680727005
COPD,SERPINE1,ITGAV,conventional dendritic cell,lung multiciliated epithelial cell,0.1188790574669838,0.2539004683494568,0.030183447524905205
COPD,SERPINE1,ITGB3,conventional dendritic cell,lung multiciliated epithelial cell,0.1188790574669838,0.018456554040312767,0.0021940977312624454
COPD,SERPINE1,VTN,conventional dendritic cell,lung multiciliated epithelial cell,0.1188790574669838,0.003759907791391015,0.0004469742998480797
COPD,SERPINE1,PLAU,conventional dendritic cell,lung multiciliated epithelial cell,0.1188790574669838,0.010434271767735481,0.0012404164299368858
COPD,SERPINE1,LRP1,conventional dendritic cell,smooth muscle cell,0.1188790574669838,0.5496347546577454,0.0653400644659996
COPD,SERPINE1,PLAUR,conventional dendritic cell,smooth muscle cell,0.1188790574669838,0.09615277498960495,0.011430551297962666
COPD,SERPINE1,ITGAV,conventional dendritic cell,smooth muscle cell,0.1188790574669838,0.44047948718070984,0.05236378684639931
COPD,SERPINE1,ITGB3,conventional dendritic cell,smooth muscle cell,0.1188790574669838,0.019068775698542595,0.002266878029331565
COPD,SERPINE1,VTN,conventional dendritic cell,smooth muscle cell,0.1188790574669838,0.050971850752830505,0.006059485487639904
COPD,SERPINE1,PLAU,conventional dendritic cell,smooth muscle cell,0.1188790574669838,0.06739981472492218,0.00801242608577013
COPD,SERPINE1,LRP1,conventional dendritic cell,endothelial cell,0.1188790574669838,0.014540615491569042,0.0017285746289417148
COPD,SERPINE1,PLAUR,conventional dendritic cell,endothelial cell,0.1188790574669838,0.34155407547950745,0.040603626519441605
COPD,SERPINE1,ITGAV,conventional dendritic cell,endothelial cell,0.1188790574669838,1.197588562965393,0.14236819744110107
COPD,SERPINE1,ITGB3,conventional dendritic cell,endothelial cell,0.1188790574669838,0.07873991876840591,0.009360527619719505
COPD,SERPINE1,VTN,conventional dendritic cell,endothelial cell,0.1188790574669838,0.0,0.0
COPD,SERPINE1,PLAU,conventional dendritic cell,endothelial cell,0.1188790574669838,0.02626102976500988,0.0031218864023685455
COPD,SERPINE1,LRP1,conventional dendritic cell,B cell,0.1188790574669838,0.004753251560032368,0.0005650620441883802
COPD,SERPINE1,PLAUR,conventional dendritic cell,B cell,0.1188790574669838,0.025976065546274185,0.0030880102422088385
COPD,SERPINE1,ITGAV,conventional dendritic cell,B cell,0.1188790574669838,0.07096978276968002,0.008436820469796658
COPD,SERPINE1,ITGB3,conventional dendritic cell,B cell,0.1188790574669838,0.007180650718510151,0.0008536289678886533
COPD,SERPINE1,VTN,conventional dendritic cell,B cell,0.1188790574669838,0.0070886798202991486,0.000842695590108633
COPD,SERPINE1,PLAU,conventional dendritic cell,B cell,0.1188790574669838,0.0029255251865833998,0.0003477836726233363
COPD,SERPINE1,LRP1,conventional dendritic cell,pulmonary alveolar type 1 cell,0.1188790574669838,0.1313430517911911,0.015613937750458717
COPD,SERPINE1,PLAUR,conventional dendritic cell,pulmonary alveolar type 1 cell,0.1188790574669838,0.14985068142414093,0.01781410723924637
COPD,SERPINE1,ITGAV,conventional dendritic cell,pulmonary alveolar type 1 cell,0.1188790574669838,0.4363124668598175,0.051868416368961334
COPD,SERPINE1,ITGB3,conventional dendritic cell,pulmonary alveolar type 1 cell,0.1188790574669838,0.028458690270781517,0.003383142175152898
COPD,SERPINE1,VTN,conventional dendritic cell,pulmonary alveolar type 1 cell,0.1188790574669838,0.0,0.0
COPD,SERPINE1,PLAU,conventional dendritic cell,pulmonary alveolar type 1 cell,0.1188790574669838,0.00269750296138227,0.0003206765977665782
COPD,SERPINE1,LRP1,conventional dendritic cell,club cell,0.1188790574669838,0.1225111186504364,0.014564006589353085
COPD,SERPINE1,PLAUR,conventional dendritic cell,club cell,0.1188790574669838,0.10685224086046219,0.01270249392837286
COPD,SERPINE1,ITGAV,conventional dendritic cell,club cell,0.1188790574669838,0.3144201636314392,0.0373779721558094
COPD,SERPINE1,ITGB3,conventional dendritic cell,club cell,0.1188790574669838,0.029236525297164917,0.0034756106324493885
COPD,SERPINE1,VTN,conventional dendritic cell,club cell,0.1188790574669838,0.0006348757306113839,7.547342829639092e-05
COPD,SERPINE1,PLAU,conventional dendritic cell,club cell,0.1188790574669838,0.0426836721599102,0.005074194632470608
COPD,SERPINE1,LRP1,conventional dendritic cell,neutrophil,0.1188790574669838,0.03148840367794037,0.003743311855942011
COPD,SERPINE1,PLAUR,conventional dendritic cell,neutrophil,0.1188790574669838,2.9101521968841553,0.34595614671707153
COPD,SERPINE1,ITGAV,conventional dendritic cell,neutrophil,0.1188790574669838,0.018835248425602913,0.0022391164675354958
COPD,SERPINE1,ITGB3,conventional dendritic cell,neutrophil,0.1188790574669838,0.0,0.0
COPD,SERPINE1,VTN,conventional dendritic cell,neutrophil,0.1188790574669838,0.0,0.0
COPD,SERPINE1,PLAU,conventional dendritic cell,neutrophil,0.1188790574669838,0.1457006335258484,0.017320754006505013
COPD,SERPINE1,LRP1,conventional dendritic cell,plasma cell,0.1188790574669838,0.020204829052090645,0.0024019309785217047
COPD,SERPINE1,PLAUR,conventional dendritic cell,plasma cell,0.1188790574669838,0.1296500712633133,0.015412678010761738
COPD,SERPINE1,ITGAV,conventional dendritic cell,plasma cell,0.1188790574669838,0.07221756130456924,0.008585155941545963
COPD,SERPINE1,ITGB3,conventional dendritic cell,plasma cell,0.1188790574669838,0.004077468998730183,0.0004847256641369313
COPD,SERPINE1,VTN,conventional dendritic cell,plasma cell,0.1188790574669838,0.0,0.0
COPD,SERPINE1,PLAU,conventional dendritic cell,plasma cell,0.1188790574669838,0.0,0.0
COPD,SERPINE1,LRP1,conventional dendritic cell,leukocyte,0.1188790574669838,0.47125235199928284,0.0560220368206501
COPD,SERPINE1,PLAUR,conventional dendritic cell,leukocyte,0.1188790574669838,0.6168549656867981,0.07333113998174667
COPD,SERPINE1,ITGAV,conventional dendritic cell,leukocyte,0.1188790574669838,0.3050999641418457,0.03626999631524086
COPD,SERPINE1,ITGB3,conventional dendritic cell,leukocyte,0.1188790574669838,0.005126997362822294,0.0006094925920479
COPD,SERPINE1,VTN,conventional dendritic cell,leukocyte,0.1188790574669838,0.03484604135155678,0.004142464604228735
COPD,SERPINE1,PLAU,conventional dendritic cell,leukocyte,0.1188790574669838,0.1440306007862091,0.01712222211062908
COPD,SERPINE1,LRP1,conventional dendritic cell,endothelial cell of lymphatic vessel,0.1188790574669838,0.015216442756354809,0.0018089163349941373
COPD,SERPINE1,PLAUR,conventional dendritic cell,endothelial cell of lymphatic vessel,0.1188790574669838,0.11065652966499329,0.013154744170606136
COPD,SERPINE1,ITGAV,conventional dendritic cell,endothelial cell of lymphatic vessel,0.1188790574669838,0.515347421169281,0.06126401573419571
COPD,SERPINE1,ITGB3,conventional dendritic cell,endothelial cell of lymphatic vessel,0.1188790574669838,0.058469705283641815,0.006950823590159416
COPD,SERPINE1,VTN,conventional dendritic cell,endothelial cell of lymphatic vessel,0.1188790574669838,0.0,0.0
COPD,SERPINE1,PLAU,conventional dendritic cell,endothelial cell of lymphatic vessel,0.1188790574669838,0.008568414486944675,0.0010186050785705447
COPD,SERPINE1,LRP1,mast cell,"CD4-positive, alpha-beta T cell",0.033557064831256866,0.01080121286213398,0.00036245700903236866
COPD,SERPINE1,PLAUR,mast cell,"CD4-positive, alpha-beta T cell",0.033557064831256866,0.07658383250236511,0.0025699285324662924
COPD,SERPINE1,ITGAV,mast cell,"CD4-positive, alpha-beta T cell",0.033557064831256866,0.11132144927978516,0.0037356209941208363
COPD,SERPINE1,ITGB3,mast cell,"CD4-positive, alpha-beta T cell",0.033557064831256866,0.0010274227242916822,3.447729250183329e-05
COPD,SERPINE1,VTN,mast cell,"CD4-positive, alpha-beta T cell",0.033557064831256866,0.0005363248055800796,1.7997486793319695e-05
COPD,SERPINE1,PLAU,mast cell,"CD4-positive, alpha-beta T cell",0.033557064831256866,0.005150928162038326,0.00017285003559663892
COPD,SERPINE1,LRP1,mast cell,natural killer cell,0.033557064831256866,0.010716209188103676,0.00035960451350547373
COPD,SERPINE1,PLAUR,mast cell,natural killer cell,0.033557064831256866,0.03572125732898712,0.0011987005127593875
COPD,SERPINE1,ITGAV,mast cell,natural killer cell,0.033557064831256866,0.11054375767707825,0.0037095239385962486
COPD,SERPINE1,ITGB3,mast cell,natural killer cell,0.033557064831256866,0.0006884454633109272,2.3102209524950013e-05
COPD,SERPINE1,VTN,mast cell,natural killer cell,0.033557064831256866,0.0006028926582075655,2.0231307644280605e-05
COPD,SERPINE1,PLAU,mast cell,natural killer cell,0.033557064831256866,0.0023785356897860765,7.981667295098305e-05
COPD,SERPINE1,LRP1,mast cell,capillary endothelial cell,0.033557064831256866,0.024062074720859528,0.0008074525976553559
COPD,SERPINE1,PLAUR,mast cell,capillary endothelial cell,0.033557064831256866,0.15724825859069824,0.005276789888739586
COPD,SERPINE1,ITGAV,mast cell,capillary endothelial cell,0.033557064831256866,0.9863317012786865,0.03309839591383934
COPD,SERPINE1,ITGB3,mast cell,capillary endothelial cell,0.033557064831256866,0.017805634066462517,0.0005975048406980932
COPD,SERPINE1,VTN,mast cell,capillary endothelial cell,0.033557064831256866,0.0003249383589718491,1.0903977454290725e-05
COPD,SERPINE1,PLAU,mast cell,capillary endothelial cell,0.033557064831256866,0.11483262479305267,0.0038534458726644516
COPD,SERPINE1,LRP1,mast cell,macrophage,0.033557064831256866,1.1535762548446655,0.03871063143014908
COPD,SERPINE1,PLAUR,mast cell,macrophage,0.033557064831256866,1.4511730670928955,0.04869711026549339
COPD,SERPINE1,ITGAV,mast cell,macrophage,0.033557064831256866,0.34481775760650635,0.011571072041988373
COPD,SERPINE1,ITGB3,mast cell,macrophage,0.033557064831256866,0.0012105804635211825,4.0623526729177684e-05
COPD,SERPINE1,VTN,mast cell,macrophage,0.033557064831256866,0.062030158936977386,0.002081549959257245
COPD,SERPINE1,PLAU,mast cell,macrophage,0.033557064831256866,0.14781677722930908,0.004960297141224146
COPD,SERPINE1,LRP1,mast cell,"CD8-positive, alpha-beta T cell",0.033557064831256866,0.020046265795826912,0.0006726938299834728
COPD,SERPINE1,PLAUR,mast cell,"CD8-positive, alpha-beta T cell",0.033557064831256866,0.06581177562475204,0.002208450110629201
COPD,SERPINE1,ITGAV,mast cell,"CD8-positive, alpha-beta T cell",0.033557064831256866,0.09613218158483505,0.0032259137369692326
COPD,SERPINE1,ITGB3,mast cell,"CD8-positive, alpha-beta T cell",0.033557064831256866,0.0013681200798600912,4.5910095650469884e-05
COPD,SERPINE1,VTN,mast cell,"CD8-positive, alpha-beta T cell",0.033557064831256866,0.0,0.0
COPD,SERPINE1,PLAU,mast cell,"CD8-positive, alpha-beta T cell",0.033557064831256866,0.0021628967951983213,7.258047116920352e-05
COPD,SERPINE1,LRP1,mast cell,monocyte,0.033557064831256866,0.5386526584625244,0.018075602129101753
COPD,SERPINE1,PLAUR,mast cell,monocyte,0.033557064831256866,2.1388425827026367,0.07177327573299408
COPD,SERPINE1,ITGAV,mast cell,monocyte,0.033557064831256866,0.2557239234447479,0.008581344038248062
COPD,SERPINE1,ITGB3,mast cell,monocyte,0.033557064831256866,0.003852088702842593,0.0001292647939408198
COPD,SERPINE1,VTN,mast cell,monocyte,0.033557064831256866,0.00021245292737148702,7.1292965913016815e-06
COPD,SERPINE1,PLAU,mast cell,monocyte,0.033557064831256866,0.04595533013343811,0.0015421259449794888
COPD,SERPINE1,LRP1,mast cell,fibroblast,0.033557064831256866,1.0635806322097778,0.03569064289331436
COPD,SERPINE1,PLAUR,mast cell,fibroblast,0.033557064831256866,0.48420417308807373,0.016248470172286034
COPD,SERPINE1,ITGAV,mast cell,fibroblast,0.033557064831256866,0.5354461073875427,0.01796799898147583
COPD,SERPINE1,ITGB3,mast cell,fibroblast,0.033557064831256866,0.019384372979402542,0.0006504826596938074
COPD,SERPINE1,VTN,mast cell,fibroblast,0.033557064831256866,0.010189037770032883,0.000341914186719805
COPD,SERPINE1,PLAU,mast cell,fibroblast,0.033557064831256866,0.13291242718696594,0.004460150841623545
COPD,SERPINE1,LRP1,mast cell,conventional dendritic cell,0.033557064831256866,0.6610154509544373,0.022181738168001175
COPD,SERPINE1,PLAUR,mast cell,conventional dendritic cell,0.033557064831256866,1.5253753662109375,0.051187120378017426
COPD,SERPINE1,ITGAV,mast cell,conventional dendritic cell,0.033557064831256866,0.485474169254303,0.016291087493300438
COPD,SERPINE1,ITGB3,mast cell,conventional dendritic cell,0.033557064831256866,0.03787994757294655,0.0012711398303508759
COPD,SERPINE1,VTN,mast cell,conventional dendritic cell,0.033557064831256866,0.010836340487003326,0.0003636357723735273
COPD,SERPINE1,PLAU,mast cell,conventional dendritic cell,0.033557064831256866,0.43526551127433777,0.01460623275488615
COPD,SERPINE1,LRP1,mast cell,mast cell,0.033557064831256866,0.021034739911556244,0.0007058641058392823
COPD,SERPINE1,PLAUR,mast cell,mast cell,0.033557064831256866,0.6477757692337036,0.02173745259642601
COPD,SERPINE1,ITGAV,mast cell,mast cell,0.033557064831256866,0.314280241727829,0.010546322911977768
COPD,SERPINE1,ITGB3,mast cell,mast cell,0.033557064831256866,0.04736245796084404,0.00158934504725039
COPD,SERPINE1,VTN,mast cell,mast cell,0.033557064831256866,0.0016408103983849287,5.506078014150262e-05
COPD,SERPINE1,PLAU,mast cell,mast cell,0.033557064831256866,0.10074585676193237,0.003380735171958804
COPD,SERPINE1,LRP1,mast cell,pulmonary alveolar type 2 cell,0.033557064831256866,0.05770264193415642,0.0019363312749192119
COPD,SERPINE1,PLAUR,mast cell,pulmonary alveolar type 2 cell,0.033557064831256866,0.12278641760349274,0.004120351746678352
COPD,SERPINE1,ITGAV,mast cell,pulmonary alveolar type 2 cell,0.033557064831256866,0.2546227276325226,0.00854439102113247
COPD,SERPINE1,ITGB3,mast cell,pulmonary alveolar type 2 cell,0.033557064831256866,0.0037699693348258734,0.0001265091123059392
COPD,SERPINE1,VTN,mast cell,pulmonary alveolar type 2 cell,0.033557064831256866,0.0023970953188836575,8.043948037084192e-05
COPD,SERPINE1,PLAU,mast cell,pulmonary alveolar type 2 cell,0.033557064831256866,0.0043336693197488785,0.0001454252196708694
COPD,SERPINE1,LRP1,mast cell,vein endothelial cell,0.033557064831256866,0.02342596836388111,0.0007861067424528301
COPD,SERPINE1,PLAUR,mast cell,vein endothelial cell,0.033557064831256866,0.3295363783836365,0.01105827372521162
COPD,SERPINE1,ITGAV,mast cell,vein endothelial cell,0.033557064831256866,0.9312993288040161,0.03125167265534401
COPD,SERPINE1,ITGB3,mast cell,vein endothelial cell,0.033557064831256866,0.18184329569339752,0.006102127488702536
COPD,SERPINE1,VTN,mast cell,vein endothelial cell,0.033557064831256866,0.000626434339210391,2.1021298380219378e-05
COPD,SERPINE1,PLAU,mast cell,vein endothelial cell,0.033557064831256866,0.007339425850659609,0.0002462895936332643
COPD,SERPINE1,LRP1,mast cell,lung multiciliated epithelial cell,0.033557064831256866,0.123210109770298,0.0041345697827637196
COPD,SERPINE1,PLAUR,mast cell,lung multiciliated epithelial cell,0.033557064831256866,0.07332352548837662,0.0024605223443359137
COPD,SERPINE1,ITGAV,mast cell,lung multiciliated epithelial cell,0.033557064831256866,0.2539004683494568,0.008520154282450676
COPD,SERPINE1,ITGB3,mast cell,lung multiciliated epithelial cell,0.033557064831256866,0.018456554040312767,0.00061934778932482
COPD,SERPINE1,VTN,mast cell,lung multiciliated epithelial cell,0.033557064831256866,0.003759907791391015,0.0001261714642168954
COPD,SERPINE1,PLAU,mast cell,lung multiciliated epithelial cell,0.033557064831256866,0.010434271767735481,0.0003501435276120901
COPD,SERPINE1,LRP1,mast cell,smooth muscle cell,0.033557064831256866,0.5496347546577454,0.018444128334522247
COPD,SERPINE1,PLAUR,mast cell,smooth muscle cell,0.033557064831256866,0.09615277498960495,0.003226605011150241
COPD,SERPINE1,ITGAV,mast cell,smooth muscle cell,0.033557064831256866,0.44047948718070984,0.014781198464334011
COPD,SERPINE1,ITGB3,mast cell,smooth muscle cell,0.033557064831256866,0.019068775698542595,0.0006398921250365674
COPD,SERPINE1,VTN,mast cell,smooth muscle cell,0.033557064831256866,0.050971850752830505,0.001710465643554926
COPD,SERPINE1,PLAU,mast cell,smooth muscle cell,0.033557064831256866,0.06739981472492218,0.0022617399226874113
COPD,SERPINE1,LRP1,mast cell,endothelial cell,0.033557064831256866,0.014540615491569042,0.00048794038593769073
COPD,SERPINE1,PLAUR,mast cell,endothelial cell,0.033557064831256866,0.34155407547950745,0.011461552232503891
COPD,SERPINE1,ITGAV,mast cell,endothelial cell,0.033557064831256866,1.197588562965393,0.04018755629658699
COPD,SERPINE1,ITGB3,mast cell,endothelial cell,0.033557064831256866,0.07873991876840591,0.0026422806549817324
COPD,SERPINE1,VTN,mast cell,endothelial cell,0.033557064831256866,0.0,0.0
COPD,SERPINE1,PLAU,mast cell,endothelial cell,0.033557064831256866,0.02626102976500988,0.0008812430896796286
COPD,SERPINE1,LRP1,mast cell,B cell,0.033557064831256866,0.004753251560032368,0.00015950517263263464
COPD,SERPINE1,PLAUR,mast cell,B cell,0.033557064831256866,0.025976065546274185,0.0008716805023141205
COPD,SERPINE1,ITGAV,mast cell,B cell,0.033557064831256866,0.07096978276968002,0.002381537575274706
COPD,SERPINE1,ITGB3,mast cell,B cell,0.033557064831256866,0.007180650718510151,0.00024096155539155006
COPD,SERPINE1,VTN,mast cell,B cell,0.033557064831256866,0.0070886798202991486,0.00023787528334651142
COPD,SERPINE1,PLAU,mast cell,B cell,0.033557064831256866,0.0029255251865833998,9.817203681450337e-05
COPD,SERPINE1,LRP1,mast cell,pulmonary alveolar type 1 cell,0.033557064831256866,0.1313430517911911,0.004407487343996763
COPD,SERPINE1,PLAUR,mast cell,pulmonary alveolar type 1 cell,0.033557064831256866,0.14985068142414093,0.005028549116104841
COPD,SERPINE1,ITGAV,mast cell,pulmonary alveolar type 1 cell,0.033557064831256866,0.4363124668598175,0.014641365967690945
COPD,SERPINE1,ITGB3,mast cell,pulmonary alveolar type 1 cell,0.033557064831256866,0.028458690270781517,0.0009549901005811989
COPD,SERPINE1,VTN,mast cell,pulmonary alveolar type 1 cell,0.033557064831256866,0.0,0.0
COPD,SERPINE1,PLAU,mast cell,pulmonary alveolar type 1 cell,0.033557064831256866,0.00269750296138227,9.052028326550499e-05
COPD,SERPINE1,LRP1,mast cell,club cell,0.033557064831256866,0.1225111186504364,0.004111113492399454
COPD,SERPINE1,PLAUR,mast cell,club cell,0.033557064831256866,0.10685224086046219,0.0035856475587934256
COPD,SERPINE1,ITGAV,mast cell,club cell,0.033557064831256866,0.3144201636314392,0.010551017709076405
COPD,SERPINE1,ITGB3,mast cell,club cell,0.033557064831256866,0.029236525297164917,0.0009810919873416424
COPD,SERPINE1,VTN,mast cell,club cell,0.033557064831256866,0.0006348757306113839,2.1304565962054767e-05
COPD,SERPINE1,PLAU,mast cell,club cell,0.033557064831256866,0.0426836721599102,0.0014323387295007706
COPD,SERPINE1,LRP1,mast cell,neutrophil,0.033557064831256866,0.03148840367794037,0.0010566584533080459
COPD,SERPINE1,PLAUR,mast cell,neutrophil,0.033557064831256866,2.9101521968841553,0.09765616804361343
COPD,SERPINE1,ITGAV,mast cell,neutrophil,0.033557064831256866,0.018835248425602913,0.0006320556276477873
COPD,SERPINE1,ITGB3,mast cell,neutrophil,0.033557064831256866,0.0,0.0
COPD,SERPINE1,VTN,mast cell,neutrophil,0.033557064831256866,0.0,0.0
COPD,SERPINE1,PLAU,mast cell,neutrophil,0.033557064831256866,0.1457006335258484,0.004889285657554865
COPD,SERPINE1,LRP1,mast cell,plasma cell,0.033557064831256866,0.020204829052090645,0.0006780147668905556
COPD,SERPINE1,PLAUR,mast cell,plasma cell,0.033557064831256866,0.1296500712633133,0.004350675735622644
COPD,SERPINE1,ITGAV,mast cell,plasma cell,0.033557064831256866,0.07221756130456924,0.0024234093725681305
COPD,SERPINE1,ITGB3,mast cell,plasma cell,0.033557064831256866,0.004077468998730183,0.00013682788994628936
COPD,SERPINE1,VTN,mast cell,plasma cell,0.033557064831256866,0.0,0.0
COPD,SERPINE1,PLAU,mast cell,plasma cell,0.033557064831256866,0.0,0.0
COPD,SERPINE1,LRP1,mast cell,leukocyte,0.033557064831256866,0.47125235199928284,0.01581384614109993
COPD,SERPINE1,PLAUR,mast cell,leukocyte,0.033557064831256866,0.6168549656867981,0.020699841901659966
COPD,SERPINE1,ITGAV,mast cell,leukocyte,0.033557064831256866,0.3050999641418457,0.010238259099423885
COPD,SERPINE1,ITGB3,mast cell,leukocyte,0.033557064831256866,0.005126997362822294,0.0001720469881547615
COPD,SERPINE1,VTN,mast cell,leukocyte,0.033557064831256866,0.03484604135155678,0.001169330906122923
COPD,SERPINE1,PLAU,mast cell,leukocyte,0.033557064831256866,0.1440306007862091,0.004833244252949953
COPD,SERPINE1,LRP1,mast cell,endothelial cell of lymphatic vessel,0.033557064831256866,0.015216442756354809,0.0005106191383674741
COPD,SERPINE1,PLAUR,mast cell,endothelial cell of lymphatic vessel,0.033557064831256866,0.11065652966499329,0.0037133083678781986
COPD,SERPINE1,ITGAV,mast cell,endothelial cell of lymphatic vessel,0.033557064831256866,0.515347421169281,0.017293546348810196
COPD,SERPINE1,ITGB3,mast cell,endothelial cell of lymphatic vessel,0.033557064831256866,0.058469705283641815,0.0019620717503130436
COPD,SERPINE1,VTN,mast cell,endothelial cell of lymphatic vessel,0.033557064831256866,0.0,0.0
COPD,SERPINE1,PLAU,mast cell,endothelial cell of lymphatic vessel,0.033557064831256866,0.008568414486944675,0.0002875308273360133
COPD,SERPINE1,LRP1,pulmonary alveolar type 2 cell,"CD4-positive, alpha-beta T cell",0.0037490639369934797,0.01080121286213398,4.049443668918684e-05
COPD,SERPINE1,PLAUR,pulmonary alveolar type 2 cell,"CD4-positive, alpha-beta T cell",0.0037490639369934797,0.07658383250236511,0.00028711769846268
COPD,SERPINE1,ITGAV,pulmonary alveolar type 2 cell,"CD4-positive, alpha-beta T cell",0.0037490639369934797,0.11132144927978516,0.0004173512279521674
COPD,SERPINE1,ITGB3,pulmonary alveolar type 2 cell,"CD4-positive, alpha-beta T cell",0.0037490639369934797,0.0010274227242916822,3.851873316307319e-06
COPD,SERPINE1,VTN,pulmonary alveolar type 2 cell,"CD4-positive, alpha-beta T cell",0.0037490639369934797,0.0005363248055800796,2.0107158889004495e-06
COPD,SERPINE1,PLAU,pulmonary alveolar type 2 cell,"CD4-positive, alpha-beta T cell",0.0037490639369934797,0.005150928162038326,1.931115912157111e-05
COPD,SERPINE1,LRP1,pulmonary alveolar type 2 cell,natural killer cell,0.0037490639369934797,0.010716209188103676,4.0175753383664414e-05
COPD,SERPINE1,PLAUR,pulmonary alveolar type 2 cell,natural killer cell,0.0037490639369934797,0.03572125732898712,0.00013392127584666014
COPD,SERPINE1,ITGAV,pulmonary alveolar type 2 cell,natural killer cell,0.0037490639369934797,0.11054375767707825,0.0004144356062170118
COPD,SERPINE1,ITGB3,pulmonary alveolar type 2 cell,natural killer cell,0.0037490639369934797,0.0006884454633109272,2.5810261377046118e-06
COPD,SERPINE1,VTN,pulmonary alveolar type 2 cell,natural killer cell,0.0037490639369934797,0.0006028926582075655,2.2602830540563446e-06
COPD,SERPINE1,PLAU,pulmonary alveolar type 2 cell,natural killer cell,0.0037490639369934797,0.0023785356897860765,8.917282684706151e-06
COPD,SERPINE1,LRP1,pulmonary alveolar type 2 cell,capillary endothelial cell,0.0037490639369934797,0.024062074720859528,9.021025471156463e-05
COPD,SERPINE1,PLAUR,pulmonary alveolar type 2 cell,capillary endothelial cell,0.0037490639369934797,0.15724825859069824,0.0005895337671972811
COPD,SERPINE1,ITGAV,pulmonary alveolar type 2 cell,capillary endothelial cell,0.0037490639369934797,0.9863317012786865,0.003697820706292987
COPD,SERPINE1,ITGB3,pulmonary alveolar type 2 cell,capillary endothelial cell,0.0037490639369934797,0.017805634066462517,6.675445911241695e-05
COPD,SERPINE1,VTN,pulmonary alveolar type 2 cell,capillary endothelial cell,0.0037490639369934797,0.0003249383589718491,1.2182147202111082e-06
COPD,SERPINE1,PLAU,pulmonary alveolar type 2 cell,capillary endothelial cell,0.0037490639369934797,0.11483262479305267,0.0004305148613639176
COPD,SERPINE1,LRP1,pulmonary alveolar type 2 cell,macrophage,0.0037490639369934797,1.1535762548446655,0.004324831068515778
COPD,SERPINE1,PLAUR,pulmonary alveolar type 2 cell,macrophage,0.0037490639369934797,1.4511730670928955,0.005440540611743927
COPD,SERPINE1,ITGAV,pulmonary alveolar type 2 cell,macrophage,0.0037490639369934797,0.34481775760650635,0.001292743836529553
COPD,SERPINE1,ITGB3,pulmonary alveolar type 2 cell,macrophage,0.0037490639369934797,0.0012105804635211825,4.538543635135284e-06
COPD,SERPINE1,VTN,pulmonary alveolar type 2 cell,macrophage,0.0037490639369934797,0.062030158936977386,0.00023255503037944436
COPD,SERPINE1,PLAU,pulmonary alveolar type 2 cell,macrophage,0.0037490639369934797,0.14781677722930908,0.0005541745340451598
COPD,SERPINE1,LRP1,pulmonary alveolar type 2 cell,"CD8-positive, alpha-beta T cell",0.0037490639369934797,0.020046265795826912,7.515473407693207e-05
COPD,SERPINE1,PLAUR,pulmonary alveolar type 2 cell,"CD8-positive, alpha-beta T cell",0.0037490639369934797,0.06581177562475204,0.0002467325539328158
COPD,SERPINE1,ITGAV,pulmonary alveolar type 2 cell,"CD8-positive, alpha-beta T cell",0.0037490639369934797,0.09613218158483505,0.0003604056837502867
COPD,SERPINE1,ITGB3,pulmonary alveolar type 2 cell,"CD8-positive, alpha-beta T cell",0.0037490639369934797,0.0013681200798600912,5.129169494466623e-06
COPD,SERPINE1,VTN,pulmonary alveolar type 2 cell,"CD8-positive, alpha-beta T cell",0.0037490639369934797,0.0,0.0
COPD,SERPINE1,PLAU,pulmonary alveolar type 2 cell,"CD8-positive, alpha-beta T cell",0.0037490639369934797,0.0021628967951983213,8.108838301268406e-06
COPD,SERPINE1,LRP1,pulmonary alveolar type 2 cell,monocyte,0.0037490639369934797,0.5386526584625244,0.00201944331638515
COPD,SERPINE1,PLAUR,pulmonary alveolar type 2 cell,monocyte,0.0037490639369934797,2.1388425827026367,0.008018657565116882
COPD,SERPINE1,ITGAV,pulmonary alveolar type 2 cell,monocyte,0.0037490639369934797,0.2557239234447479,0.000958725344389677
COPD,SERPINE1,ITGB3,pulmonary alveolar type 2 cell,monocyte,0.0037490639369934797,0.003852088702842593,1.4441727216762956e-05
COPD,SERPINE1,VTN,pulmonary alveolar type 2 cell,monocyte,0.0037490639369934797,0.00021245292737148702,7.964995916154294e-07
COPD,SERPINE1,PLAU,pulmonary alveolar type 2 cell,monocyte,0.0037490639369934797,0.04595533013343811,0.00017228946671821177
COPD,SERPINE1,LRP1,pulmonary alveolar type 2 cell,fibroblast,0.0037490639369934797,1.0635806322097778,0.003987431991845369
COPD,SERPINE1,PLAUR,pulmonary alveolar type 2 cell,fibroblast,0.0037490639369934797,0.48420417308807373,0.0018153124256059527
COPD,SERPINE1,ITGAV,pulmonary alveolar type 2 cell,fibroblast,0.0037490639369934797,0.5354461073875427,0.0020074218045920134
COPD,SERPINE1,ITGB3,pulmonary alveolar type 2 cell,fibroblast,0.0037490639369934797,0.019384372979402542,7.267325418069959e-05
COPD,SERPINE1,VTN,pulmonary alveolar type 2 cell,fibroblast,0.0037490639369934797,0.010189037770032883,3.8199352275114506e-05
COPD,SERPINE1,PLAU,pulmonary alveolar type 2 cell,fibroblast,0.0037490639369934797,0.13291242718696594,0.0004982971586287022
COPD,SERPINE1,LRP1,pulmonary alveolar type 2 cell,conventional dendritic cell,0.0037490639369934797,0.6610154509544373,0.0024781893007457256
COPD,SERPINE1,PLAUR,pulmonary alveolar type 2 cell,conventional dendritic cell,0.0037490639369934797,1.5253753662109375,0.005718729924410582
COPD,SERPINE1,ITGAV,pulmonary alveolar type 2 cell,conventional dendritic cell,0.0037490639369934797,0.485474169254303,0.0018200736958533525
COPD,SERPINE1,ITGB3,pulmonary alveolar type 2 cell,conventional dendritic cell,0.0037490639369934797,0.03787994757294655,0.00014201435260474682
COPD,SERPINE1,VTN,pulmonary alveolar type 2 cell,conventional dendritic cell,0.0037490639369934797,0.010836340487003326,4.062613152200356e-05
COPD,SERPINE1,PLAU,pulmonary alveolar type 2 cell,conventional dendritic cell,0.0037490639369934797,0.43526551127433777,0.0016318382695317268
COPD,SERPINE1,LRP1,pulmonary alveolar type 2 cell,mast cell,0.0037490639369934797,0.021034739911556244,7.886058301664889e-05
COPD,SERPINE1,PLAUR,pulmonary alveolar type 2 cell,mast cell,0.0037490639369934797,0.6477757692337036,0.002428552834317088
COPD,SERPINE1,ITGAV,pulmonary alveolar type 2 cell,mast cell,0.0037490639369934797,0.314280241727829,0.0011782567016780376
COPD,SERPINE1,ITGB3,pulmonary alveolar type 2 cell,mast cell,0.0037490639369934797,0.04736245796084404,0.00017756488523446023
COPD,SERPINE1,VTN,pulmonary alveolar type 2 cell,mast cell,0.0037490639369934797,0.0016408103983849287,6.151502930151764e-06
COPD,SERPINE1,PLAU,pulmonary alveolar type 2 cell,mast cell,0.0037490639369934797,0.10074585676193237,0.0003777026722673327
COPD,SERPINE1,LRP1,pulmonary alveolar type 2 cell,pulmonary alveolar type 2 cell,0.0037490639369934797,0.05770264193415642,0.00021633089636452496
COPD,SERPINE1,PLAUR,pulmonary alveolar type 2 cell,pulmonary alveolar type 2 cell,0.0037490639369934797,0.12278641760349274,0.0004603341221809387
COPD,SERPINE1,ITGAV,pulmonary alveolar type 2 cell,pulmonary alveolar type 2 cell,0.0037490639369934797,0.2546227276325226,0.0009545969078317285
COPD,SERPINE1,ITGB3,pulmonary alveolar type 2 cell,pulmonary alveolar type 2 cell,0.0037490639369934797,0.0037699693348258734,1.4133855984255206e-05
COPD,SERPINE1,VTN,pulmonary alveolar type 2 cell,pulmonary alveolar type 2 cell,0.0037490639369934797,0.0023970953188836575,8.98686357686529e-06
COPD,SERPINE1,PLAU,pulmonary alveolar type 2 cell,pulmonary alveolar type 2 cell,0.0037490639369934797,0.0043336693197488785,1.6247204257524572e-05
COPD,SERPINE1,LRP1,pulmonary alveolar type 2 cell,vein endothelial cell,0.0037490639369934797,0.02342596836388111,8.78254504641518e-05
COPD,SERPINE1,PLAUR,pulmonary alveolar type 2 cell,vein endothelial cell,0.0037490639369934797,0.3295363783836365,0.0012354529462754726
COPD,SERPINE1,ITGAV,pulmonary alveolar type 2 cell,vein endothelial cell,0.0037490639369934797,0.9312993288040161,0.003491500625386834
COPD,SERPINE1,ITGB3,pulmonary alveolar type 2 cell,vein endothelial cell,0.0037490639369934797,0.18184329569339752,0.0006817421526648104
COPD,SERPINE1,VTN,pulmonary alveolar type 2 cell,vein endothelial cell,0.0037490639369934797,0.000626434339210391,2.3485424662794685e-06
COPD,SERPINE1,PLAU,pulmonary alveolar type 2 cell,vein endothelial cell,0.0037490639369934797,0.007339425850659609,2.7515976398717612e-05
COPD,SERPINE1,LRP1,pulmonary alveolar type 2 cell,lung multiciliated epithelial cell,0.0037490639369934797,0.123210109770298,0.0004619225801434368
COPD,SERPINE1,PLAUR,pulmonary alveolar type 2 cell,lung multiciliated epithelial cell,0.0037490639369934797,0.07332352548837662,0.0002748945844359696
COPD,SERPINE1,ITGAV,pulmonary alveolar type 2 cell,lung multiciliated epithelial cell,0.0037490639369934797,0.2539004683494568,0.000951889087446034
COPD,SERPINE1,ITGB3,pulmonary alveolar type 2 cell,lung multiciliated epithelial cell,0.0037490639369934797,0.018456554040312767,6.919480074429885e-05
COPD,SERPINE1,VTN,pulmonary alveolar type 2 cell,lung multiciliated epithelial cell,0.0037490639369934797,0.003759907791391015,1.4096134691499174e-05
COPD,SERPINE1,PLAU,pulmonary alveolar type 2 cell,lung multiciliated epithelial cell,0.0037490639369934797,0.010434271767735481,3.9118753193179145e-05
COPD,SERPINE1,LRP1,pulmonary alveolar type 2 cell,smooth muscle cell,0.0037490639369934797,0.5496347546577454,0.002060615923255682
COPD,SERPINE1,PLAUR,pulmonary alveolar type 2 cell,smooth muscle cell,0.0037490639369934797,0.09615277498960495,0.0003604828962124884
COPD,SERPINE1,ITGAV,pulmonary alveolar type 2 cell,smooth muscle cell,0.0037490639369934797,0.44047948718070984,0.0016513857990503311
COPD,SERPINE1,ITGB3,pulmonary alveolar type 2 cell,smooth muscle cell,0.0037490639369934797,0.019068775698542595,7.149005978135392e-05
COPD,SERPINE1,VTN,pulmonary alveolar type 2 cell,smooth muscle cell,0.0037490639369934797,0.050971850752830505,0.0001910967257572338
COPD,SERPINE1,PLAU,pulmonary alveolar type 2 cell,smooth muscle cell,0.0037490639369934797,0.06739981472492218,0.000252686208114028
COPD,SERPINE1,LRP1,pulmonary alveolar type 2 cell,endothelial cell,0.0037490639369934797,0.014540615491569042,5.451369725051336e-05
COPD,SERPINE1,PLAUR,pulmonary alveolar type 2 cell,endothelial cell,0.0037490639369934797,0.34155407547950745,0.0012805081205442548
COPD,SERPINE1,ITGAV,pulmonary alveolar type 2 cell,endothelial cell,0.0037490639369934797,1.197588562965393,0.004489836283028126
COPD,SERPINE1,ITGB3,pulmonary alveolar type 2 cell,endothelial cell,0.0037490639369934797,0.07873991876840591,0.0002952009963337332
COPD,SERPINE1,VTN,pulmonary alveolar type 2 cell,endothelial cell,0.0037490639369934797,0.0,0.0
COPD,SERPINE1,PLAU,pulmonary alveolar type 2 cell,endothelial cell,0.0037490639369934797,0.02626102976500988,9.845427848631516e-05
COPD,SERPINE1,LRP1,pulmonary alveolar type 2 cell,B cell,0.0037490639369934797,0.004753251560032368,1.7820244465838186e-05
COPD,SERPINE1,PLAUR,pulmonary alveolar type 2 cell,B cell,0.0037490639369934797,0.025976065546274185,9.738592780195177e-05
COPD,SERPINE1,ITGAV,pulmonary alveolar type 2 cell,B cell,0.0037490639369934797,0.07096978276968002,0.000266070244833827
COPD,SERPINE1,ITGB3,pulmonary alveolar type 2 cell,B cell,0.0037490639369934797,0.007180650718510151,2.6920719392364845e-05
COPD,SERPINE1,VTN,pulmonary alveolar type 2 cell,B cell,0.0037490639369934797,0.0070886798202991486,2.6575913580018096e-05
COPD,SERPINE1,PLAU,pulmonary alveolar type 2 cell,B cell,0.0037490639369934797,0.0029255251865833998,1.0967981324938592e-05
COPD,SERPINE1,LRP1,pulmonary alveolar type 2 cell,pulmonary alveolar type 1 cell,0.0037490639369934797,0.1313430517911911,0.000492413470055908
COPD,SERPINE1,PLAUR,pulmonary alveolar type 2 cell,pulmonary alveolar type 1 cell,0.0037490639369934797,0.14985068142414093,0.000561799795832485
COPD,SERPINE1,ITGAV,pulmonary alveolar type 2 cell,pulmonary alveolar type 1 cell,0.0037490639369934797,0.4363124668598175,0.0016357633285224438
COPD,SERPINE1,ITGB3,pulmonary alveolar type 2 cell,pulmonary alveolar type 1 cell,0.0037490639369934797,0.028458690270781517,0.00010669344919733703
COPD,SERPINE1,VTN,pulmonary alveolar type 2 cell,pulmonary alveolar type 1 cell,0.0037490639369934797,0.0,0.0
COPD,SERPINE1,PLAU,pulmonary alveolar type 2 cell,pulmonary alveolar type 1 cell,0.0037490639369934797,0.00269750296138227,1.0113110874954145e-05
COPD,SERPINE1,LRP1,pulmonary alveolar type 2 cell,club cell,0.0037490639369934797,0.1225111186504364,0.0004593020130414516
COPD,SERPINE1,PLAUR,pulmonary alveolar type 2 cell,club cell,0.0037490639369934797,0.10685224086046219,0.0004005958908237517
COPD,SERPINE1,ITGAV,pulmonary alveolar type 2 cell,club cell,0.0037490639369934797,0.3144201636314392,0.0011787812691181898
COPD,SERPINE1,ITGB3,pulmonary alveolar type 2 cell,club cell,0.0037490639369934797,0.029236525297164917,0.00010960960207739845
COPD,SERPINE1,VTN,pulmonary alveolar type 2 cell,club cell,0.0037490639369934797,0.0006348757306113839,2.38018969866971e-06
COPD,SERPINE1,PLAU,pulmonary alveolar type 2 cell,club cell,0.0037490639369934797,0.0426836721599102,0.00016002381744328886
COPD,SERPINE1,LRP1,pulmonary alveolar type 2 cell,neutrophil,0.0037490639369934797,0.03148840367794037,0.00011805204121628776
COPD,SERPINE1,PLAUR,pulmonary alveolar type 2 cell,neutrophil,0.0037490639369934797,2.9101521968841553,0.01091034710407257
COPD,SERPINE1,ITGAV,pulmonary alveolar type 2 cell,neutrophil,0.0037490639369934797,0.018835248425602913,7.061455107759684e-05
COPD,SERPINE1,ITGB3,pulmonary alveolar type 2 cell,neutrophil,0.0037490639369934797,0.0,0.0
COPD,SERPINE1,VTN,pulmonary alveolar type 2 cell,neutrophil,0.0037490639369934797,0.0,0.0
COPD,SERPINE1,PLAU,pulmonary alveolar type 2 cell,neutrophil,0.0037490639369934797,0.1457006335258484,0.000546241004485637
COPD,SERPINE1,LRP1,pulmonary alveolar type 2 cell,plasma cell,0.0037490639369934797,0.020204829052090645,7.574919436592609e-05
COPD,SERPINE1,PLAUR,pulmonary alveolar type 2 cell,plasma cell,0.0037490639369934797,0.1296500712633133,0.0004860664193984121
COPD,SERPINE1,ITGAV,pulmonary alveolar type 2 cell,plasma cell,0.0037490639369934797,0.07221756130456924,0.0002707482490222901
COPD,SERPINE1,ITGB3,pulmonary alveolar type 2 cell,plasma cell,0.0037490639369934797,0.004077468998730183,1.5286692359950393e-05
COPD,SERPINE1,VTN,pulmonary alveolar type 2 cell,plasma cell,0.0037490639369934797,0.0,0.0
COPD,SERPINE1,PLAU,pulmonary alveolar type 2 cell,plasma cell,0.0037490639369934797,0.0,0.0
COPD,SERPINE1,LRP1,pulmonary alveolar type 2 cell,leukocyte,0.0037490639369934797,0.47125235199928284,0.0017667552456259727
COPD,SERPINE1,PLAUR,pulmonary alveolar type 2 cell,leukocyte,0.0037490639369934797,0.6168549656867981,0.002312628785148263
COPD,SERPINE1,ITGAV,pulmonary alveolar type 2 cell,leukocyte,0.0037490639369934797,0.3050999641418457,0.0011438393266871572
COPD,SERPINE1,ITGB3,pulmonary alveolar type 2 cell,leukocyte,0.0037490639369934797,0.005126997362822294,1.9221441107220016e-05
COPD,SERPINE1,VTN,pulmonary alveolar type 2 cell,leukocyte,0.0037490639369934797,0.03484604135155678,0.00013064003724139184
COPD,SERPINE1,PLAU,pulmonary alveolar type 2 cell,leukocyte,0.0037490639369934797,0.1440306007862091,0.0005399799556471407
COPD,SERPINE1,LRP1,pulmonary alveolar type 2 cell,endothelial cell of lymphatic vessel,0.0037490639369934797,0.015216442756354809,5.704741852241568e-05
COPD,SERPINE1,PLAUR,pulmonary alveolar type 2 cell,endothelial cell of lymphatic vessel,0.0037490639369934797,0.11065652966499329,0.0004148583975620568
COPD,SERPINE1,ITGAV,pulmonary alveolar type 2 cell,endothelial cell of lymphatic vessel,0.0037490639369934797,0.515347421169281,0.001932070474140346
COPD,SERPINE1,ITGB3,pulmonary alveolar type 2 cell,endothelial cell of lymphatic vessel,0.0037490639369934797,0.058469705283641815,0.00021920666040387005
COPD,SERPINE1,VTN,pulmonary alveolar type 2 cell,endothelial cell of lymphatic vessel,0.0037490639369934797,0.0,0.0
COPD,SERPINE1,PLAU,pulmonary alveolar type 2 cell,endothelial cell of lymphatic vessel,0.0037490639369934797,0.008568414486944675,3.212353476556018e-05
COPD,SERPINE1,LRP1,vein endothelial cell,"CD4-positive, alpha-beta T cell",0.6343418955802917,0.01080121286213398,0.006851661950349808
COPD,SERPINE1,PLAUR,vein endothelial cell,"CD4-positive, alpha-beta T cell",0.6343418955802917,0.07658383250236511,0.04858033359050751
COPD,SERPINE1,ITGAV,vein endothelial cell,"CD4-positive, alpha-beta T cell",0.6343418955802917,0.11132144927978516,0.07061585783958435
COPD,SERPINE1,ITGB3,vein endothelial cell,"CD4-positive, alpha-beta T cell",0.6343418955802917,0.0010274227242916822,0.0006517372676171362
COPD,SERPINE1,VTN,vein endothelial cell,"CD4-positive, alpha-beta T cell",0.6343418955802917,0.0005363248055800796,0.00034021330066025257
COPD,SERPINE1,PLAU,vein endothelial cell,"CD4-positive, alpha-beta T cell",0.6343418955802917,0.005150928162038326,0.0032674495596438646
COPD,SERPINE1,LRP1,vein endothelial cell,natural killer cell,0.6343418955802917,0.010716209188103676,0.006797740235924721
COPD,SERPINE1,PLAUR,vein endothelial cell,natural killer cell,0.6343418955802917,0.03572125732898712,0.022659489884972572
COPD,SERPINE1,ITGAV,vein endothelial cell,natural killer cell,0.6343418955802917,0.11054375767707825,0.07012253999710083
COPD,SERPINE1,ITGB3,vein endothelial cell,natural killer cell,0.6343418955802917,0.0006884454633109272,0.0004367097862996161
COPD,SERPINE1,VTN,vein endothelial cell,natural killer cell,0.6343418955802917,0.0006028926582075655,0.00038244007737375796
COPD,SERPINE1,PLAU,vein endothelial cell,natural killer cell,0.6343418955802917,0.0023785356897860765,0.0015088048530742526
COPD,SERPINE1,LRP1,vein endothelial cell,capillary endothelial cell,0.6343418955802917,0.024062074720859528,0.015263581648468971
COPD,SERPINE1,PLAUR,vein endothelial cell,capillary endothelial cell,0.6343418955802917,0.15724825859069824,0.09974915534257889
COPD,SERPINE1,ITGAV,vein endothelial cell,capillary endothelial cell,0.6343418955802917,0.9863317012786865,0.6256715059280396
COPD,SERPINE1,ITGB3,vein endothelial cell,capillary endothelial cell,0.6343418955802917,0.017805634066462517,0.01129485946148634
COPD,SERPINE1,VTN,vein endothelial cell,capillary endothelial cell,0.6343418955802917,0.0003249383589718491,0.00020612201478797942
COPD,SERPINE1,PLAU,vein endothelial cell,capillary endothelial cell,0.6343418955802917,0.11483262479305267,0.07284314185380936
COPD,SERPINE1,LRP1,vein endothelial cell,macrophage,0.6343418955802917,1.1535762548446655,0.7317617535591125
COPD,SERPINE1,PLAUR,vein endothelial cell,macrophage,0.6343418955802917,1.4511730670928955,0.9205398559570312
COPD,SERPINE1,ITGAV,vein endothelial cell,macrophage,0.6343418955802917,0.34481775760650635,0.21873235702514648
COPD,SERPINE1,ITGB3,vein endothelial cell,macrophage,0.6343418955802917,0.0012105804635211825,0.000767921912483871
COPD,SERPINE1,VTN,vein endothelial cell,macrophage,0.6343418955802917,0.062030158936977386,0.03934833034873009
COPD,SERPINE1,PLAU,vein endothelial cell,macrophage,0.6343418955802917,0.14781677722930908,0.09376637637615204
COPD,SERPINE1,LRP1,vein endothelial cell,"CD8-positive, alpha-beta T cell",0.6343418955802917,0.020046265795826912,0.012716186232864857
COPD,SERPINE1,PLAUR,vein endothelial cell,"CD8-positive, alpha-beta T cell",0.6343418955802917,0.06581177562475204,0.04174716770648956
COPD,SERPINE1,ITGAV,vein endothelial cell,"CD8-positive, alpha-beta T cell",0.6343418955802917,0.09613218158483505,0.060980670154094696
COPD,SERPINE1,ITGB3,vein endothelial cell,"CD8-positive, alpha-beta T cell",0.6343418955802917,0.0013681200798600912,0.0008678559097461402
COPD,SERPINE1,VTN,vein endothelial cell,"CD8-positive, alpha-beta T cell",0.6343418955802917,0.0,0.0
COPD,SERPINE1,PLAU,vein endothelial cell,"CD8-positive, alpha-beta T cell",0.6343418955802917,0.0021628967951983213,0.0013720160350203514
COPD,SERPINE1,LRP1,vein endothelial cell,monocyte,0.6343418955802917,0.5386526584625244,0.34168994426727295
COPD,SERPINE1,PLAUR,vein endothelial cell,monocyte,0.6343418955802917,2.1388425827026367,1.356757402420044
COPD,SERPINE1,ITGAV,vein endothelial cell,monocyte,0.6343418955802917,0.2557239234447479,0.1622163951396942
COPD,SERPINE1,ITGB3,vein endothelial cell,monocyte,0.6343418955802917,0.003852088702842593,0.002443541307002306
COPD,SERPINE1,VTN,vein endothelial cell,monocyte,0.6343418955802917,0.00021245292737148702,0.0001347677898593247
COPD,SERPINE1,PLAU,vein endothelial cell,monocyte,0.6343418955802917,0.04595533013343811,0.029151391237974167
COPD,SERPINE1,LRP1,vein endothelial cell,fibroblast,0.6343418955802917,1.0635806322097778,0.6746737360954285
COPD,SERPINE1,PLAUR,vein endothelial cell,fibroblast,0.6343418955802917,0.48420417308807373,0.3071509897708893
COPD,SERPINE1,ITGAV,vein endothelial cell,fibroblast,0.6343418955802917,0.5354461073875427,0.33965590596199036
COPD,SERPINE1,ITGB3,vein endothelial cell,fibroblast,0.6343418955802917,0.019384372979402542,0.01229631993919611
COPD,SERPINE1,VTN,vein endothelial cell,fibroblast,0.6343418955802917,0.010189037770032883,0.006463333498686552
COPD,SERPINE1,PLAU,vein endothelial cell,fibroblast,0.6343418955802917,0.13291242718696594,0.08431191742420197
COPD,SERPINE1,LRP1,vein endothelial cell,conventional dendritic cell,0.6343418955802917,0.6610154509544373,0.4193097949028015
COPD,SERPINE1,PLAUR,vein endothelial cell,conventional dendritic cell,0.6343418955802917,1.5253753662109375,0.9676095247268677
COPD,SERPINE1,ITGAV,vein endothelial cell,conventional dendritic cell,0.6343418955802917,0.485474169254303,0.30795660614967346
COPD,SERPINE1,ITGB3,vein endothelial cell,conventional dendritic cell,0.6343418955802917,0.03787994757294655,0.02402883768081665
COPD,SERPINE1,VTN,vein endothelial cell,conventional dendritic cell,0.6343418955802917,0.010836340487003326,0.006873944774270058
COPD,SERPINE1,PLAU,vein endothelial cell,conventional dendritic cell,0.6343418955802917,0.43526551127433777,0.27610716223716736
COPD,SERPINE1,LRP1,vein endothelial cell,mast cell,0.6343418955802917,0.021034739911556244,0.013343216851353645
COPD,SERPINE1,PLAUR,vein endothelial cell,mast cell,0.6343418955802917,0.6477757692337036,0.41091132164001465
COPD,SERPINE1,ITGAV,vein endothelial cell,mast cell,0.6343418955802917,0.314280241727829,0.19936113059520721
COPD,SERPINE1,ITGB3,vein endothelial cell,mast cell,0.6343418955802917,0.04736245796084404,0.030043991282582283
COPD,SERPINE1,VTN,vein endothelial cell,mast cell,0.6343418955802917,0.0016408103983849287,0.0010408348171040416
COPD,SERPINE1,PLAU,vein endothelial cell,mast cell,0.6343418955802917,0.10074585676193237,0.06390731781721115
COPD,SERPINE1,LRP1,vein endothelial cell,pulmonary alveolar type 2 cell,0.6343418955802917,0.05770264193415642,0.036603204905986786
COPD,SERPINE1,PLAUR,vein endothelial cell,pulmonary alveolar type 2 cell,0.6343418955802917,0.12278641760349274,0.07788857072591782
COPD,SERPINE1,ITGAV,vein endothelial cell,pulmonary alveolar type 2 cell,0.6343418955802917,0.2546227276325226,0.16151785850524902
COPD,SERPINE1,ITGB3,vein endothelial cell,pulmonary alveolar type 2 cell,0.6343418955802917,0.0037699693348258734,0.0023914494086056948
COPD,SERPINE1,VTN,vein endothelial cell,pulmonary alveolar type 2 cell,0.6343418955802917,0.0023970953188836575,0.0015205779345706105
COPD,SERPINE1,PLAU,vein endothelial cell,pulmonary alveolar type 2 cell,0.6343418955802917,0.0043336693197488785,0.002749027917161584
COPD,SERPINE1,LRP1,vein endothelial cell,vein endothelial cell,0.6343418955802917,0.02342596836388111,0.01486007310450077
COPD,SERPINE1,PLAUR,vein endothelial cell,vein endothelial cell,0.6343418955802917,0.3295363783836365,0.20903873443603516
COPD,SERPINE1,ITGAV,vein endothelial cell,vein endothelial cell,0.6343418955802917,0.9312993288040161,0.590762197971344
COPD,SERPINE1,ITGB3,vein endothelial cell,vein endothelial cell,0.6343418955802917,0.18184329569339752,0.11535082012414932
COPD,SERPINE1,VTN,vein endothelial cell,vein endothelial cell,0.6343418955802917,0.000626434339210391,0.0003973735438194126
COPD,SERPINE1,PLAU,vein endothelial cell,vein endothelial cell,0.6343418955802917,0.007339425850659609,0.00465570529922843
COPD,SERPINE1,LRP1,vein endothelial cell,lung multiciliated epithelial cell,0.6343418955802917,0.123210109770298,0.07815733551979065
COPD,SERPINE1,PLAUR,vein endothelial cell,lung multiciliated epithelial cell,0.6343418955802917,0.07332352548837662,0.0465121828019619
COPD,SERPINE1,ITGAV,vein endothelial cell,lung multiciliated epithelial cell,0.6343418955802917,0.2539004683494568,0.16105970740318298
COPD,SERPINE1,ITGB3,vein endothelial cell,lung multiciliated epithelial cell,0.6343418955802917,0.018456554040312767,0.01170776505023241
COPD,SERPINE1,VTN,vein endothelial cell,lung multiciliated epithelial cell,0.6343418955802917,0.003759907791391015,0.002385067055001855
COPD,SERPINE1,PLAU,vein endothelial cell,lung multiciliated epithelial cell,0.6343418955802917,0.010434271767735481,0.006618895567953587
COPD,SERPINE1,LRP1,vein endothelial cell,smooth muscle cell,0.6343418955802917,0.5496347546577454,0.3486563563346863
COPD,SERPINE1,PLAUR,vein endothelial cell,smooth muscle cell,0.6343418955802917,0.09615277498960495,0.0609937347471714
COPD,SERPINE1,ITGAV,vein endothelial cell,smooth muscle cell,0.6343418955802917,0.44047948718070984,0.2794145941734314
COPD,SERPINE1,ITGB3,vein endothelial cell,smooth muscle cell,0.6343418955802917,0.019068775698542595,0.012096123769879341
COPD,SERPINE1,VTN,vein endothelial cell,smooth muscle cell,0.6343418955802917,0.050971850752830505,0.032333578914403915
COPD,SERPINE1,PLAU,vein endothelial cell,smooth muscle cell,0.6343418955802917,0.06739981472492218,0.04275452718138695
COPD,SERPINE1,LRP1,vein endothelial cell,endothelial cell,0.6343418955802917,0.014540615491569042,0.00922372192144394
COPD,SERPINE1,PLAUR,vein endothelial cell,endothelial cell,0.6343418955802917,0.34155407547950745,0.21666206419467926
COPD,SERPINE1,ITGAV,vein endothelial cell,endothelial cell,0.6343418955802917,1.197588562965393,0.7596806287765503
COPD,SERPINE1,ITGB3,vein endothelial cell,endothelial cell,0.6343418955802917,0.07873991876840591,0.04994802922010422
COPD,SERPINE1,VTN,vein endothelial cell,endothelial cell,0.6343418955802917,0.0,0.0
COPD,SERPINE1,PLAU,vein endothelial cell,endothelial cell,0.6343418955802917,0.02626102976500988,0.016658471897244453
COPD,SERPINE1,LRP1,vein endothelial cell,B cell,0.6343418955802917,0.004753251560032368,0.0030151866376399994
COPD,SERPINE1,PLAUR,vein endothelial cell,B cell,0.6343418955802917,0.025976065546274185,0.016477705910801888
COPD,SERPINE1,ITGAV,vein endothelial cell,B cell,0.6343418955802917,0.07096978276968002,0.045019105076789856
COPD,SERPINE1,ITGB3,vein endothelial cell,B cell,0.6343418955802917,0.007180650718510151,0.004554987419396639
COPD,SERPINE1,VTN,vein endothelial cell,B cell,0.6343418955802917,0.0070886798202991486,0.0044966465793550014
COPD,SERPINE1,PLAU,vein endothelial cell,B cell,0.6343418955802917,0.0029255251865833998,0.0018557831645011902
COPD,SERPINE1,LRP1,vein endothelial cell,pulmonary alveolar type 1 cell,0.6343418955802917,0.1313430517911911,0.08331640064716339
COPD,SERPINE1,PLAUR,vein endothelial cell,pulmonary alveolar type 1 cell,0.6343418955802917,0.14985068142414093,0.09505656361579895
COPD,SERPINE1,ITGAV,vein endothelial cell,pulmonary alveolar type 1 cell,0.6343418955802917,0.4363124668598175,0.27677127718925476
COPD,SERPINE1,ITGB3,vein endothelial cell,pulmonary alveolar type 1 cell,0.6343418955802917,0.028458690270781517,0.018052538856863976
COPD,SERPINE1,VTN,vein endothelial cell,pulmonary alveolar type 1 cell,0.6343418955802917,0.0,0.0
COPD,SERPINE1,PLAU,vein endothelial cell,pulmonary alveolar type 1 cell,0.6343418955802917,0.00269750296138227,0.0017111391061916947
COPD,SERPINE1,LRP1,vein endothelial cell,club cell,0.6343418955802917,0.1225111186504364,0.07771393656730652
COPD,SERPINE1,PLAUR,vein endothelial cell,club cell,0.6343418955802917,0.10685224086046219,0.06778085231781006
COPD,SERPINE1,ITGAV,vein endothelial cell,club cell,0.6343418955802917,0.3144201636314392,0.19944988191127777
COPD,SERPINE1,ITGB3,vein endothelial cell,club cell,0.6343418955802917,0.029236525297164917,0.018545953556895256
COPD,SERPINE1,VTN,vein endothelial cell,club cell,0.6343418955802917,0.0006348757306113839,0.00040272827027365565
COPD,SERPINE1,PLAU,vein endothelial cell,club cell,0.6343418955802917,0.0426836721599102,0.02707604132592678
COPD,SERPINE1,LRP1,vein endothelial cell,neutrophil,0.6343418955802917,0.03148840367794037,0.019974414259195328
COPD,SERPINE1,PLAUR,vein endothelial cell,neutrophil,0.6343418955802917,2.9101521968841553,1.8460314273834229
COPD,SERPINE1,ITGAV,vein endothelial cell,neutrophil,0.6343418955802917,0.018835248425602913,0.011947987601161003
COPD,SERPINE1,ITGB3,vein endothelial cell,neutrophil,0.6343418955802917,0.0,0.0
COPD,SERPINE1,VTN,vein endothelial cell,neutrophil,0.6343418955802917,0.0,0.0
COPD,SERPINE1,PLAU,vein endothelial cell,neutrophil,0.6343418955802917,0.1457006335258484,0.09242401272058487
COPD,SERPINE1,LRP1,vein endothelial cell,plasma cell,0.6343418955802917,0.020204829052090645,0.012816770002245903
COPD,SERPINE1,PLAUR,vein endothelial cell,plasma cell,0.6343418955802917,0.1296500712633133,0.08224247395992279
COPD,SERPINE1,ITGAV,vein endothelial cell,plasma cell,0.6343418955802917,0.07221756130456924,0.045810624957084656
COPD,SERPINE1,ITGB3,vein endothelial cell,plasma cell,0.6343418955802917,0.004077468998730183,0.002586509333923459
COPD,SERPINE1,VTN,vein endothelial cell,plasma cell,0.6343418955802917,0.0,0.0
COPD,SERPINE1,PLAU,vein endothelial cell,plasma cell,0.6343418955802917,0.0,0.0
COPD,SERPINE1,LRP1,vein endothelial cell,leukocyte,0.6343418955802917,0.47125235199928284,0.2989351153373718
COPD,SERPINE1,PLAUR,vein endothelial cell,leukocyte,0.6343418955802917,0.6168549656867981,0.39129695296287537
COPD,SERPINE1,ITGAV,vein endothelial cell,leukocyte,0.6343418955802917,0.3050999641418457,0.19353768229484558
COPD,SERPINE1,ITGB3,vein endothelial cell,leukocyte,0.6343418955802917,0.005126997362822294,0.003252269234508276
COPD,SERPINE1,VTN,vein endothelial cell,leukocyte,0.6343418955802917,0.03484604135155678,0.022104304283857346
COPD,SERPINE1,PLAU,vein endothelial cell,leukocyte,0.6343418955802917,0.1440306007862091,0.09136464446783066
COPD,SERPINE1,LRP1,vein endothelial cell,endothelial cell of lymphatic vessel,0.6343418955802917,0.015216442756354809,0.009652427397668362
COPD,SERPINE1,PLAUR,vein endothelial cell,endothelial cell of lymphatic vessel,0.6343418955802917,0.11065652966499329,0.0701940730214119
COPD,SERPINE1,ITGAV,vein endothelial cell,endothelial cell of lymphatic vessel,0.6343418955802917,0.515347421169281,0.3269064724445343
COPD,SERPINE1,ITGB3,vein endothelial cell,endothelial cell of lymphatic vessel,0.6343418955802917,0.058469705283641815,0.03708978369832039
COPD,SERPINE1,VTN,vein endothelial cell,endothelial cell of lymphatic vessel,0.6343418955802917,0.0,0.0
COPD,SERPINE1,PLAU,vein endothelial cell,endothelial cell of lymphatic vessel,0.6343418955802917,0.008568414486944675,0.0054353042505681515
COPD,SERPINE1,LRP1,lung multiciliated epithelial cell,"CD4-positive, alpha-beta T cell",0.04186130315065384,0.01080121286213398,0.0004521528317127377
COPD,SERPINE1,PLAUR,lung multiciliated epithelial cell,"CD4-positive, alpha-beta T cell",0.04186130315065384,0.07658383250236511,0.003205898916348815
COPD,SERPINE1,ITGAV,lung multiciliated epithelial cell,"CD4-positive, alpha-beta T cell",0.04186130315065384,0.11132144927978516,0.004660061094909906
COPD,SERPINE1,ITGB3,lung multiciliated epithelial cell,"CD4-positive, alpha-beta T cell",0.04186130315065384,0.0010274227242916822,4.3009255023207515e-05
COPD,SERPINE1,VTN,lung multiciliated epithelial cell,"CD4-positive, alpha-beta T cell",0.04186130315065384,0.0005363248055800796,2.245125506306067e-05
COPD,SERPINE1,PLAU,lung multiciliated epithelial cell,"CD4-positive, alpha-beta T cell",0.04186130315065384,0.005150928162038326,0.00021562456095125526
COPD,SERPINE1,LRP1,lung multiciliated epithelial cell,natural killer cell,0.04186130315065384,0.010716209188103676,0.0004485944809857756
COPD,SERPINE1,PLAUR,lung multiciliated epithelial cell,natural killer cell,0.04186130315065384,0.03572125732898712,0.0014953383943066
COPD,SERPINE1,ITGAV,lung multiciliated epithelial cell,natural killer cell,0.04186130315065384,0.11054375767707825,0.004627505782991648
COPD,SERPINE1,ITGB3,lung multiciliated epithelial cell,natural killer cell,0.04186130315065384,0.0006884454633109272,2.8819224098697305e-05
COPD,SERPINE1,VTN,lung multiciliated epithelial cell,natural killer cell,0.04186130315065384,0.0006028926582075655,2.5237872250727378e-05
COPD,SERPINE1,PLAU,lung multiciliated epithelial cell,natural killer cell,0.04186130315065384,0.0023785356897860765,9.956860594684258e-05
COPD,SERPINE1,LRP1,lung multiciliated epithelial cell,capillary endothelial cell,0.04186130315065384,0.024062074720859528,0.001007269835099578
COPD,SERPINE1,PLAUR,lung multiciliated epithelial cell,capillary endothelial cell,0.04186130315065384,0.15724825859069824,0.006582616828382015
COPD,SERPINE1,ITGAV,lung multiciliated epithelial cell,capillary endothelial cell,0.04186130315065384,0.9863317012786865,0.041289132088422775
COPD,SERPINE1,ITGB3,lung multiciliated epithelial cell,capillary endothelial cell,0.04186130315065384,0.017805634066462517,0.0007453670259565115
COPD,SERPINE1,VTN,lung multiciliated epithelial cell,capillary endothelial cell,0.04186130315065384,0.0003249383589718491,1.3602342733065598e-05
COPD,SERPINE1,PLAU,lung multiciliated epithelial cell,capillary endothelial cell,0.04186130315065384,0.11483262479305267,0.004807043354958296
COPD,SERPINE1,LRP1,lung multiciliated epithelial cell,macrophage,0.04186130315065384,1.1535762548446655,0.048290204256772995
COPD,SERPINE1,PLAUR,lung multiciliated epithelial cell,macrophage,0.04186130315065384,1.4511730670928955,0.06074799597263336
COPD,SERPINE1,ITGAV,lung multiciliated epithelial cell,macrophage,0.04186130315065384,0.34481775760650635,0.014434521086513996
COPD,SERPINE1,ITGB3,lung multiciliated epithelial cell,macrophage,0.04186130315065384,0.0012105804635211825,5.0676477258093655e-05
COPD,SERPINE1,VTN,lung multiciliated epithelial cell,macrophage,0.04186130315065384,0.062030158936977386,0.002596663311123848
COPD,SERPINE1,PLAU,lung multiciliated epithelial cell,macrophage,0.04186130315065384,0.14781677722930908,0.006187803111970425
COPD,SERPINE1,LRP1,lung multiciliated epithelial cell,"CD8-positive, alpha-beta T cell",0.04186130315065384,0.020046265795826912,0.000839162792544812
COPD,SERPINE1,PLAUR,lung multiciliated epithelial cell,"CD8-positive, alpha-beta T cell",0.04186130315065384,0.06581177562475204,0.002754966728389263
COPD,SERPINE1,ITGAV,lung multiciliated epithelial cell,"CD8-positive, alpha-beta T cell",0.04186130315065384,0.09613218158483505,0.004024218302220106
COPD,SERPINE1,ITGB3,lung multiciliated epithelial cell,"CD8-positive, alpha-beta T cell",0.04186130315065384,0.0013681200798600912,5.7271288824267685e-05
COPD,SERPINE1,VTN,lung multiciliated epithelial cell,"CD8-positive, alpha-beta T cell",0.04186130315065384,0.0,0.0
COPD,SERPINE1,PLAU,lung multiciliated epithelial cell,"CD8-positive, alpha-beta T cell",0.04186130315065384,0.0021628967951983213,9.05416818568483e-05
COPD,SERPINE1,LRP1,lung multiciliated epithelial cell,monocyte,0.04186130315065384,0.5386526584625244,0.022548701614141464
COPD,SERPINE1,PLAUR,lung multiciliated epithelial cell,monocyte,0.04186130315065384,2.1388425827026367,0.08953473716974258
COPD,SERPINE1,ITGAV,lung multiciliated epithelial cell,monocyte,0.04186130315065384,0.2557239234447479,0.01070493645966053
COPD,SERPINE1,ITGB3,lung multiciliated epithelial cell,monocyte,0.04186130315065384,0.003852088702842593,0.00016125345428008586
COPD,SERPINE1,VTN,lung multiciliated epithelial cell,monocyte,0.04186130315065384,0.00021245292737148702,8.893556696421001e-06
COPD,SERPINE1,PLAU,lung multiciliated epithelial cell,monocyte,0.04186130315065384,0.04595533013343811,0.0019237500382587314
COPD,SERPINE1,LRP1,lung multiciliated epithelial cell,fibroblast,0.04186130315065384,1.0635806322097778,0.04452287033200264
COPD,SERPINE1,PLAUR,lung multiciliated epithelial cell,fibroblast,0.04186130315065384,0.48420417308807373,0.020269418135285378
COPD,SERPINE1,ITGAV,lung multiciliated epithelial cell,fibroblast,0.04186130315065384,0.5354461073875427,0.022414471954107285
COPD,SERPINE1,ITGB3,lung multiciliated epithelial cell,fibroblast,0.04186130315065384,0.019384372979402542,0.0008114551310427487
COPD,SERPINE1,VTN,lung multiciliated epithelial cell,fibroblast,0.04186130315065384,0.010189037770032883,0.00042652638512663543
COPD,SERPINE1,PLAU,lung multiciliated epithelial cell,fibroblast,0.04186130315065384,0.13291242718696594,0.0055638873018324375
COPD,SERPINE1,LRP1,lung multiciliated epithelial cell,conventional dendritic cell,0.04186130315065384,0.6610154509544373,0.027670968323946
COPD,SERPINE1,PLAUR,lung multiciliated epithelial cell,conventional dendritic cell,0.04186130315065384,1.5253753662109375,0.06385420262813568
COPD,SERPINE1,ITGAV,lung multiciliated epithelial cell,conventional dendritic cell,0.04186130315065384,0.485474169254303,0.020322581753134727
COPD,SERPINE1,ITGB3,lung multiciliated epithelial cell,conventional dendritic cell,0.04186130315065384,0.03787994757294655,0.001585703925229609
COPD,SERPINE1,VTN,lung multiciliated epithelial cell,conventional dendritic cell,0.04186130315065384,0.010836340487003326,0.0004536233318503946
COPD,SERPINE1,PLAU,lung multiciliated epithelial cell,conventional dendritic cell,0.04186130315065384,0.43526551127433777,0.01822078227996826
COPD,SERPINE1,LRP1,lung multiciliated epithelial cell,mast cell,0.04186130315065384,0.021034739911556244,0.0008805416291579604
COPD,SERPINE1,PLAUR,lung multiciliated epithelial cell,mast cell,0.04186130315065384,0.6477757692337036,0.027116738259792328
COPD,SERPINE1,ITGAV,lung multiciliated epithelial cell,mast cell,0.04186130315065384,0.314280241727829,0.013156180270016193
COPD,SERPINE1,ITGB3,lung multiciliated epithelial cell,mast cell,0.04186130315065384,0.04736245796084404,0.0019826542120426893
COPD,SERPINE1,VTN,lung multiciliated epithelial cell,mast cell,0.04186130315065384,0.0016408103983849287,6.86864586896263e-05
COPD,SERPINE1,PLAU,lung multiciliated epithelial cell,mast cell,0.04186130315065384,0.10074585676193237,0.004217352718114853
COPD,SERPINE1,LRP1,lung multiciliated epithelial cell,pulmonary alveolar type 2 cell,0.04186130315065384,0.05770264193415642,0.002415507799014449
COPD,SERPINE1,PLAUR,lung multiciliated epithelial cell,pulmonary alveolar type 2 cell,0.04186130315065384,0.12278641760349274,0.005139999557286501
COPD,SERPINE1,ITGAV,lung multiciliated epithelial cell,pulmonary alveolar type 2 cell,0.04186130315065384,0.2546227276325226,0.010658838786184788
COPD,SERPINE1,ITGB3,lung multiciliated epithelial cell,pulmonary alveolar type 2 cell,0.04186130315065384,0.0037699693348258734,0.0001578158262418583
COPD,SERPINE1,VTN,lung multiciliated epithelial cell,pulmonary alveolar type 2 cell,0.04186130315065384,0.0023970953188836575,0.00010034553270088509
COPD,SERPINE1,PLAU,lung multiciliated epithelial cell,pulmonary alveolar type 2 cell,0.04186130315065384,0.0043336693197488785,0.00018141305190511048
COPD,SERPINE1,LRP1,lung multiciliated epithelial cell,vein endothelial cell,0.04186130315065384,0.02342596836388111,0.000980641576461494
COPD,SERPINE1,PLAUR,lung multiciliated epithelial cell,vein endothelial cell,0.04186130315065384,0.3295363783836365,0.013794822618365288
COPD,SERPINE1,ITGAV,lung multiciliated epithelial cell,vein endothelial cell,0.04186130315065384,0.9312993288040161,0.03898540511727333
COPD,SERPINE1,ITGB3,lung multiciliated epithelial cell,vein endothelial cell,0.04186130315065384,0.18184329569339752,0.007612197194248438
COPD,SERPINE1,VTN,lung multiciliated epithelial cell,vein endothelial cell,0.04186130315065384,0.000626434339210391,2.6223357053822838e-05
COPD,SERPINE1,PLAU,lung multiciliated epithelial cell,vein endothelial cell,0.04186130315065384,0.007339425850659609,0.00030723793315701187
COPD,SERPINE1,LRP1,lung multiciliated epithelial cell,lung multiciliated epithelial cell,0.04186130315065384,0.123210109770298,0.005157735664397478
COPD,SERPINE1,PLAUR,lung multiciliated epithelial cell,lung multiciliated epithelial cell,0.04186130315065384,0.07332352548837662,0.0030694182496517897
COPD,SERPINE1,ITGAV,lung multiciliated epithelial cell,lung multiciliated epithelial cell,0.04186130315065384,0.2539004683494568,0.01062860433012247
COPD,SERPINE1,ITGB3,lung multiciliated epithelial cell,lung multiciliated epithelial cell,0.04186130315065384,0.018456554040312767,0.0007726154290139675
COPD,SERPINE1,VTN,lung multiciliated epithelial cell,lung multiciliated epithelial cell,0.04186130315065384,0.003759907791391015,0.00015739463560748845
COPD,SERPINE1,PLAU,lung multiciliated epithelial cell,lung multiciliated epithelial cell,0.04186130315065384,0.010434271767735481,0.00043679220834746957
COPD,SERPINE1,LRP1,lung multiciliated epithelial cell,smooth muscle cell,0.04186130315065384,0.5496347546577454,0.023008426651358604
COPD,SERPINE1,PLAUR,lung multiciliated epithelial cell,smooth muscle cell,0.04186130315065384,0.09615277498960495,0.004025080241262913
COPD,SERPINE1,ITGAV,lung multiciliated epithelial cell,smooth muscle cell,0.04186130315065384,0.44047948718070984,0.018439045175909996
COPD,SERPINE1,ITGB3,lung multiciliated epithelial cell,smooth muscle cell,0.04186130315065384,0.019068775698542595,0.0007982437964528799
COPD,SERPINE1,VTN,lung multiciliated epithelial cell,smooth muscle cell,0.04186130315065384,0.050971850752830505,0.0021337480284273624
COPD,SERPINE1,PLAU,lung multiciliated epithelial cell,smooth muscle cell,0.04186130315065384,0.06739981472492218,0.0028214440681040287
COPD,SERPINE1,LRP1,lung multiciliated epithelial cell,endothelial cell,0.04186130315065384,0.014540615491569042,0.0006086890934966505
COPD,SERPINE1,PLAUR,lung multiciliated epithelial cell,endothelial cell,0.04186130315065384,0.34155407547950745,0.01429789885878563
COPD,SERPINE1,ITGAV,lung multiciliated epithelial cell,endothelial cell,0.04186130315065384,1.197588562965393,0.050132617354393005
COPD,SERPINE1,ITGB3,lung multiciliated epithelial cell,endothelial cell,0.04186130315065384,0.07873991876840591,0.0032961557153612375
COPD,SERPINE1,VTN,lung multiciliated epithelial cell,endothelial cell,0.04186130315065384,0.0,0.0
COPD,SERPINE1,PLAU,lung multiciliated epithelial cell,endothelial cell,0.04186130315065384,0.02626102976500988,0.001099320943467319
COPD,SERPINE1,LRP1,lung multiciliated epithelial cell,B cell,0.04186130315065384,0.004753251560032368,0.00019897730089724064
COPD,SERPINE1,PLAUR,lung multiciliated epithelial cell,B cell,0.04186130315065384,0.025976065546274185,0.0010873919818550348
COPD,SERPINE1,ITGAV,lung multiciliated epithelial cell,B cell,0.04186130315065384,0.07096978276968002,0.002970887580886483
COPD,SERPINE1,ITGB3,lung multiciliated epithelial cell,B cell,0.04186130315065384,0.007180650718510151,0.0003005914040841162
COPD,SERPINE1,VTN,lung multiciliated epithelial cell,B cell,0.04186130315065384,0.0070886798202991486,0.00029674137476831675
COPD,SERPINE1,PLAU,lung multiciliated epithelial cell,B cell,0.04186130315065384,0.0029255251865833998,0.00012246629921719432
COPD,SERPINE1,LRP1,lung multiciliated epithelial cell,pulmonary alveolar type 1 cell,0.04186130315065384,0.1313430517911911,0.005498191341757774
COPD,SERPINE1,PLAUR,lung multiciliated epithelial cell,pulmonary alveolar type 1 cell,0.04186130315065384,0.14985068142414093,0.006272944621741772
COPD,SERPINE1,ITGAV,lung multiciliated epithelial cell,pulmonary alveolar type 1 cell,0.04186130315065384,0.4363124668598175,0.018264608457684517
COPD,SERPINE1,ITGB3,lung multiciliated epithelial cell,pulmonary alveolar type 1 cell,0.04186130315065384,0.028458690270781517,0.0011913179187104106
COPD,SERPINE1,VTN,lung multiciliated epithelial cell,pulmonary alveolar type 1 cell,0.04186130315065384,0.0,0.0
COPD,SERPINE1,PLAU,lung multiciliated epithelial cell,pulmonary alveolar type 1 cell,0.04186130315065384,0.00269750296138227,0.00011292099225101992
COPD,SERPINE1,LRP1,lung multiciliated epithelial cell,club cell,0.04186130315065384,0.1225111186504364,0.005128474906086922
COPD,SERPINE1,PLAUR,lung multiciliated epithelial cell,club cell,0.04186130315065384,0.10685224086046219,0.004472974222153425
COPD,SERPINE1,ITGAV,lung multiciliated epithelial cell,club cell,0.04186130315065384,0.3144201636314392,0.01316203735768795
COPD,SERPINE1,ITGB3,lung multiciliated epithelial cell,club cell,0.04186130315065384,0.029236525297164917,0.0012238790513947606
COPD,SERPINE1,VTN,lung multiciliated epithelial cell,club cell,0.04186130315065384,0.0006348757306113839,2.6576724849292077e-05
COPD,SERPINE1,PLAU,lung multiciliated epithelial cell,club cell,0.04186130315065384,0.0426836721599102,0.0017867941642180085
COPD,SERPINE1,LRP1,lung multiciliated epithelial cell,neutrophil,0.04186130315065384,0.03148840367794037,0.0013181456597521901
COPD,SERPINE1,PLAUR,lung multiciliated epithelial cell,neutrophil,0.04186130315065384,2.9101521968841553,0.1218227669596672
COPD,SERPINE1,ITGAV,lung multiciliated epithelial cell,neutrophil,0.04186130315065384,0.018835248425602913,0.0007884680526331067
COPD,SERPINE1,ITGB3,lung multiciliated epithelial cell,neutrophil,0.04186130315065384,0.0,0.0
COPD,SERPINE1,VTN,lung multiciliated epithelial cell,neutrophil,0.04186130315065384,0.0,0.0
COPD,SERPINE1,PLAU,lung multiciliated epithelial cell,neutrophil,0.04186130315065384,0.1457006335258484,0.006099218502640724
COPD,SERPINE1,LRP1,lung multiciliated epithelial cell,plasma cell,0.04186130315065384,0.020204829052090645,0.0008458005031570792
COPD,SERPINE1,PLAUR,lung multiciliated epithelial cell,plasma cell,0.04186130315065384,0.1296500712633133,0.005427320953458548
COPD,SERPINE1,ITGAV,lung multiciliated epithelial cell,plasma cell,0.04186130315065384,0.07221756130456924,0.0030231212731450796
COPD,SERPINE1,ITGB3,lung multiciliated epithelial cell,plasma cell,0.04186130315065384,0.004077468998730183,0.00017068815941456705
COPD,SERPINE1,VTN,lung multiciliated epithelial cell,plasma cell,0.04186130315065384,0.0,0.0
COPD,SERPINE1,PLAU,lung multiciliated epithelial cell,plasma cell,0.04186130315065384,0.0,0.0
COPD,SERPINE1,LRP1,lung multiciliated epithelial cell,leukocyte,0.04186130315065384,0.47125235199928284,0.01972723752260208
COPD,SERPINE1,PLAUR,lung multiciliated epithelial cell,leukocyte,0.04186130315065384,0.6168549656867981,0.02582235261797905
COPD,SERPINE1,ITGAV,lung multiciliated epithelial cell,leukocyte,0.04186130315065384,0.3050999641418457,0.012771882116794586
COPD,SERPINE1,ITGB3,lung multiciliated epithelial cell,leukocyte,0.04186130315065384,0.005126997362822294,0.00021462279255501926
COPD,SERPINE1,VTN,lung multiciliated epithelial cell,leukocyte,0.04186130315065384,0.03484604135155678,0.0014587007462978363
COPD,SERPINE1,PLAU,lung multiciliated epithelial cell,leukocyte,0.04186130315065384,0.1440306007862091,0.006029308773577213
COPD,SERPINE1,LRP1,lung multiciliated epithelial cell,endothelial cell of lymphatic vessel,0.04186130315065384,0.015216442756354809,0.0006369801121763885
COPD,SERPINE1,PLAUR,lung multiciliated epithelial cell,endothelial cell of lymphatic vessel,0.04186130315065384,0.11065652966499329,0.004632226657122374
COPD,SERPINE1,ITGAV,lung multiciliated epithelial cell,endothelial cell of lymphatic vessel,0.04186130315065384,0.515347421169281,0.02157311514019966
COPD,SERPINE1,ITGB3,lung multiciliated epithelial cell,endothelial cell of lymphatic vessel,0.04186130315065384,0.058469705283641815,0.0024476181715726852
COPD,SERPINE1,VTN,lung multiciliated epithelial cell,endothelial cell of lymphatic vessel,0.04186130315065384,0.0,0.0
COPD,SERPINE1,PLAU,lung multiciliated epithelial cell,endothelial cell of lymphatic vessel,0.04186130315065384,0.008568414486944675,0.0003586850070860237
COPD,SERPINE1,LRP1,smooth muscle cell,"CD4-positive, alpha-beta T cell",0.33319711685180664,0.01080121286213398,0.0035989328753203154
COPD,SERPINE1,PLAUR,smooth muscle cell,"CD4-positive, alpha-beta T cell",0.33319711685180664,0.07658383250236511,0.02551751211285591
COPD,SERPINE1,ITGAV,smooth muscle cell,"CD4-positive, alpha-beta T cell",0.33319711685180664,0.11132144927978516,0.03709198534488678
COPD,SERPINE1,ITGB3,smooth muscle cell,"CD4-positive, alpha-beta T cell",0.33319711685180664,0.0010274227242916822,0.00034233430051244795
COPD,SERPINE1,VTN,smooth muscle cell,"CD4-positive, alpha-beta T cell",0.33319711685180664,0.0005363248055800796,0.00017870188457891345
COPD,SERPINE1,PLAU,smooth muscle cell,"CD4-positive, alpha-beta T cell",0.33319711685180664,0.005150928162038326,0.0017162744188681245
COPD,SERPINE1,LRP1,smooth muscle cell,natural killer cell,0.33319711685180664,0.010716209188103676,0.0035706099588423967
COPD,SERPINE1,PLAUR,smooth muscle cell,natural killer cell,0.33319711685180664,0.03572125732898712,0.011902219615876675
COPD,SERPINE1,ITGAV,smooth muscle cell,natural killer cell,0.33319711685180664,0.11054375767707825,0.036832861602306366
COPD,SERPINE1,ITGB3,smooth muscle cell,natural killer cell,0.33319711685180664,0.0006884454633109272,0.00022938803886063397
COPD,SERPINE1,VTN,smooth muscle cell,natural killer cell,0.33319711685180664,0.0006028926582075655,0.00020088208839297295
COPD,SERPINE1,PLAU,smooth muscle cell,natural killer cell,0.33319711685180664,0.0023785356897860765,0.0007925212266854942
COPD,SERPINE1,LRP1,smooth muscle cell,capillary endothelial cell,0.33319711685180664,0.024062074720859528,0.00801741424947977
COPD,SERPINE1,PLAUR,smooth muscle cell,capillary endothelial cell,0.33319711685180664,0.15724825859069824,0.05239466577768326
COPD,SERPINE1,ITGAV,smooth muscle cell,capillary endothelial cell,0.33319711685180664,0.9863317012786865,0.328642874956131
COPD,SERPINE1,ITGB3,smooth muscle cell,capillary endothelial cell,0.33319711685180664,0.017805634066462517,0.005932786036282778
COPD,SERPINE1,VTN,smooth muscle cell,capillary endothelial cell,0.33319711685180664,0.0003249383589718491,0.00010826852667378262
COPD,SERPINE1,PLAU,smooth muscle cell,capillary endothelial cell,0.33319711685180664,0.11483262479305267,0.03826189786195755
COPD,SERPINE1,LRP1,smooth muscle cell,macrophage,0.33319711685180664,1.1535762548446655,0.38436827063560486
COPD,SERPINE1,PLAUR,smooth muscle cell,macrophage,0.33319711685180664,1.4511730670928955,0.48352667689323425
COPD,SERPINE1,ITGAV,smooth muscle cell,macrophage,0.33319711685180664,0.34481775760650635,0.11489228159189224
COPD,SERPINE1,ITGB3,smooth muscle cell,macrophage,0.33319711685180664,0.0012105804635211825,0.00040336191887035966
COPD,SERPINE1,VTN,smooth muscle cell,macrophage,0.33319711685180664,0.062030158936977386,0.0206682700663805
COPD,SERPINE1,PLAU,smooth muscle cell,macrophage,0.33319711685180664,0.14781677722930908,0.04925212264060974
COPD,SERPINE1,LRP1,smooth muscle cell,"CD8-positive, alpha-beta T cell",0.33319711685180664,0.020046265795826912,0.006679357960820198
COPD,SERPINE1,PLAUR,smooth muscle cell,"CD8-positive, alpha-beta T cell",0.33319711685180664,0.06581177562475204,0.021928293630480766
COPD,SERPINE1,ITGAV,smooth muscle cell,"CD8-positive, alpha-beta T cell",0.33319711685180664,0.09613218158483505,0.03203096613287926
COPD,SERPINE1,ITGB3,smooth muscle cell,"CD8-positive, alpha-beta T cell",0.33319711685180664,0.0013681200798600912,0.00045585367479361594
COPD,SERPINE1,VTN,smooth muscle cell,"CD8-positive, alpha-beta T cell",0.33319711685180664,0.0,0.0
COPD,SERPINE1,PLAU,smooth muscle cell,"CD8-positive, alpha-beta T cell",0.33319711685180664,0.0021628967951983213,0.0007206709706224501
COPD,SERPINE1,LRP1,smooth muscle cell,monocyte,0.33319711685180664,0.5386526584625244,0.1794775128364563
COPD,SERPINE1,PLAUR,smooth muscle cell,monocyte,0.33319711685180664,2.1388425827026367,0.7126561999320984
COPD,SERPINE1,ITGAV,smooth muscle cell,monocyte,0.33319711685180664,0.2557239234447479,0.08520647138357162
COPD,SERPINE1,ITGB3,smooth muscle cell,monocyte,0.33319711685180664,0.003852088702842593,0.0012835048837587237
COPD,SERPINE1,VTN,smooth muscle cell,monocyte,0.33319711685180664,0.00021245292737148702,7.078870112309232e-05
COPD,SERPINE1,PLAU,smooth muscle cell,monocyte,0.33319711685180664,0.04595533013343811,0.015312183648347855
COPD,SERPINE1,LRP1,smooth muscle cell,fibroblast,0.33319711685180664,1.0635806322097778,0.3543820083141327
COPD,SERPINE1,PLAUR,smooth muscle cell,fibroblast,0.33319711685180664,0.48420417308807373,0.16133543848991394
COPD,SERPINE1,ITGAV,smooth muscle cell,fibroblast,0.33319711685180664,0.5354461073875427,0.17840909957885742
COPD,SERPINE1,ITGB3,smooth muscle cell,fibroblast,0.33319711685180664,0.019384372979402542,0.006458817049860954
COPD,SERPINE1,VTN,smooth muscle cell,fibroblast,0.33319711685180664,0.010189037770032883,0.003394958097487688
COPD,SERPINE1,PLAU,smooth muscle cell,fibroblast,0.33319711685180664,0.13291242718696594,0.04428603872656822
COPD,SERPINE1,LRP1,smooth muscle cell,conventional dendritic cell,0.33319711685180664,0.6610154509544373,0.22024844586849213
COPD,SERPINE1,PLAUR,smooth muscle cell,conventional dendritic cell,0.33319711685180664,1.5253753662109375,0.5082506537437439
COPD,SERPINE1,ITGAV,smooth muscle cell,conventional dendritic cell,0.33319711685180664,0.485474169254303,0.16175858676433563
COPD,SERPINE1,ITGB3,smooth muscle cell,conventional dendritic cell,0.33319711685180664,0.03787994757294655,0.012621489353477955
COPD,SERPINE1,VTN,smooth muscle cell,conventional dendritic cell,0.33319711685180664,0.010836340487003326,0.003610637504607439
COPD,SERPINE1,PLAU,smooth muscle cell,conventional dendritic cell,0.33319711685180664,0.43526551127433777,0.145029217004776
COPD,SERPINE1,LRP1,smooth muscle cell,mast cell,0.33319711685180664,0.021034739911556244,0.007008714601397514
COPD,SERPINE1,PLAUR,smooth muscle cell,mast cell,0.33319711685180664,0.6477757692337036,0.2158370167016983
COPD,SERPINE1,ITGAV,smooth muscle cell,mast cell,0.33319711685180664,0.314280241727829,0.10471726953983307
COPD,SERPINE1,ITGB3,smooth muscle cell,mast cell,0.33319711685180664,0.04736245796084404,0.015781033784151077
COPD,SERPINE1,VTN,smooth muscle cell,mast cell,0.33319711685180664,0.0016408103983849287,0.0005467133014462888
COPD,SERPINE1,PLAU,smooth muscle cell,mast cell,0.33319711685180664,0.10074585676193237,0.03356822952628136
COPD,SERPINE1,LRP1,smooth muscle cell,pulmonary alveolar type 2 cell,0.33319711685180664,0.05770264193415642,0.019226353615522385
COPD,SERPINE1,PLAUR,smooth muscle cell,pulmonary alveolar type 2 cell,0.33319711685180664,0.12278641760349274,0.04091208055615425
COPD,SERPINE1,ITGAV,smooth muscle cell,pulmonary alveolar type 2 cell,0.33319711685180664,0.2546227276325226,0.08483956009149551
COPD,SERPINE1,ITGB3,smooth muscle cell,pulmonary alveolar type 2 cell,0.33319711685180664,0.0037699693348258734,0.0012561428593471646
COPD,SERPINE1,VTN,smooth muscle cell,pulmonary alveolar type 2 cell,0.33319711685180664,0.0023970953188836575,0.0007987052667886019
COPD,SERPINE1,PLAU,smooth muscle cell,pulmonary alveolar type 2 cell,0.33319711685180664,0.0043336693197488785,0.001443966175429523
COPD,SERPINE1,LRP1,smooth muscle cell,vein endothelial cell,0.33319711685180664,0.02342596836388111,0.007805465254932642
COPD,SERPINE1,PLAUR,smooth muscle cell,vein endothelial cell,0.33319711685180664,0.3295363783836365,0.10980056971311569
COPD,SERPINE1,ITGAV,smooth muscle cell,vein endothelial cell,0.33319711685180664,0.9312993288040161,0.31030625104904175
COPD,SERPINE1,ITGB3,smooth muscle cell,vein endothelial cell,0.33319711685180664,0.18184329569339752,0.060589663684368134
COPD,SERPINE1,VTN,smooth muscle cell,vein endothelial cell,0.33319711685180664,0.000626434339210391,0.00020872610912192613
COPD,SERPINE1,PLAU,smooth muscle cell,vein endothelial cell,0.33319711685180664,0.007339425850659609,0.0024454754311591387
COPD,SERPINE1,LRP1,smooth muscle cell,lung multiciliated epithelial cell,0.33319711685180664,0.123210109770298,0.041053254157304764
COPD,SERPINE1,PLAUR,smooth muscle cell,lung multiciliated epithelial cell,0.33319711685180664,0.07332352548837662,0.02443118765950203
COPD,SERPINE1,ITGAV,smooth muscle cell,lung multiciliated epithelial cell,0.33319711685180664,0.2539004683494568,0.08459890633821487
COPD,SERPINE1,ITGB3,smooth muscle cell,lung multiciliated epithelial cell,0.33319711685180664,0.018456554040312767,0.006149670574814081
COPD,SERPINE1,VTN,smooth muscle cell,lung multiciliated epithelial cell,0.33319711685180664,0.003759907791391015,0.0012527904473245144
COPD,SERPINE1,PLAU,smooth muscle cell,lung multiciliated epithelial cell,0.33319711685180664,0.010434271767735481,0.0034766693133860826
COPD,SERPINE1,LRP1,smooth muscle cell,smooth muscle cell,0.33319711685180664,0.5496347546577454,0.1831367164850235
COPD,SERPINE1,PLAUR,smooth muscle cell,smooth muscle cell,0.33319711685180664,0.09615277498960495,0.032037828117609024
COPD,SERPINE1,ITGAV,smooth muscle cell,smooth muscle cell,0.33319711685180664,0.44047948718070984,0.14676649868488312
COPD,SERPINE1,ITGB3,smooth muscle cell,smooth muscle cell,0.33319711685180664,0.019068775698542595,0.006353660952299833
COPD,SERPINE1,VTN,smooth muscle cell,smooth muscle cell,0.33319711685180664,0.050971850752830505,0.016983672976493835
COPD,SERPINE1,PLAU,smooth muscle cell,smooth muscle cell,0.33319711685180664,0.06739981472492218,0.02245742455124855
COPD,SERPINE1,LRP1,smooth muscle cell,endothelial cell,0.33319711685180664,0.014540615491569042,0.004844891373068094
COPD,SERPINE1,PLAUR,smooth muscle cell,endothelial cell,0.33319711685180664,0.34155407547950745,0.11380483210086823
COPD,SERPINE1,ITGAV,smooth muscle cell,endothelial cell,0.33319711685180664,1.197588562965393,0.3990330696105957
COPD,SERPINE1,ITGB3,smooth muscle cell,endothelial cell,0.33319711685180664,0.07873991876840591,0.02623591385781765
COPD,SERPINE1,VTN,smooth muscle cell,endothelial cell,0.33319711685180664,0.0,0.0
COPD,SERPINE1,PLAU,smooth muscle cell,endothelial cell,0.33319711685180664,0.02626102976500988,0.008750099688768387
COPD,SERPINE1,LRP1,smooth muscle cell,B cell,0.33319711685180664,0.004753251560032368,0.0015837696846574545
COPD,SERPINE1,PLAUR,smooth muscle cell,B cell,0.33319711685180664,0.025976065546274185,0.008655150420963764
COPD,SERPINE1,ITGAV,smooth muscle cell,B cell,0.33319711685180664,0.07096978276968002,0.023646926507353783
COPD,SERPINE1,ITGB3,smooth muscle cell,B cell,0.33319711685180664,0.007180650718510151,0.0023925721179693937
COPD,SERPINE1,VTN,smooth muscle cell,B cell,0.33319711685180664,0.0070886798202991486,0.0023619276471436024
COPD,SERPINE1,PLAU,smooth muscle cell,B cell,0.33319711685180664,0.0029255251865833998,0.000974776572547853
COPD,SERPINE1,LRP1,smooth muscle cell,pulmonary alveolar type 1 cell,0.33319711685180664,0.1313430517911911,0.04376312717795372
COPD,SERPINE1,PLAUR,smooth muscle cell,pulmonary alveolar type 1 cell,0.33319711685180664,0.14985068142414093,0.04992981627583504
COPD,SERPINE1,ITGAV,smooth muscle cell,pulmonary alveolar type 1 cell,0.33319711685180664,0.4363124668598175,0.14537805318832397
COPD,SERPINE1,ITGB3,smooth muscle cell,pulmonary alveolar type 1 cell,0.33319711685180664,0.028458690270781517,0.009482353925704956
COPD,SERPINE1,VTN,smooth muscle cell,pulmonary alveolar type 1 cell,0.33319711685180664,0.0,0.0
COPD,SERPINE1,PLAU,smooth muscle cell,pulmonary alveolar type 1 cell,0.33319711685180664,0.00269750296138227,0.0008988002082332969
COPD,SERPINE1,LRP1,smooth muscle cell,club cell,0.33319711685180664,0.1225111186504364,0.04082035273313522
COPD,SERPINE1,PLAUR,smooth muscle cell,club cell,0.33319711685180664,0.10685224086046219,0.035602860152721405
COPD,SERPINE1,ITGAV,smooth muscle cell,club cell,0.33319711685180664,0.3144201636314392,0.10476389527320862
COPD,SERPINE1,ITGB3,smooth muscle cell,club cell,0.33319711685180664,0.029236525297164917,0.00974152609705925
COPD,SERPINE1,VTN,smooth muscle cell,club cell,0.33319711685180664,0.0006348757306113839,0.0002115387615049258
COPD,SERPINE1,PLAU,smooth muscle cell,club cell,0.33319711685180664,0.0426836721599102,0.014222076162695885
COPD,SERPINE1,LRP1,smooth muscle cell,neutrophil,0.33319711685180664,0.03148840367794037,0.010491845197975636
COPD,SERPINE1,PLAUR,smooth muscle cell,neutrophil,0.33319711685180664,2.9101521968841553,0.9696543216705322
COPD,SERPINE1,ITGAV,smooth muscle cell,neutrophil,0.33319711685180664,0.018835248425602913,0.006275850348174572
COPD,SERPINE1,ITGB3,smooth muscle cell,neutrophil,0.33319711685180664,0.0,0.0
COPD,SERPINE1,VTN,smooth muscle cell,neutrophil,0.33319711685180664,0.0,0.0
COPD,SERPINE1,PLAU,smooth muscle cell,neutrophil,0.33319711685180664,0.1457006335258484,0.04854702949523926
COPD,SERPINE1,LRP1,smooth muscle cell,plasma cell,0.33319711685180664,0.020204829052090645,0.0067321909591555595
COPD,SERPINE1,PLAUR,smooth muscle cell,plasma cell,0.33319711685180664,0.1296500712633133,0.04319902881979942
COPD,SERPINE1,ITGAV,smooth muscle cell,plasma cell,0.33319711685180664,0.07221756130456924,0.024062683805823326
COPD,SERPINE1,ITGB3,smooth muscle cell,plasma cell,0.33319711685180664,0.004077468998730183,0.0013586009154096246
COPD,SERPINE1,VTN,smooth muscle cell,plasma cell,0.33319711685180664,0.0,0.0
COPD,SERPINE1,PLAU,smooth muscle cell,plasma cell,0.33319711685180664,0.0,0.0
COPD,SERPINE1,LRP1,smooth muscle cell,leukocyte,0.33319711685180664,0.47125235199928284,0.15701992809772491
COPD,SERPINE1,PLAUR,smooth muscle cell,leukocyte,0.33319711685180664,0.6168549656867981,0.20553429424762726
COPD,SERPINE1,ITGAV,smooth muscle cell,leukocyte,0.33319711685180664,0.3050999641418457,0.1016584262251854
COPD,SERPINE1,ITGB3,smooth muscle cell,leukocyte,0.33319711685180664,0.005126997362822294,0.0017083007842302322
COPD,SERPINE1,VTN,smooth muscle cell,leukocyte,0.33319711685180664,0.03484604135155678,0.011610600166022778
COPD,SERPINE1,PLAU,smooth muscle cell,leukocyte,0.33319711685180664,0.1440306007862091,0.0479905791580677
COPD,SERPINE1,LRP1,smooth muscle cell,endothelial cell of lymphatic vessel,0.33319711685180664,0.015216442756354809,0.005070074927061796
COPD,SERPINE1,PLAUR,smooth muscle cell,endothelial cell of lymphatic vessel,0.33319711685180664,0.11065652966499329,0.03687043488025665
COPD,SERPINE1,ITGAV,smooth muscle cell,endothelial cell of lymphatic vessel,0.33319711685180664,0.515347421169281,0.17171227931976318
COPD,SERPINE1,ITGB3,smooth muscle cell,endothelial cell of lymphatic vessel,0.33319711685180664,0.058469705283641815,0.01948193646967411
COPD,SERPINE1,VTN,smooth muscle cell,endothelial cell of lymphatic vessel,0.33319711685180664,0.0,0.0
COPD,SERPINE1,PLAU,smooth muscle cell,endothelial cell of lymphatic vessel,0.33319711685180664,0.008568414486944675,0.002854970982298255
COPD,SERPINE1,LRP1,endothelial cell,"CD4-positive, alpha-beta T cell",0.4813380837440491,0.01080121286213398,0.0051990351639688015
COPD,SERPINE1,PLAUR,endothelial cell,"CD4-positive, alpha-beta T cell",0.4813380837440491,0.07658383250236511,0.03686271607875824
COPD,SERPINE1,ITGAV,endothelial cell,"CD4-positive, alpha-beta T cell",0.4813380837440491,0.11132144927978516,0.05358325317502022
COPD,SERPINE1,ITGB3,endothelial cell,"CD4-positive, alpha-beta T cell",0.4813380837440491,0.0010274227242916822,0.000494537700433284
COPD,SERPINE1,VTN,endothelial cell,"CD4-positive, alpha-beta T cell",0.4813380837440491,0.0005363248055800796,0.0002581535663921386
COPD,SERPINE1,PLAU,endothelial cell,"CD4-positive, alpha-beta T cell",0.4813380837440491,0.005150928162038326,0.00247933785431087
COPD,SERPINE1,LRP1,endothelial cell,natural killer cell,0.4813380837440491,0.010716209188103676,0.00515811936929822
COPD,SERPINE1,PLAUR,endothelial cell,natural killer cell,0.4813380837440491,0.03572125732898712,0.017194001004099846
COPD,SERPINE1,ITGAV,endothelial cell,natural killer cell,0.4813380837440491,0.11054375767707825,0.05320892110466957
COPD,SERPINE1,ITGB3,endothelial cell,natural killer cell,0.4813380837440491,0.0006884454633109272,0.0003313750203233212
COPD,SERPINE1,VTN,endothelial cell,natural killer cell,0.4813380837440491,0.0006028926582075655,0.0002901951957028359
COPD,SERPINE1,PLAU,endothelial cell,natural killer cell,0.4813380837440491,0.0023785356897860765,0.0011448798468336463
COPD,SERPINE1,LRP1,endothelial cell,capillary endothelial cell,0.4813380837440491,0.024062074720859528,0.011581992730498314
COPD,SERPINE1,PLAUR,endothelial cell,capillary endothelial cell,0.4813380837440491,0.15724825859069824,0.07568957656621933
COPD,SERPINE1,ITGAV,endothelial cell,capillary endothelial cell,0.4813380837440491,0.9863317012786865,0.4747590124607086
COPD,SERPINE1,ITGB3,endothelial cell,capillary endothelial cell,0.4813380837440491,0.017805634066462517,0.008570529520511627
COPD,SERPINE1,VTN,endothelial cell,capillary endothelial cell,0.4813380837440491,0.0003249383589718491,0.0001564052072353661
COPD,SERPINE1,PLAU,endothelial cell,capillary endothelial cell,0.4813380837440491,0.11483262479305267,0.05527331680059433
COPD,SERPINE1,LRP1,endothelial cell,macrophage,0.4813380837440491,1.1535762548446655,0.555260181427002
COPD,SERPINE1,PLAUR,endothelial cell,macrophage,0.4813380837440491,1.4511730670928955,0.6985048651695251
COPD,SERPINE1,ITGAV,endothelial cell,macrophage,0.4813380837440491,0.34481775760650635,0.16597391664981842
COPD,SERPINE1,ITGB3,endothelial cell,macrophage,0.4813380837440491,0.0012105804635211825,0.0005826984997838736
COPD,SERPINE1,VTN,endothelial cell,macrophage,0.4813380837440491,0.062030158936977386,0.02985747717320919
COPD,SERPINE1,PLAU,endothelial cell,macrophage,0.4813380837440491,0.14781677722930908,0.07114984095096588
COPD,SERPINE1,LRP1,endothelial cell,"CD8-positive, alpha-beta T cell",0.4813380837440491,0.020046265795826912,0.009649030864238739
COPD,SERPINE1,PLAUR,endothelial cell,"CD8-positive, alpha-beta T cell",0.4813380837440491,0.06581177562475204,0.031677715480327606
COPD,SERPINE1,ITGAV,endothelial cell,"CD8-positive, alpha-beta T cell",0.4813380837440491,0.09613218158483505,0.04627208039164543
COPD,SERPINE1,ITGB3,endothelial cell,"CD8-positive, alpha-beta T cell",0.4813380837440491,0.0013681200798600912,0.0006585282972082496
COPD,SERPINE1,VTN,endothelial cell,"CD8-positive, alpha-beta T cell",0.4813380837440491,0.0,0.0
COPD,SERPINE1,PLAU,endothelial cell,"CD8-positive, alpha-beta T cell",0.4813380837440491,0.0021628967951983213,0.0010410846443846822
COPD,SERPINE1,LRP1,endothelial cell,monocyte,0.4813380837440491,0.5386526584625244,0.25927403569221497
COPD,SERPINE1,PLAUR,endothelial cell,monocyte,0.4813380837440491,2.1388425827026367,1.0295064449310303
COPD,SERPINE1,ITGAV,endothelial cell,monocyte,0.4813380837440491,0.2557239234447479,0.12308966368436813
COPD,SERPINE1,ITGB3,endothelial cell,monocyte,0.4813380837440491,0.003852088702842593,0.0018541569588705897
COPD,SERPINE1,VTN,endothelial cell,monocyte,0.4813380837440491,0.00021245292737148702,0.00010226168524241075
COPD,SERPINE1,PLAU,endothelial cell,monocyte,0.4813380837440491,0.04595533013343811,0.022120051085948944
COPD,SERPINE1,LRP1,endothelial cell,fibroblast,0.4813380837440491,1.0635806322097778,0.5119418501853943
COPD,SERPINE1,PLAUR,endothelial cell,fibroblast,0.4813380837440491,0.48420417308807373,0.2330659031867981
COPD,SERPINE1,ITGAV,endothelial cell,fibroblast,0.4813380837440491,0.5354461073875427,0.2577306032180786
COPD,SERPINE1,ITGB3,endothelial cell,fibroblast,0.4813380837440491,0.019384372979402542,0.00933043658733368
COPD,SERPINE1,VTN,endothelial cell,fibroblast,0.4813380837440491,0.010189037770032883,0.004904371686279774
COPD,SERPINE1,PLAU,endothelial cell,fibroblast,0.4813380837440491,0.13291242718696594,0.06397581100463867
COPD,SERPINE1,LRP1,endothelial cell,conventional dendritic cell,0.4813380837440491,0.6610154509544373,0.3181719183921814
COPD,SERPINE1,PLAUR,endothelial cell,conventional dendritic cell,0.4813380837440491,1.5253753662109375,0.7342212796211243
COPD,SERPINE1,ITGAV,endothelial cell,conventional dendritic cell,0.4813380837440491,0.485474169254303,0.2336772084236145
COPD,SERPINE1,ITGB3,endothelial cell,conventional dendritic cell,0.4813380837440491,0.03787994757294655,0.018233060836791992
COPD,SERPINE1,VTN,endothelial cell,conventional dendritic cell,0.4813380837440491,0.010836340487003326,0.0052159433253109455
COPD,SERPINE1,PLAU,endothelial cell,conventional dendritic cell,0.4813380837440491,0.43526551127433777,0.20950986444950104
COPD,SERPINE1,LRP1,endothelial cell,mast cell,0.4813380837440491,0.021034739911556244,0.010124821215867996
COPD,SERPINE1,PLAUR,endothelial cell,mast cell,0.4813380837440491,0.6477757692337036,0.31179913878440857
COPD,SERPINE1,ITGAV,endothelial cell,mast cell,0.4813380837440491,0.314280241727829,0.15127505362033844
COPD,SERPINE1,ITGB3,endothelial cell,mast cell,0.4813380837440491,0.04736245796084404,0.02279735542833805
COPD,SERPINE1,VTN,endothelial cell,mast cell,0.4813380837440491,0.0016408103983849287,0.0007897845352999866
COPD,SERPINE1,PLAU,endothelial cell,mast cell,0.4813380837440491,0.10074585676193237,0.04849281907081604
COPD,SERPINE1,LRP1,endothelial cell,pulmonary alveolar type 2 cell,0.4813380837440491,0.05770264193415642,0.027774479240179062
COPD,SERPINE1,PLAUR,endothelial cell,pulmonary alveolar type 2 cell,0.4813380837440491,0.12278641760349274,0.05910177901387215
COPD,SERPINE1,ITGAV,endothelial cell,pulmonary alveolar type 2 cell,0.4813380837440491,0.2546227276325226,0.12255961447954178
COPD,SERPINE1,ITGB3,endothelial cell,pulmonary alveolar type 2 cell,0.4813380837440491,0.0037699693348258734,0.0018146297661587596
COPD,SERPINE1,VTN,endothelial cell,pulmonary alveolar type 2 cell,0.4813380837440491,0.0023970953188836575,0.0011538132093846798
COPD,SERPINE1,PLAU,endothelial cell,pulmonary alveolar type 2 cell,0.4813380837440491,0.0043336693197488785,0.002085960004478693
COPD,SERPINE1,LRP1,endothelial cell,vein endothelial cell,0.4813380837440491,0.02342596836388111,0.01127581112086773
COPD,SERPINE1,PLAUR,endothelial cell,vein endothelial cell,0.4813380837440491,0.3295363783836365,0.15861840546131134
COPD,SERPINE1,ITGAV,endothelial cell,vein endothelial cell,0.4813380837440491,0.9312993288040161,0.4482698440551758
COPD,SERPINE1,ITGB3,endothelial cell,vein endothelial cell,0.4813380837440491,0.18184329569339752,0.08752810209989548
COPD,SERPINE1,VTN,endothelial cell,vein endothelial cell,0.4813380837440491,0.000626434339210391,0.00030152671388350427
COPD,SERPINE1,PLAU,endothelial cell,vein endothelial cell,0.4813380837440491,0.007339425850659609,0.0035327451769262552
COPD,SERPINE1,LRP1,endothelial cell,lung multiciliated epithelial cell,0.4813380837440491,0.123210109770298,0.059305716305971146
COPD,SERPINE1,PLAUR,endothelial cell,lung multiciliated epithelial cell,0.4813380837440491,0.07332352548837662,0.03529340401291847
COPD,SERPINE1,ITGAV,endothelial cell,lung multiciliated epithelial cell,0.4813380837440491,0.2539004683494568,0.12221196293830872
COPD,SERPINE1,ITGB3,endothelial cell,lung multiciliated epithelial cell,0.4813380837440491,0.018456554040312767,0.008883842267096043
COPD,SERPINE1,VTN,endothelial cell,lung multiciliated epithelial cell,0.4813380837440491,0.003759907791391015,0.0018097867723554373
COPD,SERPINE1,PLAU,endothelial cell,lung multiciliated epithelial cell,0.4813380837440491,0.010434271767735481,0.0050224121659994125
COPD,SERPINE1,LRP1,endothelial cell,smooth muscle cell,0.4813380837440491,0.5496347546577454,0.26456013321876526
COPD,SERPINE1,PLAUR,endothelial cell,smooth muscle cell,0.4813380837440491,0.09615277498960495,0.04628199338912964
COPD,SERPINE1,ITGAV,endothelial cell,smooth muscle cell,0.4813380837440491,0.44047948718070984,0.21201954782009125
COPD,SERPINE1,ITGB3,endothelial cell,smooth muscle cell,0.4813380837440491,0.019068775698542595,0.009178527630865574
COPD,SERPINE1,VTN,endothelial cell,smooth muscle cell,0.4813380837440491,0.050971850752830505,0.024534692987799644
COPD,SERPINE1,PLAU,endothelial cell,smooth muscle cell,0.4813380837440491,0.06739981472492218,0.03244209662079811
COPD,SERPINE1,LRP1,endothelial cell,endothelial cell,0.4813380837440491,0.014540615491569042,0.006998952012509108
COPD,SERPINE1,PLAUR,endothelial cell,endothelial cell,0.4813380837440491,0.34155407547950745,0.16440299153327942
COPD,SERPINE1,ITGAV,endothelial cell,endothelial cell,0.4813380837440491,1.197588562965393,0.5764449834823608
COPD,SERPINE1,ITGB3,endothelial cell,endothelial cell,0.4813380837440491,0.07873991876840591,0.037900522351264954
COPD,SERPINE1,VTN,endothelial cell,endothelial cell,0.4813380837440491,0.0,0.0
COPD,SERPINE1,PLAU,endothelial cell,endothelial cell,0.4813380837440491,0.02626102976500988,0.012640433385968208
COPD,SERPINE1,LRP1,endothelial cell,B cell,0.4813380837440491,0.004753251560032368,0.002287921030074358
COPD,SERPINE1,PLAUR,endothelial cell,B cell,0.4813380837440491,0.025976065546274185,0.01250327005982399
COPD,SERPINE1,ITGAV,endothelial cell,B cell,0.4813380837440491,0.07096978276968002,0.03416045755147934
COPD,SERPINE1,ITGB3,endothelial cell,B cell,0.4813380837440491,0.007180650718510151,0.0034563206136226654
COPD,SERPINE1,VTN,endothelial cell,B cell,0.4813380837440491,0.0070886798202991486,0.0034120515920221806
COPD,SERPINE1,PLAU,endothelial cell,B cell,0.4813380837440491,0.0029255251865833998,0.0014081667177379131
COPD,SERPINE1,LRP1,endothelial cell,pulmonary alveolar type 1 cell,0.4813380837440491,0.1313430517911911,0.06322041153907776
COPD,SERPINE1,PLAUR,endothelial cell,pulmonary alveolar type 1 cell,0.4813380837440491,0.14985068142414093,0.07212883979082108
COPD,SERPINE1,ITGAV,endothelial cell,pulmonary alveolar type 1 cell,0.4813380837440491,0.4363124668598175,0.21001380681991577
COPD,SERPINE1,ITGB3,endothelial cell,pulmonary alveolar type 1 cell,0.4813380837440491,0.028458690270781517,0.013698250986635685
COPD,SERPINE1,VTN,endothelial cell,pulmonary alveolar type 1 cell,0.4813380837440491,0.0,0.0
COPD,SERPINE1,PLAU,endothelial cell,pulmonary alveolar type 1 cell,0.4813380837440491,0.00269750296138227,0.0012984109343960881
COPD,SERPINE1,LRP1,endothelial cell,club cell,0.4813380837440491,0.1225111186504364,0.05896926671266556
COPD,SERPINE1,PLAUR,endothelial cell,club cell,0.4813380837440491,0.10685224086046219,0.051432054489851
COPD,SERPINE1,ITGAV,endothelial cell,club cell,0.4813380837440491,0.3144201636314392,0.15134239196777344
COPD,SERPINE1,ITGB3,endothelial cell,club cell,0.4813380837440491,0.029236525297164917,0.014072652906179428
COPD,SERPINE1,VTN,endothelial cell,club cell,0.4813380837440491,0.0006348757306113839,0.0003055898705497384
COPD,SERPINE1,PLAU,endothelial cell,club cell,0.4813380837440491,0.0426836721599102,0.02054527774453163
COPD,SERPINE1,LRP1,endothelial cell,neutrophil,0.4813380837440491,0.03148840367794037,0.01515656802803278
COPD,SERPINE1,PLAUR,endothelial cell,neutrophil,0.4813380837440491,2.9101521968841553,1.4007670879364014
COPD,SERPINE1,ITGAV,endothelial cell,neutrophil,0.4813380837440491,0.018835248425602913,0.009066122584044933
COPD,SERPINE1,ITGB3,endothelial cell,neutrophil,0.4813380837440491,0.0,0.0
COPD,SERPINE1,VTN,endothelial cell,neutrophil,0.4813380837440491,0.0,0.0
COPD,SERPINE1,PLAU,endothelial cell,neutrophil,0.4813380837440491,0.1457006335258484,0.07013126462697983
COPD,SERPINE1,LRP1,endothelial cell,plasma cell,0.4813380837440491,0.020204829052090645,0.009725353680551052
COPD,SERPINE1,PLAUR,endothelial cell,plasma cell,0.4813380837440491,0.1296500712633133,0.06240551546216011
COPD,SERPINE1,ITGAV,endothelial cell,plasma cell,0.4813380837440491,0.07221756130456924,0.03476106375455856
COPD,SERPINE1,ITGB3,endothelial cell,plasma cell,0.4813380837440491,0.004077468998730183,0.0019626410212367773
COPD,SERPINE1,VTN,endothelial cell,plasma cell,0.4813380837440491,0.0,0.0
COPD,SERPINE1,PLAU,endothelial cell,plasma cell,0.4813380837440491,0.0,0.0
COPD,SERPINE1,LRP1,endothelial cell,leukocyte,0.4813380837440491,0.47125235199928284,0.22683170437812805
COPD,SERPINE1,PLAUR,endothelial cell,leukocyte,0.4813380837440491,0.6168549656867981,0.29691579937934875
COPD,SERPINE1,ITGAV,endothelial cell,leukocyte,0.4813380837440491,0.3050999641418457,0.14685623347759247
COPD,SERPINE1,ITGB3,endothelial cell,leukocyte,0.4813380837440491,0.005126997362822294,0.0024678190238773823
COPD,SERPINE1,VTN,endothelial cell,leukocyte,0.4813380837440491,0.03484604135155678,0.01677272655069828
COPD,SERPINE1,PLAU,endothelial cell,leukocyte,0.4813380837440491,0.1440306007862091,0.06932741403579712
COPD,SERPINE1,LRP1,endothelial cell,endothelial cell of lymphatic vessel,0.4813380837440491,0.015216442756354809,0.007324253208935261
COPD,SERPINE1,PLAUR,endothelial cell,endothelial cell of lymphatic vessel,0.4813380837440491,0.11065652966499329,0.05326320230960846
COPD,SERPINE1,ITGAV,endothelial cell,endothelial cell of lymphatic vessel,0.4813380837440491,0.515347421169281,0.2480563372373581
COPD,SERPINE1,ITGB3,endothelial cell,endothelial cell of lymphatic vessel,0.4813380837440491,0.058469705283641815,0.02814369648694992
COPD,SERPINE1,VTN,endothelial cell,endothelial cell of lymphatic vessel,0.4813380837440491,0.0,0.0
COPD,SERPINE1,PLAU,endothelial cell,endothelial cell of lymphatic vessel,0.4813380837440491,0.008568414486944675,0.0041243042796850204
COPD,SERPINE1,LRP1,B cell,"CD4-positive, alpha-beta T cell",0.004073793068528175,0.01080121286213398,4.4001906644552946e-05
COPD,SERPINE1,PLAUR,B cell,"CD4-positive, alpha-beta T cell",0.004073793068528175,0.07658383250236511,0.0003119866887573153
COPD,SERPINE1,ITGAV,B cell,"CD4-positive, alpha-beta T cell",0.004073793068528175,0.11132144927978516,0.00045350054278969765
COPD,SERPINE1,ITGB3,B cell,"CD4-positive, alpha-beta T cell",0.004073793068528175,0.0010274227242916822,4.1855073504848406e-06
COPD,SERPINE1,VTN,B cell,"CD4-positive, alpha-beta T cell",0.004073793068528175,0.0005363248055800796,2.1848761662113247e-06
COPD,SERPINE1,PLAU,B cell,"CD4-positive, alpha-beta T cell",0.004073793068528175,0.005150928162038326,2.098381628456991e-05
COPD,SERPINE1,LRP1,B cell,natural killer cell,0.004073793068528175,0.010716209188103676,4.365561835584231e-05
COPD,SERPINE1,PLAUR,B cell,natural killer cell,0.004073793068528175,0.03572125732898712,0.00014552101492881775
COPD,SERPINE1,ITGAV,B cell,natural killer cell,0.004073793068528175,0.11054375767707825,0.000450332387117669
COPD,SERPINE1,ITGB3,B cell,natural killer cell,0.004073793068528175,0.0006884454633109272,2.804584255500231e-06
COPD,SERPINE1,VTN,B cell,natural killer cell,0.004073793068528175,0.0006028926582075655,2.4560599740652833e-06
COPD,SERPINE1,PLAU,B cell,natural killer cell,0.004073793068528175,0.0023785356897860765,9.689661965239793e-06
COPD,SERPINE1,LRP1,B cell,capillary endothelial cell,0.004073793068528175,0.024062074720859528,9.802391286939383e-05
COPD,SERPINE1,PLAUR,B cell,capillary endothelial cell,0.004073793068528175,0.15724825859069824,0.0006405968451872468
COPD,SERPINE1,ITGAV,B cell,capillary endothelial cell,0.004073793068528175,0.9863317012786865,0.004018111154437065
COPD,SERPINE1,ITGB3,B cell,capillary endothelial cell,0.004073793068528175,0.017805634066462517,7.253646617755294e-05
COPD,SERPINE1,VTN,B cell,capillary endothelial cell,0.004073793068528175,0.0003249383589718491,1.3237316807135358e-06
COPD,SERPINE1,PLAU,B cell,capillary endothelial cell,0.004073793068528175,0.11483262479305267,0.00046780434786342084
COPD,SERPINE1,LRP1,B cell,macrophage,0.004073793068528175,1.1535762548446655,0.0046994308941066265
COPD,SERPINE1,PLAUR,B cell,macrophage,0.004073793068528175,1.4511730670928955,0.005911778658628464
COPD,SERPINE1,ITGAV,B cell,macrophage,0.004073793068528175,0.34481775760650635,0.0014047161675989628
COPD,SERPINE1,ITGB3,B cell,macrophage,0.004073793068528175,0.0012105804635211825,4.931654075335246e-06
COPD,SERPINE1,VTN,B cell,macrophage,0.004073793068528175,0.062030158936977386,0.0002526980242691934
COPD,SERPINE1,PLAU,B cell,macrophage,0.004073793068528175,0.14781677722930908,0.0006021749577485025
COPD,SERPINE1,LRP1,B cell,"CD8-positive, alpha-beta T cell",0.004073793068528175,0.020046265795826912,8.16643369034864e-05
COPD,SERPINE1,PLAUR,B cell,"CD8-positive, alpha-beta T cell",0.004073793068528175,0.06581177562475204,0.00026810355484485626
COPD,SERPINE1,ITGAV,B cell,"CD8-positive, alpha-beta T cell",0.004073793068528175,0.09613218158483505,0.000391622626921162
COPD,SERPINE1,ITGB3,B cell,"CD8-positive, alpha-beta T cell",0.004073793068528175,0.0013681200798600912,5.573438102146611e-06
COPD,SERPINE1,VTN,B cell,"CD8-positive, alpha-beta T cell",0.004073793068528175,0.0,0.0
COPD,SERPINE1,PLAU,B cell,"CD8-positive, alpha-beta T cell",0.004073793068528175,0.0021628967951983213,8.811193765723146e-06
COPD,SERPINE1,LRP1,B cell,monocyte,0.004073793068528175,0.5386526584625244,0.0021943594329059124
COPD,SERPINE1,PLAUR,B cell,monocyte,0.004073793068528175,2.1388425827026367,0.00871320255100727
COPD,SERPINE1,ITGAV,B cell,monocyte,0.004073793068528175,0.2557239234447479,0.0010417663725093007
COPD,SERPINE1,ITGB3,B cell,monocyte,0.004073793068528175,0.003852088702842593,1.5692612578277476e-05
COPD,SERPINE1,VTN,B cell,monocyte,0.004073793068528175,0.00021245292737148702,8.65489255374996e-07
COPD,SERPINE1,PLAU,B cell,monocyte,0.004073793068528175,0.04595533013343811,0.00018721249944064766
COPD,SERPINE1,LRP1,B cell,fibroblast,0.004073793068528175,1.0635806322097778,0.004332807380706072
COPD,SERPINE1,PLAUR,B cell,fibroblast,0.004073793068528175,0.48420417308807373,0.001972547499462962
COPD,SERPINE1,ITGAV,B cell,fibroblast,0.004073793068528175,0.5354461073875427,0.0021812967024743557
COPD,SERPINE1,ITGB3,B cell,fibroblast,0.004073793068528175,0.019384372979402542,7.896792521933094e-05
COPD,SERPINE1,VTN,B cell,fibroblast,0.004073793068528175,0.010189037770032883,4.15080321545247e-05
COPD,SERPINE1,PLAU,B cell,fibroblast,0.004073793068528175,0.13291242718696594,0.0005414577317424119
COPD,SERPINE1,LRP1,B cell,conventional dendritic cell,0.004073793068528175,0.6610154509544373,0.002692840062081814
COPD,SERPINE1,PLAUR,B cell,conventional dendritic cell,0.004073793068528175,1.5253753662109375,0.006214063614606857
COPD,SERPINE1,ITGAV,B cell,conventional dendritic cell,0.004073793068528175,0.485474169254303,0.001977721229195595
COPD,SERPINE1,ITGB3,B cell,conventional dendritic cell,0.004073793068528175,0.03787994757294655,0.0001543150719953701
COPD,SERPINE1,VTN,B cell,conventional dendritic cell,0.004073793068528175,0.010836340487003326,4.4145010178908706e-05
COPD,SERPINE1,PLAU,B cell,conventional dendritic cell,0.004073793068528175,0.43526551127433777,0.0017731816042214632
COPD,SERPINE1,LRP1,B cell,mast cell,0.004073793068528175,0.021034739911556244,8.569117926526815e-05
COPD,SERPINE1,PLAUR,B cell,mast cell,0.004073793068528175,0.6477757692337036,0.0026389043778181076
COPD,SERPINE1,ITGAV,B cell,mast cell,0.004073793068528175,0.314280241727829,0.0012803126592189074
COPD,SERPINE1,ITGB3,B cell,mast cell,0.004073793068528175,0.04736245796084404,0.00019294484809506685
COPD,SERPINE1,VTN,B cell,mast cell,0.004073793068528175,0.0016408103983849287,6.684322215733118e-06
COPD,SERPINE1,PLAU,B cell,mast cell,0.004073793068528175,0.10074585676193237,0.0004104177642147988
COPD,SERPINE1,LRP1,B cell,pulmonary alveolar type 2 cell,0.004073793068528175,0.05770264193415642,0.00023506862635258585
COPD,SERPINE1,PLAUR,B cell,pulmonary alveolar type 2 cell,0.004073793068528175,0.12278641760349274,0.0005002064281143248
COPD,SERPINE1,ITGAV,B cell,pulmonary alveolar type 2 cell,0.004073793068528175,0.2546227276325226,0.0010372803080826998
COPD,SERPINE1,ITGB3,B cell,pulmonary alveolar type 2 cell,0.004073793068528175,0.0037699693348258734,1.5358074961113743e-05
COPD,SERPINE1,VTN,B cell,pulmonary alveolar type 2 cell,0.004073793068528175,0.0023970953188836575,9.76527007878758e-06
COPD,SERPINE1,PLAU,B cell,pulmonary alveolar type 2 cell,0.004073793068528175,0.0043336693197488785,1.765447268553544e-05
COPD,SERPINE1,LRP1,B cell,vein endothelial cell,0.004073793068528175,0.02342596836388111,9.543254418531433e-05
COPD,SERPINE1,PLAUR,B cell,vein endothelial cell,0.004073793068528175,0.3295363783836365,0.0013424629578366876
COPD,SERPINE1,ITGAV,B cell,vein endothelial cell,0.004073793068528175,0.9312993288040161,0.0037939208559691906
COPD,SERPINE1,ITGB3,B cell,vein endothelial cell,0.004073793068528175,0.18184329569339752,0.0007407919620163739
COPD,SERPINE1,VTN,B cell,vein endothelial cell,0.004073793068528175,0.000626434339210391,2.551963916630484e-06
COPD,SERPINE1,PLAU,B cell,vein endothelial cell,0.004073793068528175,0.007339425850659609,2.989930180774536e-05
COPD,SERPINE1,LRP1,B cell,lung multiciliated epithelial cell,0.004073793068528175,0.123210109770298,0.0005019325180910528
COPD,SERPINE1,PLAUR,B cell,lung multiciliated epithelial cell,0.004073793068528175,0.07332352548837662,0.0002987048646900803
COPD,SERPINE1,ITGAV,B cell,lung multiciliated epithelial cell,0.004073793068528175,0.2539004683494568,0.001034337910823524
COPD,SERPINE1,ITGB3,B cell,lung multiciliated epithelial cell,0.004073793068528175,0.018456554040312767,7.518818165408447e-05
COPD,SERPINE1,VTN,B cell,lung multiciliated epithelial cell,0.004073793068528175,0.003759907791391015,1.531708585389424e-05
COPD,SERPINE1,PLAU,B cell,lung multiciliated epithelial cell,0.004073793068528175,0.010434271767735481,4.250706479069777e-05
COPD,SERPINE1,LRP1,B cell,smooth muscle cell,0.004073793068528175,0.5496347546577454,0.0022390983067452908
COPD,SERPINE1,PLAUR,B cell,smooth muscle cell,0.004073793068528175,0.09615277498960495,0.0003917065041605383
COPD,SERPINE1,ITGAV,B cell,smooth muscle cell,0.004073793068528175,0.44047948718070984,0.0017944222781807184
COPD,SERPINE1,ITGB3,B cell,smooth muscle cell,0.004073793068528175,0.019068775698542595,7.76822489569895e-05
COPD,SERPINE1,VTN,B cell,smooth muscle cell,0.004073793068528175,0.050971850752830505,0.00020764877262990922
COPD,SERPINE1,PLAU,B cell,smooth muscle cell,0.004073793068528175,0.06739981472492218,0.0002745728997979313
COPD,SERPINE1,LRP1,B cell,endothelial cell,0.004073793068528175,0.014540615491569042,5.923545904806815e-05
COPD,SERPINE1,PLAUR,B cell,endothelial cell,0.004073793068528175,0.34155407547950745,0.0013914206065237522
COPD,SERPINE1,ITGAV,B cell,endothelial cell,0.004073793068528175,1.197588562965393,0.004878728184849024
COPD,SERPINE1,ITGB3,B cell,endothelial cell,0.004073793068528175,0.07873991876840591,0.00032077013747766614
COPD,SERPINE1,VTN,B cell,endothelial cell,0.004073793068528175,0.0,0.0
COPD,SERPINE1,PLAU,B cell,endothelial cell,0.004073793068528175,0.02626102976500988,0.00010698199912440032
COPD,SERPINE1,LRP1,B cell,B cell,0.004073793068528175,0.004753251560032368,1.936376247613225e-05
COPD,SERPINE1,PLAUR,B cell,B cell,0.004073793068528175,0.025976065546274185,0.00010582111281109974
COPD,SERPINE1,ITGAV,B cell,B cell,0.004073793068528175,0.07096978276968002,0.00028911620029248297
COPD,SERPINE1,ITGB3,B cell,B cell,0.004073793068528175,0.007180650718510151,2.9252485546749085e-05
COPD,SERPINE1,VTN,B cell,B cell,0.004073793068528175,0.0070886798202991486,2.887781556637492e-05
COPD,SERPINE1,PLAU,B cell,B cell,0.004073793068528175,0.0029255251865833998,1.1917984011233784e-05
COPD,SERPINE1,LRP1,B cell,pulmonary alveolar type 1 cell,0.004073793068528175,0.1313430517911911,0.0005350644350983202
COPD,SERPINE1,PLAUR,B cell,pulmonary alveolar type 1 cell,0.004073793068528175,0.14985068142414093,0.0006104606436565518
COPD,SERPINE1,ITGAV,B cell,pulmonary alveolar type 1 cell,0.004073793068528175,0.4363124668598175,0.0017774467123672366
COPD,SERPINE1,ITGB3,B cell,pulmonary alveolar type 1 cell,0.004073793068528175,0.028458690270781517,0.00011593481758609414
COPD,SERPINE1,VTN,B cell,pulmonary alveolar type 1 cell,0.004073793068528175,0.0,0.0
COPD,SERPINE1,PLAU,B cell,pulmonary alveolar type 1 cell,0.004073793068528175,0.00269750296138227,1.0989068869093899e-05
COPD,SERPINE1,LRP1,B cell,club cell,0.004073793068528175,0.1225111186504364,0.000499084941111505
COPD,SERPINE1,PLAUR,B cell,club cell,0.004073793068528175,0.10685224086046219,0.00043529391405172646
COPD,SERPINE1,ITGAV,B cell,club cell,0.004073793068528175,0.3144201636314392,0.001280882628634572
COPD,SERPINE1,ITGB3,B cell,club cell,0.004073793068528175,0.029236525297164917,0.00011910355533473194
COPD,SERPINE1,VTN,B cell,club cell,0.004073793068528175,0.0006348757306113839,2.5863523660518695e-06
COPD,SERPINE1,PLAU,B cell,club cell,0.004073793068528175,0.0426836721599102,0.00017388444393873215
COPD,SERPINE1,LRP1,B cell,neutrophil,0.004073793068528175,0.03148840367794037,0.0001282772427657619
COPD,SERPINE1,PLAUR,B cell,neutrophil,0.004073793068528175,2.9101521968841553,0.011855358257889748
COPD,SERPINE1,ITGAV,B cell,neutrophil,0.004073793068528175,0.018835248425602913,7.673090294701979e-05
COPD,SERPINE1,ITGB3,B cell,neutrophil,0.004073793068528175,0.0,0.0
COPD,SERPINE1,VTN,B cell,neutrophil,0.004073793068528175,0.0,0.0
COPD,SERPINE1,PLAU,B cell,neutrophil,0.004073793068528175,0.1457006335258484,0.0005935542285442352
COPD,SERPINE1,LRP1,B cell,plasma cell,0.004073793068528175,0.020204829052090645,8.231028914451599e-05
COPD,SERPINE1,PLAUR,B cell,plasma cell,0.004073793068528175,0.1296500712633133,0.0005281675839796662
COPD,SERPINE1,ITGAV,B cell,plasma cell,0.004073793068528175,0.07221756130456924,0.0002941993880085647
COPD,SERPINE1,ITGB3,B cell,plasma cell,0.004073793068528175,0.004077468998730183,1.6610765669611283e-05
COPD,SERPINE1,VTN,B cell,plasma cell,0.004073793068528175,0.0,0.0
COPD,SERPINE1,PLAU,B cell,plasma cell,0.004073793068528175,0.0,0.0
COPD,SERPINE1,LRP1,B cell,leukocyte,0.004073793068528175,0.47125235199928284,0.0019197845831513405
COPD,SERPINE1,PLAUR,B cell,leukocyte,0.004073793068528175,0.6168549656867981,0.0025129395071417093
COPD,SERPINE1,ITGAV,B cell,leukocyte,0.004073793068528175,0.3050999641418457,0.0012429141206666827
COPD,SERPINE1,ITGB3,B cell,leukocyte,0.004073793068528175,0.005126997362822294,2.0886325728497468e-05
COPD,SERPINE1,VTN,B cell,leukocyte,0.004073793068528175,0.03484604135155678,0.00014195556286722422
COPD,SERPINE1,PLAU,B cell,leukocyte,0.004073793068528175,0.1440306007862091,0.0005867508589290082
COPD,SERPINE1,LRP1,B cell,endothelial cell of lymphatic vessel,0.004073793068528175,0.015216442756354809,6.198864139150828e-05
COPD,SERPINE1,PLAUR,B cell,endothelial cell of lymphatic vessel,0.004073793068528175,0.11065652966499329,0.00045079179108142853
COPD,SERPINE1,ITGAV,B cell,endothelial cell of lymphatic vessel,0.004073793068528175,0.515347421169281,0.002099418779835105
COPD,SERPINE1,ITGB3,B cell,endothelial cell of lymphatic vessel,0.004073793068528175,0.058469705283641815,0.0002381934755248949
COPD,SERPINE1,VTN,B cell,endothelial cell of lymphatic vessel,0.004073793068528175,0.0,0.0
COPD,SERPINE1,PLAU,B cell,endothelial cell of lymphatic vessel,0.004073793068528175,0.008568414486944675,3.490594826871529e-05
COPD,SERPINE1,LRP1,pulmonary alveolar type 1 cell,"CD4-positive, alpha-beta T cell",0.010730794630944729,0.01080121286213398,0.00011590559734031558
COPD,SERPINE1,PLAUR,pulmonary alveolar type 1 cell,"CD4-positive, alpha-beta T cell",0.010730794630944729,0.07658383250236511,0.0008218053844757378
COPD,SERPINE1,ITGAV,pulmonary alveolar type 1 cell,"CD4-positive, alpha-beta T cell",0.010730794630944729,0.11132144927978516,0.0011945676524192095
COPD,SERPINE1,ITGB3,pulmonary alveolar type 1 cell,"CD4-positive, alpha-beta T cell",0.010730794630944729,0.0010274227242916822,1.1025062121916562e-05
COPD,SERPINE1,VTN,pulmonary alveolar type 1 cell,"CD4-positive, alpha-beta T cell",0.010730794630944729,0.0005363248055800796,5.755191523348913e-06
COPD,SERPINE1,PLAU,pulmonary alveolar type 1 cell,"CD4-positive, alpha-beta T cell",0.010730794630944729,0.005150928162038326,5.5273550970014185e-05
COPD,SERPINE1,LRP1,pulmonary alveolar type 1 cell,natural killer cell,0.010730794630944729,0.010716209188103676,0.00011499343963805586
COPD,SERPINE1,PLAUR,pulmonary alveolar type 1 cell,natural killer cell,0.010730794630944729,0.03572125732898712,0.0003833174705505371
COPD,SERPINE1,ITGAV,pulmonary alveolar type 1 cell,natural killer cell,0.010730794630944729,0.11054375767707825,0.0011862223036587238
COPD,SERPINE1,ITGB3,pulmonary alveolar type 1 cell,natural killer cell,0.010730794630944729,0.0006884454633109272,7.387566711258842e-06
COPD,SERPINE1,VTN,pulmonary alveolar type 1 cell,natural killer cell,0.010730794630944729,0.0006028926582075655,6.469517302321037e-06
COPD,SERPINE1,PLAU,pulmonary alveolar type 1 cell,natural killer cell,0.010730794630944729,0.0023785356897860765,2.552357727836352e-05
COPD,SERPINE1,LRP1,pulmonary alveolar type 1 cell,capillary endothelial cell,0.010730794630944729,0.024062074720859528,0.00025820519658736885
COPD,SERPINE1,PLAUR,pulmonary alveolar type 1 cell,capillary endothelial cell,0.010730794630944729,0.15724825859069824,0.0016873987624421716
COPD,SERPINE1,ITGAV,pulmonary alveolar type 1 cell,capillary endothelial cell,0.010730794630944729,0.9863317012786865,0.010584122501313686
COPD,SERPINE1,ITGB3,pulmonary alveolar type 1 cell,capillary endothelial cell,0.010730794630944729,0.017805634066462517,0.00019106859690509737
COPD,SERPINE1,VTN,pulmonary alveolar type 1 cell,capillary endothelial cell,0.010730794630944729,0.0003249383589718491,3.486846708256053e-06
COPD,SERPINE1,PLAU,pulmonary alveolar type 1 cell,capillary endothelial cell,0.010730794630944729,0.11483262479305267,0.001232245354913175
COPD,SERPINE1,LRP1,pulmonary alveolar type 1 cell,macrophage,0.010730794630944729,1.1535762548446655,0.012378789484500885
COPD,SERPINE1,PLAUR,pulmonary alveolar type 1 cell,macrophage,0.010730794630944729,1.4511730670928955,0.015572240576148033
COPD,SERPINE1,ITGAV,pulmonary alveolar type 1 cell,macrophage,0.010730794630944729,0.34481775760650635,0.0037001685705035925
COPD,SERPINE1,ITGB3,pulmonary alveolar type 1 cell,macrophage,0.010730794630944729,0.0012105804635211825,1.299049017688958e-05
COPD,SERPINE1,VTN,pulmonary alveolar type 1 cell,macrophage,0.010730794630944729,0.062030158936977386,0.0006656328914687037
COPD,SERPINE1,PLAU,pulmonary alveolar type 1 cell,macrophage,0.010730794630944729,0.14781677722930908,0.0015861914725974202
COPD,SERPINE1,LRP1,pulmonary alveolar type 1 cell,"CD8-positive, alpha-beta T cell",0.010730794630944729,0.020046265795826912,0.0002151123626390472
COPD,SERPINE1,PLAUR,pulmonary alveolar type 1 cell,"CD8-positive, alpha-beta T cell",0.010730794630944729,0.06581177562475204,0.0007062126533128321
COPD,SERPINE1,ITGAV,pulmonary alveolar type 1 cell,"CD8-positive, alpha-beta T cell",0.010730794630944729,0.09613218158483505,0.0010315746767446399
COPD,SERPINE1,ITGB3,pulmonary alveolar type 1 cell,"CD8-positive, alpha-beta T cell",0.010730794630944729,0.0013681200798600912,1.4681015272799414e-05
COPD,SERPINE1,VTN,pulmonary alveolar type 1 cell,"CD8-positive, alpha-beta T cell",0.010730794630944729,0.0,0.0
COPD,SERPINE1,PLAU,pulmonary alveolar type 1 cell,"CD8-positive, alpha-beta T cell",0.010730794630944729,0.0021628967951983213,2.3209600840345956e-05
COPD,SERPINE1,LRP1,pulmonary alveolar type 1 cell,monocyte,0.010730794630944729,0.5386526584625244,0.005780171137303114
COPD,SERPINE1,PLAUR,pulmonary alveolar type 1 cell,monocyte,0.010730794630944729,2.1388425827026367,0.022951480001211166
COPD,SERPINE1,ITGAV,pulmonary alveolar type 1 cell,monocyte,0.010730794630944729,0.2557239234447479,0.0027441210113465786
COPD,SERPINE1,ITGB3,pulmonary alveolar type 1 cell,monocyte,0.010730794630944729,0.003852088702842593,4.1335973946843296e-05
COPD,SERPINE1,VTN,pulmonary alveolar type 1 cell,monocyte,0.010730794630944729,0.00021245292737148702,2.279788759551593e-06
COPD,SERPINE1,PLAU,pulmonary alveolar type 1 cell,monocyte,0.010730794630944729,0.04595533013343811,0.000493137224111706
COPD,SERPINE1,LRP1,pulmonary alveolar type 1 cell,fibroblast,0.010730794630944729,1.0635806322097778,0.01141306571662426
COPD,SERPINE1,PLAUR,pulmonary alveolar type 1 cell,fibroblast,0.010730794630944729,0.48420417308807373,0.005195895675569773
COPD,SERPINE1,ITGAV,pulmonary alveolar type 1 cell,fibroblast,0.010730794630944729,0.5354461073875427,0.005745762027800083
COPD,SERPINE1,ITGB3,pulmonary alveolar type 1 cell,fibroblast,0.010730794630944729,0.019384372979402542,0.00020800971833523363
COPD,SERPINE1,VTN,pulmonary alveolar type 1 cell,fibroblast,0.010730794630944729,0.010189037770032883,0.00010933646990451962
COPD,SERPINE1,PLAU,pulmonary alveolar type 1 cell,fibroblast,0.010730794630944729,0.13291242718696594,0.0014262559125199914
COPD,SERPINE1,LRP1,pulmonary alveolar type 1 cell,conventional dendritic cell,0.010730794630944729,0.6610154509544373,0.007093220949172974
COPD,SERPINE1,PLAUR,pulmonary alveolar type 1 cell,conventional dendritic cell,0.010730794630944729,1.5253753662109375,0.01636848971247673
COPD,SERPINE1,ITGAV,pulmonary alveolar type 1 cell,conventional dendritic cell,0.010730794630944729,0.485474169254303,0.005209523718804121
COPD,SERPINE1,ITGB3,pulmonary alveolar type 1 cell,conventional dendritic cell,0.010730794630944729,0.03787994757294655,0.0004064819368068129
COPD,SERPINE1,VTN,pulmonary alveolar type 1 cell,conventional dendritic cell,0.010730794630944729,0.010836340487003326,0.00011628254287643358
COPD,SERPINE1,PLAU,pulmonary alveolar type 1 cell,conventional dendritic cell,0.010730794630944729,0.43526551127433777,0.004670744761824608
COPD,SERPINE1,LRP1,pulmonary alveolar type 1 cell,mast cell,0.010730794630944729,0.021034739911556244,0.00022571947192773223
COPD,SERPINE1,PLAUR,pulmonary alveolar type 1 cell,mast cell,0.010730794630944729,0.6477757692337036,0.006951148621737957
COPD,SERPINE1,ITGAV,pulmonary alveolar type 1 cell,mast cell,0.010730794630944729,0.314280241727829,0.0033724766690284014
COPD,SERPINE1,ITGB3,pulmonary alveolar type 1 cell,mast cell,0.010730794630944729,0.04736245796084404,0.0005082368152216077
COPD,SERPINE1,VTN,pulmonary alveolar type 1 cell,mast cell,0.010730794630944729,0.0016408103983849287,1.7607198969926685e-05
COPD,SERPINE1,PLAU,pulmonary alveolar type 1 cell,mast cell,0.010730794630944729,0.10074585676193237,0.0010810830863192677
COPD,SERPINE1,LRP1,pulmonary alveolar type 1 cell,pulmonary alveolar type 2 cell,0.010730794630944729,0.05770264193415642,0.0006191952270455658
COPD,SERPINE1,PLAUR,pulmonary alveolar type 1 cell,pulmonary alveolar type 2 cell,0.010730794630944729,0.12278641760349274,0.0013175958301872015
COPD,SERPINE1,ITGAV,pulmonary alveolar type 1 cell,pulmonary alveolar type 2 cell,0.010730794630944729,0.2546227276325226,0.0027323041576892138
COPD,SERPINE1,ITGB3,pulmonary alveolar type 1 cell,pulmonary alveolar type 2 cell,0.010730794630944729,0.0037699693348258734,4.045476816827431e-05
COPD,SERPINE1,VTN,pulmonary alveolar type 1 cell,pulmonary alveolar type 2 cell,0.010730794630944729,0.0023970953188836575,2.5722738428157754e-05
COPD,SERPINE1,PLAU,pulmonary alveolar type 1 cell,pulmonary alveolar type 2 cell,0.010730794630944729,0.0043336693197488785,4.650371556635946e-05
COPD,SERPINE1,LRP1,pulmonary alveolar type 1 cell,vein endothelial cell,0.010730794630944729,0.02342596836388111,0.00025137924239970744
COPD,SERPINE1,PLAUR,pulmonary alveolar type 1 cell,vein endothelial cell,0.010730794630944729,0.3295363783836365,0.0035361871123313904
COPD,SERPINE1,ITGAV,pulmonary alveolar type 1 cell,vein endothelial cell,0.010730794630944729,0.9312993288040161,0.009993582032620907
COPD,SERPINE1,ITGB3,pulmonary alveolar type 1 cell,vein endothelial cell,0.010730794630944729,0.18184329569339752,0.0019513230072334409
COPD,SERPINE1,VTN,pulmonary alveolar type 1 cell,vein endothelial cell,0.010730794630944729,0.000626434339210391,6.722138095938135e-06
COPD,SERPINE1,PLAU,pulmonary alveolar type 1 cell,vein endothelial cell,0.010730794630944729,0.007339425850659609,7.875786832300946e-05
COPD,SERPINE1,LRP1,pulmonary alveolar type 1 cell,lung multiciliated epithelial cell,0.010730794630944729,0.123210109770298,0.0013221424305811524
COPD,SERPINE1,PLAUR,pulmonary alveolar type 1 cell,lung multiciliated epithelial cell,0.010730794630944729,0.07332352548837662,0.0007868196698836982
COPD,SERPINE1,ITGAV,pulmonary alveolar type 1 cell,lung multiciliated epithelial cell,0.010730794630944729,0.2539004683494568,0.0027245536912232637
COPD,SERPINE1,ITGB3,pulmonary alveolar type 1 cell,lung multiciliated epithelial cell,0.010730794630944729,0.018456554040312767,0.000198053487110883
COPD,SERPINE1,VTN,pulmonary alveolar type 1 cell,lung multiciliated epithelial cell,0.010730794630944729,0.003759907791391015,4.034679659525864e-05
COPD,SERPINE1,PLAU,pulmonary alveolar type 1 cell,lung multiciliated epithelial cell,0.010730794630944729,0.010434271767735481,0.00011196803097845986
COPD,SERPINE1,LRP1,pulmonary alveolar type 1 cell,smooth muscle cell,0.010730794630944729,0.5496347546577454,0.005898017901927233
COPD,SERPINE1,PLAUR,pulmonary alveolar type 1 cell,smooth muscle cell,0.010730794630944729,0.09615277498960495,0.0010317956330254674
COPD,SERPINE1,ITGAV,pulmonary alveolar type 1 cell,smooth muscle cell,0.010730794630944729,0.44047948718070984,0.004726694896817207
COPD,SERPINE1,ITGB3,pulmonary alveolar type 1 cell,smooth muscle cell,0.010730794630944729,0.019068775698542595,0.00020462310931179672
COPD,SERPINE1,VTN,pulmonary alveolar type 1 cell,smooth muscle cell,0.010730794630944729,0.050971850752830505,0.0005469684838317335
COPD,SERPINE1,PLAU,pulmonary alveolar type 1 cell,smooth muscle cell,0.010730794630944729,0.06739981472492218,0.0007232535863295197
COPD,SERPINE1,LRP1,pulmonary alveolar type 1 cell,endothelial cell,0.010730794630944729,0.014540615491569042,0.0001560323580633849
COPD,SERPINE1,PLAUR,pulmonary alveolar type 1 cell,endothelial cell,0.010730794630944729,0.34155407547950745,0.0036651466507464647
COPD,SERPINE1,ITGAV,pulmonary alveolar type 1 cell,endothelial cell,0.010730794630944729,1.197588562965393,0.012851077131927013
COPD,SERPINE1,ITGB3,pulmonary alveolar type 1 cell,endothelial cell,0.010730794630944729,0.07873991876840591,0.0008449418819509447
COPD,SERPINE1,VTN,pulmonary alveolar type 1 cell,endothelial cell,0.010730794630944729,0.0,0.0
COPD,SERPINE1,PLAU,pulmonary alveolar type 1 cell,endothelial cell,0.010730794630944729,0.02626102976500988,0.00028180170920677483
COPD,SERPINE1,LRP1,pulmonary alveolar type 1 cell,B cell,0.010730794630944729,0.004753251560032368,5.1006165449507535e-05
COPD,SERPINE1,PLAUR,pulmonary alveolar type 1 cell,B cell,0.010730794630944729,0.025976065546274185,0.00027874382794834673
COPD,SERPINE1,ITGAV,pulmonary alveolar type 1 cell,B cell,0.010730794630944729,0.07096978276968002,0.0007615621434524655
COPD,SERPINE1,ITGB3,pulmonary alveolar type 1 cell,B cell,0.010730794630944729,0.007180650718510151,7.705408643232659e-05
COPD,SERPINE1,VTN,pulmonary alveolar type 1 cell,B cell,0.010730794630944729,0.0070886798202991486,7.606716826558113e-05
COPD,SERPINE1,PLAU,pulmonary alveolar type 1 cell,B cell,0.010730794630944729,0.0029255251865833998,3.139321052003652e-05
COPD,SERPINE1,LRP1,pulmonary alveolar type 1 cell,pulmonary alveolar type 1 cell,0.010730794630944729,0.1313430517911911,0.001409415272064507
COPD,SERPINE1,PLAUR,pulmonary alveolar type 1 cell,pulmonary alveolar type 1 cell,0.010730794630944729,0.14985068142414093,0.0016080169007182121
COPD,SERPINE1,ITGAV,pulmonary alveolar type 1 cell,pulmonary alveolar type 1 cell,0.010730794630944729,0.4363124668598175,0.004681979306042194
COPD,SERPINE1,ITGB3,pulmonary alveolar type 1 cell,pulmonary alveolar type 1 cell,0.010730794630944729,0.028458690270781517,0.0003053843684028834
COPD,SERPINE1,VTN,pulmonary alveolar type 1 cell,pulmonary alveolar type 1 cell,0.010730794630944729,0.0,0.0
COPD,SERPINE1,PLAU,pulmonary alveolar type 1 cell,pulmonary alveolar type 1 cell,0.010730794630944729,0.00269750296138227,2.8946349630132318e-05
COPD,SERPINE1,LRP1,pulmonary alveolar type 1 cell,club cell,0.010730794630944729,0.1225111186504364,0.0013146416749805212
COPD,SERPINE1,PLAUR,pulmonary alveolar type 1 cell,club cell,0.010730794630944729,0.10685224086046219,0.001146609429270029
COPD,SERPINE1,ITGAV,pulmonary alveolar type 1 cell,club cell,0.010730794630944729,0.3144201636314392,0.003373978193849325
COPD,SERPINE1,ITGB3,pulmonary alveolar type 1 cell,club cell,0.010730794630944729,0.029236525297164917,0.00031373114325106144
COPD,SERPINE1,VTN,pulmonary alveolar type 1 cell,club cell,0.010730794630944729,0.0006348757306113839,6.812721039750613e-06
COPD,SERPINE1,PLAU,pulmonary alveolar type 1 cell,club cell,0.010730794630944729,0.0426836721599102,0.000458029709989205
COPD,SERPINE1,LRP1,pulmonary alveolar type 1 cell,neutrophil,0.010730794630944729,0.03148840367794037,0.0003378955880180001
COPD,SERPINE1,PLAUR,pulmonary alveolar type 1 cell,neutrophil,0.010730794630944729,2.9101521968841553,0.03122824616730213
COPD,SERPINE1,ITGAV,pulmonary alveolar type 1 cell,neutrophil,0.010730794630944729,0.018835248425602913,0.00020211718219798058
COPD,SERPINE1,ITGB3,pulmonary alveolar type 1 cell,neutrophil,0.010730794630944729,0.0,0.0
COPD,SERPINE1,VTN,pulmonary alveolar type 1 cell,neutrophil,0.010730794630944729,0.0,0.0
COPD,SERPINE1,PLAU,pulmonary alveolar type 1 cell,neutrophil,0.010730794630944729,0.1457006335258484,0.0015634836163371801
COPD,SERPINE1,LRP1,pulmonary alveolar type 1 cell,plasma cell,0.010730794630944729,0.020204829052090645,0.00021681387443095446
COPD,SERPINE1,PLAUR,pulmonary alveolar type 1 cell,plasma cell,0.010730794630944729,0.1296500712633133,0.0013912483118474483
COPD,SERPINE1,ITGAV,pulmonary alveolar type 1 cell,plasma cell,0.010730794630944729,0.07221756130456924,0.0007749518263153732
COPD,SERPINE1,ITGB3,pulmonary alveolar type 1 cell,plasma cell,0.010730794630944729,0.004077468998730183,4.375448406790383e-05
COPD,SERPINE1,VTN,pulmonary alveolar type 1 cell,plasma cell,0.010730794630944729,0.0,0.0
COPD,SERPINE1,PLAU,pulmonary alveolar type 1 cell,plasma cell,0.010730794630944729,0.0,0.0
COPD,SERPINE1,LRP1,pulmonary alveolar type 1 cell,leukocyte,0.010730794630944729,0.47125235199928284,0.005056912079453468
COPD,SERPINE1,PLAUR,pulmonary alveolar type 1 cell,leukocyte,0.010730794630944729,0.6168549656867981,0.006619343999773264
COPD,SERPINE1,ITGAV,pulmonary alveolar type 1 cell,leukocyte,0.010730794630944729,0.3050999641418457,0.0032739650923758745
COPD,SERPINE1,ITGB3,pulmonary alveolar type 1 cell,leukocyte,0.010730794630944729,0.005126997362822294,5.5016756959958e-05
COPD,SERPINE1,VTN,pulmonary alveolar type 1 cell,leukocyte,0.010730794630944729,0.03484604135155678,0.00037392572266981006
COPD,SERPINE1,PLAU,pulmonary alveolar type 1 cell,leukocyte,0.010730794630944729,0.1440306007862091,0.0015455627581104636
COPD,SERPINE1,LRP1,pulmonary alveolar type 1 cell,endothelial cell of lymphatic vessel,0.010730794630944729,0.015216442756354809,0.00016328452329616994
COPD,SERPINE1,PLAUR,pulmonary alveolar type 1 cell,endothelial cell of lymphatic vessel,0.010730794630944729,0.11065652966499329,0.0011874324409291148
COPD,SERPINE1,ITGAV,pulmonary alveolar type 1 cell,endothelial cell of lymphatic vessel,0.010730794630944729,0.515347421169281,0.005530087277293205
COPD,SERPINE1,ITGB3,pulmonary alveolar type 1 cell,endothelial cell of lymphatic vessel,0.010730794630944729,0.058469705283641815,0.0006274263723753393
COPD,SERPINE1,VTN,pulmonary alveolar type 1 cell,endothelial cell of lymphatic vessel,0.010730794630944729,0.0,0.0
COPD,SERPINE1,PLAU,pulmonary alveolar type 1 cell,endothelial cell of lymphatic vessel,0.010730794630944729,0.008568414486944675,9.194589802064002e-05
COPD,SERPINE1,LRP1,club cell,"CD4-positive, alpha-beta T cell",0.03387998044490814,0.01080121286213398,0.00036594487028196454
COPD,SERPINE1,PLAUR,club cell,"CD4-positive, alpha-beta T cell",0.03387998044490814,0.07658383250236511,0.002594658639281988
COPD,SERPINE1,ITGAV,club cell,"CD4-positive, alpha-beta T cell",0.03387998044490814,0.11132144927978516,0.003771568415686488
COPD,SERPINE1,ITGB3,club cell,"CD4-positive, alpha-beta T cell",0.03387998044490814,0.0010274227242916822,3.4809061617124826e-05
COPD,SERPINE1,VTN,club cell,"CD4-positive, alpha-beta T cell",0.03387998044490814,0.0005363248055800796,1.81706745934207e-05
COPD,SERPINE1,PLAU,club cell,"CD4-positive, alpha-beta T cell",0.03387998044490814,0.005150928162038326,0.0001745133486110717
COPD,SERPINE1,LRP1,club cell,natural killer cell,0.03387998044490814,0.010716209188103676,0.00036306495894677937
COPD,SERPINE1,PLAUR,club cell,natural killer cell,0.03387998044490814,0.03572125732898712,0.0012102355249226093
COPD,SERPINE1,ITGAV,club cell,natural killer cell,0.03387998044490814,0.11054375767707825,0.0037452203687280416
COPD,SERPINE1,ITGB3,club cell,natural killer cell,0.03387998044490814,0.0006884454633109272,2.3324519133893773e-05
COPD,SERPINE1,VTN,club cell,natural killer cell,0.03387998044490814,0.0006028926582075655,2.0425992261152714e-05
COPD,SERPINE1,PLAU,club cell,natural killer cell,0.03387998044490814,0.0023785356897860765,8.058474486460909e-05
COPD,SERPINE1,LRP1,club cell,capillary endothelial cell,0.03387998044490814,0.024062074720859528,0.0008152226218953729
COPD,SERPINE1,PLAUR,club cell,capillary endothelial cell,0.03387998044490814,0.15724825859069824,0.005327567923814058
COPD,SERPINE1,ITGAV,club cell,capillary endothelial cell,0.03387998044490814,0.9863317012786865,0.03341689705848694
COPD,SERPINE1,ITGB3,club cell,capillary endothelial cell,0.03387998044490814,0.017805634066462517,0.0006032545352354646
COPD,SERPINE1,VTN,club cell,capillary endothelial cell,0.03387998044490814,0.0003249383589718491,1.1008904948539566e-05
COPD,SERPINE1,PLAU,club cell,capillary endothelial cell,0.03387998044490814,0.11483262479305267,0.003890527179464698
COPD,SERPINE1,LRP1,club cell,macrophage,0.03387998044490814,1.1535762548446655,0.03908314183354378
COPD,SERPINE1,PLAUR,club cell,macrophage,0.03387998044490814,1.4511730670928955,0.04916571453213692
COPD,SERPINE1,ITGAV,club cell,macrophage,0.03387998044490814,0.34481775760650635,0.01168241910636425
COPD,SERPINE1,ITGB3,club cell,macrophage,0.03387998044490814,0.0012105804635211825,4.1014442103914917e-05
COPD,SERPINE1,VTN,club cell,macrophage,0.03387998044490814,0.062030158936977386,0.002101580612361431
COPD,SERPINE1,PLAU,club cell,macrophage,0.03387998044490814,0.14781677722930908,0.005008029751479626
COPD,SERPINE1,LRP1,club cell,"CD8-positive, alpha-beta T cell",0.03387998044490814,0.020046265795826912,0.0006791671039536595
COPD,SERPINE1,PLAUR,club cell,"CD8-positive, alpha-beta T cell",0.03387998044490814,0.06581177562475204,0.002229701727628708
COPD,SERPINE1,ITGAV,club cell,"CD8-positive, alpha-beta T cell",0.03387998044490814,0.09613218158483505,0.003256956348195672
COPD,SERPINE1,ITGB3,club cell,"CD8-positive, alpha-beta T cell",0.03387998044490814,0.0013681200798600912,4.635188088286668e-05
COPD,SERPINE1,VTN,club cell,"CD8-positive, alpha-beta T cell",0.03387998044490814,0.0,0.0
COPD,SERPINE1,PLAU,club cell,"CD8-positive, alpha-beta T cell",0.03387998044490814,0.0021628967951983213,7.32788976165466e-05
COPD,SERPINE1,LRP1,club cell,monocyte,0.03387998044490814,0.5386526584625244,0.018249541521072388
COPD,SERPINE1,PLAUR,club cell,monocyte,0.03387998044490814,2.1388425827026367,0.07246394455432892
COPD,SERPINE1,ITGAV,club cell,monocyte,0.03387998044490814,0.2557239234447479,0.008663921616971493
COPD,SERPINE1,ITGB3,club cell,monocyte,0.03387998044490814,0.003852088702842593,0.0001305086916545406
COPD,SERPINE1,VTN,club cell,monocyte,0.03387998044490814,0.00021245292737148702,7.197901140898466e-06
COPD,SERPINE1,PLAU,club cell,monocyte,0.03387998044490814,0.04595533013343811,0.0015569656388834119
COPD,SERPINE1,LRP1,club cell,fibroblast,0.03387998044490814,1.0635806322097778,0.03603409230709076
COPD,SERPINE1,PLAUR,club cell,fibroblast,0.03387998044490814,0.48420417308807373,0.016404828056693077
COPD,SERPINE1,ITGAV,club cell,fibroblast,0.03387998044490814,0.5354461073875427,0.018140902742743492
COPD,SERPINE1,ITGB3,club cell,fibroblast,0.03387998044490814,0.019384372979402542,0.0006567421951331198
COPD,SERPINE1,VTN,club cell,fibroblast,0.03387998044490814,0.010189037770032883,0.0003452044038567692
COPD,SERPINE1,PLAU,club cell,fibroblast,0.03387998044490814,0.13291242718696594,0.004503070376813412
COPD,SERPINE1,LRP1,club cell,conventional dendritic cell,0.03387998044490814,0.6610154509544373,0.022395189851522446
COPD,SERPINE1,PLAUR,club cell,conventional dendritic cell,0.03387998044490814,1.5253753662109375,0.051679689437150955
COPD,SERPINE1,ITGAV,club cell,conventional dendritic cell,0.03387998044490814,0.485474169254303,0.016447855159640312
COPD,SERPINE1,ITGB3,club cell,conventional dendritic cell,0.03387998044490814,0.03787994757294655,0.0012833719374611974
COPD,SERPINE1,VTN,club cell,conventional dendritic cell,0.03387998044490814,0.010836340487003326,0.00036713501322083175
COPD,SERPINE1,PLAU,club cell,conventional dendritic cell,0.03387998044490814,0.43526551127433777,0.014746787026524544
COPD,SERPINE1,LRP1,club cell,mast cell,0.03387998044490814,0.021034739911556244,0.0007126565906219184
COPD,SERPINE1,PLAUR,club cell,mast cell,0.03387998044490814,0.6477757692337036,0.021946629509329796
COPD,SERPINE1,ITGAV,club cell,mast cell,0.03387998044490814,0.314280241727829,0.010647808201611042
COPD,SERPINE1,ITGB3,club cell,mast cell,0.03387998044490814,0.04736245796084404,0.0016046391101554036
COPD,SERPINE1,VTN,club cell,mast cell,0.03387998044490814,0.0016408103983849287,5.559062265092507e-05
COPD,SERPINE1,PLAU,club cell,mast cell,0.03387998044490814,0.10074585676193237,0.0034132676664739847
COPD,SERPINE1,LRP1,club cell,pulmonary alveolar type 2 cell,0.03387998044490814,0.05770264193415642,0.0019549643620848656
COPD,SERPINE1,PLAUR,club cell,pulmonary alveolar type 2 cell,0.03387998044490814,0.12278641760349274,0.004160001408308744
COPD,SERPINE1,ITGAV,club cell,pulmonary alveolar type 2 cell,0.03387998044490814,0.2546227276325226,0.008626612834632397
COPD,SERPINE1,ITGB3,club cell,pulmonary alveolar type 2 cell,0.03387998044490814,0.0037699693348258734,0.00012772648187819868
COPD,SERPINE1,VTN,club cell,pulmonary alveolar type 2 cell,0.03387998044490814,0.0023970953188836575,8.121354039758444e-05
COPD,SERPINE1,PLAU,club cell,pulmonary alveolar type 2 cell,0.03387998044490814,0.0043336693197488785,0.00014682463370263577
COPD,SERPINE1,LRP1,club cell,vein endothelial cell,0.03387998044490814,0.02342596836388111,0.0007936713518574834
COPD,SERPINE1,PLAUR,club cell,vein endothelial cell,0.03387998044490814,0.3295363783836365,0.01116468571126461
COPD,SERPINE1,ITGAV,club cell,vein endothelial cell,0.03387998044490814,0.9312993288040161,0.031552404165267944
COPD,SERPINE1,ITGB3,club cell,vein endothelial cell,0.03387998044490814,0.18184329569339752,0.0061608473770320415
COPD,SERPINE1,VTN,club cell,vein endothelial cell,0.03387998044490814,0.000626434339210391,2.12235827348195e-05
COPD,SERPINE1,PLAU,club cell,vein endothelial cell,0.03387998044490814,0.007339425850659609,0.0002486596058588475
COPD,SERPINE1,LRP1,club cell,lung multiciliated epithelial cell,0.03387998044490814,0.123210109770298,0.004174355883151293
COPD,SERPINE1,PLAUR,club cell,lung multiciliated epithelial cell,0.03387998044490814,0.07332352548837662,0.0024841995909810066
COPD,SERPINE1,ITGAV,club cell,lung multiciliated epithelial cell,0.03387998044490814,0.2539004683494568,0.00860214326530695
COPD,SERPINE1,ITGB3,club cell,lung multiciliated epithelial cell,0.03387998044490814,0.018456554040312767,0.00062530767172575
COPD,SERPINE1,VTN,club cell,lung multiciliated epithelial cell,0.03387998044490814,0.003759907791391015,0.0001273856032639742
COPD,SERPINE1,PLAU,club cell,lung multiciliated epithelial cell,0.03387998044490814,0.010434271767735481,0.0003535129362717271
COPD,SERPINE1,LRP1,club cell,smooth muscle cell,0.03387998044490814,0.5496347546577454,0.018621614202857018
COPD,SERPINE1,PLAUR,club cell,smooth muscle cell,0.03387998044490814,0.09615277498960495,0.0032576541416347027
COPD,SERPINE1,ITGAV,club cell,smooth muscle cell,0.03387998044490814,0.44047948718070984,0.01492343656718731
COPD,SERPINE1,ITGB3,club cell,smooth muscle cell,0.03387998044490814,0.019068775698542595,0.0006460497388616204
COPD,SERPINE1,VTN,club cell,smooth muscle cell,0.03387998044490814,0.050971850752830505,0.0017269252566620708
COPD,SERPINE1,PLAU,club cell,smooth muscle cell,0.03387998044490814,0.06739981472492218,0.0022835044655948877
COPD,SERPINE1,LRP1,club cell,endothelial cell,0.03387998044490814,0.014540615491569042,0.0004926357651129365
COPD,SERPINE1,PLAUR,club cell,endothelial cell,0.03387998044490814,0.34155407547950745,0.011571845039725304
COPD,SERPINE1,ITGAV,club cell,endothelial cell,0.03387998044490814,1.197588562965393,0.04057427868247032
COPD,SERPINE1,ITGB3,club cell,endothelial cell,0.03387998044490814,0.07873991876840591,0.002667706925421953
COPD,SERPINE1,VTN,club cell,endothelial cell,0.03387998044490814,0.0,0.0
COPD,SERPINE1,PLAU,club cell,endothelial cell,0.03387998044490814,0.02626102976500988,0.0008897231891751289
COPD,SERPINE1,LRP1,club cell,B cell,0.03387998044490814,0.004753251560032368,0.0001610400649951771
COPD,SERPINE1,PLAUR,club cell,B cell,0.03387998044490814,0.025976065546274185,0.0008800685754977167
COPD,SERPINE1,ITGAV,club cell,B cell,0.03387998044490814,0.07096978276968002,0.0024044548626989126
COPD,SERPINE1,ITGB3,club cell,B cell,0.03387998044490814,0.007180650718510151,0.00024328030121978372
COPD,SERPINE1,VTN,club cell,B cell,0.03387998044490814,0.0070886798202991486,0.00024016432871576399
COPD,SERPINE1,PLAU,club cell,B cell,0.03387998044490814,0.0029255251865833998,9.911673259921372e-05
COPD,SERPINE1,LRP1,club cell,pulmonary alveolar type 1 cell,0.03387998044490814,0.1313430517911911,0.004449900239706039
COPD,SERPINE1,PLAUR,club cell,pulmonary alveolar type 1 cell,0.03387998044490814,0.14985068142414093,0.005076938308775425
COPD,SERPINE1,ITGAV,club cell,pulmonary alveolar type 1 cell,0.03387998044490814,0.4363124668598175,0.014782258309423923
COPD,SERPINE1,ITGB3,club cell,pulmonary alveolar type 1 cell,0.03387998044490814,0.028458690270781517,0.0009641798678785563
COPD,SERPINE1,VTN,club cell,pulmonary alveolar type 1 cell,0.03387998044490814,0.0,0.0
COPD,SERPINE1,PLAU,club cell,pulmonary alveolar type 1 cell,0.03387998044490814,0.00269750296138227,9.13913463591598e-05
COPD,SERPINE1,LRP1,club cell,club cell,0.03387998044490814,0.1225111186504364,0.00415067421272397
COPD,SERPINE1,PLAUR,club cell,club cell,0.03387998044490814,0.10685224086046219,0.0036201518960297108
COPD,SERPINE1,ITGAV,club cell,club cell,0.03387998044490814,0.3144201636314392,0.010652548633515835
COPD,SERPINE1,ITGB3,club cell,club cell,0.03387998044490814,0.029236525297164917,0.0009905329206958413
COPD,SERPINE1,VTN,club cell,club cell,0.03387998044490814,0.0006348757306113839,2.1509576981770806e-05
COPD,SERPINE1,PLAU,club cell,club cell,0.03387998044490814,0.0426836721599102,0.0014461219543591142
COPD,SERPINE1,LRP1,club cell,neutrophil,0.03387998044490814,0.03148840367794037,0.0010668265167623758
COPD,SERPINE1,PLAUR,club cell,neutrophil,0.03387998044490814,2.9101521968841553,0.09859590232372284
COPD,SERPINE1,ITGAV,club cell,neutrophil,0.03387998044490814,0.018835248425602913,0.0006381378625519574
COPD,SERPINE1,ITGB3,club cell,neutrophil,0.03387998044490814,0.0,0.0
COPD,SERPINE1,VTN,club cell,neutrophil,0.03387998044490814,0.0,0.0
COPD,SERPINE1,PLAU,club cell,neutrophil,0.03387998044490814,0.1457006335258484,0.004936334677040577
COPD,SERPINE1,LRP1,club cell,plasma cell,0.03387998044490814,0.020204829052090645,0.0006845392053946853
COPD,SERPINE1,PLAUR,club cell,plasma cell,0.03387998044490814,0.1296500712633133,0.004392541944980621
COPD,SERPINE1,ITGAV,club cell,plasma cell,0.03387998044490814,0.07221756130456924,0.0024467294570058584
COPD,SERPINE1,ITGB3,club cell,plasma cell,0.03387998044490814,0.004077468998730183,0.00013814457633998245
COPD,SERPINE1,VTN,club cell,plasma cell,0.03387998044490814,0.0,0.0
COPD,SERPINE1,PLAU,club cell,plasma cell,0.03387998044490814,0.0,0.0
COPD,SERPINE1,LRP1,club cell,leukocyte,0.03387998044490814,0.47125235199928284,0.0159660205245018
COPD,SERPINE1,PLAUR,club cell,leukocyte,0.03387998044490814,0.6168549656867981,0.020899035036563873
COPD,SERPINE1,ITGAV,club cell,leukocyte,0.03387998044490814,0.3050999641418457,0.010336780920624733
COPD,SERPINE1,ITGB3,club cell,leukocyte,0.03387998044490814,0.005126997362822294,0.00017370257410220802
COPD,SERPINE1,VTN,club cell,leukocyte,0.03387998044490814,0.03484604135155678,0.0011805831454694271
COPD,SERPINE1,PLAU,club cell,leukocyte,0.03387998044490814,0.1440306007862091,0.004879754036664963
COPD,SERPINE1,LRP1,club cell,endothelial cell of lymphatic vessel,0.03387998044490814,0.015216442756354809,0.0005155327962711453
COPD,SERPINE1,PLAUR,club cell,endothelial cell of lymphatic vessel,0.03387998044490814,0.11065652966499329,0.0037490411195904016
COPD,SERPINE1,ITGAV,club cell,endothelial cell of lymphatic vessel,0.03387998044490814,0.515347421169281,0.017459960654377937
COPD,SERPINE1,ITGB3,club cell,endothelial cell of lymphatic vessel,0.03387998044490814,0.058469705283641815,0.001980952452868223
COPD,SERPINE1,VTN,club cell,endothelial cell of lymphatic vessel,0.03387998044490814,0.0,0.0
COPD,SERPINE1,PLAU,club cell,endothelial cell of lymphatic vessel,0.03387998044490814,0.008568414486944675,0.000290297728497535
COPD,SERPINE1,LRP1,neutrophil,"CD4-positive, alpha-beta T cell",0.0,0.01080121286213398,0.0
COPD,SERPINE1,PLAUR,neutrophil,"CD4-positive, alpha-beta T cell",0.0,0.07658383250236511,0.0
COPD,SERPINE1,ITGAV,neutrophil,"CD4-positive, alpha-beta T cell",0.0,0.11132144927978516,0.0
COPD,SERPINE1,ITGB3,neutrophil,"CD4-positive, alpha-beta T cell",0.0,0.0010274227242916822,0.0
COPD,SERPINE1,VTN,neutrophil,"CD4-positive, alpha-beta T cell",0.0,0.0005363248055800796,0.0
COPD,SERPINE1,PLAU,neutrophil,"CD4-positive, alpha-beta T cell",0.0,0.005150928162038326,0.0
COPD,SERPINE1,LRP1,neutrophil,natural killer cell,0.0,0.010716209188103676,0.0
COPD,SERPINE1,PLAUR,neutrophil,natural killer cell,0.0,0.03572125732898712,0.0
COPD,SERPINE1,ITGAV,neutrophil,natural killer cell,0.0,0.11054375767707825,0.0
COPD,SERPINE1,ITGB3,neutrophil,natural killer cell,0.0,0.0006884454633109272,0.0
COPD,SERPINE1,VTN,neutrophil,natural killer cell,0.0,0.0006028926582075655,0.0
COPD,SERPINE1,PLAU,neutrophil,natural killer cell,0.0,0.0023785356897860765,0.0
COPD,SERPINE1,LRP1,neutrophil,capillary endothelial cell,0.0,0.024062074720859528,0.0
COPD,SERPINE1,PLAUR,neutrophil,capillary endothelial cell,0.0,0.15724825859069824,0.0
COPD,SERPINE1,ITGAV,neutrophil,capillary endothelial cell,0.0,0.9863317012786865,0.0
COPD,SERPINE1,ITGB3,neutrophil,capillary endothelial cell,0.0,0.017805634066462517,0.0
COPD,SERPINE1,VTN,neutrophil,capillary endothelial cell,0.0,0.0003249383589718491,0.0
COPD,SERPINE1,PLAU,neutrophil,capillary endothelial cell,0.0,0.11483262479305267,0.0
COPD,SERPINE1,LRP1,neutrophil,macrophage,0.0,1.1535762548446655,0.0
COPD,SERPINE1,PLAUR,neutrophil,macrophage,0.0,1.4511730670928955,0.0
COPD,SERPINE1,ITGAV,neutrophil,macrophage,0.0,0.34481775760650635,0.0
COPD,SERPINE1,ITGB3,neutrophil,macrophage,0.0,0.0012105804635211825,0.0
COPD,SERPINE1,VTN,neutrophil,macrophage,0.0,0.062030158936977386,0.0
COPD,SERPINE1,PLAU,neutrophil,macrophage,0.0,0.14781677722930908,0.0
COPD,SERPINE1,LRP1,neutrophil,"CD8-positive, alpha-beta T cell",0.0,0.020046265795826912,0.0
COPD,SERPINE1,PLAUR,neutrophil,"CD8-positive, alpha-beta T cell",0.0,0.06581177562475204,0.0
COPD,SERPINE1,ITGAV,neutrophil,"CD8-positive, alpha-beta T cell",0.0,0.09613218158483505,0.0
COPD,SERPINE1,ITGB3,neutrophil,"CD8-positive, alpha-beta T cell",0.0,0.0013681200798600912,0.0
COPD,SERPINE1,VTN,neutrophil,"CD8-positive, alpha-beta T cell",0.0,0.0,0.0
COPD,SERPINE1,PLAU,neutrophil,"CD8-positive, alpha-beta T cell",0.0,0.0021628967951983213,0.0
COPD,SERPINE1,LRP1,neutrophil,monocyte,0.0,0.5386526584625244,0.0
COPD,SERPINE1,PLAUR,neutrophil,monocyte,0.0,2.1388425827026367,0.0
COPD,SERPINE1,ITGAV,neutrophil,monocyte,0.0,0.2557239234447479,0.0
COPD,SERPINE1,ITGB3,neutrophil,monocyte,0.0,0.003852088702842593,0.0
COPD,SERPINE1,VTN,neutrophil,monocyte,0.0,0.00021245292737148702,0.0
COPD,SERPINE1,PLAU,neutrophil,monocyte,0.0,0.04595533013343811,0.0
COPD,SERPINE1,LRP1,neutrophil,fibroblast,0.0,1.0635806322097778,0.0
COPD,SERPINE1,PLAUR,neutrophil,fibroblast,0.0,0.48420417308807373,0.0
COPD,SERPINE1,ITGAV,neutrophil,fibroblast,0.0,0.5354461073875427,0.0
COPD,SERPINE1,ITGB3,neutrophil,fibroblast,0.0,0.019384372979402542,0.0
COPD,SERPINE1,VTN,neutrophil,fibroblast,0.0,0.010189037770032883,0.0
COPD,SERPINE1,PLAU,neutrophil,fibroblast,0.0,0.13291242718696594,0.0
COPD,SERPINE1,LRP1,neutrophil,conventional dendritic cell,0.0,0.6610154509544373,0.0
COPD,SERPINE1,PLAUR,neutrophil,conventional dendritic cell,0.0,1.5253753662109375,0.0
COPD,SERPINE1,ITGAV,neutrophil,conventional dendritic cell,0.0,0.485474169254303,0.0
COPD,SERPINE1,ITGB3,neutrophil,conventional dendritic cell,0.0,0.03787994757294655,0.0
COPD,SERPINE1,VTN,neutrophil,conventional dendritic cell,0.0,0.010836340487003326,0.0
COPD,SERPINE1,PLAU,neutrophil,conventional dendritic cell,0.0,0.43526551127433777,0.0
COPD,SERPINE1,LRP1,neutrophil,mast cell,0.0,0.021034739911556244,0.0
COPD,SERPINE1,PLAUR,neutrophil,mast cell,0.0,0.6477757692337036,0.0
COPD,SERPINE1,ITGAV,neutrophil,mast cell,0.0,0.314280241727829,0.0
COPD,SERPINE1,ITGB3,neutrophil,mast cell,0.0,0.04736245796084404,0.0
COPD,SERPINE1,VTN,neutrophil,mast cell,0.0,0.0016408103983849287,0.0
COPD,SERPINE1,PLAU,neutrophil,mast cell,0.0,0.10074585676193237,0.0
COPD,SERPINE1,LRP1,neutrophil,pulmonary alveolar type 2 cell,0.0,0.05770264193415642,0.0
COPD,SERPINE1,PLAUR,neutrophil,pulmonary alveolar type 2 cell,0.0,0.12278641760349274,0.0
COPD,SERPINE1,ITGAV,neutrophil,pulmonary alveolar type 2 cell,0.0,0.2546227276325226,0.0
COPD,SERPINE1,ITGB3,neutrophil,pulmonary alveolar type 2 cell,0.0,0.0037699693348258734,0.0
COPD,SERPINE1,VTN,neutrophil,pulmonary alveolar type 2 cell,0.0,0.0023970953188836575,0.0
COPD,SERPINE1,PLAU,neutrophil,pulmonary alveolar type 2 cell,0.0,0.0043336693197488785,0.0
COPD,SERPINE1,LRP1,neutrophil,vein endothelial cell,0.0,0.02342596836388111,0.0
COPD,SERPINE1,PLAUR,neutrophil,vein endothelial cell,0.0,0.3295363783836365,0.0
COPD,SERPINE1,ITGAV,neutrophil,vein endothelial cell,0.0,0.9312993288040161,0.0
COPD,SERPINE1,ITGB3,neutrophil,vein endothelial cell,0.0,0.18184329569339752,0.0
COPD,SERPINE1,VTN,neutrophil,vein endothelial cell,0.0,0.000626434339210391,0.0
COPD,SERPINE1,PLAU,neutrophil,vein endothelial cell,0.0,0.007339425850659609,0.0
COPD,SERPINE1,LRP1,neutrophil,lung multiciliated epithelial cell,0.0,0.123210109770298,0.0
COPD,SERPINE1,PLAUR,neutrophil,lung multiciliated epithelial cell,0.0,0.07332352548837662,0.0
COPD,SERPINE1,ITGAV,neutrophil,lung multiciliated epithelial cell,0.0,0.2539004683494568,0.0
COPD,SERPINE1,ITGB3,neutrophil,lung multiciliated epithelial cell,0.0,0.018456554040312767,0.0
COPD,SERPINE1,VTN,neutrophil,lung multiciliated epithelial cell,0.0,0.003759907791391015,0.0
COPD,SERPINE1,PLAU,neutrophil,lung multiciliated epithelial cell,0.0,0.010434271767735481,0.0
COPD,SERPINE1,LRP1,neutrophil,smooth muscle cell,0.0,0.5496347546577454,0.0
COPD,SERPINE1,PLAUR,neutrophil,smooth muscle cell,0.0,0.09615277498960495,0.0
COPD,SERPINE1,ITGAV,neutrophil,smooth muscle cell,0.0,0.44047948718070984,0.0
COPD,SERPINE1,ITGB3,neutrophil,smooth muscle cell,0.0,0.019068775698542595,0.0
COPD,SERPINE1,VTN,neutrophil,smooth muscle cell,0.0,0.050971850752830505,0.0
COPD,SERPINE1,PLAU,neutrophil,smooth muscle cell,0.0,0.06739981472492218,0.0
COPD,SERPINE1,LRP1,neutrophil,endothelial cell,0.0,0.014540615491569042,0.0
COPD,SERPINE1,PLAUR,neutrophil,endothelial cell,0.0,0.34155407547950745,0.0
COPD,SERPINE1,ITGAV,neutrophil,endothelial cell,0.0,1.197588562965393,0.0
COPD,SERPINE1,ITGB3,neutrophil,endothelial cell,0.0,0.07873991876840591,0.0
COPD,SERPINE1,VTN,neutrophil,endothelial cell,0.0,0.0,0.0
COPD,SERPINE1,PLAU,neutrophil,endothelial cell,0.0,0.02626102976500988,0.0
COPD,SERPINE1,LRP1,neutrophil,B cell,0.0,0.004753251560032368,0.0
COPD,SERPINE1,PLAUR,neutrophil,B cell,0.0,0.025976065546274185,0.0
COPD,SERPINE1,ITGAV,neutrophil,B cell,0.0,0.07096978276968002,0.0
COPD,SERPINE1,ITGB3,neutrophil,B cell,0.0,0.007180650718510151,0.0
COPD,SERPINE1,VTN,neutrophil,B cell,0.0,0.0070886798202991486,0.0
COPD,SERPINE1,PLAU,neutrophil,B cell,0.0,0.0029255251865833998,0.0
COPD,SERPINE1,LRP1,neutrophil,pulmonary alveolar type 1 cell,0.0,0.1313430517911911,0.0
COPD,SERPINE1,PLAUR,neutrophil,pulmonary alveolar type 1 cell,0.0,0.14985068142414093,0.0
COPD,SERPINE1,ITGAV,neutrophil,pulmonary alveolar type 1 cell,0.0,0.4363124668598175,0.0
COPD,SERPINE1,ITGB3,neutrophil,pulmonary alveolar type 1 cell,0.0,0.028458690270781517,0.0
COPD,SERPINE1,VTN,neutrophil,pulmonary alveolar type 1 cell,0.0,0.0,0.0
COPD,SERPINE1,PLAU,neutrophil,pulmonary alveolar type 1 cell,0.0,0.00269750296138227,0.0
COPD,SERPINE1,LRP1,neutrophil,club cell,0.0,0.1225111186504364,0.0
COPD,SERPINE1,PLAUR,neutrophil,club cell,0.0,0.10685224086046219,0.0
COPD,SERPINE1,ITGAV,neutrophil,club cell,0.0,0.3144201636314392,0.0
COPD,SERPINE1,ITGB3,neutrophil,club cell,0.0,0.029236525297164917,0.0
COPD,SERPINE1,VTN,neutrophil,club cell,0.0,0.0006348757306113839,0.0
COPD,SERPINE1,PLAU,neutrophil,club cell,0.0,0.0426836721599102,0.0
COPD,SERPINE1,LRP1,neutrophil,neutrophil,0.0,0.03148840367794037,0.0
COPD,SERPINE1,PLAUR,neutrophil,neutrophil,0.0,2.9101521968841553,0.0
COPD,SERPINE1,ITGAV,neutrophil,neutrophil,0.0,0.018835248425602913,0.0
COPD,SERPINE1,ITGB3,neutrophil,neutrophil,0.0,0.0,0.0
COPD,SERPINE1,VTN,neutrophil,neutrophil,0.0,0.0,0.0
COPD,SERPINE1,PLAU,neutrophil,neutrophil,0.0,0.1457006335258484,0.0
COPD,SERPINE1,LRP1,neutrophil,plasma cell,0.0,0.020204829052090645,0.0
COPD,SERPINE1,PLAUR,neutrophil,plasma cell,0.0,0.1296500712633133,0.0
COPD,SERPINE1,ITGAV,neutrophil,plasma cell,0.0,0.07221756130456924,0.0
COPD,SERPINE1,ITGB3,neutrophil,plasma cell,0.0,0.004077468998730183,0.0
COPD,SERPINE1,VTN,neutrophil,plasma cell,0.0,0.0,0.0
COPD,SERPINE1,PLAU,neutrophil,plasma cell,0.0,0.0,0.0
COPD,SERPINE1,LRP1,neutrophil,leukocyte,0.0,0.47125235199928284,0.0
COPD,SERPINE1,PLAUR,neutrophil,leukocyte,0.0,0.6168549656867981,0.0
COPD,SERPINE1,ITGAV,neutrophil,leukocyte,0.0,0.3050999641418457,0.0
COPD,SERPINE1,ITGB3,neutrophil,leukocyte,0.0,0.005126997362822294,0.0
COPD,SERPINE1,VTN,neutrophil,leukocyte,0.0,0.03484604135155678,0.0
COPD,SERPINE1,PLAU,neutrophil,leukocyte,0.0,0.1440306007862091,0.0
COPD,SERPINE1,LRP1,neutrophil,endothelial cell of lymphatic vessel,0.0,0.015216442756354809,0.0
COPD,SERPINE1,PLAUR,neutrophil,endothelial cell of lymphatic vessel,0.0,0.11065652966499329,0.0
COPD,SERPINE1,ITGAV,neutrophil,endothelial cell of lymphatic vessel,0.0,0.515347421169281,0.0
COPD,SERPINE1,ITGB3,neutrophil,endothelial cell of lymphatic vessel,0.0,0.058469705283641815,0.0
COPD,SERPINE1,VTN,neutrophil,endothelial cell of lymphatic vessel,0.0,0.0,0.0
COPD,SERPINE1,PLAU,neutrophil,endothelial cell of lymphatic vessel,0.0,0.008568414486944675,0.0
COPD,SERPINE1,LRP1,plasma cell,"CD4-positive, alpha-beta T cell",0.021194828674197197,0.01080121286213398,0.0002289298572577536
COPD,SERPINE1,PLAUR,plasma cell,"CD4-positive, alpha-beta T cell",0.021194828674197197,0.07658383250236511,0.0016231811605393887
COPD,SERPINE1,ITGAV,plasma cell,"CD4-positive, alpha-beta T cell",0.021194828674197197,0.11132144927978516,0.00235943915322423
COPD,SERPINE1,ITGB3,plasma cell,"CD4-positive, alpha-beta T cell",0.021194828674197197,0.0010274227242916822,2.1776048015453853e-05
COPD,SERPINE1,VTN,plasma cell,"CD4-positive, alpha-beta T cell",0.021194828674197197,0.0005363248055800796,1.136731225415133e-05
COPD,SERPINE1,PLAU,plasma cell,"CD4-positive, alpha-beta T cell",0.021194828674197197,0.005150928162038326,0.00010917303734458983
COPD,SERPINE1,LRP1,plasma cell,natural killer cell,0.021194828674197197,0.010716209188103676,0.00022712821373715997
COPD,SERPINE1,PLAUR,plasma cell,natural killer cell,0.021194828674197197,0.03572125732898712,0.0007571059395559132
COPD,SERPINE1,ITGAV,plasma cell,natural killer cell,0.021194828674197197,0.11054375767707825,0.002342955907806754
COPD,SERPINE1,ITGB3,plasma cell,natural killer cell,0.021194828674197197,0.0006884454633109272,1.4591483704862185e-05
COPD,SERPINE1,VTN,plasma cell,natural killer cell,0.021194828674197197,0.0006028926582075655,1.2778206837538164e-05
COPD,SERPINE1,PLAU,plasma cell,natural killer cell,0.021194828674197197,0.0023785356897860765,5.041265467298217e-05
COPD,SERPINE1,LRP1,plasma cell,capillary endothelial cell,0.021194828674197197,0.024062074720859528,0.0005099915433675051
COPD,SERPINE1,PLAUR,plasma cell,capillary endothelial cell,0.021194828674197197,0.15724825859069824,0.0033328498248010874
COPD,SERPINE1,ITGAV,plasma cell,capillary endothelial cell,0.021194828674197197,0.9863317012786865,0.020905131474137306
COPD,SERPINE1,ITGB3,plasma cell,capillary endothelial cell,0.021194828674197197,0.017805634066462517,0.0003773873613681644
COPD,SERPINE1,VTN,plasma cell,capillary endothelial cell,0.021194828674197197,0.0003249383589718491,6.887012659717584e-06
COPD,SERPINE1,PLAU,plasma cell,capillary endothelial cell,0.021194828674197197,0.11483262479305267,0.0024338578805327415
COPD,SERPINE1,LRP1,plasma cell,macrophage,0.021194828674197197,1.1535762548446655,0.024449851363897324
COPD,SERPINE1,PLAUR,plasma cell,macrophage,0.021194828674197197,1.4511730670928955,0.030757363885641098
COPD,SERPINE1,ITGAV,plasma cell,macrophage,0.021194828674197197,0.34481775760650635,0.007308353204280138
COPD,SERPINE1,ITGB3,plasma cell,macrophage,0.021194828674197197,0.0012105804635211825,2.5658046070020646e-05
COPD,SERPINE1,VTN,plasma cell,macrophage,0.021194828674197197,0.062030158936977386,0.0013147186255082488
COPD,SERPINE1,PLAU,plasma cell,macrophage,0.021194828674197197,0.14781677722930908,0.0031329512130469084
COPD,SERPINE1,LRP1,plasma cell,"CD8-positive, alpha-beta T cell",0.021194828674197197,0.020046265795826912,0.0004248771583661437
COPD,SERPINE1,PLAUR,plasma cell,"CD8-positive, alpha-beta T cell",0.021194828674197197,0.06581177562475204,0.0013948692940175533
COPD,SERPINE1,ITGAV,plasma cell,"CD8-positive, alpha-beta T cell",0.021194828674197197,0.09613218158483505,0.002037505153566599
COPD,SERPINE1,ITGB3,plasma cell,"CD8-positive, alpha-beta T cell",0.021194828674197197,0.0013681200798600912,2.899707033066079e-05
COPD,SERPINE1,VTN,plasma cell,"CD8-positive, alpha-beta T cell",0.021194828674197197,0.0,0.0
COPD,SERPINE1,PLAU,plasma cell,"CD8-positive, alpha-beta T cell",0.021194828674197197,0.0021628967951983213,4.584222551784478e-05
COPD,SERPINE1,LRP1,plasma cell,monocyte,0.021194828674197197,0.5386526584625244,0.011416650377213955
COPD,SERPINE1,PLAUR,plasma cell,monocyte,0.021194828674197197,2.1388425827026367,0.0453324019908905
COPD,SERPINE1,ITGAV,plasma cell,monocyte,0.021194828674197197,0.2557239234447479,0.00542002497240901
COPD,SERPINE1,ITGB3,plasma cell,monocyte,0.021194828674197197,0.003852088702842593,8.164435712387785e-05
COPD,SERPINE1,VTN,plasma cell,monocyte,0.021194828674197197,0.00021245292737148702,4.502903266256908e-06
COPD,SERPINE1,PLAU,plasma cell,monocyte,0.021194828674197197,0.04595533013343811,0.0009740153327584267
COPD,SERPINE1,LRP1,plasma cell,fibroblast,0.021194828674197197,1.0635806322097778,0.022542409598827362
COPD,SERPINE1,PLAUR,plasma cell,fibroblast,0.021194828674197197,0.48420417308807373,0.010262624360620975
COPD,SERPINE1,ITGAV,plasma cell,fibroblast,0.021194828674197197,0.5354461073875427,0.01134868897497654
COPD,SERPINE1,ITGB3,plasma cell,fibroblast,0.021194828674197197,0.019384372979402542,0.000410848471801728
COPD,SERPINE1,VTN,plasma cell,fibroblast,0.021194828674197197,0.010189037770032883,0.00021595490397885442
COPD,SERPINE1,PLAU,plasma cell,fibroblast,0.021194828674197197,0.13291242718696594,0.002817056141793728
COPD,SERPINE1,LRP1,plasma cell,conventional dendritic cell,0.021194828674197197,0.6610154509544373,0.014010109007358551
COPD,SERPINE1,PLAUR,plasma cell,conventional dendritic cell,0.021194828674197197,1.5253753662109375,0.032330069690942764
COPD,SERPINE1,ITGAV,plasma cell,conventional dendritic cell,0.021194828674197197,0.485474169254303,0.010289541445672512
COPD,SERPINE1,ITGB3,plasma cell,conventional dendritic cell,0.021194828674197197,0.03787994757294655,0.0008028590236790478
COPD,SERPINE1,VTN,plasma cell,conventional dendritic cell,0.021194828674197197,0.010836340487003326,0.00022967437689658254
COPD,SERPINE1,PLAU,plasma cell,conventional dendritic cell,0.021194828674197197,0.43526551127433777,0.009225377812981606
COPD,SERPINE1,LRP1,plasma cell,mast cell,0.021194828674197197,0.021034739911556244,0.00044582769623957574
COPD,SERPINE1,PLAUR,plasma cell,mast cell,0.021194828674197197,0.6477757692337036,0.013729496859014034
COPD,SERPINE1,ITGAV,plasma cell,mast cell,0.021194828674197197,0.314280241727829,0.006661115679889917
COPD,SERPINE1,ITGB3,plasma cell,mast cell,0.021194828674197197,0.04736245796084404,0.00100383919198066
COPD,SERPINE1,VTN,plasma cell,mast cell,0.021194828674197197,0.0016408103983849287,3.477669451967813e-05
COPD,SERPINE1,PLAU,plasma cell,mast cell,0.021194828674197197,0.10074585676193237,0.0021352912299335003
COPD,SERPINE1,LRP1,plasma cell,pulmonary alveolar type 2 cell,0.021194828674197197,0.05770264193415642,0.001222997554577887
COPD,SERPINE1,PLAUR,plasma cell,pulmonary alveolar type 2 cell,0.021194828674197197,0.12278641760349274,0.0026024370454251766
COPD,SERPINE1,ITGAV,plasma cell,pulmonary alveolar type 2 cell,0.021194828674197197,0.2546227276325226,0.005396685097366571
COPD,SERPINE1,ITGB3,plasma cell,pulmonary alveolar type 2 cell,0.021194828674197197,0.0037699693348258734,7.99038534751162e-05
COPD,SERPINE1,VTN,plasma cell,pulmonary alveolar type 2 cell,0.021194828674197197,0.0023970953188836575,5.080602568341419e-05
COPD,SERPINE1,PLAU,plasma cell,pulmonary alveolar type 2 cell,0.021194828674197197,0.0043336693197488785,9.185137605527416e-05
COPD,SERPINE1,LRP1,plasma cell,vein endothelial cell,0.021194828674197197,0.02342596836388111,0.0004965093685314059
COPD,SERPINE1,PLAUR,plasma cell,vein endothelial cell,0.021194828674197197,0.3295363783836365,0.006984467152506113
COPD,SERPINE1,ITGAV,plasma cell,vein endothelial cell,0.021194828674197197,0.9312993288040161,0.019738730043172836
COPD,SERPINE1,ITGB3,plasma cell,vein endothelial cell,0.021194828674197197,0.18184329569339752,0.0038541376125067472
COPD,SERPINE1,VTN,plasma cell,vein endothelial cell,0.021194828674197197,0.000626434339210391,1.3277168363856617e-05
COPD,SERPINE1,PLAU,plasma cell,vein endothelial cell,0.021194828674197197,0.007339425850659609,0.00015555787831544876
COPD,SERPINE1,LRP1,plasma cell,lung multiciliated epithelial cell,0.021194828674197197,0.123210109770298,0.0026114170905202627
COPD,SERPINE1,PLAUR,plasma cell,lung multiciliated epithelial cell,0.021194828674197197,0.07332352548837662,0.0015540795866400003
COPD,SERPINE1,ITGAV,plasma cell,lung multiciliated epithelial cell,0.021194828674197197,0.2539004683494568,0.005381376948207617
COPD,SERPINE1,ITGB3,plasma cell,lung multiciliated epithelial cell,0.021194828674197197,0.018456554040312767,0.0003911835083272308
COPD,SERPINE1,VTN,plasma cell,lung multiciliated epithelial cell,0.021194828674197197,0.003759907791391015,7.969060243340209e-05
COPD,SERPINE1,PLAU,plasma cell,lung multiciliated epithelial cell,0.021194828674197197,0.010434271767735481,0.00022115260071586818
COPD,SERPINE1,LRP1,plasma cell,smooth muscle cell,0.021194828674197197,0.5496347546577454,0.011649414896965027
COPD,SERPINE1,PLAUR,plasma cell,smooth muscle cell,0.021194828674197197,0.09615277498960495,0.0020379414781928062
COPD,SERPINE1,ITGAV,plasma cell,smooth muscle cell,0.021194828674197197,0.44047948718070984,0.009335887618362904
COPD,SERPINE1,ITGB3,plasma cell,smooth muscle cell,0.021194828674197197,0.019068775698542595,0.0004041594220325351
COPD,SERPINE1,VTN,plasma cell,smooth muscle cell,0.021194828674197197,0.050971850752830505,0.001080339658074081
COPD,SERPINE1,PLAU,plasma cell,smooth muscle cell,0.021194828674197197,0.06739981472492218,0.0014285275246948004
COPD,SERPINE1,LRP1,plasma cell,endothelial cell,0.021194828674197197,0.014540615491569042,0.0003081858449149877
COPD,SERPINE1,PLAUR,plasma cell,endothelial cell,0.021194828674197197,0.34155407547950745,0.007239180151373148
COPD,SERPINE1,ITGAV,plasma cell,endothelial cell,0.021194828674197197,1.197588562965393,0.02538268454372883
COPD,SERPINE1,ITGB3,plasma cell,endothelial cell,0.021194828674197197,0.07873991876840591,0.0016688790637999773
COPD,SERPINE1,VTN,plasma cell,endothelial cell,0.021194828674197197,0.0,0.0
COPD,SERPINE1,PLAU,plasma cell,endothelial cell,0.021194828674197197,0.02626102976500988,0.000556598010007292
COPD,SERPINE1,LRP1,plasma cell,B cell,0.021194828674197197,0.004753251560032368,0.00010074434976559132
COPD,SERPINE1,PLAUR,plasma cell,B cell,0.021194828674197197,0.025976065546274185,0.0005505582666955888
COPD,SERPINE1,ITGAV,plasma cell,B cell,0.021194828674197197,0.07096978276968002,0.0015041923616081476
COPD,SERPINE1,ITGB3,plasma cell,B cell,0.021194828674197197,0.007180650718510151,0.00015219266060739756
COPD,SERPINE1,VTN,plasma cell,B cell,0.021194828674197197,0.0070886798202991486,0.00015024335880298167
COPD,SERPINE1,PLAU,plasma cell,B cell,0.021194828674197197,0.0029255251865833998,6.200600182637572e-05
COPD,SERPINE1,LRP1,plasma cell,pulmonary alveolar type 1 cell,0.021194828674197197,0.1313430517911911,0.0027837934903800488
COPD,SERPINE1,PLAUR,plasma cell,pulmonary alveolar type 1 cell,0.021194828674197197,0.14985068142414093,0.0031760595738887787
COPD,SERPINE1,ITGAV,plasma cell,pulmonary alveolar type 1 cell,0.021194828674197197,0.4363124668598175,0.009247568435966969
COPD,SERPINE1,ITGB3,plasma cell,pulmonary alveolar type 1 cell,0.021194828674197197,0.028458690270781517,0.0006031770608387887
COPD,SERPINE1,VTN,plasma cell,pulmonary alveolar type 1 cell,0.021194828674197197,0.0,0.0
COPD,SERPINE1,PLAU,plasma cell,pulmonary alveolar type 1 cell,0.021194828674197197,0.00269750296138227,5.717311432817951e-05
COPD,SERPINE1,LRP1,plasma cell,club cell,0.021194828674197197,0.1225111186504364,0.002596602076664567
COPD,SERPINE1,PLAUR,plasma cell,club cell,0.021194828674197197,0.10685224086046219,0.0022647150326520205
COPD,SERPINE1,ITGAV,plasma cell,club cell,0.021194828674197197,0.3144201636314392,0.00666408147662878
COPD,SERPINE1,ITGB3,plasma cell,club cell,0.021194828674197197,0.029236525297164917,0.0006196631584316492
COPD,SERPINE1,VTN,plasma cell,club cell,0.021194828674197197,0.0006348757306113839,1.3456082342599984e-05
COPD,SERPINE1,PLAU,plasma cell,club cell,0.021194828674197197,0.0426836721599102,0.0009046731283888221
COPD,SERPINE1,LRP1,plasma cell,neutrophil,0.021194828674197197,0.03148840367794037,0.0006673913449048996
COPD,SERPINE1,PLAUR,plasma cell,neutrophil,0.021194828674197197,2.9101521968841553,0.061680179089307785
COPD,SERPINE1,ITGAV,plasma cell,neutrophil,0.021194828674197197,0.018835248425602913,0.0003992098500020802
COPD,SERPINE1,ITGB3,plasma cell,neutrophil,0.021194828674197197,0.0,0.0
COPD,SERPINE1,VTN,plasma cell,neutrophil,0.021194828674197197,0.0,0.0
COPD,SERPINE1,PLAU,plasma cell,neutrophil,0.021194828674197197,0.1457006335258484,0.003088099882006645
COPD,SERPINE1,LRP1,plasma cell,plasma cell,0.021194828674197197,0.020204829052090645,0.00042823789408430457
COPD,SERPINE1,PLAUR,plasma cell,plasma cell,0.021194828674197197,0.1296500712633133,0.0027479110285639763
COPD,SERPINE1,ITGAV,plasma cell,plasma cell,0.021194828674197197,0.07221756130456924,0.0015306388959288597
COPD,SERPINE1,ITGB3,plasma cell,plasma cell,0.021194828674197197,0.004077468998730183,8.642125612823293e-05
COPD,SERPINE1,VTN,plasma cell,plasma cell,0.021194828674197197,0.0,0.0
COPD,SERPINE1,PLAU,plasma cell,plasma cell,0.021194828674197197,0.0,0.0
COPD,SERPINE1,LRP1,plasma cell,leukocyte,0.021194828674197197,0.47125235199928284,0.009988113306462765
COPD,SERPINE1,PLAUR,plasma cell,leukocyte,0.021194828674197197,0.6168549656867981,0.013074135407805443
COPD,SERPINE1,ITGAV,plasma cell,leukocyte,0.021194828674197197,0.3050999641418457,0.006466541439294815
COPD,SERPINE1,ITGB3,plasma cell,leukocyte,0.021194828674197197,0.005126997362822294,0.0001086658303393051
COPD,SERPINE1,VTN,plasma cell,leukocyte,0.021194828674197197,0.03484604135155678,0.0007385558565147221
COPD,SERPINE1,PLAU,plasma cell,leukocyte,0.021194828674197197,0.1440306007862091,0.0030527038034051657
COPD,SERPINE1,LRP1,plasma cell,endothelial cell of lymphatic vessel,0.021194828674197197,0.015216442756354809,0.00032250990625470877
COPD,SERPINE1,PLAUR,plasma cell,endothelial cell of lymphatic vessel,0.021194828674197197,0.11065652966499329,0.0023453461471945047
COPD,SERPINE1,ITGAV,plasma cell,endothelial cell of lymphatic vessel,0.021194828674197197,0.515347421169281,0.01092270016670227
COPD,SERPINE1,ITGB3,plasma cell,endothelial cell of lymphatic vessel,0.021194828674197197,0.058469705283641815,0.0012392554199323058
COPD,SERPINE1,VTN,plasma cell,endothelial cell of lymphatic vessel,0.021194828674197197,0.0,0.0
COPD,SERPINE1,PLAU,plasma cell,endothelial cell of lymphatic vessel,0.021194828674197197,0.008568414486944675,0.00018160608306061476
COPD,SERPINE1,LRP1,leukocyte,"CD4-positive, alpha-beta T cell",0.10319669544696808,0.01080121286213398,0.0011146494653075933
COPD,SERPINE1,PLAUR,leukocyte,"CD4-positive, alpha-beta T cell",0.10319669544696808,0.07658383250236511,0.007903198711574078
COPD,SERPINE1,ITGAV,leukocyte,"CD4-positive, alpha-beta T cell",0.10319669544696808,0.11132144927978516,0.011488005518913269
COPD,SERPINE1,ITGB3,leukocyte,"CD4-positive, alpha-beta T cell",0.10319669544696808,0.0010274227242916822,0.00010602662950986996
COPD,SERPINE1,VTN,leukocyte,"CD4-positive, alpha-beta T cell",0.10319669544696808,0.0005363248055800796,5.534694719244726e-05
COPD,SERPINE1,PLAU,leukocyte,"CD4-positive, alpha-beta T cell",0.10319669544696808,0.005150928162038326,0.0005315587623044848
COPD,SERPINE1,LRP1,leukocyte,natural killer cell,0.10319669544696808,0.010716209188103676,0.0011058773379772902
COPD,SERPINE1,PLAUR,leukocyte,natural killer cell,0.10319669544696808,0.03572125732898712,0.0036863156128674746
COPD,SERPINE1,ITGAV,leukocyte,natural killer cell,0.10319669544696808,0.11054375767707825,0.01140775065869093
COPD,SERPINE1,ITGB3,leukocyte,natural killer cell,0.10319669544696808,0.0006884454633109272,7.104529504431412e-05
COPD,SERPINE1,VTN,leukocyte,natural killer cell,0.10319669544696808,0.0006028926582075655,6.221653165994212e-05
COPD,SERPINE1,PLAU,leukocyte,natural killer cell,0.10319669544696808,0.0023785356897860765,0.0002454570203553885
COPD,SERPINE1,LRP1,leukocyte,capillary endothelial cell,0.10319669544696808,0.024062074720859528,0.0024831267073750496
COPD,SERPINE1,PLAUR,leukocyte,capillary endothelial cell,0.10319669544696808,0.15724825859069824,0.01622750051319599
COPD,SERPINE1,ITGAV,leukocyte,capillary endothelial cell,0.10319669544696808,0.9863317012786865,0.10178617388010025
COPD,SERPINE1,ITGB3,leukocyte,capillary endothelial cell,0.10319669544696808,0.017805634066462517,0.0018374825594946742
COPD,SERPINE1,VTN,leukocyte,capillary endothelial cell,0.10319669544696808,0.0003249383589718491,3.353256397531368e-05
COPD,SERPINE1,PLAU,leukocyte,capillary endothelial cell,0.10319669544696808,0.11483262479305267,0.011850347742438316
COPD,SERPINE1,LRP1,leukocyte,macrophage,0.10319669544696808,1.1535762548446655,0.11904525756835938
COPD,SERPINE1,PLAUR,leukocyte,macrophage,0.10319669544696808,1.4511730670928955,0.1497562676668167
COPD,SERPINE1,ITGAV,leukocyte,macrophage,0.10319669544696808,0.34481775760650635,0.03558405488729477
COPD,SERPINE1,ITGB3,leukocyte,macrophage,0.10319669544696808,0.0012105804635211825,0.00012492790119722486
COPD,SERPINE1,VTN,leukocyte,macrophage,0.10319669544696808,0.062030158936977386,0.006401307415217161
COPD,SERPINE1,PLAU,leukocyte,macrophage,0.10319669544696808,0.14781677722930908,0.015254203230142593
COPD,SERPINE1,LRP1,leukocyte,"CD8-positive, alpha-beta T cell",0.10319669544696808,0.020046265795826912,0.0020687084179371595
COPD,SERPINE1,PLAUR,leukocyte,"CD8-positive, alpha-beta T cell",0.10319669544696808,0.06581177562475204,0.006791557651013136
COPD,SERPINE1,ITGAV,leukocyte,"CD8-positive, alpha-beta T cell",0.10319669544696808,0.09613218158483505,0.009920523501932621
COPD,SERPINE1,ITGB3,leukocyte,"CD8-positive, alpha-beta T cell",0.10319669544696808,0.0013681200798600912,0.00014118547551333904
COPD,SERPINE1,VTN,leukocyte,"CD8-positive, alpha-beta T cell",0.10319669544696808,0.0,0.0
COPD,SERPINE1,PLAU,leukocyte,"CD8-positive, alpha-beta T cell",0.10319669544696808,0.0021628967951983213,0.00022320379503071308
COPD,SERPINE1,LRP1,leukocyte,monocyte,0.10319669544696808,0.5386526584625244,0.055587172508239746
COPD,SERPINE1,PLAUR,leukocyte,monocyte,0.10319669544696808,2.1388425827026367,0.22072148323059082
COPD,SERPINE1,ITGAV,leukocyte,monocyte,0.10319669544696808,0.2557239234447479,0.026389863342046738
COPD,SERPINE1,ITGB3,leukocyte,monocyte,0.10319669544696808,0.003852088702842593,0.0003975228173658252
COPD,SERPINE1,VTN,leukocyte,monocyte,0.10319669544696808,0.00021245292737148702,2.192443935200572e-05
COPD,SERPINE1,PLAU,leukocyte,monocyte,0.10319669544696808,0.04595533013343811,0.004742438439279795
COPD,SERPINE1,LRP1,leukocyte,fibroblast,0.10319669544696808,1.0635806322097778,0.10975800454616547
COPD,SERPINE1,PLAUR,leukocyte,fibroblast,0.10319669544696808,0.48420417308807373,0.04996826872229576
COPD,SERPINE1,ITGAV,leukocyte,fibroblast,0.10319669544696808,0.5354461073875427,0.05525626987218857
COPD,SERPINE1,ITGB3,leukocyte,fibroblast,0.10319669544696808,0.019384372979402542,0.0020004031248390675
COPD,SERPINE1,VTN,leukocyte,fibroblast,0.10319669544696808,0.010189037770032883,0.0010514750611037016
COPD,SERPINE1,PLAU,leukocyte,fibroblast,0.10319669544696808,0.13291242718696594,0.013716123066842556
COPD,SERPINE1,LRP1,leukocyte,conventional dendritic cell,0.10319669544696808,0.6610154509544373,0.06821461021900177
COPD,SERPINE1,PLAUR,leukocyte,conventional dendritic cell,0.10319669544696808,1.5253753662109375,0.15741369128227234
COPD,SERPINE1,ITGAV,leukocyte,conventional dendritic cell,0.10319669544696808,0.485474169254303,0.05009932816028595
COPD,SERPINE1,ITGB3,leukocyte,conventional dendritic cell,0.10319669544696808,0.03787994757294655,0.003909085411578417
COPD,SERPINE1,VTN,leukocyte,conventional dendritic cell,0.10319669544696808,0.010836340487003326,0.0011182745220139623
COPD,SERPINE1,PLAU,leukocyte,conventional dendritic cell,0.10319669544696808,0.43526551127433777,0.044917963445186615
COPD,SERPINE1,LRP1,leukocyte,mast cell,0.10319669544696808,0.021034739911556244,0.0021707157138735056
COPD,SERPINE1,PLAUR,leukocyte,mast cell,0.10319669544696808,0.6477757692337036,0.06684831529855728
COPD,SERPINE1,ITGAV,leukocyte,mast cell,0.10319669544696808,0.314280241727829,0.0324326828122139
COPD,SERPINE1,ITGB3,leukocyte,mast cell,0.10319669544696808,0.04736245796084404,0.0048876493237912655
COPD,SERPINE1,VTN,leukocyte,mast cell,0.10319669544696808,0.0016408103983849287,0.00016932621656451374
COPD,SERPINE1,PLAU,leukocyte,mast cell,0.10319669544696808,0.10074585676193237,0.010396639816462994
COPD,SERPINE1,LRP1,leukocyte,pulmonary alveolar type 2 cell,0.10319669544696808,0.05770264193415642,0.0059547219425439835
COPD,SERPINE1,PLAUR,leukocyte,pulmonary alveolar type 2 cell,0.10319669544696808,0.12278641760349274,0.012671152129769325
COPD,SERPINE1,ITGAV,leukocyte,pulmonary alveolar type 2 cell,0.10319669544696808,0.2546227276325226,0.026276223361492157
COPD,SERPINE1,ITGB3,leukocyte,pulmonary alveolar type 2 cell,0.10319669544696808,0.0037699693348258734,0.00038904836401343346
COPD,SERPINE1,VTN,leukocyte,pulmonary alveolar type 2 cell,0.10319669544696808,0.0023970953188836575,0.0002473723143339157
COPD,SERPINE1,PLAU,leukocyte,pulmonary alveolar type 2 cell,0.10319669544696808,0.0043336693197488785,0.0004472203436307609
COPD,SERPINE1,LRP1,leukocyte,vein endothelial cell,0.10319669544696808,0.02342596836388111,0.0024174824357032776
COPD,SERPINE1,PLAUR,leukocyte,vein endothelial cell,0.10319669544696808,0.3295363783836365,0.03400706499814987
COPD,SERPINE1,ITGAV,leukocyte,vein endothelial cell,0.10319669544696808,0.9312993288040161,0.09610701352357864
COPD,SERPINE1,ITGB3,leukocyte,vein endothelial cell,0.10319669544696808,0.18184329569339752,0.018765626475214958
COPD,SERPINE1,VTN,leukocyte,vein endothelial cell,0.10319669544696808,0.000626434339210391,6.464595207944512e-05
COPD,SERPINE1,PLAU,leukocyte,vein endothelial cell,0.10319669544696808,0.007339425850659609,0.0007574044866487384
COPD,SERPINE1,LRP1,leukocyte,lung multiciliated epithelial cell,0.10319669544696808,0.123210109770298,0.012714875862002373
COPD,SERPINE1,PLAUR,leukocyte,lung multiciliated epithelial cell,0.10319669544696808,0.07332352548837662,0.007566745392978191
COPD,SERPINE1,ITGAV,leukocyte,lung multiciliated epithelial cell,0.10319669544696808,0.2539004683494568,0.02620168961584568
COPD,SERPINE1,ITGB3,leukocyte,lung multiciliated epithelial cell,0.10319669544696808,0.018456554040312767,0.0019046553643420339
COPD,SERPINE1,VTN,leukocyte,lung multiciliated epithelial cell,0.10319669544696808,0.003759907791391015,0.000388010055758059
COPD,SERPINE1,PLAU,leukocyte,lung multiciliated epithelial cell,0.10319669544696808,0.010434271767735481,0.0010767823550850153
COPD,SERPINE1,LRP1,leukocyte,smooth muscle cell,0.10319669544696808,0.5496347546577454,0.056720491498708725
COPD,SERPINE1,PLAUR,leukocyte,smooth muscle cell,0.10319669544696808,0.09615277498960495,0.009922648780047894
COPD,SERPINE1,ITGAV,leukocyte,smooth muscle cell,0.10319669544696808,0.44047948718070984,0.04545602574944496
COPD,SERPINE1,ITGB3,leukocyte,smooth muscle cell,0.10319669544696808,0.019068775698542595,0.0019678345415741205
COPD,SERPINE1,VTN,leukocyte,smooth muscle cell,0.10319669544696808,0.050971850752830505,0.005260126665234566
COPD,SERPINE1,PLAU,leukocyte,smooth muscle cell,0.10319669544696808,0.06739981472492218,0.006955438293516636
COPD,SERPINE1,LRP1,leukocyte,endothelial cell,0.10319669544696808,0.014540615491569042,0.0015005434397608042
COPD,SERPINE1,PLAUR,leukocyte,endothelial cell,0.10319669544696808,0.34155407547950745,0.03524725139141083
COPD,SERPINE1,ITGAV,leukocyte,endothelial cell,0.10319669544696808,1.197588562965393,0.12358718365430832
COPD,SERPINE1,ITGB3,leukocyte,endothelial cell,0.10319669544696808,0.07873991876840591,0.008125699125230312
COPD,SERPINE1,VTN,leukocyte,endothelial cell,0.10319669544696808,0.0,0.0
COPD,SERPINE1,PLAU,leukocyte,endothelial cell,0.10319669544696808,0.02626102976500988,0.002710051601752639
COPD,SERPINE1,LRP1,leukocyte,B cell,0.10319669544696808,0.004753251560032368,0.000490519858431071
COPD,SERPINE1,PLAUR,leukocyte,B cell,0.10319669544696808,0.025976065546274185,0.0026806441601365805
COPD,SERPINE1,ITGAV,leukocyte,B cell,0.10319669544696808,0.07096978276968002,0.007323847152292728
COPD,SERPINE1,ITGB3,leukocyte,B cell,0.10319669544696808,0.007180650718510151,0.0007410194375552237
COPD,SERPINE1,VTN,leukocyte,B cell,0.10319669544696808,0.0070886798202991486,0.0007315283291973174
COPD,SERPINE1,PLAU,leukocyte,B cell,0.10319669544696808,0.0029255251865833998,0.0003019045398104936
COPD,SERPINE1,LRP1,leukocyte,pulmonary alveolar type 1 cell,0.10319669544696808,0.1313430517911911,0.013554168865084648
COPD,SERPINE1,PLAUR,leukocyte,pulmonary alveolar type 1 cell,0.10319669544696808,0.14985068142414093,0.015464095398783684
COPD,SERPINE1,ITGAV,leukocyte,pulmonary alveolar type 1 cell,0.10319669544696808,0.4363124668598175,0.04502600431442261
COPD,SERPINE1,ITGB3,leukocyte,pulmonary alveolar type 1 cell,0.10319669544696808,0.028458690270781517,0.0029368428513407707
COPD,SERPINE1,VTN,leukocyte,pulmonary alveolar type 1 cell,0.10319669544696808,0.0,0.0
COPD,SERPINE1,PLAU,leukocyte,pulmonary alveolar type 1 cell,0.10319669544696808,0.00269750296138227,0.00027837339439429343
COPD,SERPINE1,LRP1,leukocyte,club cell,0.10319669544696808,0.1225111186504364,0.01264274213463068
COPD,SERPINE1,PLAUR,leukocyte,club cell,0.10319669544696808,0.10685224086046219,0.011026797816157341
COPD,SERPINE1,ITGAV,leukocyte,club cell,0.10319669544696808,0.3144201636314392,0.032447122037410736
COPD,SERPINE1,ITGB3,leukocyte,club cell,0.10319669544696808,0.029236525297164917,0.003017112845554948
COPD,SERPINE1,VTN,leukocyte,club cell,0.10319669544696808,0.0006348757306113839,6.551708065671846e-05
COPD,SERPINE1,PLAU,leukocyte,club cell,0.10319669544696808,0.0426836721599102,0.0044048139825463295
COPD,SERPINE1,LRP1,leukocyte,neutrophil,0.10319669544696808,0.03148840367794037,0.003249499248340726
COPD,SERPINE1,PLAUR,leukocyte,neutrophil,0.10319669544696808,2.9101521968841553,0.3003180921077728
COPD,SERPINE1,ITGAV,leukocyte,neutrophil,0.10319669544696808,0.018835248425602913,0.0019437354058027267
COPD,SERPINE1,ITGB3,leukocyte,neutrophil,0.10319669544696808,0.0,0.0
COPD,SERPINE1,VTN,leukocyte,neutrophil,0.10319669544696808,0.0,0.0
COPD,SERPINE1,PLAU,leukocyte,neutrophil,0.10319669544696808,0.1457006335258484,0.015035823918879032
COPD,SERPINE1,LRP1,leukocyte,plasma cell,0.10319669544696808,0.020204829052090645,0.00208507152274251
COPD,SERPINE1,PLAUR,leukocyte,plasma cell,0.10319669544696808,0.1296500712633133,0.013379459269344807
COPD,SERPINE1,ITGAV,leukocyte,plasma cell,0.10319669544696808,0.07221756130456924,0.007452613674104214
COPD,SERPINE1,ITGB3,leukocyte,plasma cell,0.10319669544696808,0.004077468998730183,0.00042078131809830666
COPD,SERPINE1,VTN,leukocyte,plasma cell,0.10319669544696808,0.0,0.0
COPD,SERPINE1,PLAU,leukocyte,plasma cell,0.10319669544696808,0.0,0.0
COPD,SERPINE1,LRP1,leukocyte,leukocyte,0.10319669544696808,0.47125235199928284,0.048631686717271805
COPD,SERPINE1,PLAUR,leukocyte,leukocyte,0.10319669544696808,0.6168549656867981,0.06365739554166794
COPD,SERPINE1,ITGAV,leukocyte,leukocyte,0.10319669544696808,0.3050999641418457,0.03148530796170235
COPD,SERPINE1,ITGB3,leukocyte,leukocyte,0.10319669544696808,0.005126997362822294,0.0005290891858749092
COPD,SERPINE1,VTN,leukocyte,leukocyte,0.10319669544696808,0.03484604135155678,0.0035959964152425528
COPD,SERPINE1,PLAU,leukocyte,leukocyte,0.10319669544696808,0.1440306007862091,0.014863481745123863
COPD,SERPINE1,LRP1,leukocyte,endothelial cell of lymphatic vessel,0.10319669544696808,0.015216442756354809,0.0015702865784987807
COPD,SERPINE1,PLAUR,leukocyte,endothelial cell of lymphatic vessel,0.10319669544696808,0.11065652966499329,0.011419388465583324
COPD,SERPINE1,ITGAV,leukocyte,endothelial cell of lymphatic vessel,0.10319669544696808,0.515347421169281,0.053182151168584824
COPD,SERPINE1,ITGB3,leukocyte,endothelial cell of lymphatic vessel,0.10319669544696808,0.058469705283641815,0.006033880170434713
COPD,SERPINE1,VTN,leukocyte,endothelial cell of lymphatic vessel,0.10319669544696808,0.0,0.0
COPD,SERPINE1,PLAU,leukocyte,endothelial cell of lymphatic vessel,0.10319669544696808,0.008568414486944675,0.0008842320530675352
COPD,SERPINE1,LRP1,endothelial cell of lymphatic vessel,"CD4-positive, alpha-beta T cell",0.13938726484775543,0.01080121286213398,0.001505551510490477
COPD,SERPINE1,PLAUR,endothelial cell of lymphatic vessel,"CD4-positive, alpha-beta T cell",0.13938726484775543,0.07658383250236511,0.010674810968339443
COPD,SERPINE1,ITGAV,endothelial cell of lymphatic vessel,"CD4-positive, alpha-beta T cell",0.13938726484775543,0.11132144927978516,0.015516792424023151
COPD,SERPINE1,ITGB3,endothelial cell of lymphatic vessel,"CD4-positive, alpha-beta T cell",0.13938726484775543,0.0010274227242916822,0.00014320964692160487
COPD,SERPINE1,VTN,endothelial cell of lymphatic vessel,"CD4-positive, alpha-beta T cell",0.13938726484775543,0.0005363248055800796,7.475684833480045e-05
COPD,SERPINE1,PLAU,endothelial cell of lymphatic vessel,"CD4-positive, alpha-beta T cell",0.13938726484775543,0.005150928162038326,0.0007179738022387028
COPD,SERPINE1,LRP1,endothelial cell of lymphatic vessel,natural killer cell,0.13938726484775543,0.010716209188103676,0.0014937031082808971
COPD,SERPINE1,PLAUR,endothelial cell of lymphatic vessel,natural killer cell,0.13938726484775543,0.03572125732898712,0.004979088436812162
COPD,SERPINE1,ITGAV,endothelial cell of lymphatic vessel,natural killer cell,0.13938726484775543,0.11054375767707825,0.015408392064273357
COPD,SERPINE1,ITGB3,endothelial cell of lymphatic vessel,natural killer cell,0.13938726484775543,0.0006884454633109272,9.596053132554516e-05
COPD,SERPINE1,VTN,endothelial cell of lymphatic vessel,natural killer cell,0.13938726484775543,0.0006028926582075655,8.403555693803355e-05
COPD,SERPINE1,PLAU,endothelial cell of lymphatic vessel,natural killer cell,0.13938726484775543,0.0023785356897860765,0.00033153759432025254
COPD,SERPINE1,LRP1,endothelial cell of lymphatic vessel,capillary endothelial cell,0.13938726484775543,0.024062074720859528,0.003353946842253208
COPD,SERPINE1,PLAUR,endothelial cell of lymphatic vessel,capillary endothelial cell,0.13938726484775543,0.15724825859069824,0.0219184048473835
COPD,SERPINE1,ITGAV,endothelial cell of lymphatic vessel,capillary endothelial cell,0.13938726484775543,0.9863317012786865,0.13748207688331604
COPD,SERPINE1,ITGB3,endothelial cell of lymphatic vessel,capillary endothelial cell,0.13938726484775543,0.017805634066462517,0.002481878735125065
COPD,SERPINE1,VTN,endothelial cell of lymphatic vessel,capillary endothelial cell,0.13938726484775543,0.0003249383589718491,4.529226862359792e-05
COPD,SERPINE1,PLAU,endothelial cell of lymphatic vessel,capillary endothelial cell,0.13938726484775543,0.11483262479305267,0.01600620523095131
COPD,SERPINE1,LRP1,endothelial cell of lymphatic vessel,macrophage,0.13938726484775543,1.1535762548446655,0.16079384088516235
COPD,SERPINE1,PLAUR,endothelial cell of lymphatic vessel,macrophage,0.13938726484775543,1.4511730670928955,0.20227503776550293
COPD,SERPINE1,ITGAV,endothelial cell of lymphatic vessel,macrophage,0.13938726484775543,0.34481775760650635,0.04806320369243622
COPD,SERPINE1,ITGB3,endothelial cell of lymphatic vessel,macrophage,0.13938726484775543,0.0012105804635211825,0.00016873949789442122
COPD,SERPINE1,VTN,endothelial cell of lymphatic vessel,macrophage,0.13938726484775543,0.062030158936977386,0.008646214380860329
COPD,SERPINE1,PLAU,endothelial cell of lymphatic vessel,macrophage,0.13938726484775543,0.14781677722930908,0.02060377597808838
COPD,SERPINE1,LRP1,endothelial cell of lymphatic vessel,"CD8-positive, alpha-beta T cell",0.13938726484775543,0.020046265795826912,0.0027941942680627108
COPD,SERPINE1,PLAUR,endothelial cell of lymphatic vessel,"CD8-positive, alpha-beta T cell",0.13938726484775543,0.06581177562475204,0.009173323400318623
COPD,SERPINE1,ITGAV,endothelial cell of lymphatic vessel,"CD8-positive, alpha-beta T cell",0.13938726484775543,0.09613218158483505,0.01339960191398859
COPD,SERPINE1,ITGB3,endothelial cell of lymphatic vessel,"CD8-positive, alpha-beta T cell",0.13938726484775543,0.0013681200798600912,0.00019069851259700954
COPD,SERPINE1,VTN,endothelial cell of lymphatic vessel,"CD8-positive, alpha-beta T cell",0.13938726484775543,0.0,0.0
COPD,SERPINE1,PLAU,endothelial cell of lymphatic vessel,"CD8-positive, alpha-beta T cell",0.13938726484775543,0.0021628967951983213,0.0003014802641700953
COPD,SERPINE1,LRP1,endothelial cell of lymphatic vessel,monocyte,0.13938726484775543,0.5386526584625244,0.07508131861686707
COPD,SERPINE1,PLAUR,endothelial cell of lymphatic vessel,monocyte,0.13938726484775543,2.1388425827026367,0.2981274127960205
COPD,SERPINE1,ITGAV,endothelial cell of lymphatic vessel,monocyte,0.13938726484775543,0.2557239234447479,0.03564465790987015
COPD,SERPINE1,ITGB3,endothelial cell of lymphatic vessel,monocyte,0.13938726484775543,0.003852088702842593,0.0005369320861063898
COPD,SERPINE1,VTN,endothelial cell of lymphatic vessel,monocyte,0.13938726484775543,0.00021245292737148702,2.961323298222851e-05
COPD,SERPINE1,PLAU,endothelial cell of lymphatic vessel,monocyte,0.13938726484775543,0.04595533013343811,0.006405587773770094
COPD,SERPINE1,LRP1,endothelial cell of lymphatic vessel,fibroblast,0.13938726484775543,1.0635806322097778,0.14824959635734558
COPD,SERPINE1,PLAUR,endothelial cell of lymphatic vessel,fibroblast,0.13938726484775543,0.48420417308807373,0.06749189645051956
COPD,SERPINE1,ITGAV,endothelial cell of lymphatic vessel,fibroblast,0.13938726484775543,0.5354461073875427,0.0746343657374382
COPD,SERPINE1,ITGB3,endothelial cell of lymphatic vessel,fibroblast,0.13938726484775543,0.019384372979402542,0.0027019346598535776
COPD,SERPINE1,VTN,endothelial cell of lymphatic vessel,fibroblast,0.13938726484775543,0.010189037770032883,0.0014202221063897014
COPD,SERPINE1,PLAU,endothelial cell of lymphatic vessel,fibroblast,0.13938726484775543,0.13291242718696594,0.01852629892528057
COPD,SERPINE1,LRP1,endothelial cell of lymphatic vessel,conventional dendritic cell,0.13938726484775543,0.6610154509544373,0.09213713556528091
COPD,SERPINE1,PLAUR,endothelial cell of lymphatic vessel,conventional dendritic cell,0.13938726484775543,1.5253753662109375,0.2126179039478302
COPD,SERPINE1,ITGAV,endothelial cell of lymphatic vessel,conventional dendritic cell,0.13938726484775543,0.485474169254303,0.06766891479492188
COPD,SERPINE1,ITGB3,endothelial cell of lymphatic vessel,conventional dendritic cell,0.13938726484775543,0.03787994757294655,0.005279982462525368
COPD,SERPINE1,VTN,endothelial cell of lymphatic vessel,conventional dendritic cell,0.13938726484775543,0.010836340487003326,0.0015104478225111961
COPD,SERPINE1,PLAU,endothelial cell of lymphatic vessel,conventional dendritic cell,0.13938726484775543,0.43526551127433777,0.06067046895623207
COPD,SERPINE1,LRP1,endothelial cell of lymphatic vessel,mast cell,0.13938726484775543,0.021034739911556244,0.0029319748282432556
COPD,SERPINE1,PLAUR,endothelial cell of lymphatic vessel,mast cell,0.13938726484775543,0.6477757692337036,0.09029169380664825
COPD,SERPINE1,ITGAV,endothelial cell of lymphatic vessel,mast cell,0.13938726484775543,0.314280241727829,0.043806664645671844
COPD,SERPINE1,ITGB3,endothelial cell of lymphatic vessel,mast cell,0.13938726484775543,0.04736245796084404,0.006601723376661539
COPD,SERPINE1,VTN,endothelial cell of lymphatic vessel,mast cell,0.13938726484775543,0.0016408103983849287,0.00022870807151775807
COPD,SERPINE1,PLAU,endothelial cell of lymphatic vessel,mast cell,0.13938726484775543,0.10074585676193237,0.014042689464986324
COPD,SERPINE1,LRP1,endothelial cell of lymphatic vessel,pulmonary alveolar type 2 cell,0.13938726484775543,0.05770264193415642,0.008043013513088226
COPD,SERPINE1,PLAUR,endothelial cell of lymphatic vessel,pulmonary alveolar type 2 cell,0.13938726484775543,0.12278641760349274,0.01711486279964447
COPD,SERPINE1,ITGAV,endothelial cell of lymphatic vessel,pulmonary alveolar type 2 cell,0.13938726484775543,0.2546227276325226,0.03549116477370262
COPD,SERPINE1,ITGB3,endothelial cell of lymphatic vessel,pulmonary alveolar type 2 cell,0.13938726484775543,0.0037699693348258734,0.0005254857242107391
COPD,SERPINE1,VTN,endothelial cell of lymphatic vessel,pulmonary alveolar type 2 cell,0.13938726484775543,0.0023970953188836575,0.0003341245464980602
COPD,SERPINE1,PLAU,endothelial cell of lymphatic vessel,pulmonary alveolar type 2 cell,0.13938726484775543,0.0043336693197488785,0.0006040583248250186
COPD,SERPINE1,LRP1,endothelial cell of lymphatic vessel,vein endothelial cell,0.13938726484775543,0.02342596836388111,0.0032652816735208035
COPD,SERPINE1,PLAUR,endothelial cell of lymphatic vessel,vein endothelial cell,0.13938726484775543,0.3295363783836365,0.04593317583203316
COPD,SERPINE1,ITGAV,endothelial cell of lymphatic vessel,vein endothelial cell,0.13938726484775543,0.9312993288040161,0.12981127202510834
COPD,SERPINE1,ITGB3,endothelial cell of lymphatic vessel,vein endothelial cell,0.13938726484775543,0.18184329569339752,0.02534664049744606
COPD,SERPINE1,VTN,endothelial cell of lymphatic vessel,vein endothelial cell,0.13938726484775543,0.000626434339210391,8.731697016628459e-05
COPD,SERPINE1,PLAU,endothelial cell of lymphatic vessel,vein endothelial cell,0.13938726484775543,0.007339425850659609,0.0010230224579572678
COPD,SERPINE1,LRP1,endothelial cell of lymphatic vessel,lung multiciliated epithelial cell,0.13938726484775543,0.123210109770298,0.017173919826745987
COPD,SERPINE1,PLAUR,endothelial cell of lymphatic vessel,lung multiciliated epithelial cell,0.13938726484775543,0.07332352548837662,0.010220365598797798
COPD,SERPINE1,ITGAV,endothelial cell of lymphatic vessel,lung multiciliated epithelial cell,0.13938726484775543,0.2539004683494568,0.03539049252867699
COPD,SERPINE1,ITGB3,endothelial cell of lymphatic vessel,lung multiciliated epithelial cell,0.13938726484775543,0.018456554040312767,0.002572608646005392
COPD,SERPINE1,VTN,endothelial cell of lymphatic vessel,lung multiciliated epithelial cell,0.13938726484775543,0.003759907791391015,0.00052408326882869
COPD,SERPINE1,PLAU,endothelial cell of lymphatic vessel,lung multiciliated epithelial cell,0.13938726484775543,0.010434271767735481,0.001454404555261135
COPD,SERPINE1,LRP1,endothelial cell of lymphatic vessel,smooth muscle cell,0.13938726484775543,0.5496347546577454,0.07661208510398865
COPD,SERPINE1,PLAUR,endothelial cell of lymphatic vessel,smooth muscle cell,0.13938726484775543,0.09615277498960495,0.013402472250163555
COPD,SERPINE1,ITGAV,endothelial cell of lymphatic vessel,smooth muscle cell,0.13938726484775543,0.44047948718070984,0.06139723211526871
COPD,SERPINE1,ITGB3,endothelial cell of lymphatic vessel,smooth muscle cell,0.13938726484775543,0.019068775698542595,0.00265794456936419
COPD,SERPINE1,VTN,endothelial cell of lymphatic vessel,smooth muscle cell,0.13938726484775543,0.050971850752830505,0.007104827091097832
COPD,SERPINE1,PLAU,endothelial cell of lymphatic vessel,smooth muscle cell,0.13938726484775543,0.06739981472492218,0.009394675493240356
COPD,SERPINE1,LRP1,endothelial cell of lymphatic vessel,endothelial cell,0.13938726484775543,0.014540615491569042,0.0020267765503376722
COPD,SERPINE1,PLAUR,endothelial cell of lymphatic vessel,endothelial cell,0.13938726484775543,0.34155407547950745,0.04760828986763954
COPD,SERPINE1,ITGAV,endothelial cell of lymphatic vessel,endothelial cell,0.13938726484775543,1.197588562965393,0.16692858934402466
COPD,SERPINE1,ITGB3,endothelial cell of lymphatic vessel,endothelial cell,0.13938726484775543,0.07873991876840591,0.010975342243909836
COPD,SERPINE1,VTN,endothelial cell of lymphatic vessel,endothelial cell,0.13938726484775543,0.0,0.0
COPD,SERPINE1,PLAU,endothelial cell of lymphatic vessel,endothelial cell,0.13938726484775543,0.02626102976500988,0.0036604530178010464
COPD,SERPINE1,LRP1,endothelial cell of lymphatic vessel,B cell,0.13938726484775543,0.004753251560032368,0.0006625427631661296
COPD,SERPINE1,PLAUR,endothelial cell of lymphatic vessel,B cell,0.13938726484775543,0.025976065546274185,0.003620732808485627
COPD,SERPINE1,ITGAV,endothelial cell of lymphatic vessel,B cell,0.13938726484775543,0.07096978276968002,0.00989228393882513
COPD,SERPINE1,ITGB3,endothelial cell of lymphatic vessel,B cell,0.13938726484775543,0.007180650718510151,0.0010008912067860365
COPD,SERPINE1,VTN,endothelial cell of lymphatic vessel,B cell,0.13938726484775543,0.0070886798202991486,0.0009880716679617763
COPD,SERPINE1,PLAU,endothelial cell of lymphatic vessel,B cell,0.13938726484775543,0.0029255251865833998,0.00040778095717541873
COPD,SERPINE1,LRP1,endothelial cell of lymphatic vessel,pulmonary alveolar type 1 cell,0.13938726484775543,0.1313430517911911,0.018307548016309738
COPD,SERPINE1,PLAUR,endothelial cell of lymphatic vessel,pulmonary alveolar type 1 cell,0.13938726484775543,0.14985068142414093,0.020887276157736778
COPD,SERPINE1,ITGAV,endothelial cell of lymphatic vessel,pulmonary alveolar type 1 cell,0.13938726484775543,0.4363124668598175,0.06081639975309372
COPD,SERPINE1,ITGB3,endothelial cell of lymphatic vessel,pulmonary alveolar type 1 cell,0.13938726484775543,0.028458690270781517,0.0039667789824306965
COPD,SERPINE1,VTN,endothelial cell of lymphatic vessel,pulmonary alveolar type 1 cell,0.13938726484775543,0.0,0.0
COPD,SERPINE1,PLAU,endothelial cell of lymphatic vessel,pulmonary alveolar type 1 cell,0.13938726484775543,0.00269750296138227,0.000375997566152364
COPD,SERPINE1,LRP1,endothelial cell of lymphatic vessel,club cell,0.13938726484775543,0.1225111186504364,0.017076490446925163
COPD,SERPINE1,PLAUR,endothelial cell of lymphatic vessel,club cell,0.13938726484775543,0.10685224086046219,0.014893841929733753
COPD,SERPINE1,ITGAV,endothelial cell of lymphatic vessel,club cell,0.13938726484775543,0.3144201636314392,0.04382616654038429
COPD,SERPINE1,ITGB3,endothelial cell of lymphatic vessel,club cell,0.13938726484775543,0.029236525297164917,0.004075199365615845
COPD,SERPINE1,VTN,endothelial cell of lymphatic vessel,club cell,0.13938726484775543,0.0006348757306113839,8.849359437590465e-05
COPD,SERPINE1,PLAU,endothelial cell of lymphatic vessel,club cell,0.13938726484775543,0.0426836721599102,0.005949560087174177
COPD,SERPINE1,LRP1,endothelial cell of lymphatic vessel,neutrophil,0.13938726484775543,0.03148840367794037,0.004389082547277212
COPD,SERPINE1,PLAUR,endothelial cell of lymphatic vessel,neutrophil,0.13938726484775543,2.9101521968841553,0.4056381583213806
COPD,SERPINE1,ITGAV,endothelial cell of lymphatic vessel,neutrophil,0.13938726484775543,0.018835248425602913,0.002625393681228161
COPD,SERPINE1,ITGB3,endothelial cell of lymphatic vessel,neutrophil,0.13938726484775543,0.0,0.0
COPD,SERPINE1,VTN,endothelial cell of lymphatic vessel,neutrophil,0.13938726484775543,0.0,0.0
COPD,SERPINE1,PLAU,endothelial cell of lymphatic vessel,neutrophil,0.13938726484775543,0.1457006335258484,0.020308813080191612
COPD,SERPINE1,LRP1,endothelial cell of lymphatic vessel,plasma cell,0.13938726484775543,0.020204829052090645,0.002816295949742198
COPD,SERPINE1,PLAUR,endothelial cell of lymphatic vessel,plasma cell,0.13938726484775543,0.1296500712633133,0.018071569502353668
COPD,SERPINE1,ITGAV,endothelial cell of lymphatic vessel,plasma cell,0.13938726484775543,0.07221756130456924,0.010066208429634571
COPD,SERPINE1,ITGB3,endothelial cell of lymphatic vessel,plasma cell,0.13938726484775543,0.004077468998730183,0.0005683472263626754
COPD,SERPINE1,VTN,endothelial cell of lymphatic vessel,plasma cell,0.13938726484775543,0.0,0.0
COPD,SERPINE1,PLAU,endothelial cell of lymphatic vessel,plasma cell,0.13938726484775543,0.0,0.0
COPD,SERPINE1,LRP1,endothelial cell of lymphatic vessel,leukocyte,0.13938726484775543,0.47125235199928284,0.06568657606840134
COPD,SERPINE1,PLAUR,endothelial cell of lymphatic vessel,leukocyte,0.13938726484775543,0.6168549656867981,0.08598172664642334
COPD,SERPINE1,ITGAV,endothelial cell of lymphatic vessel,leukocyte,0.13938726484775543,0.3050999641418457,0.04252704977989197
COPD,SERPINE1,ITGB3,endothelial cell of lymphatic vessel,leukocyte,0.13938726484775543,0.005126997362822294,0.0007146381540223956
COPD,SERPINE1,VTN,endothelial cell of lymphatic vessel,leukocyte,0.13938726484775543,0.03484604135155678,0.004857094492763281
COPD,SERPINE1,PLAU,endothelial cell of lymphatic vessel,leukocyte,0.13938726484775543,0.1440306007862091,0.020076030865311623
COPD,SERPINE1,LRP1,endothelial cell of lymphatic vessel,endothelial cell of lymphatic vessel,0.13938726484775543,0.015216442756354809,0.002120978431776166
COPD,SERPINE1,PLAUR,endothelial cell of lymphatic vessel,endothelial cell of lymphatic vessel,0.13938726484775543,0.11065652966499329,0.015424110926687717
COPD,SERPINE1,ITGAV,endothelial cell of lymphatic vessel,endothelial cell of lymphatic vessel,0.13938726484775543,0.515347421169281,0.07183286547660828
COPD,SERPINE1,ITGB3,endothelial cell of lymphatic vessel,endothelial cell of lymphatic vessel,0.13938726484775543,0.058469705283641815,0.008149932138621807
COPD,SERPINE1,VTN,endothelial cell of lymphatic vessel,endothelial cell of lymphatic vessel,0.13938726484775543,0.0,0.0
COPD,SERPINE1,PLAU,endothelial cell of lymphatic vessel,endothelial cell of lymphatic vessel,0.13938726484775543,0.008568414486944675,0.001194327836856246
